id_entrada,id_camara,cars,trucks,buses,bikes,total,nivel_ocupacion,anio,mes,dia,hora,minuto,segundo,carretera_numero,carretera_letra_A,carretera_letra_M,carretera_letra_N,franja_horaria_mañana,franja_horaria_noche,franja_horaria_tarde
1,1004,22,0,0,0,22,1,2025,10,27,8,27,13,40,0,1,0,1,0,0
2,1004,24,1,0,0,25,1,2025,10,27,8,44,57,40,0,1,0,1,0,0
3,1004,17,2,0,0,19,2,2025,10,27,9,2,37,40,0,1,0,1,0,0
4,1004,14,1,0,0,15,1,2025,10,27,9,20,18,40,0,1,0,1,0,0
5,1004,8,0,1,0,9,1,2025,10,27,9,38,0,40,0,1,0,1,0,0
6,1004,12,2,0,0,14,1,2025,10,27,9,55,42,40,0,1,0,1,0,0
7,1004,6,0,0,0,6,0,2025,10,27,10,13,28,40,0,1,0,1,0,0
8,1004,4,0,0,0,4,0,2025,10,27,10,31,15,40,0,1,0,1,0,0
9,1004,2,0,0,0,2,0,2025,10,27,12,40,17,40,0,1,0,0,0,1
10,1004,17,1,0,0,18,1,2025,10,27,12,58,0,40,0,1,0,0,0,1
11,1004,10,3,0,0,13,1,2025,10,27,13,15,47,40,0,1,0,0,0,1
12,1004,17,2,0,0,19,1,2025,10,27,13,20,53,40,0,1,0,0,0,1
13,1004,25,1,0,0,26,1,2025,10,27,13,57,17,40,0,1,0,0,0,1
14,1004,25,2,0,0,27,1,2025,10,27,14,55,36,40,0,1,0,0,0,1
15,1004,24,1,0,0,25,1,2025,10,27,15,13,21,40,0,1,0,0,0,1
16,1004,21,1,0,0,22,1,2025,10,27,15,31,8,40,0,1,0,0,0,1
17,1004,24,1,0,0,25,1,2025,10,27,15,48,55,40,0,1,0,0,0,1
18,1004,21,0,0,0,21,1,2025,10,27,18,2,59,40,0,1,0,0,1,0
19,1004,17,0,0,0,17,1,2025,10,27,18,20,35,40,0,1,0,0,1,0
20,1004,20,0,2,0,22,1,2025,10,27,18,38,12,40,0,1,0,0,1,0
21,1004,17,1,0,0,18,1,2025,10,28,7,56,26,40,0,1,0,1,0,0
22,1004,22,0,1,0,23,1,2025,10,28,8,14,2,40,0,1,0,1,0,0
23,1004,19,0,0,0,19,1,2025,10,28,8,31,39,40,0,1,0,1,0,0
24,1004,21,0,0,0,21,1,2025,10,28,8,49,15,40,0,1,0,1,0,0
25,1004,18,1,0,0,19,2,2025,10,28,9,6,51,40,0,1,0,1,0,0
26,1004,15,0,0,0,15,1,2025,10,28,9,24,27,40,0,1,0,1,0,0
27,1004,12,4,0,0,16,2,2025,10,28,9,42,5,40,0,1,0,1,0,0
28,1004,20,3,0,0,23,1,2025,10,28,13,27,53,40,0,1,0,0,0,1
29,1004,13,0,0,0,13,0,2025,10,28,14,45,45,40,0,1,0,0,0,1
30,1004,22,0,0,0,22,1,2025,10,28,15,3,27,40,0,1,0,0,0,1
31,1004,20,0,0,0,20,1,2025,10,28,15,21,13,40,0,1,0,0,0,1
32,1004,19,0,0,0,19,1,2025,10,28,15,39,1,40,0,1,0,0,0,1
33,1004,13,1,0,0,14,1,2025,10,28,15,56,46,40,0,1,0,0,0,1
34,1004,18,2,0,0,20,1,2025,10,28,17,49,6,40,0,1,0,0,0,1
35,1004,22,0,0,0,22,1,2025,10,28,18,6,43,40,0,1,0,0,1,0
36,1004,22,0,0,0,22,1,2025,10,28,18,24,22,40,0,1,0,0,1,0
37,1004,23,0,0,0,23,1,2025,10,28,18,42,2,40,0,1,0,0,1,0
38,1004,15,0,0,0,15,1,2025,10,28,18,59,40,40,0,1,0,0,1,0
39,1004,24,0,0,0,24,1,2025,10,28,19,17,18,40,0,1,0,0,1,0
40,1004,10,0,0,0,10,0,2025,10,28,19,34,55,40,0,1,0,0,1,0
41,1004,9,1,0,0,10,0,2025,10,28,19,52,34,40,0,1,0,0,1,0
42,1004,20,3,0,0,23,1,2025,10,29,8,23,45,40,0,1,0,1,0,0
43,1004,23,0,0,0,23,1,2025,10,29,8,41,21,40,0,1,0,1,0,0
44,1004,20,1,0,0,21,2,2025,10,29,8,58,58,40,0,1,0,1,0,0
45,1004,16,2,0,0,18,1,2025,10,29,9,16,33,40,0,1,0,1,0,0
46,1004,17,3,0,0,20,1,2025,10,29,9,34,9,40,0,1,0,1,0,0
47,1004,16,3,0,0,19,1,2025,10,29,9,51,46,40,0,1,0,1,0,0
48,1004,17,2,0,0,19,1,2025,10,29,10,9,23,40,0,1,0,1,0,0
49,1004,15,3,0,0,18,1,2025,10,29,10,27,2,40,0,1,0,1,0,0
50,1004,15,1,0,0,16,1,2025,10,29,10,44,41,40,0,1,0,1,0,0
51,1004,23,1,0,0,24,1,2025,10,29,12,33,32,40,0,1,0,0,0,1
52,1004,17,1,1,0,19,1,2025,10,29,12,51,13,40,0,1,0,0,0,1
53,1004,15,1,0,0,16,1,2025,10,29,13,8,58,40,0,1,0,0,0,1
54,1004,12,7,0,0,19,1,2025,10,29,13,26,45,40,0,1,0,0,0,1
55,1004,13,1,0,0,14,1,2025,10,29,13,44,29,40,0,1,0,0,0,1
56,1004,23,2,0,0,25,1,2025,10,29,14,44,11,40,0,1,0,0,0,1
57,1004,29,1,0,0,30,1,2025,10,29,15,1,53,40,0,1,0,0,0,1
58,1004,20,3,0,0,23,1,2025,10,29,15,19,39,40,0,1,0,0,0,1
59,1004,24,2,0,0,26,1,2025,10,29,15,37,19,40,0,1,0,0,0,1
60,1004,19,5,0,0,24,1,2025,10,29,15,54,59,40,0,1,0,0,0,1
61,1004,19,0,0,0,19,1,2025,10,30,8,20,36,40,0,1,0,1,0,0
62,1004,16,0,0,0,16,1,2025,10,30,8,38,19,40,0,1,0,1,0,0
63,1004,16,1,0,0,17,0,2025,10,30,8,56,1,40,0,1,0,1,0,0
64,1004,16,0,0,0,16,1,2025,10,30,9,13,53,40,0,1,0,1,0,0
65,1004,13,0,0,0,13,1,2025,10,30,9,31,58,40,0,1,0,1,0,0
66,1004,14,3,0,0,17,1,2025,10,30,9,49,53,40,0,1,0,1,0,0
67,1004,11,0,1,0,12,1,2025,10,30,10,7,43,40,0,1,0,1,0,0
68,1004,14,1,1,0,16,1,2025,10,30,10,25,33,40,0,1,0,1,0,0
69,1004,6,3,0,0,9,1,2025,10,30,10,43,15,40,0,1,0,1,0,0
70,1004,7,0,0,0,7,0,2025,10,30,12,29,48,40,0,1,0,0,0,1
71,1004,10,2,0,0,12,1,2025,10,30,12,47,19,40,0,1,0,0,0,1
72,1004,10,0,0,0,10,0,2025,10,30,13,5,4,40,0,1,0,0,0,1
73,1004,7,2,0,0,9,0,2025,10,30,13,22,49,40,0,1,0,0,0,1
74,1004,9,0,0,0,9,0,2025,10,30,13,40,35,40,0,1,0,0,0,1
75,1004,13,0,0,0,13,0,2025,10,30,13,58,21,40,0,1,0,0,0,1
76,1004,25,1,0,0,26,2,2025,10,30,14,57,23,40,0,1,0,0,0,1
77,1004,28,3,0,0,31,2,2025,10,30,15,15,16,40,0,1,0,0,0,1
78,1004,29,1,0,0,30,1,2025,10,30,15,33,1,40,0,1,0,0,0,1
79,1004,25,3,0,0,28,1,2025,10,30,15,57,45,40,0,1,0,0,0,1
80,1004,32,1,0,0,33,2,2025,10,30,16,15,33,40,0,1,0,0,0,1
81,1004,5,1,1,0,7,1,2025,10,30,22,45,48,40,0,1,0,0,1,0
82,1004,12,0,0,0,12,0,2025,10,31,8,25,17,40,0,1,0,1,0,0
83,1004,11,1,0,0,12,0,2025,10,31,8,43,3,40,0,1,0,1,0,0
84,1004,17,0,0,0,17,1,2025,10,31,9,0,50,40,0,1,0,1,0,0
85,1004,15,0,0,0,15,0,2025,10,31,9,18,35,40,0,1,0,1,0,0
86,1004,14,1,0,0,15,1,2025,10,31,9,44,13,40,0,1,0,1,0,0
87,1004,12,2,0,0,14,1,2025,10,31,10,1,54,40,0,1,0,1,0,0
88,1004,15,0,0,0,15,0,2025,10,31,10,19,38,40,0,1,0,1,0,0
89,1004,13,0,0,0,13,0,2025,10,31,10,37,19,40,0,1,0,1,0,0
90,1004,18,4,0,0,22,1,2025,10,31,15,3,40,40,0,1,0,0,0,1
91,1004,19,2,0,0,21,1,2025,10,31,15,21,33,40,0,1,0,0,0,1
92,1004,22,0,0,0,22,1,2025,10,31,15,39,26,40,0,1,0,0,0,1
93,1004,23,1,1,0,25,1,2025,10,31,15,57,15,40,0,1,0,0,0,1
94,1004,5,2,0,0,7,0,2025,11,1,8,54,53,40,0,1,0,1,0,0
95,1004,6,0,0,0,6,0,2025,11,1,9,12,38,40,0,1,0,1,0,0
96,1004,8,1,0,0,9,0,2025,11,1,9,30,33,40,0,1,0,1,0,0
97,1004,3,0,0,0,3,0,2025,11,1,9,48,20,40,0,1,0,1,0,0
98,1004,7,0,0,0,7,0,2025,11,1,10,6,10,40,0,1,0,1,0,0
99,1004,9,0,0,0,9,0,2025,11,1,10,23,54,40,0,1,0,1,0,0
100,1004,9,0,0,0,9,0,2025,11,1,10,41,40,40,0,1,0,1,0,0
101,1004,15,0,0,0,15,1,2025,11,1,10,59,36,40,0,1,0,1,0,0
102,1004,10,1,0,0,11,0,2025,11,1,11,17,21,40,0,1,0,1,0,0
103,1004,12,0,0,0,12,1,2025,11,1,11,35,3,40,0,1,0,1,0,0
104,1004,12,1,0,0,13,0,2025,11,1,11,52,47,40,0,1,0,1,0,0
105,1004,14,0,0,0,14,1,2025,11,1,12,10,41,40,0,1,0,0,0,1
106,1004,12,0,0,0,12,0,2025,11,1,12,28,27,40,0,1,0,0,0,1
107,1004,14,0,0,0,14,1,2025,11,1,12,46,20,40,0,1,0,0,0,1
108,1004,12,0,0,0,12,0,2025,11,1,13,4,15,40,0,1,0,0,0,1
109,1004,13,0,0,0,13,1,2025,11,1,13,22,3,40,0,1,0,0,0,1
110,1004,10,0,0,0,10,1,2025,11,1,13,39,48,40,0,1,0,0,0,1
111,1004,9,0,0,0,9,0,2025,11,1,13,57,39,40,0,1,0,0,0,1
112,1004,11,1,0,0,12,1,2025,11,1,14,15,30,40,0,1,0,0,0,1
113,1004,14,0,0,0,14,1,2025,11,1,14,33,34,40,0,1,0,0,0,1
114,1004,10,0,0,0,10,0,2025,11,1,14,51,37,40,0,1,0,0,0,1
115,1004,2,0,0,0,2,0,2025,11,1,15,9,34,40,0,1,0,0,0,1
116,1004,9,0,0,0,9,0,2025,11,1,15,27,21,40,0,1,0,0,0,1
117,1004,4,0,0,0,4,0,2025,11,1,15,45,12,40,0,1,0,0,0,1
118,1004,7,0,0,0,7,0,2025,11,1,16,3,9,40,0,1,0,0,0,1
119,1004,15,1,0,0,16,1,2025,11,1,16,20,58,40,0,1,0,0,0,1
120,1004,11,0,0,0,11,0,2025,11,1,16,38,46,40,0,1,0,0,0,1
121,1004,13,0,0,0,13,0,2025,11,1,16,56,43,40,0,1,0,0,0,1
122,1004,14,0,0,0,14,1,2025,11,1,17,14,41,40,0,1,0,0,0,1
123,1004,14,0,0,0,14,0,2025,11,1,17,32,29,40,0,1,0,0,0,1
124,1004,18,0,0,0,18,1,2025,11,1,17,50,23,40,0,1,0,0,0,1
125,1004,17,1,0,0,18,1,2025,11,1,18,8,12,40,0,1,0,0,1,0
126,1004,12,0,0,0,12,0,2025,11,1,18,27,2,40,0,1,0,0,1,0
127,1004,14,0,0,0,14,1,2025,11,1,18,44,57,40,0,1,0,0,1,0
128,1004,10,0,0,0,10,0,2025,11,1,19,2,44,40,0,1,0,0,1,0
129,1004,7,0,0,0,7,0,2025,11,1,19,37,20,40,0,1,0,0,1,0
130,1004,4,0,0,0,4,0,2025,11,2,10,16,51,40,0,1,0,1,0,0
131,1004,13,0,0,0,13,0,2025,11,2,10,34,35,40,0,1,0,1,0,0
132,1004,10,0,0,0,10,0,2025,11,2,10,52,29,40,0,1,0,1,0,0
133,1004,9,0,0,0,9,0,2025,11,2,11,10,12,40,0,1,0,1,0,0
134,1004,9,0,0,0,9,0,2025,11,2,11,28,11,40,0,1,0,1,0,0
135,1004,10,0,0,0,10,0,2025,11,2,12,11,26,40,0,1,0,0,0,1
136,1004,7,0,0,0,7,0,2025,11,2,12,29,12,40,0,1,0,0,0,1
137,1004,10,0,0,0,10,0,2025,11,2,12,47,2,40,0,1,0,0,0,1
138,1004,13,0,0,0,13,0,2025,11,2,13,4,45,40,0,1,0,0,0,1
139,1004,11,0,0,0,11,0,2025,11,2,13,22,24,40,0,1,0,0,0,1
140,1004,11,1,0,0,12,0,2025,11,2,13,40,4,40,0,1,0,0,0,1
141,1004,15,0,0,0,15,0,2025,11,2,13,57,42,40,0,1,0,0,0,1
142,1004,12,1,0,0,13,0,2025,11,2,14,15,20,40,0,1,0,0,0,1
143,1004,12,0,0,0,12,0,2025,11,2,14,32,57,40,0,1,0,0,0,1
144,1004,13,0,0,0,13,0,2025,11,2,14,50,33,40,0,1,0,0,0,1
145,1004,8,0,0,0,8,0,2025,11,2,15,51,5,40,0,1,0,0,0,1
146,1004,3,0,0,0,3,0,2025,11,2,16,8,43,40,0,1,0,0,0,1
147,1004,10,0,0,0,10,0,2025,11,2,16,26,22,40,0,1,0,0,0,1
148,1004,8,0,0,0,8,0,2025,11,2,16,44,2,40,0,1,0,0,0,1
149,1004,17,0,0,0,17,2,2025,11,3,8,9,18,40,0,1,0,1,0,0
150,1004,20,0,0,0,20,1,2025,11,3,8,26,55,40,0,1,0,1,0,0
151,1004,16,1,0,0,17,1,2025,11,3,8,44,33,40,0,1,0,1,0,0
152,1004,16,0,0,0,16,1,2025,11,3,9,2,10,40,0,1,0,1,0,0
153,1004,17,3,0,0,20,1,2025,11,3,9,19,46,40,0,1,0,1,0,0
154,1004,24,1,0,0,25,2,2025,11,3,9,37,24,40,0,1,0,1,0,0
155,1004,22,0,0,0,22,1,2025,11,4,8,9,36,40,0,1,0,1,0,0
156,1004,23,0,0,0,23,1,2025,11,4,8,27,12,40,0,1,0,1,0,0
157,1004,19,2,0,0,21,1,2025,11,4,8,44,48,40,0,1,0,1,0,0
158,1004,19,2,0,0,21,1,2025,11,4,9,2,24,40,0,1,0,1,0,0
159,1004,23,0,0,0,23,1,2025,11,4,9,20,1,40,0,1,0,1,0,0
160,1004,17,0,0,0,17,1,2025,11,4,9,37,41,40,0,1,0,1,0,0
161,1004,9,2,0,0,11,1,2025,11,4,12,8,53,40,0,1,0,0,0,1
162,1004,10,1,0,0,11,1,2025,11,4,12,37,15,40,0,1,0,0,0,1
163,1004,12,1,0,0,13,1,2025,11,4,12,54,55,40,0,1,0,0,0,1
164,1004,12,1,0,0,13,1,2025,11,4,13,4,21,40,0,1,0,0,0,1
165,1004,19,1,0,0,20,2,2025,11,4,13,22,0,40,0,1,0,0,0,1
166,1004,22,3,0,0,25,1,2025,11,4,13,39,40,40,0,1,0,0,0,1
167,1004,26,2,0,0,28,1,2025,11,4,14,34,1,40,0,1,0,0,0,1
168,1004,26,1,0,0,27,1,2025,11,4,14,51,41,40,0,1,0,0,0,1
169,1004,24,3,0,0,27,1,2025,11,4,15,9,26,40,0,1,0,0,0,1
170,1004,22,1,0,0,23,1,2025,11,4,15,27,11,40,0,1,0,0,0,1
171,1004,29,1,0,0,30,1,2025,11,4,15,45,12,40,0,1,0,0,0,1
172,1004,30,1,1,0,32,2,2025,11,4,16,2,53,40,0,1,0,0,0,1
173,1004,20,0,0,0,20,1,2025,11,4,18,0,9,40,0,1,0,0,1,0
174,1004,13,1,1,0,15,1,2025,11,4,18,17,46,40,0,1,0,0,1,0
175,1004,15,0,0,0,15,1,2025,11,4,18,35,24,40,0,1,0,0,1,0
176,1004,7,0,0,0,7,0,2025,11,4,18,53,3,40,0,1,0,0,1,0
177,1004,9,0,0,0,9,0,2025,11,4,19,10,40,40,0,1,0,0,1,0
178,1004,5,0,0,0,5,0,2025,11,4,19,28,19,40,0,1,0,0,1,0
179,1004,12,0,0,0,12,0,2025,11,4,19,45,58,40,0,1,0,0,1,0
180,1004,24,0,0,0,24,1,2025,11,4,20,3,34,40,0,1,0,0,1,0
181,1004,18,2,1,0,21,1,2025,11,4,20,21,10,40,0,1,0,0,1,0
182,1004,12,1,0,0,13,0,2025,11,4,20,38,49,40,0,1,0,0,1,0
183,1004,16,1,0,0,17,0,2025,11,5,7,51,24,40,0,1,0,1,0,0
184,1004,17,0,0,0,17,0,2025,11,5,8,9,0,40,0,1,0,1,0,0
185,1004,23,3,1,0,27,1,2025,11,5,8,26,38,40,0,1,0,1,0,0
186,1004,14,3,0,0,17,1,2025,11,5,8,44,13,40,0,1,0,1,0,0
187,1004,18,1,0,0,19,1,2025,11,5,9,1,50,40,0,1,0,1,0,0
188,1004,20,2,1,0,23,1,2025,11,5,9,19,26,40,0,1,0,1,0,0
189,1004,20,0,0,0,20,1,2025,11,5,9,37,3,40,0,1,0,1,0,0
190,1004,16,0,0,0,16,1,2025,11,5,9,54,40,40,0,1,0,1,0,0
191,1004,19,2,0,0,21,0,2025,11,5,10,12,16,40,0,1,0,1,0,0
192,1004,13,1,0,0,14,0,2025,11,5,10,29,54,40,0,1,0,1,0,0
193,1004,18,1,0,0,19,0,2025,11,5,10,47,30,40,0,1,0,1,0,0
194,1004,14,2,0,0,16,0,2025,11,5,12,44,9,40,0,1,0,0,0,1
195,1004,14,1,0,0,15,1,2025,11,5,13,1,49,40,0,1,0,0,0,1
196,1004,13,3,0,0,16,0,2025,11,5,13,19,29,40,0,1,0,0,0,1
197,1004,18,3,0,0,21,1,2025,11,5,13,37,10,40,0,1,0,0,0,1
198,1004,10,4,0,0,14,0,2025,11,5,13,54,53,40,0,1,0,0,0,1
199,1004,19,2,0,0,21,1,2025,11,5,14,46,45,40,0,1,0,0,0,1
200,1004,13,2,0,0,15,0,2025,11,5,15,4,24,40,0,1,0,0,0,1
201,1004,20,1,0,0,21,1,2025,11,5,15,22,4,40,0,1,0,0,0,1
202,1004,18,1,0,0,19,1,2025,11,5,15,39,46,40,0,1,0,0,0,1
203,1004,11,4,0,0,15,0,2025,11,5,15,57,29,40,0,1,0,0,0,1
204,1004,19,0,0,0,19,1,2025,11,6,7,50,50,40,0,1,0,1,0,0
205,1004,22,1,0,0,23,1,2025,11,6,8,8,31,40,0,1,0,1,0,0
206,1004,14,2,0,0,16,1,2025,11,6,8,26,16,40,0,1,0,1,0,0
207,1004,14,0,0,0,14,1,2025,11,6,8,44,45,40,0,1,0,1,0,0
208,1004,22,2,1,0,25,1,2025,11,6,9,2,28,40,0,1,0,1,0,0
209,1004,17,2,0,0,19,1,2025,11,6,9,20,9,40,0,1,0,1,0,0
210,1004,11,3,0,0,14,0,2025,11,6,9,37,50,40,0,1,0,1,0,0
211,1004,10,3,0,0,13,1,2025,11,6,9,55,38,40,0,1,0,1,0,0
212,1004,6,1,0,0,7,0,2025,11,6,10,13,29,40,0,1,0,1,0,0
213,1004,13,0,0,0,13,0,2025,11,6,10,31,17,40,0,1,0,1,0,0
214,1004,13,0,0,0,13,0,2025,11,6,12,31,8,40,0,1,0,0,0,1
215,1004,16,3,0,0,19,1,2025,11,6,12,48,48,40,0,1,0,0,0,1
216,1004,21,5,1,0,27,1,2025,11,6,13,6,29,40,0,1,0,0,0,1
217,1004,14,2,0,0,16,1,2025,11,6,13,39,48,40,0,1,0,0,0,1
218,1004,17,4,0,0,21,1,2025,11,6,13,57,31,40,0,1,0,0,0,1
219,1004,12,4,0,0,16,1,2025,11,7,9,38,43,40,0,1,0,1,0,0
220,1004,11,2,0,0,13,1,2025,11,7,10,13,59,40,0,1,0,1,0,0
221,1004,8,1,1,0,10,0,2025,11,7,10,31,38,40,0,1,0,1,0,0
222,1004,19,2,0,0,21,1,2025,11,7,13,14,29,40,0,1,0,0,0,1
223,1004,5,0,0,0,5,0,2025,11,7,13,32,8,40,0,1,0,0,0,1
224,1004,18,0,0,0,18,1,2025,11,7,13,49,47,40,0,1,0,0,0,1
225,1004,21,0,0,0,21,1,2025,11,7,15,37,21,40,0,1,0,0,0,1
226,1004,21,1,0,0,22,2,2025,11,7,15,55,3,40,0,1,0,0,0,1
227,1004,5,1,0,0,6,0,2025,11,8,7,54,51,40,0,1,0,1,0,0
228,1004,10,0,0,0,10,0,2025,11,8,8,12,31,40,0,1,0,1,0,0
229,1004,5,0,0,0,5,0,2025,11,8,8,30,11,40,0,1,0,1,0,0
230,1004,11,0,0,0,11,0,2025,11,8,8,47,48,40,0,1,0,1,0,0
231,1004,10,1,0,0,11,0,2025,11,8,9,52,27,40,0,1,0,1,0,0
232,1004,9,1,1,0,11,1,2025,11,8,10,31,54,40,0,1,0,1,0,0
233,1004,18,0,0,0,18,1,2025,11,8,10,49,31,40,0,1,0,1,0,0
234,1004,11,0,0,0,11,0,2025,11,8,11,7,9,40,0,1,0,1,0,0
235,1004,12,1,0,0,13,0,2025,11,8,11,24,49,40,0,1,0,1,0,0
236,1004,14,0,0,0,14,1,2025,11,8,11,42,28,40,0,1,0,1,0,0
237,1004,10,1,0,0,11,0,2025,11,8,12,0,9,40,0,1,0,0,0,1
238,1004,13,1,0,0,14,0,2025,11,8,12,17,44,40,0,1,0,0,0,1
239,1004,14,0,0,0,14,1,2025,11,8,12,35,19,40,0,1,0,0,0,1
240,1004,14,0,0,0,14,1,2025,11,8,12,52,56,40,0,1,0,0,0,1
241,1004,19,0,0,0,19,1,2025,11,8,13,10,33,40,0,1,0,0,0,1
242,1004,17,1,0,0,18,0,2025,11,8,13,28,9,40,0,1,0,0,0,1
243,1004,19,1,0,0,20,1,2025,11,8,13,45,47,40,0,1,0,0,0,1
244,1004,14,0,0,0,14,1,2025,11,8,14,3,24,40,0,1,0,0,0,1
245,1004,12,0,0,0,12,1,2025,11,8,14,21,1,40,0,1,0,0,0,1
246,1004,9,0,0,0,9,1,2025,11,8,14,38,37,40,0,1,0,0,0,1
247,1004,7,0,0,0,7,0,2025,11,8,15,34,22,40,0,1,0,0,0,1
248,1004,7,0,0,0,7,0,2025,11,8,15,52,0,40,0,1,0,0,0,1
249,1004,5,0,0,0,5,1,2025,11,8,16,9,40,40,0,1,0,0,0,1
250,1004,3,0,0,0,3,0,2025,11,8,16,27,20,40,0,1,0,0,0,1
251,1004,0,0,0,0,0,0,2025,11,8,16,45,0,40,0,1,0,0,0,1
252,1004,6,0,0,0,6,1,2025,11,8,17,2,37,40,0,1,0,0,0,1
253,1004,12,0,0,0,12,1,2025,11,8,18,55,25,40,0,1,0,0,1,0
254,1004,10,0,0,0,10,1,2025,11,8,19,13,4,40,0,1,0,0,1,0
255,1004,4,1,0,0,5,1,2025,11,8,19,30,43,40,0,1,0,0,1,0
256,1004,6,0,0,0,6,1,2025,11,8,19,48,19,40,0,1,0,0,1,0
257,1004,1,0,0,0,1,0,2025,11,9,8,29,49,40,0,1,0,1,0,0
258,1004,1,0,0,0,1,0,2025,11,9,8,47,26,40,0,1,0,1,0,0
259,1004,4,0,0,0,4,0,2025,11,9,9,5,3,40,0,1,0,1,0,0
260,1004,5,0,0,0,5,0,2025,11,9,9,22,40,40,0,1,0,1,0,0
261,1004,6,1,1,0,8,0,2025,11,9,9,40,18,40,0,1,0,1,0,0
262,1004,8,0,0,0,8,0,2025,11,9,9,57,57,40,0,1,0,1,0,0
263,1004,6,0,0,0,6,0,2025,11,9,10,15,36,40,0,1,0,1,0,0
264,1004,7,0,0,0,7,0,2025,11,9,10,33,13,40,0,1,0,1,0,0
265,1004,11,0,0,0,11,0,2025,11,9,10,50,49,40,0,1,0,1,0,0
266,1004,6,0,0,0,6,0,2025,11,9,11,8,25,40,0,1,0,1,0,0
267,1004,15,0,0,0,15,0,2025,11,9,11,26,3,40,0,1,0,1,0,0
268,1004,11,0,0,0,11,0,2025,11,9,11,43,48,40,0,1,0,1,0,0
269,1004,9,0,0,0,9,0,2025,11,9,12,1,26,40,0,1,0,0,0,1
270,1004,9,0,0,0,9,0,2025,11,9,12,19,4,40,0,1,0,0,0,1
271,1004,11,0,0,0,11,0,2025,11,9,12,36,43,40,0,1,0,0,0,1
272,1004,6,0,0,0,6,0,2025,11,9,12,54,24,40,0,1,0,0,0,1
273,1004,4,0,0,0,4,0,2025,11,9,15,20,17,40,0,1,0,0,0,1
274,1004,7,0,0,0,7,0,2025,11,9,15,37,56,40,0,1,0,0,0,1
275,1004,4,0,0,0,4,0,2025,11,9,15,55,36,40,0,1,0,0,0,1
276,1004,5,0,0,0,5,0,2025,11,9,16,13,15,40,0,1,0,0,0,1
277,1004,7,0,0,0,7,0,2025,11,9,16,30,55,40,0,1,0,0,0,1
278,1004,11,0,0,0,11,0,2025,11,9,16,48,31,40,0,1,0,0,0,1
279,1004,8,0,0,0,8,0,2025,11,9,17,6,7,40,0,1,0,0,0,1
280,1004,7,0,0,0,7,0,2025,11,9,17,23,46,40,0,1,0,0,0,1
281,1004,10,0,0,0,10,0,2025,11,9,17,41,24,40,0,1,0,0,0,1
282,1004,2,0,1,0,3,1,2025,11,9,17,59,4,40,0,1,0,0,0,1
283,1004,8,0,0,0,8,0,2025,11,9,18,16,41,40,0,1,0,0,1,0
284,1004,9,0,0,0,9,0,2025,11,9,18,34,19,40,0,1,0,0,1,0
285,1004,22,0,0,0,22,1,2025,11,9,18,51,56,40,0,1,0,0,1,0
286,1004,14,2,0,0,16,1,2025,11,9,19,9,33,40,0,1,0,0,1,0
287,1004,16,0,0,0,16,1,2025,11,9,19,27,10,40,0,1,0,0,1,0
288,1004,18,0,0,0,18,1,2025,11,9,19,44,47,40,0,1,0,0,1,0
289,1004,17,1,0,0,18,1,2025,11,11,7,59,36,40,0,1,0,1,0,0
290,1004,20,1,0,0,21,1,2025,11,11,8,17,10,40,0,1,0,1,0,0
291,1004,19,0,0,0,19,1,2025,11,11,8,34,44,40,0,1,0,1,0,0
292,1004,15,0,0,0,15,1,2025,11,11,8,52,20,40,0,1,0,1,0,0
293,1004,22,0,1,0,23,1,2025,11,11,9,9,55,40,0,1,0,1,0,0
294,1004,20,1,0,0,21,1,2025,11,11,9,27,32,40,0,1,0,1,0,0
295,1004,18,1,0,0,19,1,2025,11,11,14,34,53,40,0,1,0,0,0,1
296,1004,26,2,0,0,28,1,2025,11,11,14,52,32,40,0,1,0,0,0,1
297,1004,22,1,0,0,23,1,2025,11,11,15,10,12,40,0,1,0,0,0,1
298,1004,27,0,0,0,27,1,2025,11,11,15,27,53,40,0,1,0,0,0,1
299,1004,18,4,0,0,22,1,2025,11,11,15,45,37,40,0,1,0,0,0,1
300,1004,25,3,0,0,28,1,2025,11,11,16,3,15,40,0,1,0,0,0,1
301,1004,20,0,0,0,20,1,2025,11,11,17,48,0,40,0,1,0,0,0,1
302,1004,18,0,0,0,18,1,2025,11,11,18,5,37,40,0,1,0,0,1,0
303,1004,21,1,0,0,22,1,2025,11,11,18,23,12,40,0,1,0,0,1,0
304,1004,20,0,0,0,20,1,2025,11,11,18,40,50,40,0,1,0,0,1,0
305,1004,23,3,0,0,26,1,2025,11,12,8,37,16,40,0,1,0,1,0,0
306,1004,20,3,0,0,23,1,2025,11,12,8,55,0,40,0,1,0,1,0,0
307,1004,25,0,0,0,25,1,2025,11,12,9,12,43,40,0,1,0,1,0,0
308,1004,11,0,0,0,11,1,2025,11,12,9,30,36,40,0,1,0,1,0,0
309,1004,8,2,0,0,10,0,2025,11,12,12,35,13,40,0,1,0,0,0,1
310,1004,24,5,1,0,30,1,2025,11,14,9,7,15,40,0,1,0,1,0,0
311,1004,27,2,0,0,29,1,2025,11,14,9,24,54,40,0,1,0,1,0,0
312,1004,21,2,0,0,23,1,2025,11,14,9,42,36,40,0,1,0,1,0,0
313,1004,16,2,0,0,18,1,2025,11,14,10,0,14,40,0,1,0,1,0,0
314,1004,18,5,0,0,23,1,2025,11,14,10,17,52,40,0,1,0,1,0,0
315,1004,25,2,0,0,27,1,2025,11,14,10,35,34,40,0,1,0,1,0,0
316,1004,3,1,0,0,4,0,2025,11,15,9,51,29,40,0,1,0,1,0,0
317,1004,4,0,0,0,4,0,2025,11,15,10,9,10,40,0,1,0,1,0,0
318,1004,6,0,0,0,6,0,2025,11,15,10,26,51,40,0,1,0,1,0,0
319,1004,9,2,0,0,11,1,2025,11,15,10,44,38,40,0,1,0,1,0,0
320,1004,4,1,0,0,5,0,2025,11,15,11,2,21,40,0,1,0,1,0,0
321,1004,6,0,0,0,6,0,2025,11,15,11,20,1,40,0,1,0,1,0,0
322,1004,7,0,0,0,7,0,2025,11,15,11,37,42,40,0,1,0,1,0,0
323,1004,8,0,0,0,8,0,2025,11,15,11,55,22,40,0,1,0,1,0,0
324,1004,6,1,0,0,7,0,2025,11,15,12,13,3,40,0,1,0,0,0,1
325,1004,8,0,0,0,8,0,2025,11,15,12,30,43,40,0,1,0,0,0,1
326,1004,16,0,0,0,16,1,2025,11,15,12,48,24,40,0,1,0,0,0,1
327,1004,23,0,0,0,23,2,2025,11,15,13,6,3,40,0,1,0,0,0,1
328,1004,5,0,0,0,5,0,2025,11,16,8,9,26,40,0,1,0,1,0,0
329,1004,0,0,0,0,0,0,2025,11,16,8,27,7,40,0,1,0,1,0,0
330,1004,6,0,0,0,6,0,2025,11,16,8,44,55,40,0,1,0,1,0,0
331,1004,7,0,0,0,7,0,2025,11,16,9,2,36,40,0,1,0,1,0,0
332,1004,4,0,0,0,4,0,2025,11,16,9,20,17,40,0,1,0,1,0,0
333,1004,4,0,0,0,4,0,2025,11,16,9,37,59,40,0,1,0,1,0,0
334,1004,8,0,0,0,8,0,2025,11,16,9,55,40,40,0,1,0,1,0,0
335,1004,11,0,0,0,11,0,2025,11,16,10,13,28,40,0,1,0,1,0,0
336,1004,8,1,0,0,9,0,2025,11,16,10,31,15,40,0,1,0,1,0,0
337,1004,12,0,0,0,12,0,2025,11,16,10,49,7,40,0,1,0,1,0,0
338,1004,10,0,0,0,10,0,2025,11,16,11,7,0,40,0,1,0,1,0,0
339,1004,19,1,0,0,20,1,2025,11,17,8,23,53,40,0,1,0,1,0,0
340,1004,21,1,0,0,22,1,2025,11,17,8,41,37,40,0,1,0,1,0,0
341,1004,12,1,0,0,13,1,2025,11,17,8,59,15,40,0,1,0,1,0,0
342,1004,19,2,0,0,21,1,2025,11,17,9,16,53,40,0,1,0,1,0,0
343,1004,22,1,0,0,23,2,2025,11,17,9,34,33,40,0,1,0,1,0,0
344,1004,22,1,0,0,23,1,2025,11,17,9,52,12,40,0,1,0,1,0,0
345,1004,23,3,0,0,26,2,2025,11,17,10,9,50,40,0,1,0,1,0,0
346,1004,23,1,0,0,24,1,2025,11,17,10,27,32,40,0,1,0,1,0,0
347,1004,16,4,0,0,20,1,2025,11,17,12,34,31,40,0,1,0,0,0,1
348,1004,16,6,0,0,22,1,2025,11,17,12,52,9,40,0,1,0,0,0,1
349,1004,24,1,0,0,25,1,2025,11,17,13,9,49,40,0,1,0,0,0,1
350,1010,25,2,1,0,28,2,2025,10,27,8,27,13,40,0,1,0,1,0,0
351,1010,16,0,0,0,16,1,2025,10,27,8,44,57,40,0,1,0,1,0,0
352,1010,22,1,0,0,23,1,2025,10,27,9,2,37,40,0,1,0,1,0,0
353,1010,20,4,0,0,24,2,2025,10,27,9,20,17,40,0,1,0,1,0,0
354,1010,10,1,0,0,11,1,2025,10,27,9,37,59,40,0,1,0,1,0,0
355,1010,14,1,0,0,15,1,2025,10,27,9,55,42,40,0,1,0,1,0,0
356,1010,13,0,0,0,13,1,2025,10,27,10,13,28,40,0,1,0,1,0,0
357,1010,17,2,0,0,19,1,2025,10,27,10,31,15,40,0,1,0,1,0,0
358,1010,14,2,0,0,16,1,2025,10,27,12,40,16,40,0,1,0,0,0,1
359,1010,12,0,0,0,12,2,2025,10,27,12,58,0,40,0,1,0,0,0,1
360,1010,11,0,0,0,11,1,2025,10,27,13,15,46,40,0,1,0,0,0,1
361,1010,15,1,0,0,16,1,2025,10,27,13,20,53,40,0,1,0,0,0,1
362,1010,8,1,0,0,9,1,2025,10,27,13,57,17,40,0,1,0,0,0,1
363,1010,11,0,0,0,11,1,2025,10,27,14,55,36,40,0,1,0,0,0,1
364,1010,19,2,0,0,21,1,2025,10,27,15,13,21,40,0,1,0,0,0,1
365,1010,11,1,1,0,13,2,2025,10,27,15,31,8,40,0,1,0,0,0,1
366,1010,18,1,0,0,19,1,2025,10,27,15,48,55,40,0,1,0,0,0,1
367,1010,15,1,0,0,16,1,2025,10,27,18,2,59,40,0,1,0,0,1,0
368,1010,15,0,0,0,15,1,2025,10,27,18,20,35,40,0,1,0,0,1,0
369,1010,22,1,0,0,23,1,2025,10,27,18,38,12,40,0,1,0,0,1,0
370,1010,20,2,0,0,22,1,2025,10,28,7,56,26,40,0,1,0,1,0,0
371,1010,19,1,0,0,20,1,2025,10,28,8,14,2,40,0,1,0,1,0,0
372,1010,21,0,0,0,21,1,2025,10,28,8,31,39,40,0,1,0,1,0,0
373,1010,20,1,0,0,21,1,2025,10,28,8,49,15,40,0,1,0,1,0,0
374,1010,15,0,0,0,15,1,2025,10,28,9,6,50,40,0,1,0,1,0,0
375,1010,10,0,0,0,10,1,2025,10,28,9,24,27,40,0,1,0,1,0,0
376,1010,20,1,0,0,21,1,2025,10,28,9,42,5,40,0,1,0,1,0,0
377,1010,12,1,0,0,13,1,2025,10,28,13,27,52,40,0,1,0,0,0,1
378,1010,16,2,0,0,18,1,2025,10,28,14,45,44,40,0,1,0,0,0,1
379,1010,12,0,0,0,12,0,2025,10,28,15,3,27,40,0,1,0,0,0,1
380,1010,13,1,1,0,15,1,2025,10,28,15,21,13,40,0,1,0,0,0,1
381,1010,18,0,0,0,18,1,2025,10,28,15,39,1,40,0,1,0,0,0,1
382,1010,13,0,0,0,13,1,2025,10,28,15,56,45,40,0,1,0,0,0,1
383,1010,18,0,0,0,18,1,2025,10,28,17,49,6,40,0,1,0,0,0,1
384,1010,18,1,0,0,19,1,2025,10,28,18,6,43,40,0,1,0,0,1,0
385,1010,21,0,1,0,22,2,2025,10,28,18,24,22,40,0,1,0,0,1,0
386,1010,22,1,0,0,23,1,2025,10,28,18,42,1,40,0,1,0,0,1,0
387,1010,12,0,0,0,12,1,2025,10,28,18,59,40,40,0,1,0,0,1,0
388,1010,14,0,0,0,14,1,2025,10,28,19,17,17,40,0,1,0,0,1,0
389,1010,17,0,0,0,17,1,2025,10,28,19,34,55,40,0,1,0,0,1,0
390,1010,17,0,0,0,17,1,2025,10,28,19,52,34,40,0,1,0,0,1,0
391,1010,18,4,0,0,22,1,2025,10,29,8,23,45,40,0,1,0,1,0,0
392,1010,23,0,0,0,23,1,2025,10,29,8,41,21,40,0,1,0,1,0,0
393,1010,18,1,0,0,19,2,2025,10,29,8,58,58,40,0,1,0,1,0,0
394,1010,22,1,0,0,23,1,2025,10,29,9,16,33,40,0,1,0,1,0,0
395,1010,19,1,0,0,20,2,2025,10,29,9,34,9,40,0,1,0,1,0,0
396,1010,24,0,0,0,24,1,2025,10,29,9,51,45,40,0,1,0,1,0,0
397,1010,13,3,2,0,18,1,2025,10,29,10,9,23,40,0,1,0,1,0,0
398,1010,26,0,2,0,28,2,2025,10,29,10,27,2,40,0,1,0,1,0,0
399,1010,13,1,1,0,15,1,2025,10,29,10,44,40,40,0,1,0,1,0,0
400,1010,7,2,0,0,9,0,2025,10,29,12,33,32,40,0,1,0,0,0,1
401,1010,9,0,0,0,9,1,2025,10,29,12,51,13,40,0,1,0,0,0,1
402,1010,11,0,0,0,11,0,2025,10,29,13,8,57,40,0,1,0,0,0,1
403,1010,13,1,0,0,14,1,2025,10,29,13,26,44,40,0,1,0,0,0,1
404,1010,13,2,0,0,15,1,2025,10,29,13,44,28,40,0,1,0,0,0,1
405,1010,25,1,0,0,26,1,2025,10,29,14,44,11,40,0,1,0,0,0,1
406,1010,23,0,0,0,23,2,2025,10,29,15,1,53,40,0,1,0,0,0,1
407,1010,21,1,0,0,22,1,2025,10,29,15,19,39,40,0,1,0,0,0,1
408,1010,22,0,0,0,22,1,2025,10,29,15,37,19,40,0,1,0,0,0,1
409,1010,14,1,1,0,16,1,2025,10,29,15,54,59,40,0,1,0,0,0,1
410,1010,21,0,0,0,21,1,2025,10,30,8,20,36,40,0,1,0,1,0,0
411,1010,14,3,0,0,17,1,2025,10,30,8,38,18,40,0,1,0,1,0,0
412,1010,24,5,0,0,29,1,2025,10,30,8,56,1,40,0,1,0,1,0,0
413,1010,16,5,2,0,23,1,2025,10,30,9,13,53,40,0,1,0,1,0,0
414,1010,26,2,0,0,28,2,2025,10,30,9,31,58,40,0,1,0,1,0,0
415,1010,23,2,1,0,26,1,2025,10,30,9,49,53,40,0,1,0,1,0,0
416,1010,22,1,1,0,24,1,2025,10,30,10,7,43,40,0,1,0,1,0,0
417,1010,18,4,0,0,22,1,2025,10,30,10,25,32,40,0,1,0,1,0,0
418,1010,18,2,0,0,20,1,2025,10,30,10,43,15,40,0,1,0,1,0,0
419,1010,19,1,0,0,20,1,2025,10,30,12,29,48,40,0,1,0,0,0,1
420,1010,16,4,1,0,21,1,2025,10,30,12,47,19,40,0,1,0,0,0,1
421,1010,21,4,1,0,26,1,2025,10,30,13,5,3,40,0,1,0,0,0,1
422,1010,22,1,0,0,23,1,2025,10,30,13,22,49,40,0,1,0,0,0,1
423,1010,26,3,0,0,29,1,2025,10,30,13,40,35,40,0,1,0,0,0,1
424,1010,24,1,0,0,25,1,2025,10,30,13,58,21,40,0,1,0,0,0,1
425,1010,20,1,0,0,21,1,2025,10,30,14,57,22,40,0,1,0,0,0,1
426,1010,18,2,0,0,20,1,2025,10,30,15,15,16,40,0,1,0,0,0,1
427,1010,19,0,0,0,19,1,2025,10,30,15,33,0,40,0,1,0,0,0,1
428,1010,20,0,0,0,20,1,2025,10,30,15,57,45,40,0,1,0,0,0,1
429,1010,11,0,1,0,12,1,2025,10,30,16,15,32,40,0,1,0,0,0,1
430,1010,4,1,0,0,5,0,2025,10,30,22,45,48,40,0,1,0,0,1,0
431,1010,18,0,0,0,18,1,2025,10,31,8,25,17,40,0,1,0,1,0,0
432,1010,14,1,0,0,15,1,2025,10,31,8,43,2,40,0,1,0,1,0,0
433,1010,15,2,0,0,17,1,2025,10,31,9,0,50,40,0,1,0,1,0,0
434,1010,10,1,0,0,11,1,2025,10,31,9,18,35,40,0,1,0,1,0,0
435,1010,14,0,0,0,14,1,2025,10,31,9,44,13,40,0,1,0,1,0,0
436,1010,15,1,0,0,16,1,2025,10,31,10,1,54,40,0,1,0,1,0,0
437,1010,12,1,0,0,13,1,2025,10,31,10,19,38,40,0,1,0,1,0,0
438,1010,8,2,0,0,10,1,2025,10,31,10,37,19,40,0,1,0,1,0,0
439,1010,18,0,0,0,18,1,2025,10,31,15,3,40,40,0,1,0,0,0,1
440,1010,24,2,0,0,26,2,2025,10,31,15,21,32,40,0,1,0,0,0,1
441,1010,28,3,1,0,32,2,2025,10,31,15,39,25,40,0,1,0,0,0,1
442,1010,28,2,0,0,30,2,2025,10,31,15,57,14,40,0,1,0,0,0,1
443,1010,13,2,0,0,15,1,2025,11,1,8,54,53,40,0,1,0,1,0,0
444,1010,12,1,0,0,13,1,2025,11,1,9,12,38,40,0,1,0,1,0,0
445,1010,11,1,0,0,12,1,2025,11,1,9,30,33,40,0,1,0,1,0,0
446,1010,15,0,0,0,15,0,2025,11,1,9,48,19,40,0,1,0,1,0,0
447,1010,11,0,0,0,11,0,2025,11,1,10,6,10,40,0,1,0,1,0,0
448,1010,16,2,0,0,18,1,2025,11,1,10,23,54,40,0,1,0,1,0,0
449,1010,15,1,0,0,16,0,2025,11,1,10,41,39,40,0,1,0,1,0,0
450,1010,11,1,0,0,12,1,2025,11,1,10,59,35,40,0,1,0,1,0,0
451,1010,19,0,0,0,19,1,2025,11,1,11,17,21,40,0,1,0,1,0,0
452,1010,19,1,0,0,20,1,2025,11,1,11,35,2,40,0,1,0,1,0,0
453,1010,20,2,0,0,22,1,2025,11,1,11,52,46,40,0,1,0,1,0,0
454,1010,16,1,0,0,17,1,2025,11,1,12,10,41,40,0,1,0,0,0,1
455,1010,24,0,0,0,24,1,2025,11,1,12,28,27,40,0,1,0,0,0,1
456,1010,23,2,0,0,25,1,2025,11,1,12,46,19,40,0,1,0,0,0,1
457,1010,23,0,0,0,23,1,2025,11,1,13,4,15,40,0,1,0,0,0,1
458,1010,28,1,0,0,29,1,2025,11,1,13,22,3,40,0,1,0,0,0,1
459,1010,23,1,0,0,24,1,2025,11,1,13,39,48,40,0,1,0,0,0,1
460,1010,24,2,0,0,26,1,2025,11,1,13,57,39,40,0,1,0,0,0,1
461,1010,23,0,0,0,23,1,2025,11,1,14,15,29,40,0,1,0,0,0,1
462,1010,25,0,0,0,25,1,2025,11,1,14,33,33,40,0,1,0,0,0,1
463,1010,17,1,0,0,18,1,2025,11,1,14,51,37,40,0,1,0,0,0,1
464,1010,16,0,0,0,16,1,2025,11,1,15,9,34,40,0,1,0,0,0,1
465,1010,17,0,0,0,17,1,2025,11,1,15,27,21,40,0,1,0,0,0,1
466,1010,19,0,0,0,19,1,2025,11,1,15,45,12,40,0,1,0,0,0,1
467,1010,11,0,0,0,11,1,2025,11,1,16,3,7,40,0,1,0,0,0,1
468,1010,10,0,0,0,10,0,2025,11,1,16,20,57,40,0,1,0,0,0,1
469,1010,13,0,0,0,13,1,2025,11,1,16,38,45,40,0,1,0,0,0,1
470,1010,19,0,0,0,19,1,2025,11,1,16,56,42,40,0,1,0,0,0,1
471,1010,16,1,0,0,17,1,2025,11,1,17,14,41,40,0,1,0,0,0,1
472,1010,20,1,0,0,21,1,2025,11,1,17,32,28,40,0,1,0,0,0,1
473,1010,18,1,0,0,19,1,2025,11,1,17,50,23,40,0,1,0,0,0,1
474,1010,19,0,0,0,19,1,2025,11,1,18,8,12,40,0,1,0,0,1,0
475,1010,16,0,0,0,16,1,2025,11,1,18,27,1,40,0,1,0,0,1,0
476,1010,10,0,0,0,10,1,2025,11,1,18,44,56,40,0,1,0,0,1,0
477,1010,17,0,0,0,17,2,2025,11,1,19,2,43,40,0,1,0,0,1,0
478,1010,11,0,0,0,11,0,2025,11,1,19,37,20,40,0,1,0,0,1,0
479,1010,15,0,0,0,15,1,2025,11,2,10,16,51,40,0,1,0,1,0,0
480,1010,16,1,0,0,17,1,2025,11,2,10,34,35,40,0,1,0,1,0,0
481,1010,12,1,0,0,13,0,2025,11,2,10,52,29,40,0,1,0,1,0,0
482,1010,14,0,0,0,14,1,2025,11,2,11,10,12,40,0,1,0,1,0,0
483,1010,22,0,0,0,22,1,2025,11,2,11,28,10,40,0,1,0,1,0,0
484,1010,18,2,0,0,20,1,2025,11,2,12,11,25,40,0,1,0,0,0,1
485,1010,23,0,0,0,23,1,2025,11,2,12,29,11,40,0,1,0,0,0,1
486,1010,25,0,0,0,25,1,2025,11,2,12,47,0,40,0,1,0,0,0,1
487,1010,24,0,0,0,24,1,2025,11,2,13,4,45,40,0,1,0,0,0,1
488,1010,23,0,0,0,23,1,2025,11,2,13,22,24,40,0,1,0,0,0,1
489,1010,24,1,0,0,25,1,2025,11,2,13,40,3,40,0,1,0,0,0,1
490,1010,28,1,0,0,29,1,2025,11,2,13,57,41,40,0,1,0,0,0,1
491,1010,24,0,0,0,24,1,2025,11,2,14,15,20,40,0,1,0,0,0,1
492,1010,20,0,0,0,20,1,2025,11,2,14,32,57,40,0,1,0,0,0,1
493,1010,19,0,0,0,19,1,2025,11,2,14,50,33,40,0,1,0,0,0,1
494,1010,16,0,0,0,16,1,2025,11,2,15,51,5,40,0,1,0,0,0,1
495,1010,15,1,0,0,16,1,2025,11,2,16,8,43,40,0,1,0,0,0,1
496,1010,12,0,0,0,12,1,2025,11,2,16,26,22,40,0,1,0,0,0,1
497,1010,19,0,0,0,19,1,2025,11,2,16,44,1,40,0,1,0,0,0,1
498,1010,11,0,0,0,11,1,2025,11,3,8,9,18,40,0,1,0,1,0,0
499,1010,17,0,1,0,18,1,2025,11,3,8,26,55,40,0,1,0,1,0,0
500,1010,17,1,0,0,18,1,2025,11,3,8,44,33,40,0,1,0,1,0,0
501,1010,8,1,0,0,9,1,2025,11,3,9,2,10,40,0,1,0,1,0,0
502,1010,17,1,0,0,18,1,2025,11,3,9,19,46,40,0,1,0,1,0,0
503,1010,10,2,0,0,12,1,2025,11,3,9,37,24,40,0,1,0,1,0,0
504,1010,26,0,0,0,26,2,2025,11,4,8,9,35,40,0,1,0,1,0,0
505,1010,20,1,1,0,22,1,2025,11,4,8,27,12,40,0,1,0,1,0,0
506,1010,20,1,0,0,21,1,2025,11,4,8,44,48,40,0,1,0,1,0,0
507,1010,18,1,2,0,21,2,2025,11,4,9,2,24,40,0,1,0,1,0,0
508,1010,19,2,0,0,21,1,2025,11,4,9,20,1,40,0,1,0,1,0,0
509,1010,22,4,0,0,26,1,2025,11,4,9,37,41,40,0,1,0,1,0,0
510,1010,11,2,0,0,13,1,2025,11,4,12,8,53,40,0,1,0,0,0,1
511,1010,15,2,0,0,17,1,2025,11,4,12,37,15,40,0,1,0,0,0,1
512,1010,4,0,0,0,4,0,2025,11,4,12,54,55,40,0,1,0,0,0,1
513,1010,4,0,0,0,4,0,2025,11,4,13,4,20,40,0,1,0,0,0,1
514,1010,6,1,0,0,7,1,2025,11,4,13,22,0,40,0,1,0,0,0,1
515,1010,11,0,0,0,11,1,2025,11,4,13,39,39,40,0,1,0,0,0,1
516,1010,17,1,0,0,18,1,2025,11,4,14,34,1,40,0,1,0,0,0,1
517,1010,26,0,0,0,26,2,2025,11,4,14,51,41,40,0,1,0,0,0,1
518,1010,23,0,0,0,23,2,2025,11,4,15,9,25,40,0,1,0,0,0,1
519,1010,21,0,0,0,21,1,2025,11,4,15,27,11,40,0,1,0,0,0,1
520,1010,21,0,0,0,21,1,2025,11,4,15,45,11,40,0,1,0,0,0,1
521,1010,23,1,0,0,24,2,2025,11,4,16,2,53,40,0,1,0,0,0,1
522,1010,14,1,1,0,16,1,2025,11,4,18,0,8,40,0,1,0,0,1,0
523,1010,19,1,0,0,20,1,2025,11,4,18,17,46,40,0,1,0,0,1,0
524,1010,13,0,0,0,13,1,2025,11,4,18,35,24,40,0,1,0,0,1,0
525,1010,16,0,0,0,16,1,2025,11,4,18,53,3,40,0,1,0,0,1,0
526,1010,14,1,0,0,15,1,2025,11,4,19,10,40,40,0,1,0,0,1,0
527,1010,15,0,0,0,15,1,2025,11,4,19,28,19,40,0,1,0,0,1,0
528,1010,15,0,0,0,15,1,2025,11,4,19,45,57,40,0,1,0,0,1,0
529,1010,5,0,0,0,5,0,2025,11,4,20,3,34,40,0,1,0,0,1,0
530,1010,7,1,0,0,8,1,2025,11,4,20,21,10,40,0,1,0,0,1,0
531,1010,7,0,0,0,7,0,2025,11,4,20,38,49,40,0,1,0,0,1,0
532,1010,17,0,0,0,17,1,2025,11,5,7,51,24,40,0,1,0,1,0,0
533,1010,15,2,0,0,17,1,2025,11,5,8,9,0,40,0,1,0,1,0,0
534,1010,18,1,0,0,19,1,2025,11,5,8,26,38,40,0,1,0,1,0,0
535,1010,18,0,0,0,18,1,2025,11,5,8,44,13,40,0,1,0,1,0,0
536,1010,20,0,0,0,20,1,2025,11,5,9,1,50,40,0,1,0,1,0,0
537,1010,12,2,0,0,14,1,2025,11,5,9,19,26,40,0,1,0,1,0,0
538,1010,12,2,0,0,14,1,2025,11,5,9,37,3,40,0,1,0,1,0,0
539,1010,14,1,0,0,15,1,2025,11,5,9,54,39,40,0,1,0,1,0,0
540,1010,13,1,0,0,14,1,2025,11,5,10,12,16,40,0,1,0,1,0,0
541,1010,15,1,0,0,16,1,2025,11,5,10,29,54,40,0,1,0,1,0,0
542,1010,13,1,0,0,14,1,2025,11,5,10,47,30,40,0,1,0,1,0,0
543,1010,11,0,0,0,11,1,2025,11,5,12,44,8,40,0,1,0,0,0,1
544,1010,5,3,0,0,8,1,2025,11,5,13,1,49,40,0,1,0,0,0,1
545,1010,11,2,0,0,13,0,2025,11,5,13,19,29,40,0,1,0,0,0,1
546,1010,11,3,0,0,14,1,2025,11,5,13,37,10,40,0,1,0,0,0,1
547,1010,16,1,0,0,17,1,2025,11,5,13,54,53,40,0,1,0,0,0,1
548,1010,19,0,0,0,19,1,2025,11,5,14,46,44,40,0,1,0,0,0,1
549,1010,18,0,0,0,18,1,2025,11,5,15,4,24,40,0,1,0,0,0,1
550,1010,23,0,1,0,24,1,2025,11,5,15,22,4,40,0,1,0,0,0,1
551,1010,17,0,0,0,17,1,2025,11,5,15,39,46,40,0,1,0,0,0,1
552,1010,16,3,0,0,19,1,2025,11,5,15,57,29,40,0,1,0,0,0,1
553,1010,16,1,0,0,17,1,2025,11,6,7,50,50,40,0,1,0,1,0,0
554,1010,24,3,1,0,28,1,2025,11,6,8,8,31,40,0,1,0,1,0,0
555,1010,26,0,0,0,26,1,2025,11,6,8,26,16,40,0,1,0,1,0,0
556,1010,25,1,1,0,27,2,2025,11,6,8,44,45,40,0,1,0,1,0,0
557,1010,22,1,0,0,23,1,2025,11,6,9,2,27,40,0,1,0,1,0,0
558,1010,23,3,1,0,27,2,2025,11,6,9,20,8,40,0,1,0,1,0,0
559,1010,15,1,0,0,16,1,2025,11,6,9,37,50,40,0,1,0,1,0,0
560,1010,16,2,0,0,18,1,2025,11,6,9,55,37,40,0,1,0,1,0,0
561,1010,19,0,0,0,19,1,2025,11,6,10,13,28,40,0,1,0,1,0,0
562,1010,16,1,0,0,17,1,2025,11,6,10,31,16,40,0,1,0,1,0,0
563,1010,6,4,0,0,10,1,2025,11,6,12,31,8,40,0,1,0,0,0,1
564,1010,11,1,0,0,12,1,2025,11,6,12,48,48,40,0,1,0,0,0,1
565,1010,8,0,0,0,8,0,2025,11,6,13,6,28,40,0,1,0,0,0,1
566,1010,16,1,1,0,18,1,2025,11,6,13,39,48,40,0,1,0,0,0,1
567,1010,16,0,0,0,16,1,2025,11,6,13,57,31,40,0,1,0,0,0,1
568,1010,5,1,0,0,6,0,2025,11,7,9,38,43,40,0,1,0,1,0,0
569,1010,3,4,0,0,7,1,2025,11,7,10,13,59,40,0,1,0,1,0,0
570,1010,8,2,0,0,10,1,2025,11,7,10,31,38,40,0,1,0,1,0,0
571,1010,8,2,1,0,11,1,2025,11,7,13,14,29,40,0,1,0,0,0,1
572,1010,12,2,0,0,14,1,2025,11,7,13,32,8,40,0,1,0,0,0,1
573,1010,20,4,1,0,25,2,2025,11,7,13,49,46,40,0,1,0,0,0,1
574,1010,20,2,1,0,23,2,2025,11,7,15,37,21,40,0,1,0,0,0,1
575,1010,16,2,0,0,18,2,2025,11,7,15,55,3,40,0,1,0,0,0,1
576,1010,4,0,0,0,4,0,2025,11,8,7,54,51,40,0,1,0,1,0,0
577,1010,10,0,0,0,10,1,2025,11,8,8,12,31,40,0,1,0,1,0,0
578,1010,6,0,0,0,6,0,2025,11,8,8,30,11,40,0,1,0,1,0,0
579,1010,10,1,0,0,11,0,2025,11,8,8,47,48,40,0,1,0,1,0,0
580,1010,4,0,0,0,4,0,2025,11,8,9,52,26,40,0,1,0,1,0,0
581,1010,10,1,1,0,12,0,2025,11,8,10,31,54,40,0,1,0,1,0,0
582,1010,8,1,0,0,9,0,2025,11,8,10,49,31,40,0,1,0,1,0,0
583,1010,13,0,0,0,13,0,2025,11,8,11,7,9,40,0,1,0,1,0,0
584,1010,5,0,0,0,5,0,2025,11,8,11,24,49,40,0,1,0,1,0,0
585,1010,12,0,0,0,12,0,2025,11,8,11,42,28,40,0,1,0,1,0,0
586,1010,7,1,0,0,8,0,2025,11,8,12,0,8,40,0,1,0,0,0,1
587,1010,7,0,0,0,7,0,2025,11,8,12,17,44,40,0,1,0,0,0,1
588,1010,12,0,0,0,12,1,2025,11,8,12,35,19,40,0,1,0,0,0,1
589,1010,2,0,0,0,2,0,2025,11,8,12,52,55,40,0,1,0,0,0,1
590,1010,4,0,0,0,4,0,2025,11,8,13,10,32,40,0,1,0,0,0,1
591,1010,10,0,0,0,10,0,2025,11,8,13,28,9,40,0,1,0,0,0,1
592,1010,7,0,0,0,7,0,2025,11,8,13,45,47,40,0,1,0,0,0,1
593,1010,9,0,1,0,10,0,2025,11,8,14,3,24,40,0,1,0,0,0,1
594,1010,9,0,0,0,9,0,2025,11,8,14,21,1,40,0,1,0,0,0,1
595,1010,2,0,0,0,2,0,2025,11,8,14,38,37,40,0,1,0,0,0,1
596,1010,4,0,0,0,4,0,2025,11,8,15,34,22,40,0,1,0,0,0,1
597,1010,2,0,0,0,2,0,2025,11,8,15,52,0,40,0,1,0,0,0,1
598,1010,4,0,0,0,4,0,2025,11,8,16,9,40,40,0,1,0,0,0,1
599,1010,3,0,0,0,3,0,2025,11,8,16,27,19,40,0,1,0,0,0,1
600,1010,2,0,0,0,2,0,2025,11,8,16,45,0,40,0,1,0,0,0,1
601,1010,9,0,0,0,9,0,2025,11,8,17,2,37,40,0,1,0,0,0,1
602,1010,7,0,0,0,7,0,2025,11,8,18,55,25,40,0,1,0,0,1,0
603,1010,1,0,0,0,1,0,2025,11,8,19,13,3,40,0,1,0,0,1,0
604,1010,1,0,0,0,1,0,2025,11,8,19,30,43,40,0,1,0,0,1,0
605,1010,5,0,0,0,5,0,2025,11,8,19,48,19,40,0,1,0,0,1,0
606,1010,2,0,0,0,2,0,2025,11,9,8,29,49,40,0,1,0,1,0,0
607,1010,5,0,0,0,5,0,2025,11,9,8,47,26,40,0,1,0,1,0,0
608,1010,0,0,0,0,0,0,2025,11,9,9,5,3,40,0,1,0,1,0,0
609,1010,1,0,0,0,1,0,2025,11,9,9,22,40,40,0,1,0,1,0,0
610,1010,5,0,0,0,5,0,2025,11,9,9,40,18,40,0,1,0,1,0,0
611,1010,5,0,0,0,5,0,2025,11,9,9,57,56,40,0,1,0,1,0,0
612,1010,1,0,0,0,1,0,2025,11,9,10,15,36,40,0,1,0,1,0,0
613,1010,5,0,0,0,5,0,2025,11,9,10,33,13,40,0,1,0,1,0,0
614,1010,7,1,0,0,8,0,2025,11,9,10,50,48,40,0,1,0,1,0,0
615,1010,12,0,0,0,12,0,2025,11,9,11,8,24,40,0,1,0,1,0,0
616,1010,3,0,0,0,3,0,2025,11,9,11,26,3,40,0,1,0,1,0,0
617,1010,8,0,0,0,8,0,2025,11,9,11,43,47,40,0,1,0,1,0,0
618,1010,6,0,0,0,6,0,2025,11,9,12,1,26,40,0,1,0,0,0,1
619,1010,6,1,0,0,7,0,2025,11,9,12,19,4,40,0,1,0,0,0,1
620,1010,5,0,0,0,5,0,2025,11,9,12,36,43,40,0,1,0,0,0,1
621,1010,8,0,0,0,8,0,2025,11,9,12,54,24,40,0,1,0,0,0,1
622,1010,2,0,0,0,2,0,2025,11,9,15,20,17,40,0,1,0,0,0,1
623,1010,4,1,0,0,5,0,2025,11,9,15,37,56,40,0,1,0,0,0,1
624,1010,4,1,0,0,5,0,2025,11,9,15,55,36,40,0,1,0,0,0,1
625,1010,4,0,0,0,4,0,2025,11,9,16,13,15,40,0,1,0,0,0,1
626,1010,4,0,0,0,4,0,2025,11,9,16,30,55,40,0,1,0,0,0,1
627,1010,6,0,0,0,6,0,2025,11,9,16,48,30,40,0,1,0,0,0,1
628,1010,5,0,0,0,5,0,2025,11,9,17,6,7,40,0,1,0,0,0,1
629,1010,8,0,0,0,8,0,2025,11,9,17,23,45,40,0,1,0,0,0,1
630,1010,4,0,0,0,4,0,2025,11,9,17,41,24,40,0,1,0,0,0,1
631,1010,7,0,0,0,7,0,2025,11,9,17,59,4,40,0,1,0,0,0,1
632,1010,9,0,0,0,9,0,2025,11,9,18,16,41,40,0,1,0,0,1,0
633,1010,4,0,0,0,4,0,2025,11,9,18,34,19,40,0,1,0,0,1,0
634,1010,3,0,0,0,3,0,2025,11,9,18,51,56,40,0,1,0,0,1,0
635,1010,0,0,0,0,0,0,2025,11,9,19,9,33,40,0,1,0,0,1,0
636,1010,4,0,0,0,4,0,2025,11,9,19,27,10,40,0,1,0,0,1,0
637,1010,1,0,0,0,1,0,2025,11,9,19,44,47,40,0,1,0,0,1,0
638,1010,13,1,0,0,14,1,2025,11,11,7,59,36,40,0,1,0,1,0,0
639,1010,11,0,0,0,11,1,2025,11,11,8,17,10,40,0,1,0,1,0,0
640,1010,11,0,0,0,11,1,2025,11,11,8,34,44,40,0,1,0,1,0,0
641,1010,17,0,1,0,18,1,2025,11,11,8,52,20,40,0,1,0,1,0,0
642,1010,14,1,0,0,15,1,2025,11,11,9,9,55,40,0,1,0,1,0,0
643,1010,22,3,0,0,25,1,2025,11,11,9,27,32,40,0,1,0,1,0,0
644,1010,20,0,0,0,20,1,2025,11,11,14,34,53,40,0,1,0,0,0,1
645,1010,18,3,0,0,21,1,2025,11,11,14,52,32,40,0,1,0,0,0,1
646,1010,11,2,0,0,13,1,2025,11,11,15,10,12,40,0,1,0,0,0,1
647,1010,19,1,0,0,20,1,2025,11,11,15,27,53,40,0,1,0,0,0,1
648,1010,16,0,0,0,16,1,2025,11,11,15,45,37,40,0,1,0,0,0,1
649,1010,8,1,0,0,9,1,2025,11,11,16,3,15,40,0,1,0,0,0,1
650,1010,20,1,0,0,21,1,2025,11,11,17,48,0,40,0,1,0,0,0,1
651,1010,21,1,0,0,22,2,2025,11,11,18,5,37,40,0,1,0,0,1,0
652,1010,11,0,0,0,11,1,2025,11,11,18,23,12,40,0,1,0,0,1,0
653,1010,13,0,0,0,13,1,2025,11,11,18,40,50,40,0,1,0,0,1,0
654,1010,15,0,0,0,15,1,2025,11,11,18,58,28,40,0,1,0,0,1,0
655,1010,11,0,0,0,11,1,2025,11,11,19,16,6,40,0,1,0,0,1,0
656,1010,8,0,0,0,8,1,2025,11,11,19,33,41,40,0,1,0,0,1,0
657,1010,12,0,0,0,12,1,2025,11,11,19,51,24,40,0,1,0,0,1,0
658,1010,13,1,0,0,14,1,2025,11,12,8,37,16,40,0,1,0,1,0,0
659,1010,14,0,0,0,14,1,2025,11,12,8,55,0,40,0,1,0,1,0,0
660,1010,8,2,0,0,10,1,2025,11,12,9,12,43,40,0,1,0,1,0,0
661,1010,14,0,1,0,15,1,2025,11,12,9,30,36,40,0,1,0,1,0,0
662,1010,17,3,0,0,20,1,2025,11,12,12,35,13,40,0,1,0,0,0,1
663,1010,0,0,0,0,0,0,2025,11,17,13,9,48,40,0,1,0,0,0,1
664,1097,10,0,0,0,10,0,2025,10,27,8,27,16,2,1,0,0,1,0,0
665,1097,17,0,1,0,18,1,2025,10,27,8,45,2,2,1,0,0,1,0,0
666,1097,11,3,2,0,16,2,2025,10,27,9,2,40,2,1,0,0,1,0,0
667,1097,10,2,0,0,12,1,2025,10,27,9,20,21,2,1,0,0,1,0,0
668,1097,7,2,0,0,9,1,2025,10,27,9,38,3,2,1,0,0,1,0,0
669,1097,13,2,0,0,15,1,2025,10,27,9,55,47,2,1,0,0,1,0,0
670,1097,20,5,1,0,26,2,2025,10,27,10,13,33,2,1,0,0,1,0,0
671,1097,14,8,0,0,22,2,2025,10,27,10,31,19,2,1,0,0,1,0,0
672,1097,14,6,0,0,20,2,2025,10,27,12,40,22,2,1,0,0,0,0,1
673,1097,13,2,0,0,15,2,2025,10,27,12,58,6,2,1,0,0,0,0,1
674,1097,8,1,1,0,10,1,2025,10,27,13,15,54,2,1,0,0,0,0,1
675,1097,11,1,1,0,13,1,2025,10,27,13,21,0,2,1,0,0,0,0,1
676,1097,14,7,0,0,21,2,2025,10,27,13,57,23,2,1,0,0,0,0,1
677,1097,19,4,2,0,25,3,2025,10,27,14,55,40,2,1,0,0,0,0,1
678,1097,20,6,1,0,27,2,2025,10,27,15,13,25,2,1,0,0,0,0,1
679,1097,16,8,1,0,25,3,2025,10,27,15,31,15,2,1,0,0,0,0,1
680,1097,15,3,0,0,18,1,2025,10,27,15,48,58,2,1,0,0,0,0,1
681,1097,13,4,0,0,17,1,2025,10,27,18,3,1,2,1,0,0,0,1,0
682,1097,17,3,1,0,21,1,2025,10,27,18,20,38,2,1,0,0,0,1,0
683,1097,11,1,0,0,12,1,2025,10,27,18,38,14,2,1,0,0,0,1,0
684,1097,16,3,0,0,19,1,2025,10,28,7,56,28,2,1,0,0,1,0,0
685,1097,10,1,1,0,12,1,2025,10,28,8,14,5,2,1,0,0,1,0,0
686,1097,9,4,0,0,13,1,2025,10,28,8,31,41,2,1,0,0,1,0,0
687,1097,12,4,0,0,16,1,2025,10,28,8,49,18,2,1,0,0,1,0,0
688,1097,6,3,0,0,9,1,2025,10,28,9,6,53,2,1,0,0,1,0,0
689,1097,11,1,0,0,12,1,2025,10,28,9,24,30,2,1,0,0,1,0,0
690,1097,9,4,0,0,13,1,2025,10,28,9,42,10,2,1,0,0,1,0,0
691,1097,11,7,2,0,20,2,2025,10,28,13,27,57,2,1,0,0,0,0,1
692,1097,10,4,0,0,14,1,2025,10,28,14,45,50,2,1,0,0,0,0,1
693,1097,17,6,1,0,24,1,2025,10,28,15,3,32,2,1,0,0,0,0,1
694,1097,13,3,1,0,17,2,2025,10,28,15,21,22,2,1,0,0,0,0,1
695,1097,9,2,1,0,12,1,2025,10,28,15,39,7,2,1,0,0,0,0,1
696,1097,11,2,0,0,13,1,2025,10,28,15,56,52,2,1,0,0,0,0,1
697,1097,15,5,2,0,22,2,2025,10,28,17,49,8,2,1,0,0,0,0,1
698,1097,11,6,2,0,19,2,2025,10,28,18,6,46,2,1,0,0,0,1,0
699,1097,20,3,0,0,23,1,2025,10,28,18,24,27,2,1,0,0,0,1,0
700,1097,17,4,0,0,21,1,2025,10,28,18,42,5,2,1,0,0,0,1,0
701,1097,16,2,0,0,18,1,2025,10,29,8,23,48,2,1,0,0,1,0,0
702,1097,16,5,0,0,21,1,2025,10,29,8,41,24,2,1,0,0,1,0,0
703,1097,9,5,2,0,16,1,2025,10,29,8,59,0,2,1,0,0,1,0,0
704,1097,15,2,0,0,17,0,2025,10,29,9,16,35,2,1,0,0,1,0,0
705,1097,11,5,0,0,16,1,2025,10,29,9,34,12,2,1,0,0,1,0,0
706,1097,9,4,1,0,14,1,2025,10,29,9,51,48,2,1,0,0,1,0,0
707,1097,10,6,0,0,16,1,2025,10,29,10,9,27,2,1,0,0,1,0,0
708,1097,5,6,0,0,11,1,2025,10,29,10,27,5,2,1,0,0,1,0,0
709,1097,6,5,1,0,12,1,2025,10,29,10,44,44,2,1,0,0,1,0,0
710,1097,7,5,1,0,13,1,2025,10,29,12,33,37,2,1,0,0,0,0,1
711,1097,11,2,0,0,13,1,2025,10,29,12,51,18,2,1,0,0,0,0,1
712,1097,7,3,0,0,10,0,2025,10,29,13,9,8,2,1,0,0,0,0,1
713,1097,13,3,0,0,16,1,2025,10,29,13,26,49,2,1,0,0,0,0,1
714,1097,10,2,0,0,12,1,2025,10,29,13,44,34,2,1,0,0,0,0,1
715,1097,11,4,2,0,17,1,2025,10,29,14,44,16,2,1,0,0,0,0,1
716,1097,9,5,0,0,14,1,2025,10,29,15,2,2,2,1,0,0,0,0,1
717,1097,13,1,2,0,16,1,2025,10,29,15,19,44,2,1,0,0,0,0,1
718,1097,14,3,0,0,17,1,2025,10,29,15,37,23,2,1,0,0,0,0,1
719,1097,8,2,1,0,11,1,2025,10,29,15,55,5,2,1,0,0,0,0,1
720,1097,14,0,1,0,15,1,2025,10,30,8,20,41,2,1,0,0,1,0,0
721,1097,9,5,1,0,15,1,2025,10,30,8,38,24,2,1,0,0,1,0,0
722,1097,9,3,0,0,12,1,2025,10,30,8,56,6,2,1,0,0,1,0,0
723,1097,10,3,1,0,14,1,2025,10,30,9,13,58,2,1,0,0,1,0,0
724,1097,8,6,0,0,14,1,2025,10,30,9,32,8,2,1,0,0,1,0,0
725,1097,9,3,1,0,13,1,2025,10,30,9,49,58,2,1,0,0,1,0,0
726,1097,9,3,0,0,12,1,2025,10,30,10,7,55,2,1,0,0,1,0,0
727,1097,12,4,0,0,16,1,2025,10,30,10,25,39,2,1,0,0,1,0,0
728,1097,5,2,0,0,7,1,2025,10,30,10,43,20,2,1,0,0,1,0,0
729,1097,6,7,1,0,14,1,2025,10,30,12,29,54,2,1,0,0,0,0,1
730,1097,10,6,1,0,17,2,2025,10,30,12,47,25,2,1,0,0,0,0,1
731,1097,5,3,0,0,8,0,2025,10,30,13,5,9,2,1,0,0,0,0,1
732,1097,5,3,0,0,8,0,2025,10,30,13,22,56,2,1,0,0,0,0,1
733,1097,13,1,0,0,14,1,2025,10,30,13,40,42,2,1,0,0,0,0,1
734,1097,6,1,0,0,7,0,2025,10,30,13,58,27,2,1,0,0,0,0,1
735,1097,9,3,3,0,15,1,2025,10,30,14,57,29,2,1,0,0,0,0,1
736,1097,12,7,0,0,19,1,2025,10,30,15,15,23,2,1,0,0,0,0,1
737,1097,14,4,0,0,18,1,2025,10,30,15,33,6,2,1,0,0,0,0,1
738,1097,8,4,2,0,14,2,2025,10,30,15,57,52,2,1,0,0,0,0,1
739,1097,6,1,0,0,7,0,2025,10,30,16,15,40,2,1,0,0,0,0,1
740,1097,12,5,0,0,17,1,2025,10,31,8,25,21,2,1,0,0,1,0,0
741,1097,11,1,0,0,12,1,2025,10,31,8,43,9,2,1,0,0,1,0,0
742,1097,9,3,1,0,13,2,2025,10,31,9,0,55,2,1,0,0,1,0,0
743,1097,9,0,1,0,10,0,2025,10,31,9,18,39,2,1,0,0,1,0,0
744,1097,11,1,2,0,14,0,2025,10,31,9,44,17,2,1,0,0,1,0,0
745,1097,10,6,1,0,17,1,2025,10,31,10,2,0,2,1,0,0,1,0,0
746,1097,8,5,2,0,15,1,2025,10,31,10,19,43,2,1,0,0,1,0,0
747,1097,6,9,0,0,15,1,2025,10,31,10,37,22,2,1,0,0,1,0,0
748,1097,12,2,1,0,15,1,2025,10,31,15,3,48,2,1,0,0,0,0,1
749,1097,12,5,0,0,17,2,2025,10,31,15,21,41,2,1,0,0,0,0,1
750,1097,10,3,0,0,13,1,2025,10,31,15,39,31,2,1,0,0,0,0,1
751,1097,12,2,0,0,14,1,2025,10,31,15,57,21,2,1,0,0,0,0,1
752,1097,4,0,0,0,4,0,2025,11,1,8,55,1,2,1,0,0,1,0,0
753,1097,4,1,1,0,6,0,2025,11,1,9,12,50,2,1,0,0,1,0,0
754,1097,4,3,0,0,7,0,2025,11,1,9,30,38,2,1,0,0,1,0,0
755,1097,10,0,0,0,10,1,2025,11,1,9,48,30,2,1,0,0,1,0,0
756,1097,4,1,0,0,5,0,2025,11,1,10,6,15,2,1,0,0,1,0,0
757,1097,6,1,0,0,7,0,2025,11,1,10,24,0,2,1,0,0,1,0,0
758,1097,8,0,0,0,8,0,2025,11,1,10,41,55,2,1,0,0,1,0,0
759,1097,13,1,0,0,14,1,2025,11,1,10,59,41,2,1,0,0,1,0,0
760,1097,14,0,0,0,14,1,2025,11,1,11,17,28,2,1,0,0,1,0,0
761,1097,17,1,0,0,18,1,2025,11,1,11,35,6,2,1,0,0,1,0,0
762,1097,9,2,0,0,11,0,2025,11,1,11,52,58,2,1,0,0,1,0,0
763,1097,7,1,0,0,8,1,2025,11,1,12,10,46,2,1,0,0,0,0,1
764,1097,13,2,0,0,15,1,2025,11,1,12,28,39,2,1,0,0,0,0,1
765,1097,11,1,0,0,12,1,2025,11,1,12,46,34,2,1,0,0,0,0,1
766,1097,9,0,0,0,9,0,2025,11,1,13,4,21,2,1,0,0,0,0,1
767,1097,14,1,0,0,15,1,2025,11,1,13,22,10,2,1,0,0,0,0,1
768,1097,4,0,0,0,4,0,2025,11,1,13,39,56,2,1,0,0,0,0,1
769,1097,6,1,0,0,7,0,2025,11,1,13,57,47,2,1,0,0,0,0,1
770,1097,8,3,0,0,11,1,2025,11,1,14,15,36,2,1,0,0,0,0,1
771,1097,11,1,0,0,12,1,2025,11,1,14,33,55,2,1,0,0,0,0,1
772,1097,4,1,0,0,5,0,2025,11,1,14,51,52,2,1,0,0,0,0,1
773,1097,6,1,0,0,7,0,2025,11,1,15,9,40,2,1,0,0,0,0,1
774,1097,12,0,0,0,12,1,2025,11,1,15,27,28,2,1,0,0,0,0,1
775,1097,5,0,0,0,5,0,2025,11,1,15,45,26,2,1,0,0,0,0,1
776,1097,5,1,0,0,6,0,2025,11,1,16,3,15,2,1,0,0,0,0,1
777,1097,17,1,0,0,18,1,2025,11,1,16,21,4,2,1,0,0,0,0,1
778,1097,9,1,0,0,10,0,2025,11,1,16,38,55,2,1,0,0,0,0,1
779,1097,5,0,0,0,5,0,2025,11,1,16,56,57,2,1,0,0,0,0,1
780,1097,5,0,0,0,5,0,2025,11,1,17,14,51,2,1,0,0,0,0,1
781,1097,12,0,0,0,12,1,2025,11,1,17,32,36,2,1,0,0,0,0,1
782,1097,16,1,0,0,17,1,2025,11,1,17,50,30,2,1,0,0,0,0,1
783,1097,7,1,0,0,8,0,2025,11,1,18,8,24,2,1,0,0,0,1,0
784,1097,16,0,0,0,16,1,2025,11,1,18,27,8,2,1,0,0,0,1,0
785,1097,3,0,0,0,3,0,2025,11,2,10,16,57,2,1,0,0,1,0,0
786,1097,7,1,0,0,8,1,2025,11,2,10,34,51,2,1,0,0,1,0,0
787,1097,6,1,0,0,7,0,2025,11,2,10,52,35,2,1,0,0,1,0,0
788,1097,10,0,0,0,10,0,2025,11,2,11,10,28,2,1,0,0,1,0,0
789,1097,7,0,0,0,7,0,2025,11,2,11,28,17,2,1,0,0,1,0,0
790,1097,7,2,0,0,9,0,2025,11,2,12,11,33,2,1,0,0,0,0,1
791,1097,2,1,0,0,3,0,2025,11,2,12,29,17,2,1,0,0,0,0,1
792,1097,9,1,0,0,10,0,2025,11,2,12,47,7,2,1,0,0,0,0,1
793,1097,11,0,0,0,11,0,2025,11,2,13,4,49,2,1,0,0,0,0,1
794,1097,9,1,0,0,10,0,2025,11,2,13,22,27,2,1,0,0,0,0,1
795,1097,10,1,0,0,11,1,2025,11,2,13,40,6,2,1,0,0,0,0,1
796,1097,11,0,0,0,11,1,2025,11,2,13,57,45,2,1,0,0,0,0,1
797,1097,15,0,0,0,15,1,2025,11,2,14,15,24,2,1,0,0,0,0,1
798,1097,6,0,0,0,6,0,2025,11,2,14,32,59,2,1,0,0,0,0,1
799,1097,5,1,0,0,6,0,2025,11,2,14,50,36,2,1,0,0,0,0,1
800,1097,6,0,0,0,6,0,2025,11,2,15,51,8,2,1,0,0,0,0,1
801,1097,9,0,0,0,9,0,2025,11,2,16,8,47,2,1,0,0,0,0,1
802,1097,7,0,0,0,7,0,2025,11,2,16,26,26,2,1,0,0,0,0,1
803,1097,7,2,0,0,9,1,2025,11,2,16,44,5,2,1,0,0,0,0,1
804,1097,7,3,1,0,11,1,2025,11,3,8,9,21,2,1,0,0,1,0,0
805,1097,5,0,1,0,6,1,2025,11,3,8,26,57,2,1,0,0,1,0,0
806,1097,6,0,0,0,6,0,2025,11,3,8,44,36,2,1,0,0,1,0,0
807,1097,2,1,0,0,3,0,2025,11,3,9,2,12,2,1,0,0,1,0,0
808,1097,5,0,0,0,5,1,2025,11,3,9,19,49,2,1,0,0,1,0,0
809,1097,4,1,0,0,5,1,2025,11,3,9,37,27,2,1,0,0,1,0,0
810,1097,8,2,0,0,10,0,2025,11,4,8,9,38,2,1,0,0,1,0,0
811,1097,8,1,1,0,10,0,2025,11,4,8,27,14,2,1,0,0,1,0,0
812,1097,6,2,0,0,8,1,2025,11,4,8,44,51,2,1,0,0,1,0,0
813,1097,3,2,0,0,5,2,2025,11,4,9,2,26,2,1,0,0,1,0,0
814,1097,3,3,0,0,6,0,2025,11,4,9,20,5,2,1,0,0,1,0,0
815,1097,6,3,0,0,9,1,2025,11,4,9,37,44,2,1,0,0,1,0,0
816,1097,7,1,0,0,8,0,2025,11,4,12,8,58,2,1,0,0,0,0,1
817,1097,5,1,0,0,6,1,2025,11,4,12,37,18,2,1,0,0,0,0,1
818,1097,5,1,0,0,6,1,2025,11,4,12,55,0,2,1,0,0,0,0,1
819,1097,5,1,0,0,6,1,2025,11,4,13,4,24,2,1,0,0,0,0,1
820,1097,4,1,0,0,5,0,2025,11,4,13,22,4,2,1,0,0,0,0,1
821,1097,5,4,0,0,9,1,2025,11,4,13,39,44,2,1,0,0,0,0,1
822,1097,5,0,0,0,5,0,2025,11,4,14,34,5,2,1,0,0,0,0,1
823,1097,6,1,0,0,7,0,2025,11,4,14,51,45,2,1,0,0,0,0,1
824,1097,5,3,0,0,8,1,2025,11,4,15,9,33,2,1,0,0,0,0,1
825,1097,4,1,0,0,5,0,2025,11,4,15,27,18,2,1,0,0,0,0,1
826,1097,4,1,0,0,5,0,2025,11,4,15,45,17,2,1,0,0,0,0,1
827,1097,1,1,1,0,3,2,2025,11,4,16,2,58,2,1,0,0,0,0,1
828,1097,8,1,0,0,9,1,2025,11,4,18,0,12,2,1,0,0,0,1,0
829,1097,10,0,0,0,10,0,2025,11,4,18,17,49,2,1,0,0,0,1,0
830,1097,7,0,1,0,8,0,2025,11,4,18,35,27,2,1,0,0,0,1,0
831,1097,11,1,1,0,13,1,2025,11,5,7,51,26,2,1,0,0,1,0,0
832,1097,7,2,0,0,9,1,2025,11,5,8,9,4,2,1,0,0,1,0,0
833,1097,7,1,0,0,8,1,2025,11,5,8,26,41,2,1,0,0,1,0,0
834,1097,9,2,0,0,11,0,2025,11,5,8,44,16,2,1,0,0,1,0,0
835,1097,5,5,0,0,10,1,2025,11,5,9,1,53,2,1,0,0,1,0,0
836,1097,7,2,1,0,10,1,2025,11,5,9,19,29,2,1,0,0,1,0,0
837,1097,7,0,0,0,7,0,2025,11,5,9,37,6,2,1,0,0,1,0,0
838,1097,6,1,0,0,7,0,2025,11,5,9,54,42,2,1,0,0,1,0,0
839,1097,8,5,0,0,13,2,2025,11,5,10,12,20,2,1,0,0,1,0,0
840,1097,4,4,0,0,8,0,2025,11,5,10,29,57,2,1,0,0,1,0,0
841,1097,5,0,0,0,5,0,2025,11,5,10,47,31,2,1,0,0,1,0,0
842,1097,5,3,2,0,10,0,2025,11,5,12,44,14,2,1,0,0,0,0,1
843,1097,6,2,1,0,9,2,2025,11,5,13,1,53,2,1,0,0,0,0,1
844,1097,5,4,2,0,11,0,2025,11,5,13,19,33,2,1,0,0,0,0,1
845,1097,6,3,0,0,9,1,2025,11,5,13,37,17,2,1,0,0,0,0,1
846,1097,5,5,1,0,11,0,2025,11,5,13,54,59,2,1,0,0,0,0,1
847,1097,8,0,0,0,8,0,2025,11,5,14,46,49,2,1,0,0,0,0,1
848,1097,13,3,0,0,16,1,2025,11,5,15,4,29,2,1,0,0,0,0,1
849,1097,10,1,1,0,12,1,2025,11,5,15,22,9,2,1,0,0,0,0,1
850,1097,8,2,1,0,11,1,2025,11,5,15,39,52,2,1,0,0,0,0,1
851,1097,7,1,0,0,8,0,2025,11,5,15,57,36,2,1,0,0,0,0,1
852,1097,7,0,0,0,7,1,2025,11,6,7,50,55,2,1,0,0,1,0,0
853,1097,10,4,0,0,14,1,2025,11,6,8,8,38,2,1,0,0,1,0,0
854,1097,7,2,0,0,9,1,2025,11,6,8,27,9,2,1,0,0,1,0,0
855,1097,10,1,0,0,11,1,2025,11,6,8,44,49,2,1,0,0,1,0,0
856,1097,4,0,0,0,4,0,2025,11,6,9,2,32,2,1,0,0,1,0,0
857,1097,5,4,0,0,9,1,2025,11,6,9,20,13,2,1,0,0,1,0,0
858,1097,4,1,0,0,5,0,2025,11,6,9,38,0,2,1,0,0,1,0,0
859,1097,6,1,2,0,9,1,2025,11,6,9,55,48,2,1,0,0,1,0,0
860,1097,4,2,0,0,6,0,2025,11,6,10,13,38,2,1,0,0,1,0,0
861,1097,5,1,0,0,6,1,2025,11,6,10,31,21,2,1,0,0,1,0,0
862,1097,6,2,2,0,10,1,2025,11,6,12,31,13,2,1,0,0,0,0,1
863,1097,8,7,0,0,15,2,2025,11,6,13,6,33,2,1,0,0,0,0,1
864,1097,12,8,1,0,21,3,2025,11,6,13,39,54,2,1,0,0,0,0,1
865,1097,6,5,0,0,11,2,2025,11,6,13,57,36,2,1,0,0,0,0,1
866,1097,11,4,0,0,15,1,2025,11,7,9,38,47,2,1,0,0,1,0,0
867,1097,2,3,1,0,6,1,2025,11,7,10,14,4,2,1,0,0,1,0,0
868,1097,9,4,4,0,17,1,2025,11,7,10,31,41,2,1,0,0,1,0,0
869,1097,8,2,1,0,11,1,2025,11,7,13,14,34,2,1,0,0,0,0,1
870,1097,14,7,2,0,23,2,2025,11,7,13,32,11,2,1,0,0,0,0,1
871,1097,15,2,0,0,17,1,2025,11,7,13,49,51,2,1,0,0,0,0,1
872,1097,13,3,0,0,16,1,2025,11,7,15,37,23,2,1,0,0,0,0,1
873,1097,13,3,0,0,16,1,2025,11,7,15,55,5,2,1,0,0,0,0,1
874,1097,12,1,1,0,14,0,2025,11,8,7,54,55,2,1,0,0,1,0,0
875,1097,6,1,1,0,8,0,2025,11,8,8,12,35,2,1,0,0,1,0,0
876,1097,6,2,0,0,8,1,2025,11,8,8,30,14,2,1,0,0,1,0,0
877,1097,6,0,0,0,6,0,2025,11,8,8,47,50,2,1,0,0,1,0,0
878,1097,15,0,0,0,15,0,2025,11,8,9,52,30,2,1,0,0,1,0,0
879,1097,11,0,0,0,11,0,2025,11,8,10,31,57,2,1,0,0,1,0,0
880,1097,11,1,0,0,12,1,2025,11,8,10,49,33,2,1,0,0,1,0,0
881,1097,14,3,0,0,17,1,2025,11,8,11,7,13,2,1,0,0,1,0,0
882,1097,18,6,0,0,24,1,2025,11,8,11,24,53,2,1,0,0,1,0,0
883,1097,14,2,0,0,16,1,2025,11,8,11,42,33,2,1,0,0,1,0,0
884,1097,17,1,2,0,20,1,2025,11,8,12,0,12,2,1,0,0,0,0,1
885,1097,12,1,0,0,13,1,2025,11,8,12,17,46,2,1,0,0,0,0,1
886,1097,12,0,0,0,12,1,2025,11,8,12,35,22,2,1,0,0,0,0,1
887,1097,18,1,0,0,19,1,2025,11,8,12,52,59,2,1,0,0,0,0,1
888,1097,15,1,0,0,16,1,2025,11,8,13,10,35,2,1,0,0,0,0,1
889,1097,16,2,0,0,18,1,2025,11,8,13,28,12,2,1,0,0,0,0,1
890,1097,19,0,0,0,19,1,2025,11,8,13,45,50,2,1,0,0,0,0,1
891,1097,16,1,0,0,17,1,2025,11,8,14,3,27,2,1,0,0,0,0,1
892,1097,16,0,0,0,16,1,2025,11,8,14,21,3,2,1,0,0,0,0,1
893,1097,12,2,0,0,14,1,2025,11,8,14,38,41,2,1,0,0,0,0,1
894,1097,9,1,0,0,10,0,2025,11,8,15,34,25,2,1,0,0,0,0,1
895,1097,12,2,0,0,14,1,2025,11,8,15,52,5,2,1,0,0,0,0,1
896,1097,7,0,0,0,7,0,2025,11,8,16,9,43,2,1,0,0,0,0,1
897,1097,11,2,0,0,13,0,2025,11,8,16,27,24,2,1,0,0,0,0,1
898,1097,9,0,0,0,9,0,2025,11,8,16,45,4,2,1,0,0,0,0,1
899,1097,12,1,0,0,13,0,2025,11,8,17,2,40,2,1,0,0,0,0,1
900,1097,8,0,0,0,8,0,2025,11,9,8,29,53,2,1,0,0,1,0,0
901,1097,8,1,0,0,9,1,2025,11,9,8,47,28,2,1,0,0,1,0,0
902,1097,2,0,0,0,2,0,2025,11,9,9,5,6,2,1,0,0,1,0,0
903,1097,9,0,0,0,9,0,2025,11,9,9,22,43,2,1,0,0,1,0,0
904,1097,10,2,0,0,12,1,2025,11,9,9,40,22,2,1,0,0,1,0,0
905,1097,5,0,0,0,5,0,2025,11,9,9,58,1,2,1,0,0,1,0,0
906,1097,13,0,0,0,13,1,2025,11,9,10,15,40,2,1,0,0,1,0,0
907,1097,13,0,0,0,13,0,2025,11,9,10,33,15,2,1,0,0,1,0,0
908,1097,11,0,0,0,11,0,2025,11,9,10,50,51,2,1,0,0,1,0,0
909,1097,8,0,0,0,8,0,2025,11,9,11,8,28,2,1,0,0,1,0,0
910,1097,14,1,0,0,15,1,2025,11,9,11,26,8,2,1,0,0,1,0,0
911,1097,8,1,0,0,9,1,2025,11,9,11,43,51,2,1,0,0,1,0,0
912,1097,14,1,0,0,15,1,2025,11,9,12,1,30,2,1,0,0,0,0,1
913,1097,16,1,0,0,17,1,2025,11,9,12,19,8,2,1,0,0,0,0,1
914,1097,18,1,0,0,19,1,2025,11,9,12,36,48,2,1,0,0,0,0,1
915,1097,11,0,1,0,12,1,2025,11,9,12,54,28,2,1,0,0,0,0,1
916,1097,0,0,0,0,0,0,2025,11,9,15,20,21,2,1,0,0,0,0,1
917,1097,3,0,0,0,3,0,2025,11,9,15,38,1,2,1,0,0,0,0,1
918,1097,1,0,0,0,1,0,2025,11,9,15,55,40,2,1,0,0,0,0,1
919,1097,3,0,0,0,3,0,2025,11,9,16,13,19,2,1,0,0,0,0,1
920,1097,4,0,0,0,4,0,2025,11,9,16,30,58,2,1,0,0,0,0,1
921,1097,1,0,0,0,1,0,2025,11,9,16,48,32,2,1,0,0,0,0,1
922,1097,3,0,0,0,3,0,2025,11,9,17,6,10,2,1,0,0,0,0,1
923,1097,3,3,0,0,6,1,2025,11,9,17,23,49,2,1,0,0,0,0,1
924,1097,7,0,0,0,7,0,2025,11,9,17,41,28,2,1,0,0,0,0,1
925,1097,1,1,0,0,2,0,2025,11,9,17,59,8,2,1,0,0,0,0,1
926,1097,9,0,0,0,9,0,2025,11,9,18,16,44,2,1,0,0,0,1,0
927,1097,8,0,1,0,9,0,2025,11,9,18,34,22,2,1,0,0,0,1,0
928,1097,6,2,0,0,8,1,2025,11,11,7,59,38,2,1,0,0,1,0,0
929,1097,8,2,0,0,10,1,2025,11,11,8,17,11,2,1,0,0,1,0,0
930,1097,8,2,0,0,10,1,2025,11,11,8,34,47,2,1,0,0,1,0,0
931,1097,7,1,1,0,9,1,2025,11,11,8,52,22,2,1,0,0,1,0,0
932,1097,6,2,0,0,8,1,2025,11,11,9,9,58,2,1,0,0,1,0,0
933,1097,2,3,1,0,6,0,2025,11,11,9,27,34,2,1,0,0,1,0,0
934,1097,18,4,0,0,22,2,2025,11,11,14,34,57,2,1,0,0,0,0,1
935,1097,9,5,0,0,14,2,2025,11,11,14,52,36,2,1,0,0,0,0,1
936,1097,5,7,0,0,12,2,2025,11,11,15,10,16,2,1,0,0,0,0,1
937,1097,8,1,1,0,10,1,2025,11,11,15,27,58,2,1,0,0,0,0,1
938,1097,9,2,0,0,11,1,2025,11,11,15,45,40,2,1,0,0,0,0,1
939,1097,10,5,1,0,16,2,2025,11,11,16,3,19,2,1,0,0,0,0,1
940,1097,10,3,1,0,14,1,2025,11,11,17,48,2,2,1,0,0,0,0,1
941,1097,14,4,0,0,18,2,2025,11,11,18,5,39,2,1,0,0,0,1,0
942,1097,14,1,0,0,15,1,2025,11,11,18,23,14,2,1,0,0,0,1,0
943,1097,10,2,0,0,12,1,2025,11,12,8,37,22,2,1,0,0,1,0,0
944,1097,8,4,0,0,12,1,2025,11,12,8,55,5,2,1,0,0,1,0,0
945,1097,12,3,0,0,15,1,2025,11,12,9,12,54,2,1,0,0,1,0,0
946,1097,12,3,0,0,15,1,2025,11,12,9,30,46,2,1,0,0,1,0,0
947,1097,4,4,0,0,8,1,2025,11,12,12,35,18,2,1,0,0,0,0,1
948,1097,4,0,0,0,4,0,2025,11,14,9,7,18,2,1,0,0,1,0,0
949,1097,2,1,0,0,3,0,2025,11,14,9,24,59,2,1,0,0,1,0,0
950,1097,5,4,1,0,10,1,2025,11,14,9,42,39,2,1,0,0,1,0,0
951,1097,1,1,0,0,2,1,2025,11,14,10,0,18,2,1,0,0,1,0,0
952,1097,4,1,0,0,5,0,2025,11,14,10,18,0,2,1,0,0,1,0,0
953,1097,5,1,1,0,7,0,2025,11,14,10,35,37,2,1,0,0,1,0,0
954,1097,19,1,0,0,20,1,2025,11,15,9,51,32,2,1,0,0,1,0,0
955,1097,21,1,0,0,22,1,2025,11,15,10,9,13,2,1,0,0,1,0,0
956,1097,20,1,0,0,21,1,2025,11,15,10,26,56,2,1,0,0,1,0,0
957,1097,13,1,0,0,14,1,2025,11,15,10,44,47,2,1,0,0,1,0,0
958,1097,16,1,0,0,17,1,2025,11,15,11,2,24,2,1,0,0,1,0,0
959,1097,21,1,0,0,22,1,2025,11,15,11,20,6,2,1,0,0,1,0,0
960,1097,19,1,0,0,20,1,2025,11,15,11,37,46,2,1,0,0,1,0,0
961,1097,15,1,0,0,16,1,2025,11,15,11,55,27,2,1,0,0,1,0,0
962,1097,15,2,1,0,18,1,2025,11,15,12,13,7,2,1,0,0,0,0,1
963,1097,10,0,0,0,10,1,2025,11,15,12,30,46,2,1,0,0,0,0,1
964,1097,19,1,0,0,20,1,2025,11,15,12,48,27,2,1,0,0,0,0,1
965,1097,22,1,0,0,23,1,2025,11,15,13,6,7,2,1,0,0,0,0,1
966,1097,2,0,0,0,2,0,2025,11,16,8,9,30,2,1,0,0,1,0,0
967,1097,1,0,0,0,1,0,2025,11,16,8,27,13,2,1,0,0,1,0,0
968,1097,2,0,0,0,2,0,2025,11,16,8,45,0,2,1,0,0,1,0,0
969,1097,1,0,0,0,1,0,2025,11,16,9,2,40,2,1,0,0,1,0,0
970,1097,4,0,0,0,4,0,2025,11,16,9,20,21,2,1,0,0,1,0,0
971,1097,2,0,0,0,2,0,2025,11,16,9,38,3,2,1,0,0,1,0,0
972,1097,8,0,1,0,9,0,2025,11,16,9,55,45,2,1,0,0,1,0,0
973,1097,2,0,0,0,2,0,2025,11,16,10,13,34,2,1,0,0,1,0,0
974,1097,1,0,0,0,1,0,2025,11,16,10,31,19,2,1,0,0,1,0,0
975,1097,2,0,0,0,2,0,2025,11,16,10,49,12,2,1,0,0,1,0,0
976,1097,9,1,0,0,10,0,2025,11,16,11,7,6,2,1,0,0,1,0,0
977,1097,13,6,1,0,20,1,2025,11,17,8,23,57,2,1,0,0,1,0,0
978,1097,15,3,0,0,18,1,2025,11,17,8,41,40,2,1,0,0,1,0,0
979,1097,16,5,0,0,21,1,2025,11,17,8,59,18,2,1,0,0,1,0,0
980,1097,10,5,2,0,17,1,2025,11,17,9,16,57,2,1,0,0,1,0,0
981,1097,11,6,1,0,18,1,2025,11,17,9,34,36,2,1,0,0,1,0,0
982,1097,17,3,1,0,21,1,2025,11,17,9,52,16,2,1,0,0,1,0,0
983,1097,6,3,0,0,9,1,2025,11,17,10,9,53,2,1,0,0,1,0,0
984,1097,14,7,2,0,23,1,2025,11,17,10,27,35,2,1,0,0,1,0,0
985,1097,11,5,0,0,16,1,2025,11,17,12,34,34,2,1,0,0,0,0,1
986,1097,6,6,2,0,14,1,2025,11,17,12,52,13,2,1,0,0,0,0,1
987,1097,10,7,2,0,19,1,2025,11,17,13,9,53,2,1,0,0,0,0,1
988,1125,9,0,0,0,9,1,2025,10,27,8,27,13,5,1,0,0,1,0,0
989,1125,8,0,0,0,8,0,2025,10,27,8,44,58,5,1,0,0,1,0,0
990,1125,5,0,1,0,6,1,2025,10,27,9,2,38,5,1,0,0,1,0,0
991,1125,1,1,0,0,2,0,2025,10,27,9,20,18,5,1,0,0,1,0,0
992,1125,10,1,0,0,11,1,2025,10,27,9,38,0,5,1,0,0,1,0,0
993,1125,10,2,0,0,12,1,2025,10,27,9,55,43,5,1,0,0,1,0,0
994,1125,6,4,0,0,10,1,2025,10,27,10,13,28,5,1,0,0,1,0,0
995,1125,7,3,1,0,11,1,2025,10,27,10,31,15,5,1,0,0,1,0,0
996,1125,3,3,0,0,6,1,2025,10,27,12,40,17,5,1,0,0,0,0,1
997,1125,1,2,1,0,4,1,2025,10,27,12,58,1,5,1,0,0,0,0,1
998,1125,6,1,0,0,7,1,2025,10,27,13,15,48,5,1,0,0,0,0,1
999,1125,11,2,0,0,13,1,2025,10,27,13,20,54,5,1,0,0,0,0,1
1000,1125,6,1,0,0,7,0,2025,10,27,13,57,18,5,1,0,0,0,0,1
1001,1125,10,2,0,0,12,0,2025,10,27,14,55,36,5,1,0,0,0,0,1
1002,1125,13,1,0,0,14,0,2025,10,27,15,13,22,5,1,0,0,0,0,1
1003,1125,9,2,1,0,12,1,2025,10,27,15,31,8,5,1,0,0,0,0,1
1004,1125,10,0,0,0,10,0,2025,10,27,15,48,55,5,1,0,0,0,0,1
1005,1125,3,0,0,0,3,0,2025,10,27,18,2,59,5,1,0,0,0,1,0
1006,1125,7,0,0,0,7,0,2025,10,27,18,20,35,5,1,0,0,0,1,0
1007,1125,9,1,0,0,10,0,2025,10,27,18,38,12,5,1,0,0,0,1,0
1008,1125,12,1,0,0,13,1,2025,10,28,7,56,26,5,1,0,0,1,0,0
1009,1125,10,0,0,0,10,0,2025,10,28,8,14,3,5,1,0,0,1,0,0
1010,1125,12,1,0,0,13,1,2025,10,28,8,31,39,5,1,0,0,1,0,0
1011,1125,8,2,1,0,11,1,2025,10,28,8,49,15,5,1,0,0,1,0,0
1012,1125,7,2,0,0,9,0,2025,10,28,9,6,51,5,1,0,0,1,0,0
1013,1125,5,1,0,0,6,0,2025,10,28,9,24,27,5,1,0,0,1,0,0
1014,1125,9,0,0,0,9,0,2025,10,28,9,42,6,5,1,0,0,1,0,0
1015,1125,12,0,0,0,12,0,2025,10,28,13,27,53,5,1,0,0,0,0,1
1016,1125,12,2,0,0,14,1,2025,10,28,14,45,45,5,1,0,0,0,0,1
1017,1125,9,1,0,0,10,0,2025,10,28,15,3,27,5,1,0,0,0,0,1
1018,1125,10,0,0,0,10,1,2025,10,28,15,21,14,5,1,0,0,0,0,1
1019,1125,11,1,0,0,12,1,2025,10,28,15,39,1,5,1,0,0,0,0,1
1020,1125,12,0,0,0,12,0,2025,10,28,15,56,46,5,1,0,0,0,0,1
1021,1125,17,0,0,0,17,1,2025,10,28,17,49,7,5,1,0,0,0,0,1
1022,1125,23,3,0,0,26,1,2025,10,28,18,6,43,5,1,0,0,0,1,0
1023,1125,17,2,0,0,19,1,2025,10,28,18,24,22,5,1,0,0,0,1,0
1024,1125,23,1,0,0,24,1,2025,10,28,18,42,2,5,1,0,0,0,1,0
1025,1125,11,0,0,0,11,1,2025,10,28,18,59,40,5,1,0,0,0,1,0
1026,1125,6,0,0,0,6,0,2025,10,28,19,17,18,5,1,0,0,0,1,0
1027,1125,5,1,0,0,6,0,2025,10,28,19,34,56,5,1,0,0,0,1,0
1028,1125,7,0,0,0,7,1,2025,10,28,19,52,34,5,1,0,0,0,1,0
1029,1125,20,3,0,0,23,1,2025,10,29,8,23,45,5,1,0,0,1,0,0
1030,1125,14,1,0,0,15,1,2025,10,29,8,41,22,5,1,0,0,1,0,0
1031,1125,18,1,0,0,19,1,2025,10,29,8,58,58,5,1,0,0,1,0,0
1032,1125,24,1,0,0,25,1,2025,10,29,9,16,33,5,1,0,0,1,0,0
1033,1125,15,3,0,0,18,1,2025,10,29,9,34,9,5,1,0,0,1,0,0
1034,1125,14,2,0,0,16,1,2025,10,29,9,51,46,5,1,0,0,1,0,0
1035,1125,18,7,0,0,25,1,2025,10,29,10,9,24,5,1,0,0,1,0,0
1036,1125,17,3,0,0,20,1,2025,10,29,10,27,2,5,1,0,0,1,0,0
1037,1125,13,5,1,0,19,1,2025,10,29,10,44,41,5,1,0,0,1,0,0
1038,1125,7,1,0,0,8,0,2025,10,29,12,33,33,5,1,0,0,0,0,1
1039,1125,13,1,0,0,14,1,2025,10,29,12,51,14,5,1,0,0,0,0,1
1040,1125,13,5,0,0,18,1,2025,10,29,13,9,0,5,1,0,0,0,0,1
1041,1125,13,2,0,0,15,1,2025,10,29,13,26,45,5,1,0,0,0,0,1
1042,1125,9,0,0,0,9,0,2025,10,29,13,44,29,5,1,0,0,0,0,1
1043,1125,14,4,0,0,18,1,2025,10,29,14,44,12,5,1,0,0,0,0,1
1044,1125,22,3,0,0,25,1,2025,10,29,15,1,54,5,1,0,0,0,0,1
1045,1125,19,4,0,0,23,1,2025,10,29,15,19,39,5,1,0,0,0,0,1
1046,1125,18,3,0,0,21,1,2025,10,29,15,37,20,5,1,0,0,0,0,1
1047,1125,23,3,1,0,27,1,2025,10,29,15,55,0,5,1,0,0,0,0,1
1048,1125,18,3,0,0,21,1,2025,10,30,8,20,37,5,1,0,0,1,0,0
1049,1125,14,3,0,0,17,1,2025,10,30,8,38,19,5,1,0,0,1,0,0
1050,1125,17,2,1,0,20,1,2025,10,30,8,56,2,5,1,0,0,1,0,0
1051,1125,14,2,0,0,16,1,2025,10,30,9,13,54,5,1,0,0,1,0,0
1052,1125,19,3,0,0,22,1,2025,10,30,9,31,59,5,1,0,0,1,0,0
1053,1125,19,4,0,0,23,1,2025,10,30,9,49,53,5,1,0,0,1,0,0
1054,1125,10,6,1,0,17,1,2025,10,30,10,7,44,5,1,0,0,1,0,0
1055,1125,9,9,2,0,20,1,2025,10,30,10,25,33,5,1,0,0,1,0,0
1056,1125,15,0,0,0,15,1,2025,10,30,10,43,15,5,1,0,0,1,0,0
1057,1125,10,4,1,0,15,1,2025,10,30,12,29,49,5,1,0,0,0,0,1
1058,1125,16,9,0,0,25,1,2025,10,30,12,47,20,5,1,0,0,0,0,1
1059,1125,13,4,0,0,17,1,2025,10,30,13,5,4,5,1,0,0,0,0,1
1060,1125,18,3,2,0,23,1,2025,10,30,13,22,50,5,1,0,0,0,0,1
1061,1125,21,5,0,0,26,1,2025,10,30,13,40,36,5,1,0,0,0,0,1
1062,1125,16,4,0,0,20,1,2025,10,30,13,58,22,5,1,0,0,0,0,1
1063,1125,18,3,1,0,22,1,2025,10,30,14,57,23,5,1,0,0,0,0,1
1064,1125,18,6,0,0,24,1,2025,10,30,15,15,17,5,1,0,0,0,0,1
1065,1125,22,3,0,0,25,1,2025,10,30,15,33,1,5,1,0,0,0,0,1
1066,1125,20,3,1,0,24,1,2025,10,30,15,57,46,5,1,0,0,0,0,1
1067,1125,20,2,0,0,22,1,2025,10,30,16,15,33,5,1,0,0,0,0,1
1068,1125,5,1,0,0,6,0,2025,10,30,22,45,49,5,1,0,0,0,1,0
1069,1125,25,2,0,0,27,1,2025,10,31,8,25,17,5,1,0,0,1,0,0
1070,1125,20,2,0,0,22,1,2025,10,31,8,43,4,5,1,0,0,1,0,0
1071,1125,15,3,0,0,18,1,2025,10,31,9,0,51,5,1,0,0,1,0,0
1072,1125,16,4,0,0,20,1,2025,10,31,9,18,35,5,1,0,0,1,0,0
1073,1125,15,2,0,0,17,1,2025,10,31,9,44,13,5,1,0,0,1,0,0
1074,1125,20,4,0,0,24,1,2025,10,31,10,1,55,5,1,0,0,1,0,0
1075,1125,14,3,0,0,17,1,2025,10,31,10,19,39,5,1,0,0,1,0,0
1076,1125,19,2,0,0,21,1,2025,10,31,10,37,19,5,1,0,0,1,0,0
1077,1125,28,1,0,0,29,1,2025,10,31,15,3,41,5,1,0,0,0,0,1
1078,1125,20,1,0,0,21,1,2025,10,31,15,21,33,5,1,0,0,0,0,1
1079,1125,23,1,0,0,24,1,2025,10,31,15,39,26,5,1,0,0,0,0,1
1080,1125,19,4,0,0,23,1,2025,10,31,15,57,15,5,1,0,0,0,0,1
1081,1125,7,1,0,0,8,0,2025,11,1,8,54,54,5,1,0,0,1,0,0
1082,1125,5,0,0,0,5,0,2025,11,1,9,12,39,5,1,0,0,1,0,0
1083,1125,11,0,0,0,11,0,2025,11,1,9,30,34,5,1,0,0,1,0,0
1084,1125,0,0,0,0,0,0,2025,11,1,9,48,20,5,1,0,0,1,0,0
1085,1125,6,0,0,0,6,0,2025,11,1,10,6,11,5,1,0,0,1,0,0
1086,1125,4,1,0,0,5,0,2025,11,1,10,23,54,5,1,0,0,1,0,0
1087,1125,4,0,0,0,4,0,2025,11,1,10,41,40,5,1,0,0,1,0,0
1088,1125,6,1,0,0,7,0,2025,11,1,10,59,36,5,1,0,0,1,0,0
1089,1125,2,1,0,0,3,0,2025,11,1,11,17,22,5,1,0,0,1,0,0
1090,1125,12,3,0,0,15,1,2025,11,1,11,35,3,5,1,0,0,1,0,0
1091,1125,2,1,0,0,3,0,2025,11,1,11,52,48,5,1,0,0,1,0,0
1092,1125,5,1,0,0,6,0,2025,11,1,12,10,41,5,1,0,0,0,0,1
1093,1125,6,1,0,0,7,0,2025,11,1,12,28,33,5,1,0,0,0,0,1
1094,1125,6,1,0,0,7,0,2025,11,1,12,46,20,5,1,0,0,0,0,1
1095,1125,7,0,0,0,7,0,2025,11,1,13,4,16,5,1,0,0,0,0,1
1096,1125,9,0,0,0,9,0,2025,11,1,13,22,4,5,1,0,0,0,0,1
1097,1125,9,1,0,0,10,0,2025,11,1,13,39,49,5,1,0,0,0,0,1
1098,1125,6,0,0,0,6,0,2025,11,1,13,57,40,5,1,0,0,0,0,1
1099,1125,8,2,0,0,10,0,2025,11,1,14,15,30,5,1,0,0,0,0,1
1100,1125,11,3,0,0,14,1,2025,11,1,14,33,40,5,1,0,0,0,0,1
1101,1125,4,0,0,0,4,0,2025,11,1,14,51,38,5,1,0,0,0,0,1
1102,1125,9,0,0,0,9,0,2025,11,1,15,9,34,5,1,0,0,0,0,1
1103,1125,6,0,0,0,6,0,2025,11,1,15,27,22,5,1,0,0,0,0,1
1104,1125,4,0,0,0,4,0,2025,11,1,15,45,13,5,1,0,0,0,0,1
1105,1125,8,2,0,0,10,0,2025,11,1,16,3,10,5,1,0,0,0,0,1
1106,1125,8,1,0,0,9,0,2025,11,1,16,20,58,5,1,0,0,0,0,1
1107,1125,9,1,0,0,10,0,2025,11,1,16,38,46,5,1,0,0,0,0,1
1108,1125,12,0,0,0,12,0,2025,11,1,16,56,43,5,1,0,0,0,0,1
1109,1125,10,1,0,0,11,0,2025,11,1,17,14,43,5,1,0,0,0,0,1
1110,1125,8,0,0,0,8,0,2025,11,1,17,32,30,5,1,0,0,0,0,1
1111,1125,4,1,0,0,5,0,2025,11,1,17,50,24,5,1,0,0,0,0,1
1112,1125,9,1,0,0,10,0,2025,11,1,18,8,13,5,1,0,0,0,1,0
1113,1125,9,2,0,0,11,0,2025,11,1,18,27,2,5,1,0,0,0,1,0
1114,1125,3,0,0,0,3,0,2025,11,1,18,44,58,5,1,0,0,0,1,0
1115,1125,5,0,0,0,5,0,2025,11,1,19,2,45,5,1,0,0,0,1,0
1116,1125,3,0,0,0,3,0,2025,11,1,19,37,20,5,1,0,0,0,1,0
1117,1125,0,1,0,0,1,0,2025,11,2,10,16,51,5,1,0,0,1,0,0
1118,1125,4,1,0,0,5,0,2025,11,2,10,34,36,5,1,0,0,1,0,0
1119,1125,6,0,0,0,6,0,2025,11,2,10,52,30,5,1,0,0,1,0,0
1120,1125,4,1,0,0,5,0,2025,11,2,11,10,13,5,1,0,0,1,0,0
1121,1125,8,2,0,0,10,0,2025,11,2,11,28,11,5,1,0,0,1,0,0
1122,1125,10,0,0,0,10,0,2025,11,2,12,11,26,5,1,0,0,0,0,1
1123,1125,8,0,0,0,8,0,2025,11,2,12,29,12,5,1,0,0,0,0,1
1124,1125,9,3,0,0,12,0,2025,11,2,12,47,2,5,1,0,0,0,0,1
1125,1125,8,0,0,0,8,0,2025,11,2,13,4,45,5,1,0,0,0,0,1
1126,1125,8,0,0,0,8,0,2025,11,2,13,22,24,5,1,0,0,0,0,1
1127,1125,6,0,0,0,6,0,2025,11,2,13,40,4,5,1,0,0,0,0,1
1128,1125,9,2,0,0,11,0,2025,11,2,13,57,42,5,1,0,0,0,0,1
1129,1125,7,0,0,0,7,0,2025,11,2,14,15,20,5,1,0,0,0,0,1
1130,1125,7,0,0,0,7,0,2025,11,2,14,32,57,5,1,0,0,0,0,1
1131,1125,4,0,0,0,4,0,2025,11,2,14,50,33,5,1,0,0,0,0,1
1132,1125,2,0,0,0,2,0,2025,11,2,15,51,6,5,1,0,0,0,0,1
1133,1125,5,1,0,0,6,0,2025,11,2,16,8,43,5,1,0,0,0,0,1
1134,1125,3,0,0,0,3,0,2025,11,2,16,26,22,5,1,0,0,0,0,1
1135,1125,8,0,0,0,8,0,2025,11,2,16,44,2,5,1,0,0,0,0,1
1136,1125,10,0,0,0,10,0,2025,11,3,8,9,19,5,1,0,0,1,0,0
1137,1125,11,0,0,0,11,0,2025,11,3,8,26,55,5,1,0,0,1,0,0
1138,1125,7,0,0,0,7,0,2025,11,3,8,44,33,5,1,0,0,1,0,0
1139,1125,10,0,0,0,10,0,2025,11,3,9,2,10,5,1,0,0,1,0,0
1140,1125,6,0,0,0,6,0,2025,11,3,9,19,47,5,1,0,0,1,0,0
1141,1125,14,1,1,0,16,1,2025,11,3,9,37,24,5,1,0,0,1,0,0
1142,1125,12,1,0,0,13,1,2025,11,4,8,9,36,5,1,0,0,1,0,0
1143,1125,19,0,0,0,19,1,2025,11,4,8,27,12,5,1,0,0,1,0,0
1144,1125,20,0,1,0,21,1,2025,11,4,8,44,49,5,1,0,0,1,0,0
1145,1125,15,1,0,0,16,1,2025,11,4,9,2,24,5,1,0,0,1,0,0
1146,1125,11,2,1,0,14,1,2025,11,4,9,20,2,5,1,0,0,1,0,0
1147,1125,14,3,0,0,17,1,2025,11,4,9,37,41,5,1,0,0,1,0,0
1148,1125,2,0,0,0,2,0,2025,11,4,12,8,54,5,1,0,0,0,0,1
1149,1125,9,2,0,0,11,1,2025,11,4,12,37,15,5,1,0,0,0,0,1
1150,1125,12,1,0,0,13,1,2025,11,4,12,54,56,5,1,0,0,0,0,1
1151,1125,12,1,0,0,13,1,2025,11,4,13,4,21,5,1,0,0,0,0,1
1152,1125,7,3,0,0,10,1,2025,11,4,13,22,0,5,1,0,0,0,0,1
1153,1125,6,1,0,0,7,0,2025,11,4,13,39,40,5,1,0,0,0,0,1
1154,1125,8,0,0,0,8,0,2025,11,4,14,34,2,5,1,0,0,0,0,1
1155,1125,13,1,0,0,14,1,2025,11,4,14,51,41,5,1,0,0,0,0,1
1156,1125,12,0,0,0,12,0,2025,11,4,15,9,26,5,1,0,0,0,0,1
1157,1125,11,0,0,0,11,1,2025,11,4,15,27,12,5,1,0,0,0,0,1
1158,1125,16,0,0,0,16,1,2025,11,4,15,45,12,5,1,0,0,0,0,1
1159,1125,15,0,0,0,15,1,2025,11,4,16,2,54,5,1,0,0,0,0,1
1160,1125,15,2,0,0,17,1,2025,11,4,18,0,9,5,1,0,0,0,1,0
1161,1125,15,1,0,0,16,1,2025,11,4,18,17,46,5,1,0,0,0,1,0
1162,1125,11,1,0,0,12,1,2025,11,4,18,35,24,5,1,0,0,0,1,0
1163,1125,8,2,0,0,10,1,2025,11,4,18,53,3,5,1,0,0,0,1,0
1164,1125,9,1,0,0,10,1,2025,11,4,19,10,40,5,1,0,0,0,1,0
1165,1125,4,0,0,0,4,0,2025,11,4,19,28,19,5,1,0,0,0,1,0
1166,1125,10,1,0,0,11,1,2025,11,4,19,45,58,5,1,0,0,0,1,0
1167,1125,6,1,0,0,7,0,2025,11,4,20,3,34,5,1,0,0,0,1,0
1168,1125,6,0,0,0,6,0,2025,11,4,20,21,11,5,1,0,0,0,1,0
1169,1125,6,0,0,0,6,0,2025,11,4,20,38,50,5,1,0,0,0,1,0
1170,1125,15,2,1,0,18,1,2025,11,5,7,51,24,5,1,0,0,1,0,0
1171,1125,18,1,0,0,19,1,2025,11,5,8,9,1,5,1,0,0,1,0,0
1172,1125,21,2,0,0,23,1,2025,11,5,8,26,38,5,1,0,0,1,0,0
1173,1125,20,1,0,0,21,1,2025,11,5,8,44,13,5,1,0,0,1,0,0
1174,1125,25,0,0,0,25,1,2025,11,5,9,1,51,5,1,0,0,1,0,0
1175,1125,8,1,0,0,9,0,2025,11,5,9,19,27,5,1,0,0,1,0,0
1176,1125,6,0,0,0,6,1,2025,11,5,9,37,3,5,1,0,0,1,0,0
1177,1125,14,1,0,0,15,1,2025,11,5,9,54,40,5,1,0,0,1,0,0
1178,1125,14,0,0,0,14,1,2025,11,5,10,12,16,5,1,0,0,1,0,0
1179,1125,7,1,0,0,8,1,2025,11,5,10,29,55,5,1,0,0,1,0,0
1180,1125,18,2,1,0,21,1,2025,11,5,10,47,30,5,1,0,0,1,0,0
1181,1125,5,1,0,0,6,0,2025,11,5,12,44,9,5,1,0,0,0,0,1
1182,1125,9,2,0,0,11,1,2025,11,5,13,1,49,5,1,0,0,0,0,1
1183,1125,6,3,0,0,9,0,2025,11,5,13,19,29,5,1,0,0,0,0,1
1184,1125,10,2,0,0,12,1,2025,11,5,13,37,11,5,1,0,0,0,0,1
1185,1125,12,3,1,0,16,1,2025,11,5,13,54,54,5,1,0,0,0,0,1
1186,1125,13,1,1,0,15,1,2025,11,5,14,46,45,5,1,0,0,0,0,1
1187,1125,16,3,0,0,19,1,2025,11,5,15,4,25,5,1,0,0,0,0,1
1188,1125,27,2,1,0,30,1,2025,11,5,15,22,5,5,1,0,0,0,0,1
1189,1125,11,2,0,0,13,1,2025,11,5,15,39,47,5,1,0,0,0,0,1
1190,1125,7,3,0,0,10,1,2025,11,5,15,57,30,5,1,0,0,0,0,1
1191,1125,11,3,0,0,14,1,2025,11,6,7,50,51,5,1,0,0,1,0,0
1192,1125,15,2,1,0,18,1,2025,11,6,8,8,32,5,1,0,0,1,0,0
1193,1125,11,2,0,0,13,1,2025,11,6,8,26,23,5,1,0,0,1,0,0
1194,1125,15,2,0,0,17,1,2025,11,6,8,44,46,5,1,0,0,1,0,0
1195,1125,11,2,0,0,13,1,2025,11,6,9,2,28,5,1,0,0,1,0,0
1196,1125,9,3,0,0,12,0,2025,11,6,9,20,9,5,1,0,0,1,0,0
1197,1125,18,4,0,0,22,1,2025,11,6,9,37,51,5,1,0,0,1,0,0
1198,1125,7,4,0,0,11,1,2025,11,6,9,55,38,5,1,0,0,1,0,0
1199,1125,4,1,0,0,5,1,2025,11,6,10,13,33,5,1,0,0,1,0,0
1200,1125,11,1,0,0,12,1,2025,11,6,10,31,17,5,1,0,0,1,0,0
1201,1125,8,1,0,0,9,1,2025,11,6,12,31,9,5,1,0,0,0,0,1
1202,1125,15,2,0,0,17,1,2025,11,6,12,48,49,5,1,0,0,0,0,1
1203,1125,5,2,0,0,7,1,2025,11,6,13,6,29,5,1,0,0,0,0,1
1204,1125,14,2,1,0,17,1,2025,11,6,13,39,49,5,1,0,0,0,0,1
1205,1125,11,0,0,0,11,1,2025,11,6,13,57,32,5,1,0,0,0,0,1
1206,1125,13,2,0,0,15,1,2025,11,7,9,38,43,5,1,0,0,1,0,0
1207,1125,4,1,1,0,6,0,2025,11,7,9,56,21,5,1,0,0,1,0,0
1208,1125,12,2,0,0,14,1,2025,11,7,10,13,59,5,1,0,0,1,0,0
1209,1125,14,1,0,0,15,1,2025,11,7,10,31,38,5,1,0,0,1,0,0
1210,1125,12,1,0,0,13,1,2025,11,7,13,14,30,5,1,0,0,0,0,1
1211,1125,6,2,0,0,8,1,2025,11,7,13,32,9,5,1,0,0,0,0,1
1212,1125,7,0,0,0,7,0,2025,11,7,13,49,47,5,1,0,0,0,0,1
1213,1125,19,1,0,0,20,1,2025,11,7,15,37,21,5,1,0,0,0,0,1
1214,1125,17,0,0,0,17,1,2025,11,7,15,55,3,5,1,0,0,0,0,1
1215,1125,2,3,0,0,5,1,2025,11,8,7,54,51,5,1,0,0,1,0,0
1216,1125,2,4,0,0,6,1,2025,11,8,8,12,31,5,1,0,0,1,0,0
1217,1125,4,3,0,0,7,1,2025,11,8,8,30,11,5,1,0,0,1,0,0
1218,1125,4,3,0,0,7,1,2025,11,8,8,47,48,5,1,0,0,1,0,0
1219,1125,5,3,0,0,8,1,2025,11,8,9,52,27,5,1,0,0,1,0,0
1220,1125,1,2,0,0,3,1,2025,11,8,10,31,54,5,1,0,0,1,0,0
1221,1125,4,3,0,0,7,1,2025,11,8,10,49,31,5,1,0,0,1,0,0
1222,1125,3,3,0,0,6,1,2025,11,8,11,7,9,5,1,0,0,1,0,0
1223,1125,7,2,0,0,9,1,2025,11,8,11,24,49,5,1,0,0,1,0,0
1224,1125,6,0,0,0,6,1,2025,11,8,11,42,29,5,1,0,0,1,0,0
1225,1125,9,1,0,0,10,1,2025,11,8,12,0,9,5,1,0,0,0,0,1
1226,1125,3,0,0,0,3,1,2025,11,8,12,17,45,5,1,0,0,0,0,1
1227,1125,6,1,0,0,7,1,2025,11,8,12,35,20,5,1,0,0,0,0,1
1228,1125,4,1,0,0,5,1,2025,11,8,12,52,56,5,1,0,0,0,0,1
1229,1125,7,3,0,0,10,1,2025,11,8,13,10,33,5,1,0,0,0,0,1
1230,1125,3,2,0,0,5,1,2025,11,8,13,28,9,5,1,0,0,0,0,1
1231,1125,6,1,0,0,7,1,2025,11,8,13,45,47,5,1,0,0,0,0,1
1232,1125,9,4,0,0,13,1,2025,11,8,14,3,24,5,1,0,0,0,0,1
1233,1125,8,3,0,0,11,1,2025,11,8,14,21,1,5,1,0,0,0,0,1
1234,1125,4,1,0,0,5,1,2025,11,8,14,38,38,5,1,0,0,0,0,1
1235,1125,2,1,0,0,3,1,2025,11,8,15,34,23,5,1,0,0,0,0,1
1236,1125,2,1,0,0,3,1,2025,11,8,15,52,1,5,1,0,0,0,0,1
1237,1125,3,2,0,0,5,1,2025,11,8,16,9,40,5,1,0,0,0,0,1
1238,1125,8,3,1,0,12,1,2025,11,8,16,27,20,5,1,0,0,0,0,1
1239,1125,6,4,0,0,10,1,2025,11,8,16,45,0,5,1,0,0,0,0,1
1240,1125,5,2,0,0,7,1,2025,11,8,17,2,38,5,1,0,0,0,0,1
1241,1125,4,1,0,0,5,1,2025,11,8,18,55,26,5,1,0,0,0,1,0
1242,1125,14,2,0,0,16,1,2025,11,8,19,13,4,5,1,0,0,0,1,0
1243,1125,8,1,0,0,9,1,2025,11,8,19,30,43,5,1,0,0,0,1,0
1244,1125,5,1,0,0,6,1,2025,11,8,19,48,19,5,1,0,0,0,1,0
1245,1125,8,3,0,0,11,1,2025,11,9,8,29,49,5,1,0,0,1,0,0
1246,1125,3,4,0,0,7,1,2025,11,9,8,47,26,5,1,0,0,1,0,0
1247,1125,1,4,0,0,5,1,2025,11,9,9,5,3,5,1,0,0,1,0,0
1248,1125,3,2,0,0,5,1,2025,11,9,9,22,40,5,1,0,0,1,0,0
1249,1125,3,3,0,0,6,1,2025,11,9,9,40,18,5,1,0,0,1,0,0
1250,1125,6,3,0,0,9,1,2025,11,9,9,57,57,5,1,0,0,1,0,0
1251,1125,1,1,0,0,2,1,2025,11,9,10,15,36,5,1,0,0,1,0,0
1252,1125,4,1,0,0,5,1,2025,11,9,10,33,13,5,1,0,0,1,0,0
1253,1125,4,0,0,0,4,1,2025,11,9,10,50,49,5,1,0,0,1,0,0
1254,1125,1,0,0,0,1,1,2025,11,9,11,8,25,5,1,0,0,1,0,0
1255,1125,0,0,0,0,0,1,2025,11,9,11,26,3,5,1,0,0,1,0,0
1256,1125,8,1,0,0,9,1,2025,11,9,11,43,48,5,1,0,0,1,0,0
1257,1125,4,2,0,0,6,1,2025,11,9,12,1,27,5,1,0,0,0,0,1
1258,1125,4,3,0,0,7,1,2025,11,9,12,19,5,5,1,0,0,0,0,1
1259,1125,6,2,0,0,8,1,2025,11,9,12,36,44,5,1,0,0,0,0,1
1260,1125,4,2,0,0,6,1,2025,11,9,12,54,25,5,1,0,0,0,0,1
1261,1125,10,2,0,0,12,1,2025,11,9,15,20,17,5,1,0,0,0,0,1
1262,1125,8,2,0,0,10,1,2025,11,9,15,37,57,5,1,0,0,0,0,1
1263,1125,4,1,0,0,5,1,2025,11,9,15,55,36,5,1,0,0,0,0,1
1264,1125,1,2,0,0,3,1,2025,11,9,16,13,16,5,1,0,0,0,0,1
1265,1125,0,1,0,0,1,1,2025,11,9,16,30,55,5,1,0,0,0,0,1
1266,1125,6,3,0,0,9,1,2025,11,9,16,48,31,5,1,0,0,0,0,1
1267,1125,14,2,0,0,16,1,2025,11,9,17,6,8,5,1,0,0,0,0,1
1268,1125,9,4,0,0,13,1,2025,11,9,17,23,46,5,1,0,0,0,0,1
1269,1125,10,3,0,0,13,1,2025,11,9,17,41,25,5,1,0,0,0,0,1
1270,1125,14,3,0,0,17,1,2025,11,9,17,59,4,5,1,0,0,0,0,1
1271,1125,8,4,0,0,12,1,2025,11,9,18,16,41,5,1,0,0,0,1,0
1272,1125,5,3,1,0,9,1,2025,11,9,18,34,20,5,1,0,0,0,1,0
1273,1125,3,0,0,0,3,1,2025,11,9,18,51,56,5,1,0,0,0,1,0
1274,1125,5,0,0,0,5,1,2025,11,9,19,9,33,5,1,0,0,0,1,0
1275,1125,2,0,0,0,2,1,2025,11,9,19,27,11,5,1,0,0,0,1,0
1276,1125,3,1,0,0,4,1,2025,11,9,19,44,47,5,1,0,0,0,1,0
1277,1125,11,1,0,0,12,1,2025,11,11,7,59,36,5,1,0,0,1,0,0
1278,1125,14,2,0,0,16,1,2025,11,11,8,17,10,5,1,0,0,1,0,0
1279,1125,21,1,1,0,23,2,2025,11,11,8,34,44,5,1,0,0,1,0,0
1280,1125,20,2,0,0,22,2,2025,11,11,8,52,20,5,1,0,0,1,0,0
1281,1125,12,2,0,0,14,2,2025,11,11,9,9,56,5,1,0,0,1,0,0
1282,1125,15,4,0,0,19,2,2025,11,11,9,27,32,5,1,0,0,1,0,0
1283,1125,15,2,0,0,17,1,2025,11,11,14,34,54,5,1,0,0,0,0,1
1284,1125,14,2,1,0,17,2,2025,11,11,14,52,33,5,1,0,0,0,0,1
1285,1125,20,2,0,0,22,2,2025,11,11,15,10,12,5,1,0,0,0,0,1
1286,1125,14,1,0,0,15,1,2025,11,11,15,27,54,5,1,0,0,0,0,1
1287,1125,19,2,0,0,21,1,2025,11,11,15,45,37,5,1,0,0,0,0,1
1288,1125,7,3,0,0,10,1,2025,11,11,16,3,16,5,1,0,0,0,0,1
1289,1125,15,0,0,0,15,1,2025,11,11,17,48,0,5,1,0,0,0,0,1
1290,1125,14,1,0,0,15,1,2025,11,11,18,5,37,5,1,0,0,0,1,0
1291,1125,16,2,0,0,18,1,2025,11,11,18,23,12,5,1,0,0,0,1,0
1292,1125,9,1,0,0,10,1,2025,11,11,18,40,50,5,1,0,0,0,1,0
1293,1125,9,0,0,0,9,0,2025,11,11,18,58,28,5,1,0,0,0,1,0
1294,1125,6,0,0,0,6,1,2025,11,11,19,16,6,5,1,0,0,0,1,0
1295,1125,8,3,0,0,11,1,2025,11,11,19,33,42,5,1,0,0,0,1,0
1296,1125,6,0,0,0,6,0,2025,11,11,19,51,25,5,1,0,0,0,1,0
1297,1125,18,0,0,0,18,1,2025,11,12,8,37,17,5,1,0,0,1,0,0
1298,1125,18,0,0,0,18,1,2025,11,12,8,55,1,5,1,0,0,1,0,0
1299,1125,16,1,0,0,17,1,2025,11,12,9,12,45,5,1,0,0,1,0,0
1300,1125,11,1,0,0,12,1,2025,11,12,9,30,41,5,1,0,0,1,0,0
1301,1125,10,1,1,0,12,1,2025,11,12,12,35,14,5,1,0,0,0,0,1
1302,1125,14,2,0,0,16,1,2025,11,14,9,7,15,5,1,0,0,1,0,0
1303,1125,11,5,1,0,17,1,2025,11,14,9,24,54,5,1,0,0,1,0,0
1304,1125,10,4,0,0,14,1,2025,11,14,9,42,36,5,1,0,0,1,0,0
1305,1125,8,1,2,0,11,1,2025,11,14,10,0,14,5,1,0,0,1,0,0
1306,1125,13,2,0,0,15,1,2025,11,14,10,17,53,5,1,0,0,1,0,0
1307,1125,9,1,0,0,10,1,2025,11,14,10,35,35,5,1,0,0,1,0,0
1308,1125,2,0,0,0,2,0,2025,11,15,9,51,29,5,1,0,0,1,0,0
1309,1125,1,0,0,0,1,0,2025,11,15,10,9,10,5,1,0,0,1,0,0
1310,1125,8,2,0,0,10,1,2025,11,15,10,26,51,5,1,0,0,1,0,0
1311,1125,9,1,0,0,10,0,2025,11,15,10,44,38,5,1,0,0,1,0,0
1312,1125,12,0,0,0,12,1,2025,11,15,11,2,21,5,1,0,0,1,0,0
1313,1125,7,1,0,0,8,0,2025,11,15,11,20,2,5,1,0,0,1,0,0
1314,1125,5,1,0,0,6,0,2025,11,15,11,37,42,5,1,0,0,1,0,0
1315,1125,4,1,1,0,6,0,2025,11,15,11,55,22,5,1,0,0,1,0,0
1316,1125,3,0,0,0,3,0,2025,11,15,12,13,4,5,1,0,0,0,0,1
1317,1125,9,0,0,0,9,0,2025,11,15,12,30,43,5,1,0,0,0,0,1
1318,1125,8,2,0,0,10,1,2025,11,15,12,48,24,5,1,0,0,0,0,1
1319,1125,17,0,0,0,17,1,2025,11,15,13,6,3,5,1,0,0,0,0,1
1320,1125,8,0,0,0,8,1,2025,11,16,8,9,27,5,1,0,0,1,0,0
1321,1125,4,1,4,0,9,1,2025,11,16,8,27,7,5,1,0,0,1,0,0
1322,1125,3,0,0,0,3,0,2025,11,16,8,44,55,5,1,0,0,1,0,0
1323,1125,8,0,0,0,8,1,2025,11,16,9,2,37,5,1,0,0,1,0,0
1324,1125,1,1,0,0,2,0,2025,11,16,9,20,18,5,1,0,0,1,0,0
1325,1125,9,2,0,0,11,1,2025,11,16,9,37,59,5,1,0,0,1,0,0
1326,1125,0,0,0,0,0,0,2025,11,16,9,55,40,5,1,0,0,1,0,0
1327,1125,6,1,0,0,7,0,2025,11,16,10,13,29,5,1,0,0,1,0,0
1328,1125,8,0,0,0,8,0,2025,11,16,10,31,15,5,1,0,0,1,0,0
1329,1125,8,0,1,0,9,1,2025,11,16,10,49,8,5,1,0,0,1,0,0
1330,1125,11,0,0,0,11,1,2025,11,16,11,7,0,5,1,0,0,1,0,0
1331,1125,12,0,0,0,12,1,2025,11,17,8,23,54,5,1,0,0,1,0,0
1332,1125,18,0,1,0,19,1,2025,11,17,8,41,37,5,1,0,0,1,0,0
1333,1125,15,3,1,0,19,1,2025,11,17,8,59,15,5,1,0,0,1,0,0
1334,1125,15,5,1,0,21,1,2025,11,17,9,16,54,5,1,0,0,1,0,0
1335,1125,12,2,1,0,15,1,2025,11,17,9,34,34,5,1,0,0,1,0,0
1336,1125,10,2,0,0,12,1,2025,11,17,9,52,12,5,1,0,0,1,0,0
1337,1125,10,2,0,0,12,1,2025,11,17,10,9,50,5,1,0,0,1,0,0
1338,1125,11,1,0,0,12,0,2025,11,17,10,27,32,5,1,0,0,1,0,0
1339,1125,4,0,0,0,4,0,2025,11,17,12,34,31,5,1,0,0,0,0,1
1340,1125,11,0,0,0,11,0,2025,11,17,12,52,10,5,1,0,0,0,0,1
1341,1125,4,0,1,0,5,0,2025,11,17,13,9,49,5,1,0,0,0,0,1
1342,1158,17,0,3,0,20,2,2025,10,27,8,27,15,6,1,0,0,1,0,0
1343,1158,18,0,2,0,20,2,2025,10,27,8,45,1,6,1,0,0,1,0,0
1344,1158,16,1,2,0,19,2,2025,10,27,9,2,39,6,1,0,0,1,0,0
1345,1158,8,1,0,0,9,0,2025,10,27,9,20,20,6,1,0,0,1,0,0
1346,1158,8,1,1,0,10,1,2025,10,27,9,38,2,6,1,0,0,1,0,0
1347,1158,10,1,0,0,11,1,2025,10,27,9,55,45,6,1,0,0,1,0,0
1348,1158,7,0,0,0,7,0,2025,10,27,10,13,31,6,1,0,0,1,0,0
1349,1158,7,1,0,0,8,0,2025,10,27,10,31,18,6,1,0,0,1,0,0
1350,1158,4,0,0,0,4,0,2025,10,27,12,40,20,6,1,0,0,0,0,1
1351,1158,6,0,1,0,7,0,2025,10,27,12,58,4,6,1,0,0,0,0,1
1352,1158,5,1,0,0,6,0,2025,10,27,13,15,52,6,1,0,0,0,0,1
1353,1158,3,0,0,0,3,0,2025,10,27,13,20,58,6,1,0,0,0,0,1
1354,1158,2,0,0,0,2,0,2025,10,27,13,57,21,6,1,0,0,0,0,1
1355,1158,3,1,2,0,6,0,2025,10,27,14,55,39,6,1,0,0,0,0,1
1356,1158,4,1,0,0,5,0,2025,10,27,15,13,24,6,1,0,0,0,0,1
1357,1158,1,0,0,0,1,0,2025,10,27,15,31,10,6,1,0,0,0,0,1
1358,1158,7,0,0,0,7,1,2025,10,27,15,48,57,6,1,0,0,0,0,1
1359,1158,9,0,0,0,9,0,2025,10,27,18,3,0,6,1,0,0,0,1,0
1360,1158,18,0,0,0,18,1,2025,10,27,18,20,37,6,1,0,0,0,1,0
1361,1158,15,0,0,0,15,1,2025,10,27,18,38,13,6,1,0,0,0,1,0
1362,1158,18,0,1,0,19,1,2025,10,28,7,56,27,6,1,0,0,1,0,0
1363,1158,24,1,1,0,26,2,2025,10,28,8,14,4,6,1,0,0,1,0,0
1364,1158,27,0,2,0,29,2,2025,10,28,8,31,40,6,1,0,0,1,0,0
1365,1158,28,0,3,0,31,2,2025,10,28,8,49,17,6,1,0,0,1,0,0
1366,1158,17,0,1,0,18,1,2025,10,28,9,24,29,6,1,0,0,1,0,0
1367,1158,18,0,0,0,18,1,2025,10,28,9,42,8,6,1,0,0,1,0,0
1368,1158,7,1,0,0,8,0,2025,10,28,13,27,56,6,1,0,0,0,0,1
1369,1158,14,0,1,0,15,1,2025,10,28,14,45,49,6,1,0,0,0,0,1
1370,1158,14,0,0,0,14,0,2025,10,28,15,3,30,6,1,0,0,0,0,1
1371,1158,12,1,0,0,13,1,2025,10,28,15,21,20,6,1,0,0,0,0,1
1372,1158,7,3,0,0,10,1,2025,10,28,15,39,5,6,1,0,0,0,0,1
1373,1158,7,1,1,0,9,1,2025,10,28,15,56,50,6,1,0,0,0,0,1
1374,1158,17,0,0,0,17,1,2025,10,28,17,49,8,6,1,0,0,0,0,1
1375,1158,16,0,0,0,16,1,2025,10,28,18,6,45,6,1,0,0,0,1,0
1376,1158,16,0,0,0,16,1,2025,10,28,18,24,25,6,1,0,0,0,1,0
1377,1158,19,1,0,0,20,1,2025,10,28,18,42,4,6,1,0,0,0,1,0
1378,1158,21,0,0,0,21,2,2025,10,28,18,59,42,6,1,0,0,0,1,0
1379,1158,18,0,0,0,18,1,2025,10,28,19,17,20,6,1,0,0,0,1,0
1380,1158,14,0,0,0,14,1,2025,10,28,19,34,58,6,1,0,0,0,1,0
1381,1158,18,0,0,0,18,1,2025,10,28,19,52,36,6,1,0,0,0,1,0
1382,1158,9,0,0,0,9,0,2025,10,29,8,23,47,6,1,0,0,1,0,0
1383,1158,10,0,3,0,13,2,2025,10,29,8,41,23,6,1,0,0,1,0,0
1384,1158,10,0,4,0,14,2,2025,10,29,8,59,0,6,1,0,0,1,0,0
1385,1158,12,1,1,0,14,1,2025,10,29,9,16,34,6,1,0,0,1,0,0
1386,1158,13,0,4,0,17,2,2025,10,29,9,34,11,6,1,0,0,1,0,0
1387,1158,13,0,0,0,13,1,2025,10,29,9,51,47,6,1,0,0,1,0,0
1388,1158,15,0,1,0,16,1,2025,10,29,10,9,26,6,1,0,0,1,0,0
1389,1158,8,0,0,0,8,0,2025,10,29,10,27,4,6,1,0,0,1,0,0
1390,1158,14,0,0,0,14,0,2025,10,29,10,44,43,6,1,0,0,1,0,0
1391,1158,8,0,0,0,8,0,2025,10,29,12,33,36,6,1,0,0,0,0,1
1392,1158,5,0,0,0,5,0,2025,10,29,12,51,16,6,1,0,0,0,0,1
1393,1158,10,0,0,0,10,0,2025,10,29,13,9,6,6,1,0,0,0,0,1
1394,1158,8,0,0,0,8,0,2025,10,29,13,26,48,6,1,0,0,0,0,1
1395,1158,6,0,0,0,6,0,2025,10,29,13,44,33,6,1,0,0,0,0,1
1396,1158,8,0,2,0,10,1,2025,10,29,14,44,15,6,1,0,0,0,0,1
1397,1158,20,1,0,0,21,1,2025,10,29,15,2,0,6,1,0,0,0,0,1
1398,1158,20,0,0,0,20,1,2025,10,29,15,19,43,6,1,0,0,0,0,1
1399,1158,14,0,0,0,14,1,2025,10,29,15,37,22,6,1,0,0,0,0,1
1400,1158,18,0,3,0,21,2,2025,10,29,15,55,3,6,1,0,0,0,0,1
1401,1158,9,0,0,0,9,0,2025,10,30,8,20,40,6,1,0,0,1,0,0
1402,1158,11,2,2,0,15,2,2025,10,30,8,38,22,6,1,0,0,1,0,0
1403,1158,20,1,1,0,22,2,2025,10,30,8,56,5,6,1,0,0,1,0,0
1404,1158,16,0,0,0,16,1,2025,10,30,9,13,57,6,1,0,0,1,0,0
1405,1158,23,0,0,0,23,1,2025,10,30,9,32,7,6,1,0,0,1,0,0
1406,1158,14,1,2,0,17,0,2025,10,30,9,49,56,6,1,0,0,1,0,0
1407,1158,11,1,1,0,13,0,2025,10,30,10,7,49,6,1,0,0,1,0,0
1408,1158,12,1,0,0,13,0,2025,10,30,10,25,36,6,1,0,0,1,0,0
1409,1158,10,1,1,0,12,0,2025,10,30,10,43,19,6,1,0,0,1,0,0
1410,1158,1,1,0,0,2,0,2025,10,30,12,29,53,6,1,0,0,0,0,1
1411,1158,0,1,0,0,1,0,2025,10,30,12,47,24,6,1,0,0,0,0,1
1412,1158,1,1,0,0,2,0,2025,10,30,13,5,7,6,1,0,0,0,0,1
1413,1158,0,0,0,0,0,0,2025,10,30,13,22,53,6,1,0,0,0,0,1
1414,1158,7,1,0,0,8,0,2025,10,30,13,40,40,6,1,0,0,0,0,1
1415,1158,9,0,0,0,9,0,2025,10,30,13,58,25,6,1,0,0,0,0,1
1416,1158,8,1,1,0,10,1,2025,10,30,14,57,27,6,1,0,0,0,0,1
1417,1158,12,0,0,0,12,1,2025,10,30,15,15,21,6,1,0,0,0,0,1
1418,1158,9,0,0,0,9,0,2025,10,30,15,33,4,6,1,0,0,0,0,1
1419,1158,6,1,1,0,8,1,2025,10,30,15,57,50,6,1,0,0,0,0,1
1420,1158,8,1,0,0,9,0,2025,10,30,16,15,38,6,1,0,0,0,0,1
1421,1158,1,0,0,0,1,0,2025,10,30,22,45,51,6,1,0,0,0,1,0
1422,1158,11,0,0,0,11,0,2025,10,31,8,25,20,6,1,0,0,1,0,0
1423,1158,10,0,1,0,11,1,2025,10,31,8,43,8,6,1,0,0,1,0,0
1424,1158,15,1,0,0,16,1,2025,10,31,9,0,54,6,1,0,0,1,0,0
1425,1158,12,0,1,0,13,0,2025,10,31,9,18,38,6,1,0,0,1,0,0
1426,1158,13,1,0,0,14,0,2025,10,31,9,44,16,6,1,0,0,1,0,0
1427,1158,10,0,0,0,10,0,2025,10,31,10,1,57,6,1,0,0,1,0,0
1428,1158,6,0,0,0,6,1,2025,10,31,10,19,42,6,1,0,0,1,0,0
1429,1158,11,0,0,0,11,0,2025,10,31,10,37,21,6,1,0,0,1,0,0
1430,1158,14,0,1,0,15,1,2025,10,31,15,3,45,6,1,0,0,0,0,1
1431,1158,15,1,0,0,16,1,2025,10,31,15,21,37,6,1,0,0,0,0,1
1432,1158,8,0,0,0,8,0,2025,10,31,15,39,30,6,1,0,0,0,0,1
1433,1158,21,3,0,0,24,0,2025,10,31,15,57,19,6,1,0,0,0,0,1
1434,1158,6,0,0,0,6,0,2025,11,1,8,54,59,6,1,0,0,1,0,0
1435,1158,0,1,1,0,2,1,2025,11,1,9,12,42,6,1,0,0,1,0,0
1436,1158,4,0,1,0,5,0,2025,11,1,9,30,36,6,1,0,0,1,0,0
1437,1158,2,0,0,0,2,0,2025,11,1,9,48,25,6,1,0,0,1,0,0
1438,1158,5,1,0,0,6,0,2025,11,1,10,6,14,6,1,0,0,1,0,0
1439,1158,4,0,0,0,4,0,2025,11,1,10,23,57,6,1,0,0,1,0,0
1440,1158,2,0,0,0,2,0,2025,11,1,10,41,48,6,1,0,0,1,0,0
1441,1158,10,0,0,0,10,0,2025,11,1,10,59,39,6,1,0,0,1,0,0
1442,1158,3,0,0,0,3,0,2025,11,1,11,17,24,6,1,0,0,1,0,0
1443,1158,13,2,0,0,15,1,2025,11,1,11,35,5,6,1,0,0,1,0,0
1444,1158,8,0,1,0,9,1,2025,11,1,11,52,51,6,1,0,0,1,0,0
1445,1158,11,1,0,0,12,1,2025,11,1,12,10,44,6,1,0,0,0,0,1
1446,1158,10,0,0,0,10,0,2025,11,1,12,28,37,6,1,0,0,0,0,1
1447,1158,8,0,0,0,8,0,2025,11,1,12,46,32,6,1,0,0,0,0,1
1448,1158,12,0,0,0,12,0,2025,11,1,13,4,19,6,1,0,0,0,0,1
1449,1158,12,0,1,0,13,1,2025,11,1,13,22,8,6,1,0,0,0,0,1
1450,1158,12,1,0,0,13,1,2025,11,1,13,39,53,6,1,0,0,0,0,1
1451,1158,5,1,0,0,6,0,2025,11,1,13,57,44,6,1,0,0,0,0,1
1452,1158,13,1,0,0,14,1,2025,11,1,14,15,34,6,1,0,0,0,0,1
1453,1158,10,0,0,0,10,1,2025,11,1,14,33,53,6,1,0,0,0,0,1
1454,1158,3,1,1,0,5,0,2025,11,1,14,51,50,6,1,0,0,0,0,1
1455,1158,5,1,0,0,6,0,2025,11,1,15,9,38,6,1,0,0,0,0,1
1456,1158,4,0,0,0,4,0,2025,11,1,15,27,25,6,1,0,0,0,0,1
1457,1158,4,0,0,0,4,0,2025,11,1,15,45,19,6,1,0,0,0,0,1
1458,1158,9,1,0,0,10,0,2025,11,1,16,3,14,6,1,0,0,0,0,1
1459,1158,5,0,0,0,5,0,2025,11,1,16,21,2,6,1,0,0,0,0,1
1460,1158,3,0,1,0,4,0,2025,11,1,16,38,49,6,1,0,0,0,0,1
1461,1158,10,0,0,0,10,0,2025,11,1,16,56,54,6,1,0,0,0,0,1
1462,1158,10,0,0,0,10,0,2025,11,1,17,14,49,6,1,0,0,0,0,1
1463,1158,9,0,0,0,9,0,2025,11,1,17,32,34,6,1,0,0,0,0,1
1464,1158,8,0,0,0,8,0,2025,11,1,17,50,28,6,1,0,0,0,0,1
1465,1158,8,0,0,0,8,0,2025,11,1,18,8,21,6,1,0,0,0,1,0
1466,1158,7,0,0,0,7,0,2025,11,1,18,27,6,6,1,0,0,0,1,0
1467,1158,2,0,0,0,2,0,2025,11,1,18,45,2,6,1,0,0,0,1,0
1468,1158,4,0,0,0,4,1,2025,11,1,19,2,48,6,1,0,0,0,1,0
1469,1158,1,0,0,0,1,1,2025,11,1,19,37,22,6,1,0,0,0,1,0
1470,1158,5,0,0,0,5,0,2025,11,2,10,16,55,6,1,0,0,1,0,0
1471,1158,7,1,0,0,8,0,2025,11,2,10,34,49,6,1,0,0,1,0,0
1472,1158,7,0,0,0,7,0,2025,11,2,10,52,33,6,1,0,0,1,0,0
1473,1158,7,0,0,0,7,0,2025,11,2,11,10,26,6,1,0,0,1,0,0
1474,1158,10,0,0,0,10,1,2025,11,2,11,28,14,6,1,0,0,1,0,0
1475,1158,8,0,0,0,8,1,2025,11,2,12,11,31,6,1,0,0,0,0,1
1476,1158,11,0,0,0,11,1,2025,11,2,12,29,15,6,1,0,0,0,0,1
1477,1158,9,0,0,0,9,0,2025,11,2,12,47,5,6,1,0,0,0,0,1
1478,1158,5,0,0,0,5,0,2025,11,2,13,4,48,6,1,0,0,0,0,1
1479,1158,8,1,0,0,9,0,2025,11,2,13,22,26,6,1,0,0,0,0,1
1480,1158,4,0,0,0,4,0,2025,11,2,13,40,5,6,1,0,0,0,0,1
1481,1158,7,0,0,0,7,0,2025,11,2,13,57,44,6,1,0,0,0,0,1
1482,1158,2,0,0,0,2,0,2025,11,2,14,15,23,6,1,0,0,0,0,1
1483,1158,3,0,0,0,3,0,2025,11,2,14,32,58,6,1,0,0,0,0,1
1484,1158,6,0,0,0,6,0,2025,11,2,14,50,35,6,1,0,0,0,0,1
1485,1158,3,0,0,0,3,0,2025,11,2,15,51,7,6,1,0,0,0,0,1
1486,1158,3,0,0,0,3,0,2025,11,2,16,8,45,6,1,0,0,0,0,1
1487,1158,4,1,0,0,5,0,2025,11,2,16,26,25,6,1,0,0,0,0,1
1488,1158,5,0,0,0,5,0,2025,11,2,16,44,4,6,1,0,0,0,0,1
1489,1158,30,1,0,0,31,3,2025,11,3,8,9,20,6,1,0,0,1,0,0
1490,1158,26,0,1,0,27,2,2025,11,3,8,26,56,6,1,0,0,1,0,0
1491,1158,25,0,1,0,26,2,2025,11,3,8,44,34,6,1,0,0,1,0,0
1492,1158,13,3,0,0,16,1,2025,11,3,9,2,11,6,1,0,0,1,0,0
1493,1158,26,0,0,0,26,1,2025,11,3,9,19,48,6,1,0,0,1,0,0
1494,1158,4,0,0,0,4,0,2025,11,3,9,37,26,6,1,0,0,1,0,0
1495,1158,17,0,2,0,19,1,2025,11,4,8,9,37,6,1,0,0,1,0,0
1496,1158,20,0,4,0,24,2,2025,11,4,8,27,13,6,1,0,0,1,0,0
1497,1158,16,0,0,0,16,2,2025,11,4,8,44,50,6,1,0,0,1,0,0
1498,1158,15,3,2,0,20,2,2025,11,4,9,2,26,6,1,0,0,1,0,0
1499,1158,16,2,1,0,19,2,2025,11,4,9,20,4,6,1,0,0,1,0,0
1500,1158,9,0,2,0,11,1,2025,11,4,9,37,43,6,1,0,0,1,0,0
1501,1158,8,0,0,0,8,1,2025,11,4,12,8,56,6,1,0,0,0,0,1
1502,1158,4,1,2,0,7,0,2025,11,4,12,37,17,6,1,0,0,0,0,1
1503,1158,7,0,0,0,7,0,2025,11,4,12,54,58,6,1,0,0,0,0,1
1504,1158,7,0,0,0,7,0,2025,11,4,13,4,23,6,1,0,0,0,0,1
1505,1158,7,0,0,0,7,0,2025,11,4,13,22,3,6,1,0,0,0,0,1
1506,1158,6,0,0,0,6,0,2025,11,4,13,39,43,6,1,0,0,0,0,1
1507,1158,4,0,0,0,4,0,2025,11,4,14,34,4,6,1,0,0,0,0,1
1508,1158,9,0,0,0,9,1,2025,11,4,14,51,44,6,1,0,0,0,0,1
1509,1158,3,0,0,0,3,0,2025,11,4,15,9,30,6,1,0,0,0,0,1
1510,1158,6,1,0,0,7,0,2025,11,4,15,27,16,6,1,0,0,0,0,1
1511,1158,13,0,0,0,13,1,2025,11,4,15,45,15,6,1,0,0,0,0,1
1512,1158,10,0,1,0,11,1,2025,11,4,16,2,57,6,1,0,0,0,0,1
1513,1158,14,0,0,0,14,0,2025,11,4,18,0,11,6,1,0,0,0,1,0
1514,1158,17,0,0,0,17,0,2025,11,4,18,17,48,6,1,0,0,0,1,0
1515,1158,19,0,0,0,19,1,2025,11,4,18,35,26,6,1,0,0,0,1,0
1516,1158,15,0,0,0,15,1,2025,11,4,18,53,5,6,1,0,0,0,1,0
1517,1158,13,0,0,0,13,1,2025,11,4,19,10,42,6,1,0,0,0,1,0
1518,1158,18,0,1,0,19,2,2025,11,4,19,28,22,6,1,0,0,0,1,0
1519,1158,15,0,0,0,15,1,2025,11,4,19,45,59,6,1,0,0,0,1,0
1520,1158,12,0,0,0,12,1,2025,11,4,20,3,35,6,1,0,0,0,1,0
1521,1158,13,0,0,0,13,1,2025,11,4,20,21,13,6,1,0,0,0,1,0
1522,1158,4,0,0,0,4,0,2025,11,4,20,38,52,6,1,0,0,0,1,0
1523,1158,15,1,0,0,16,1,2025,11,5,7,51,25,6,1,0,0,1,0,0
1524,1158,14,0,0,0,14,0,2025,11,5,8,9,2,6,1,0,0,1,0,0
1525,1158,23,0,1,0,24,1,2025,11,5,8,26,40,6,1,0,0,1,0,0
1526,1158,22,0,2,0,24,2,2025,11,5,8,44,15,6,1,0,0,1,0,0
1527,1158,22,0,3,0,25,2,2025,11,5,9,1,52,6,1,0,0,1,0,0
1528,1158,17,1,6,0,24,2,2025,11,5,9,19,28,6,1,0,0,1,0,0
1529,1158,20,0,2,0,22,1,2025,11,5,9,37,4,6,1,0,0,1,0,0
1530,1158,22,0,0,0,22,1,2025,11,5,9,54,41,6,1,0,0,1,0,0
1531,1158,18,0,0,0,18,1,2025,11,5,10,12,18,6,1,0,0,1,0,0
1532,1158,15,1,0,0,16,1,2025,11,5,10,29,56,6,1,0,0,1,0,0
1533,1158,7,2,1,0,10,0,2025,11,5,10,47,31,6,1,0,0,1,0,0
1534,1158,8,1,1,0,10,1,2025,11,5,12,44,12,6,1,0,0,0,0,1
1535,1158,12,1,0,0,13,0,2025,11,5,13,1,52,6,1,0,0,0,0,1
1536,1158,0,0,0,0,0,0,2025,11,5,13,19,32,6,1,0,0,0,0,1
1537,1158,4,0,0,0,4,0,2025,11,5,13,37,15,6,1,0,0,0,0,1
1538,1158,5,0,0,0,5,0,2025,11,5,13,54,57,6,1,0,0,0,0,1
1539,1158,11,1,0,0,12,0,2025,11,5,14,46,47,6,1,0,0,0,0,1
1540,1158,7,1,0,0,8,0,2025,11,5,15,4,27,6,1,0,0,0,0,1
1541,1158,13,0,0,0,13,0,2025,11,5,15,22,8,6,1,0,0,0,0,1
1542,1158,9,1,0,0,10,0,2025,11,5,15,39,50,6,1,0,0,0,0,1
1543,1158,13,1,0,0,14,1,2025,11,5,15,57,34,6,1,0,0,0,0,1
1544,1158,18,1,0,0,19,1,2025,11,6,7,50,53,6,1,0,0,1,0,0
1545,1158,16,0,1,0,17,1,2025,11,6,8,8,36,6,1,0,0,1,0,0
1546,1158,14,1,0,0,15,1,2025,11,6,8,27,7,6,1,0,0,1,0,0
1547,1158,17,1,1,0,19,1,2025,11,6,8,44,48,6,1,0,0,1,0,0
1548,1158,9,2,0,0,11,0,2025,11,6,9,2,31,6,1,0,0,1,0,0
1549,1158,5,0,0,0,5,0,2025,11,6,9,20,12,6,1,0,0,1,0,0
1550,1158,0,1,0,0,1,0,2025,11,6,9,37,58,6,1,0,0,1,0,0
1551,1158,1,1,0,0,2,1,2025,11,6,9,55,42,6,1,0,0,1,0,0
1552,1158,10,1,1,0,12,0,2025,11,6,10,13,36,6,1,0,0,1,0,0
1553,1158,8,1,0,0,9,0,2025,11,6,10,31,20,6,1,0,0,1,0,0
1554,1158,14,2,0,0,16,1,2025,11,6,12,31,11,6,1,0,0,0,0,1
1555,1158,8,0,1,0,9,0,2025,11,6,12,48,52,6,1,0,0,0,0,1
1556,1158,0,2,0,0,2,1,2025,11,6,13,6,32,6,1,0,0,0,0,1
1557,1158,3,1,0,0,4,1,2025,11,6,13,39,52,6,1,0,0,0,0,1
1558,1158,6,1,0,0,7,0,2025,11,6,13,57,34,6,1,0,0,0,0,1
1559,1158,10,0,1,0,11,0,2025,11,7,9,38,45,6,1,0,0,1,0,0
1560,1158,4,0,0,0,4,0,2025,11,7,10,14,2,6,1,0,0,1,0,0
1561,1158,10,2,1,0,13,1,2025,11,7,10,31,40,6,1,0,0,1,0,0
1562,1158,8,1,0,0,9,0,2025,11,7,13,14,33,6,1,0,0,0,0,1
1563,1158,7,3,0,0,10,1,2025,11,7,13,32,10,6,1,0,0,0,0,1
1564,1158,9,2,1,0,12,0,2025,11,7,13,49,50,6,1,0,0,0,0,1
1565,1158,6,1,0,0,7,0,2025,11,7,15,37,23,6,1,0,0,0,0,1
1566,1158,7,0,0,0,7,0,2025,11,7,15,55,4,6,1,0,0,0,0,1
1567,1158,6,0,0,0,6,0,2025,11,8,7,54,54,6,1,0,0,1,0,0
1568,1158,2,1,0,0,3,0,2025,11,8,8,12,34,6,1,0,0,1,0,0
1569,1158,4,0,0,0,4,0,2025,11,8,8,30,13,6,1,0,0,1,0,0
1570,1158,0,0,0,0,0,0,2025,11,8,8,47,49,6,1,0,0,1,0,0
1571,1158,2,0,0,0,2,0,2025,11,8,9,52,29,6,1,0,0,1,0,0
1572,1158,6,0,0,0,6,0,2025,11,8,10,31,56,6,1,0,0,1,0,0
1573,1158,6,0,0,0,6,0,2025,11,8,10,49,33,6,1,0,0,1,0,0
1574,1158,7,1,0,0,8,0,2025,11,8,11,7,12,6,1,0,0,1,0,0
1575,1158,7,1,0,0,8,1,2025,11,8,11,24,52,6,1,0,0,1,0,0
1576,1158,6,1,0,0,7,0,2025,11,8,11,42,31,6,1,0,0,1,0,0
1577,1158,10,0,0,0,10,0,2025,11,8,12,0,11,6,1,0,0,0,0,1
1578,1158,7,0,0,0,7,0,2025,11,8,12,17,46,6,1,0,0,0,0,1
1579,1158,11,0,0,0,11,0,2025,11,8,12,35,21,6,1,0,0,0,0,1
1580,1158,12,0,0,0,12,1,2025,11,8,12,52,58,6,1,0,0,0,0,1
1581,1158,13,0,0,0,13,1,2025,11,8,13,10,34,6,1,0,0,0,0,1
1582,1158,14,0,0,0,14,0,2025,11,8,13,28,11,6,1,0,0,0,0,1
1583,1158,5,0,0,0,5,0,2025,11,8,13,45,49,6,1,0,0,0,0,1
1584,1158,5,1,0,0,6,0,2025,11,8,14,3,26,6,1,0,0,0,0,1
1585,1158,6,1,0,0,7,1,2025,11,8,14,21,2,6,1,0,0,0,0,1
1586,1158,5,0,0,0,5,0,2025,11,8,14,38,39,6,1,0,0,0,0,1
1587,1158,2,0,0,0,2,0,2025,11,8,15,34,24,6,1,0,0,0,0,1
1588,1158,3,0,0,0,3,0,2025,11,8,15,52,3,6,1,0,0,0,0,1
1589,1158,4,0,0,0,4,0,2025,11,8,16,9,42,6,1,0,0,0,0,1
1590,1158,8,0,0,0,8,0,2025,11,8,16,27,23,6,1,0,0,0,0,1
1591,1158,5,0,0,0,5,0,2025,11,8,16,45,3,6,1,0,0,0,0,1
1592,1158,7,0,0,0,7,0,2025,11,8,17,2,39,6,1,0,0,0,0,1
1593,1158,3,0,0,0,3,0,2025,11,9,8,29,51,6,1,0,0,1,0,0
1594,1158,2,0,0,0,2,0,2025,11,9,8,47,28,6,1,0,0,1,0,0
1595,1158,3,0,0,0,3,0,2025,11,9,9,5,5,6,1,0,0,1,0,0
1596,1158,2,0,0,0,2,0,2025,11,9,9,22,41,6,1,0,0,1,0,0
1597,1158,2,0,0,0,2,0,2025,11,9,9,40,20,6,1,0,0,1,0,0
1598,1158,3,0,0,0,3,0,2025,11,9,9,57,59,6,1,0,0,1,0,0
1599,1158,1,0,0,0,1,0,2025,11,9,10,15,38,6,1,0,0,1,0,0
1600,1158,7,0,0,0,7,0,2025,11,9,10,33,14,6,1,0,0,1,0,0
1601,1158,5,0,0,0,5,0,2025,11,9,10,50,50,6,1,0,0,1,0,0
1602,1158,2,0,0,0,2,0,2025,11,9,11,8,27,6,1,0,0,1,0,0
1603,1158,6,0,0,0,6,0,2025,11,9,11,26,6,6,1,0,0,1,0,0
1604,1158,4,0,0,0,4,0,2025,11,9,11,43,50,6,1,0,0,1,0,0
1605,1158,4,0,0,0,4,0,2025,11,9,12,1,29,6,1,0,0,0,0,1
1606,1158,4,0,0,0,4,0,2025,11,9,12,19,6,6,1,0,0,0,0,1
1607,1158,4,0,0,0,4,0,2025,11,9,12,36,47,6,1,0,0,0,0,1
1608,1158,1,0,0,0,1,0,2025,11,9,12,54,27,6,1,0,0,0,0,1
1609,1158,3,2,0,0,5,0,2025,11,9,15,20,20,6,1,0,0,0,0,1
1610,1158,5,0,0,0,5,0,2025,11,9,15,37,59,6,1,0,0,0,0,1
1611,1158,0,0,0,0,0,0,2025,11,9,15,55,39,6,1,0,0,0,0,1
1612,1158,6,1,0,0,7,0,2025,11,9,16,13,18,6,1,0,0,0,0,1
1613,1158,3,1,0,0,4,0,2025,11,9,16,30,57,6,1,0,0,0,0,1
1614,1158,9,0,0,0,9,0,2025,11,9,16,48,32,6,1,0,0,0,0,1
1615,1158,6,0,0,0,6,0,2025,11,9,17,6,9,6,1,0,0,0,0,1
1616,1158,3,0,0,0,3,0,2025,11,9,17,23,48,6,1,0,0,0,0,1
1617,1158,5,0,0,0,5,0,2025,11,9,17,41,27,6,1,0,0,0,0,1
1618,1158,5,0,0,0,5,0,2025,11,9,17,59,6,6,1,0,0,0,0,1
1619,1158,9,0,0,0,9,0,2025,11,9,18,16,43,6,1,0,0,0,1,0
1620,1158,12,1,0,0,13,0,2025,11,11,7,59,37,6,1,0,0,1,0,0
1621,1158,12,0,0,0,12,1,2025,11,11,8,17,11,6,1,0,0,1,0,0
1622,1158,17,1,3,0,21,2,2025,11,11,8,34,46,6,1,0,0,1,0,0
1623,1158,15,1,3,0,19,2,2025,11,11,8,52,21,6,1,0,0,1,0,0
1624,1158,25,1,0,0,26,2,2025,11,11,9,9,57,6,1,0,0,1,0,0
1625,1158,20,0,0,0,20,1,2025,11,11,9,27,33,6,1,0,0,1,0,0
1626,1158,16,0,0,0,16,1,2025,11,11,14,34,56,6,1,0,0,0,0,1
1627,1158,10,0,0,0,10,0,2025,11,11,14,52,35,6,1,0,0,0,0,1
1628,1158,19,0,1,0,20,1,2025,11,11,15,10,15,6,1,0,0,0,0,1
1629,1158,7,0,0,0,7,0,2025,11,11,15,27,57,6,1,0,0,0,0,1
1630,1158,11,0,0,0,11,0,2025,11,11,15,45,40,6,1,0,0,0,0,1
1631,1158,10,1,0,0,11,0,2025,11,11,16,3,18,6,1,0,0,0,0,1
1632,1158,15,1,0,0,16,1,2025,11,11,17,48,2,6,1,0,0,0,0,1
1633,1158,16,0,0,0,16,1,2025,11,11,18,5,39,6,1,0,0,0,1,0
1634,1158,12,0,0,0,12,0,2025,11,11,18,23,13,6,1,0,0,0,1,0
1635,1158,8,1,0,0,9,1,2025,11,11,18,40,52,6,1,0,0,0,1,0
1636,1158,7,0,0,0,7,0,2025,11,11,18,58,31,6,1,0,0,0,1,0
1637,1158,7,2,0,0,9,1,2025,11,11,19,16,7,6,1,0,0,0,1,0
1638,1158,12,0,0,0,12,1,2025,11,11,19,33,44,6,1,0,0,0,1,0
1639,1158,7,0,0,0,7,0,2025,11,11,19,51,26,6,1,0,0,0,1,0
1640,1158,18,1,2,0,21,2,2025,11,12,8,37,20,6,1,0,0,1,0,0
1641,1158,12,1,1,0,14,1,2025,11,12,8,55,4,6,1,0,0,1,0,0
1642,1158,18,1,4,0,23,2,2025,11,12,9,12,50,6,1,0,0,1,0,0
1643,1158,16,1,0,0,17,1,2025,11,12,9,30,43,6,1,0,0,1,0,0
1644,1158,6,0,0,0,6,0,2025,11,12,12,35,17,6,1,0,0,0,0,1
1645,1158,6,2,1,0,9,1,2025,11,14,9,7,17,6,1,0,0,1,0,0
1646,1158,3,1,0,0,4,0,2025,11,14,9,24,57,6,1,0,0,1,0,0
1647,1158,5,0,0,0,5,0,2025,11,14,9,42,38,6,1,0,0,1,0,0
1648,1158,9,0,0,0,9,1,2025,11,14,10,0,16,6,1,0,0,1,0,0
1649,1158,2,0,0,0,2,0,2025,11,14,10,17,59,6,1,0,0,1,0,0
1650,1158,0,0,0,0,0,0,2025,11,14,10,35,36,6,1,0,0,1,0,0
1651,1158,2,0,0,0,2,0,2025,11,15,9,51,31,6,1,0,0,1,0,0
1652,1158,5,0,0,0,5,0,2025,11,15,10,9,12,6,1,0,0,1,0,0
1653,1158,2,0,1,0,3,0,2025,11,15,10,26,54,6,1,0,0,1,0,0
1654,1158,10,0,0,0,10,0,2025,11,15,10,44,45,6,1,0,0,1,0,0
1655,1158,7,0,0,0,7,0,2025,11,15,11,2,23,6,1,0,0,1,0,0
1656,1158,9,1,0,0,10,1,2025,11,15,11,20,5,6,1,0,0,1,0,0
1657,1158,7,0,0,0,7,0,2025,11,15,11,37,45,6,1,0,0,1,0,0
1658,1158,8,0,0,0,8,0,2025,11,15,11,55,25,6,1,0,0,1,0,0
1659,1158,12,1,0,0,13,0,2025,11,15,12,13,6,6,1,0,0,0,0,1
1660,1158,7,2,0,0,9,0,2025,11,15,12,30,45,6,1,0,0,0,0,1
1661,1158,10,1,0,0,11,1,2025,11,15,12,48,26,6,1,0,0,0,0,1
1662,1158,10,0,0,0,10,0,2025,11,15,13,6,5,6,1,0,0,0,0,1
1663,1158,0,0,0,0,0,0,2025,11,16,8,9,29,6,1,0,0,1,0,0
1664,1158,4,0,0,0,4,0,2025,11,16,8,27,11,6,1,0,0,1,0,0
1665,1158,4,1,2,0,7,1,2025,11,16,8,44,57,6,1,0,0,1,0,0
1666,1158,3,0,0,0,3,0,2025,11,16,9,2,39,6,1,0,0,1,0,0
1667,1158,3,0,0,0,3,0,2025,11,16,9,20,19,6,1,0,0,1,0,0
1668,1158,0,0,0,0,0,0,2025,11,16,9,38,1,6,1,0,0,1,0,0
1669,1158,2,0,0,0,2,0,2025,11,16,9,55,43,6,1,0,0,1,0,0
1670,1158,0,0,0,0,0,0,2025,11,16,10,13,32,6,1,0,0,1,0,0
1671,1158,9,0,0,0,9,0,2025,11,16,10,31,18,6,1,0,0,1,0,0
1672,1158,8,0,0,0,8,0,2025,11,16,10,49,10,6,1,0,0,1,0,0
1673,1158,5,2,0,0,7,0,2025,11,16,11,7,4,6,1,0,0,1,0,0
1674,1158,23,1,4,0,28,2,2025,11,17,8,23,55,6,1,0,0,1,0,0
1675,1158,17,1,1,0,19,2,2025,11,17,8,41,39,6,1,0,0,1,0,0
1676,1158,23,0,1,0,24,2,2025,11,17,8,59,17,6,1,0,0,1,0,0
1677,1158,16,1,3,0,20,2,2025,11,17,9,16,56,6,1,0,0,1,0,0
1678,1158,22,0,0,0,22,1,2025,11,17,9,34,35,6,1,0,0,1,0,0
1679,1158,19,0,0,0,19,1,2025,11,17,9,52,14,6,1,0,0,1,0,0
1680,1158,18,0,1,0,19,1,2025,11,17,10,9,52,6,1,0,0,1,0,0
1681,1158,13,0,0,0,13,0,2025,11,17,10,27,34,6,1,0,0,1,0,0
1682,1158,5,0,1,0,6,0,2025,11,17,12,34,33,6,1,0,0,0,0,1
1683,1158,10,2,2,0,14,1,2025,11,17,12,52,12,6,1,0,0,0,0,1
1684,1158,9,0,0,0,9,0,2025,11,17,13,9,52,6,1,0,0,0,0,1
1685,1160,0,0,0,0,0,0,2025,10,27,8,27,9,6,1,0,0,1,0,0
1686,1160,0,0,0,0,0,0,2025,10,27,8,44,50,6,1,0,0,1,0,0
1687,1160,0,0,0,0,0,0,2025,10,27,9,2,35,6,1,0,0,1,0,0
1688,1160,0,0,0,0,0,0,2025,10,27,9,20,13,6,1,0,0,1,0,0
1689,1160,0,0,0,0,0,0,2025,10,27,9,37,53,6,1,0,0,1,0,0
1690,1160,0,0,0,0,0,0,2025,10,27,9,55,35,6,1,0,0,1,0,0
1691,1160,0,0,0,0,0,0,2025,10,27,10,13,21,6,1,0,0,1,0,0
1692,1160,0,0,0,0,0,0,2025,10,27,10,31,10,6,1,0,0,1,0,0
1693,1160,0,0,0,0,0,0,2025,10,27,12,40,12,6,1,0,0,0,0,1
1694,1160,0,0,0,0,0,0,2025,10,27,12,57,54,6,1,0,0,0,0,1
1695,1160,0,0,0,0,0,0,2025,10,27,13,15,40,6,1,0,0,0,0,1
1696,1160,0,0,0,0,0,0,2025,10,27,13,20,47,6,1,0,0,0,0,1
1697,1160,0,0,0,0,0,0,2025,10,27,13,57,12,6,1,0,0,0,0,1
1698,1160,0,0,0,0,0,0,2025,10,27,14,55,32,6,1,0,0,0,0,1
1699,1160,2,0,0,0,2,2,2025,10,27,15,13,18,6,1,0,0,0,0,1
1700,1160,2,0,0,0,2,0,2025,10,27,15,31,4,6,1,0,0,0,0,1
1701,1160,2,0,0,0,2,0,2025,10,27,15,48,53,6,1,0,0,0,0,1
1702,1160,4,0,0,0,4,0,2025,10,27,18,2,57,6,1,0,0,0,1,0
1703,1160,4,0,0,0,4,1,2025,10,27,18,20,32,6,1,0,0,0,1,0
1704,1160,3,0,0,0,3,1,2025,10,27,18,38,9,6,1,0,0,0,1,0
1705,1160,0,0,0,0,0,0,2025,10,28,7,56,24,6,1,0,0,1,0,0
1706,1160,0,0,0,0,0,0,2025,10,28,8,14,0,6,1,0,0,1,0,0
1707,1160,0,0,0,0,0,0,2025,10,28,8,31,37,6,1,0,0,1,0,0
1708,1160,0,0,0,0,0,0,2025,10,28,8,49,12,6,1,0,0,1,0,0
1709,1160,0,0,0,0,0,0,2025,10,28,9,6,49,6,1,0,0,1,0,0
1710,1160,0,0,0,0,0,0,2025,10,28,9,24,24,6,1,0,0,1,0,0
1711,1160,0,0,0,0,0,0,2025,10,28,9,42,2,6,1,0,0,1,0,0
1712,1160,0,0,0,0,0,0,2025,10,28,13,27,47,6,1,0,0,0,0,1
1713,1160,0,0,0,0,0,0,2025,10,28,14,45,40,6,1,0,0,0,0,1
1714,1160,0,0,0,0,0,0,2025,10,28,15,3,22,6,1,0,0,0,0,1
1715,1160,3,0,0,0,3,0,2025,10,28,15,21,5,6,1,0,0,0,0,1
1716,1160,0,0,0,0,0,0,2025,10,28,15,38,56,6,1,0,0,0,0,1
1717,1160,1,0,0,0,1,0,2025,10,28,15,56,40,6,1,0,0,0,0,1
1718,1160,2,0,0,0,2,0,2025,10,28,17,49,4,6,1,0,0,0,0,1
1719,1160,3,0,0,0,3,0,2025,10,28,18,6,40,6,1,0,0,0,1,0
1720,1160,0,0,0,0,0,0,2025,10,28,18,24,19,6,1,0,0,0,1,0
1721,1160,3,0,0,0,3,1,2025,10,28,18,41,59,6,1,0,0,0,1,0
1722,1160,2,0,0,0,2,0,2025,10,28,18,59,36,6,1,0,0,0,1,0
1723,1160,3,0,0,0,3,2,2025,10,28,19,17,15,6,1,0,0,0,1,0
1724,1160,1,0,0,0,1,0,2025,10,28,19,34,52,6,1,0,0,0,1,0
1725,1160,3,0,0,0,3,1,2025,10,28,19,52,31,6,1,0,0,0,1,0
1726,1160,1,0,0,0,1,0,2025,10,29,8,23,43,6,1,0,0,1,0,0
1727,1160,0,0,0,0,0,0,2025,10,29,8,41,19,6,1,0,0,1,0,0
1728,1160,0,0,0,0,0,0,2025,10,29,8,58,56,6,1,0,0,1,0,0
1729,1160,1,0,0,0,1,0,2025,10,29,9,16,31,6,1,0,0,1,0,0
1730,1160,0,0,0,0,0,0,2025,10,29,9,34,7,6,1,0,0,1,0,0
1731,1160,0,0,0,0,0,0,2025,10,29,9,51,43,6,1,0,0,1,0,0
1732,1160,0,0,0,0,0,0,2025,10,29,10,9,20,6,1,0,0,1,0,0
1733,1160,0,0,0,0,0,0,2025,10,29,10,26,59,6,1,0,0,1,0,0
1734,1160,0,0,0,0,0,0,2025,10,29,10,44,37,6,1,0,0,1,0,0
1735,1160,0,0,0,0,0,0,2025,10,29,12,33,27,6,1,0,0,0,0,1
1736,1160,0,0,0,0,0,0,2025,10,29,12,51,10,6,1,0,0,0,0,1
1737,1160,0,0,0,0,0,0,2025,10,29,13,8,50,6,1,0,0,0,0,1
1738,1160,0,0,0,0,0,0,2025,10,29,13,26,40,6,1,0,0,0,0,1
1739,1160,0,0,0,0,0,0,2025,10,29,13,44,21,6,1,0,0,0,0,1
1740,1160,3,0,0,0,3,1,2025,10,29,14,44,7,6,1,0,0,0,0,1
1741,1160,2,0,0,0,2,0,2025,10,29,15,1,48,6,1,0,0,0,0,1
1742,1160,1,0,0,0,1,0,2025,10,29,15,19,35,6,1,0,0,0,0,1
1743,1160,2,0,0,0,2,0,2025,10,29,15,37,16,6,1,0,0,0,0,1
1744,1160,0,0,0,0,0,0,2025,10,29,15,54,55,6,1,0,0,0,0,1
1745,1160,0,0,0,0,0,0,2025,10,30,8,20,30,6,1,0,0,1,0,0
1746,1160,0,0,0,0,0,0,2025,10,30,8,38,14,6,1,0,0,1,0,0
1747,1160,0,0,0,0,0,0,2025,10,30,8,55,57,6,1,0,0,1,0,0
1748,1160,0,0,0,0,0,0,2025,10,30,9,13,40,6,1,0,0,1,0,0
1749,1160,0,0,0,0,0,0,2025,10,30,9,31,33,6,1,0,0,1,0,0
1750,1160,0,0,0,0,0,0,2025,10,30,9,49,43,6,1,0,0,1,0,0
1751,1160,0,0,0,0,0,0,2025,10,30,10,7,32,6,1,0,0,1,0,0
1752,1160,0,0,0,0,0,0,2025,10,30,10,25,28,6,1,0,0,1,0,0
1753,1160,0,0,0,0,0,0,2025,10,30,10,43,11,6,1,0,0,1,0,0
1754,1160,0,0,0,0,0,0,2025,10,30,12,29,42,6,1,0,0,0,0,1
1755,1160,0,0,0,0,0,0,2025,10,30,12,47,14,6,1,0,0,0,0,1
1756,1160,0,0,0,0,0,0,2025,10,30,13,4,59,6,1,0,0,0,0,1
1757,1160,1,0,0,0,1,0,2025,10,30,13,22,42,6,1,0,0,0,0,1
1758,1160,0,0,0,0,0,0,2025,10,30,13,40,29,6,1,0,0,0,0,1
1759,1160,1,0,0,0,1,0,2025,10,30,13,58,15,6,1,0,0,0,0,1
1760,1160,1,0,0,0,1,0,2025,10,30,14,57,17,6,1,0,0,0,0,1
1761,1160,1,1,1,0,3,0,2025,10,30,15,15,10,6,1,0,0,0,0,1
1762,1160,1,0,0,0,1,1,2025,10,30,15,32,55,6,1,0,0,0,0,1
1763,1160,0,0,0,0,0,0,2025,10,30,15,57,37,6,1,0,0,0,0,1
1764,1160,0,0,0,0,0,0,2025,10,30,16,15,26,6,1,0,0,0,0,1
1765,1160,0,0,0,0,0,0,2025,10,30,22,45,44,6,1,0,0,0,1,0
1766,1160,0,0,0,0,0,0,2025,10,31,8,25,12,6,1,0,0,1,0,0
1767,1160,0,0,0,0,0,0,2025,10,31,8,42,55,6,1,0,0,1,0,0
1768,1160,0,0,0,0,0,0,2025,10,31,9,0,42,6,1,0,0,1,0,0
1769,1160,0,0,0,0,0,0,2025,10,31,9,18,30,6,1,0,0,1,0,0
1770,1160,0,0,0,0,0,0,2025,10,31,9,44,9,6,1,0,0,1,0,0
1771,1160,0,0,0,0,0,0,2025,10,31,10,1,51,6,1,0,0,1,0,0
1772,1160,0,0,0,0,0,0,2025,10,31,10,19,33,6,1,0,0,1,0,0
1773,1160,0,0,0,0,0,0,2025,10,31,10,37,15,6,1,0,0,1,0,0
1774,1160,4,0,0,0,4,0,2025,10,31,15,3,34,6,1,0,0,0,0,1
1775,1160,4,0,0,0,4,0,2025,10,31,15,21,27,6,1,0,0,0,0,1
1776,1160,4,0,0,0,4,0,2025,10,31,15,39,20,6,1,0,0,0,0,1
1777,1160,3,0,0,0,3,0,2025,10,31,15,57,10,6,1,0,0,0,0,1
1778,1160,0,0,0,0,0,0,2025,11,1,8,54,46,6,1,0,0,1,0,0
1779,1160,0,0,0,0,0,0,2025,11,1,9,12,34,6,1,0,0,1,0,0
1780,1160,0,0,0,0,0,0,2025,11,1,9,30,26,6,1,0,0,1,0,0
1781,1160,1,0,0,0,1,1,2025,11,1,9,48,14,6,1,0,0,1,0,0
1782,1160,3,0,0,0,3,0,2025,11,1,10,6,4,6,1,0,0,1,0,0
1783,1160,2,0,0,0,2,0,2025,11,1,10,23,48,6,1,0,0,1,0,0
1784,1160,2,0,0,0,2,1,2025,11,1,10,41,33,6,1,0,0,1,0,0
1785,1160,1,0,0,0,1,0,2025,11,1,10,59,28,6,1,0,0,1,0,0
1786,1160,3,0,0,0,3,0,2025,11,1,11,17,14,6,1,0,0,1,0,0
1787,1160,2,0,0,0,2,0,2025,11,1,11,35,0,6,1,0,0,1,0,0
1788,1160,0,0,0,0,0,0,2025,11,1,11,52,41,6,1,0,0,1,0,0
1789,1160,2,0,0,0,2,1,2025,11,1,12,10,36,6,1,0,0,0,0,1
1790,1160,0,0,0,0,0,0,2025,11,1,12,28,21,6,1,0,0,0,0,1
1791,1160,1,0,0,0,1,0,2025,11,1,12,46,14,6,1,0,0,0,0,1
1792,1160,3,0,0,0,3,0,2025,11,1,13,4,7,6,1,0,0,0,0,1
1793,1160,3,0,0,0,3,0,2025,11,1,13,21,55,6,1,0,0,0,0,1
1794,1160,0,0,0,0,0,0,2025,11,1,13,39,42,6,1,0,0,0,0,1
1795,1160,0,0,0,0,0,0,2025,11,1,13,57,31,6,1,0,0,0,0,1
1796,1160,2,1,0,0,3,1,2025,11,1,14,15,22,6,1,0,0,0,0,1
1797,1160,1,0,0,0,1,0,2025,11,1,14,33,13,6,1,0,0,0,0,1
1798,1160,0,0,0,0,0,0,2025,11,1,14,51,30,6,1,0,0,0,0,1
1799,1160,2,0,0,0,2,0,2025,11,1,15,9,26,6,1,0,0,0,0,1
1800,1160,0,0,0,0,0,0,2025,11,1,15,27,15,6,1,0,0,0,0,1
1801,1160,0,0,0,0,0,0,2025,11,1,15,45,4,6,1,0,0,0,0,1
1802,1160,0,0,0,0,0,0,2025,11,1,16,3,3,6,1,0,0,0,0,1
1803,1160,0,0,0,0,0,0,2025,11,1,16,20,50,6,1,0,0,0,0,1
1804,1160,0,0,0,0,0,0,2025,11,1,16,38,40,6,1,0,0,0,0,1
1805,1160,0,0,0,0,0,0,2025,11,1,16,56,35,6,1,0,0,0,0,1
1806,1160,0,0,0,0,0,0,2025,11,1,17,14,30,6,1,0,0,0,0,1
1807,1160,0,0,0,0,0,0,2025,11,1,17,32,23,6,1,0,0,0,0,1
1808,1160,0,0,0,0,0,0,2025,11,1,17,50,9,6,1,0,0,0,0,1
1809,1160,0,0,0,0,0,0,2025,11,1,18,8,5,6,1,0,0,0,1,0
1810,1160,0,0,0,0,0,0,2025,11,1,18,26,56,6,1,0,0,0,1,0
1811,1160,0,0,0,0,0,0,2025,11,1,18,44,47,6,1,0,0,0,1,0
1812,1160,0,0,0,0,0,0,2025,11,1,19,2,37,6,1,0,0,0,1,0
1813,1160,0,0,0,0,0,0,2025,11,1,19,37,15,6,1,0,0,0,1,0
1814,1160,2,0,0,0,2,0,2025,11,2,10,16,47,6,1,0,0,1,0,0
1815,1160,0,0,0,0,0,0,2025,11,2,10,34,30,6,1,0,0,1,0,0
1816,1160,1,0,0,0,1,0,2025,11,2,10,52,23,6,1,0,0,1,0,0
1817,1160,0,0,0,0,0,0,2025,11,2,11,10,8,6,1,0,0,1,0,0
1818,1160,2,0,0,0,2,2,2025,11,2,11,28,3,6,1,0,0,1,0,0
1819,1160,0,0,0,0,0,0,2025,11,2,12,11,14,6,1,0,0,0,0,1
1820,1160,1,0,0,0,1,0,2025,11,2,12,29,7,6,1,0,0,0,0,1
1821,1160,0,0,0,0,0,0,2025,11,2,12,46,54,6,1,0,0,0,0,1
1822,1160,4,0,0,0,4,2,2025,11,2,13,4,39,6,1,0,0,0,0,1
1823,1160,0,0,0,0,0,0,2025,11,2,13,22,21,6,1,0,0,0,0,1
1824,1160,0,0,0,0,0,0,2025,11,2,13,39,59,6,1,0,0,0,0,1
1825,1160,0,0,0,0,0,0,2025,11,2,13,57,38,6,1,0,0,0,0,1
1826,1160,0,0,0,0,0,0,2025,11,2,14,15,17,6,1,0,0,0,0,1
1827,1160,0,0,0,0,0,0,2025,11,2,14,32,55,6,1,0,0,0,0,1
1828,1160,0,0,0,0,0,0,2025,11,2,14,50,30,6,1,0,0,0,0,1
1829,1160,0,0,0,0,0,0,2025,11,2,15,51,2,6,1,0,0,0,0,1
1830,1160,0,0,0,0,0,0,2025,11,2,16,8,39,6,1,0,0,0,0,1
1831,1160,0,0,0,0,0,0,2025,11,2,16,26,19,6,1,0,0,0,0,1
1832,1160,0,0,0,0,0,0,2025,11,2,16,43,58,6,1,0,0,0,0,1
1833,1160,0,0,0,0,0,0,2025,11,3,8,9,16,6,1,0,0,1,0,0
1834,1160,0,0,0,0,0,0,2025,11,3,8,26,52,6,1,0,0,1,0,0
1835,1160,0,0,0,0,0,0,2025,11,3,8,44,30,6,1,0,0,1,0,0
1836,1160,0,0,0,0,0,0,2025,11,3,9,2,8,6,1,0,0,1,0,0
1837,1160,0,0,0,0,0,0,2025,11,3,9,19,43,6,1,0,0,1,0,0
1838,1160,0,0,0,0,0,0,2025,11,3,9,37,20,6,1,0,0,1,0,0
1839,1160,0,0,0,0,0,0,2025,11,4,8,9,33,6,1,0,0,1,0,0
1840,1160,0,0,0,0,0,0,2025,11,4,8,27,10,6,1,0,0,1,0,0
1841,1160,0,0,0,0,0,0,2025,11,4,8,44,45,6,1,0,0,1,0,0
1842,1160,0,0,0,0,0,0,2025,11,4,9,2,22,6,1,0,0,1,0,0
1843,1160,0,0,0,0,0,0,2025,11,4,9,19,58,6,1,0,0,1,0,0
1844,1160,1,0,0,0,1,0,2025,11,4,9,37,37,6,1,0,0,1,0,0
1845,1160,0,0,0,0,0,0,2025,11,4,12,8,50,6,1,0,0,0,0,1
1846,1160,0,0,0,0,0,0,2025,11,4,12,37,12,6,1,0,0,0,0,1
1847,1160,0,0,0,0,0,0,2025,11,4,12,54,51,6,1,0,0,0,0,1
1848,1160,0,0,0,0,0,0,2025,11,4,13,4,18,6,1,0,0,0,0,1
1849,1160,0,0,0,0,0,0,2025,11,4,13,21,56,6,1,0,0,0,0,1
1850,1160,0,0,1,0,1,0,2025,11,4,13,39,36,6,1,0,0,0,0,1
1851,1160,3,0,0,0,3,0,2025,11,4,14,33,58,6,1,0,0,0,0,1
1852,1160,0,0,0,0,0,0,2025,11,4,14,51,37,6,1,0,0,0,0,1
1853,1160,1,0,0,0,1,0,2025,11,4,15,9,18,6,1,0,0,0,0,1
1854,1160,2,0,0,0,2,1,2025,11,4,15,27,5,6,1,0,0,0,0,1
1855,1160,2,0,0,0,2,1,2025,11,4,15,44,52,6,1,0,0,0,0,1
1856,1160,0,0,0,0,0,0,2025,11,4,16,2,49,6,1,0,0,0,0,1
1857,1160,0,0,0,0,0,0,2025,11,4,18,0,5,6,1,0,0,0,1,0
1858,1160,4,0,0,0,4,1,2025,11,4,18,17,44,6,1,0,0,0,1,0
1859,1160,3,0,0,0,3,0,2025,11,4,18,35,21,6,1,0,0,0,1,0
1860,1160,1,0,0,0,1,0,2025,11,4,18,52,59,6,1,0,0,0,1,0
1861,1160,1,0,0,0,1,0,2025,11,4,19,10,38,6,1,0,0,0,1,0
1862,1160,2,0,0,0,2,1,2025,11,4,19,28,15,6,1,0,0,0,1,0
1863,1160,4,0,0,0,4,1,2025,11,4,19,45,55,6,1,0,0,0,1,0
1864,1160,1,0,0,0,1,1,2025,11,4,20,3,32,6,1,0,0,0,1,0
1865,1160,2,0,0,0,2,2,2025,11,4,20,21,7,6,1,0,0,0,1,0
1866,1160,0,0,0,0,0,0,2025,11,4,20,38,46,6,1,0,0,0,1,0
1867,1160,0,0,0,0,0,0,2025,11,5,7,51,22,6,1,0,0,1,0,0
1868,1160,0,0,0,0,0,0,2025,11,5,8,8,58,6,1,0,0,1,0,0
1869,1160,0,0,0,0,0,0,2025,11,5,8,26,35,6,1,0,0,1,0,0
1870,1160,0,0,0,0,0,0,2025,11,5,8,44,12,6,1,0,0,1,0,0
1871,1160,0,0,0,0,0,0,2025,11,5,9,1,49,6,1,0,0,1,0,0
1872,1160,0,0,0,0,0,0,2025,11,5,9,19,24,6,1,0,0,1,0,0
1873,1160,0,0,0,0,0,0,2025,11,5,9,37,0,6,1,0,0,1,0,0
1874,1160,0,0,0,0,0,0,2025,11,5,9,54,37,6,1,0,0,1,0,0
1875,1160,0,0,0,0,0,0,2025,11,5,10,12,14,6,1,0,0,1,0,0
1876,1160,0,0,0,0,0,0,2025,11,5,10,29,52,6,1,0,0,1,0,0
1877,1160,0,0,0,0,0,0,2025,11,5,10,47,28,6,1,0,0,1,0,0
1878,1160,0,0,0,0,0,0,2025,11,5,12,44,5,6,1,0,0,0,0,1
1879,1160,0,0,0,0,0,0,2025,11,5,13,1,45,6,1,0,0,0,0,1
1880,1160,0,0,0,0,0,0,2025,11,5,13,19,25,6,1,0,0,0,0,1
1881,1160,0,0,0,0,0,0,2025,11,5,13,37,5,6,1,0,0,0,0,1
1882,1160,0,0,0,0,0,0,2025,11,5,13,54,49,6,1,0,0,0,0,1
1883,1160,3,0,0,0,3,0,2025,11,5,14,46,41,6,1,0,0,0,0,1
1884,1160,0,0,0,0,0,0,2025,11,5,15,4,21,6,1,0,0,0,0,1
1885,1160,1,0,0,0,1,0,2025,11,5,15,22,1,6,1,0,0,0,0,1
1886,1160,0,0,0,0,0,0,2025,11,5,15,39,42,6,1,0,0,0,0,1
1887,1160,0,0,0,0,0,0,2025,11,5,15,57,25,6,1,0,0,0,0,1
1888,1160,0,0,0,0,0,0,2025,11,5,16,15,10,6,1,0,0,0,0,1
1889,1160,0,0,0,0,0,0,2025,11,6,7,50,47,6,1,0,0,1,0,0
1890,1160,0,0,0,0,0,0,2025,11,6,8,8,27,6,1,0,0,1,0,0
1891,1160,0,0,0,0,0,0,2025,11,6,8,26,11,6,1,0,0,1,0,0
1892,1160,0,0,0,0,0,0,2025,11,6,8,44,42,6,1,0,0,1,0,0
1893,1160,0,0,0,0,0,0,2025,11,6,9,2,22,6,1,0,0,1,0,0
1894,1160,0,0,0,0,0,0,2025,11,6,9,20,5,6,1,0,0,1,0,0
1895,1160,0,0,0,0,0,0,2025,11,6,9,37,45,6,1,0,0,1,0,0
1896,1160,0,0,0,0,0,0,2025,11,6,9,55,33,6,1,0,0,1,0,0
1897,1160,0,0,0,0,0,0,2025,11,6,10,13,23,6,1,0,0,1,0,0
1898,1160,0,0,0,0,0,0,2025,11,6,10,31,12,6,1,0,0,1,0,0
1899,1160,0,0,0,0,0,0,2025,11,6,12,11,34,6,1,0,0,0,0,1
1900,1160,0,0,0,0,0,0,2025,11,6,12,31,5,6,1,0,0,0,0,1
1901,1160,0,0,0,0,0,0,2025,11,6,12,48,45,6,1,0,0,0,0,1
1902,1160,0,0,0,0,0,0,2025,11,6,13,6,25,6,1,0,0,0,0,1
1903,1160,1,0,0,0,1,0,2025,11,6,13,39,43,6,1,0,0,0,0,1
1904,1160,0,0,0,0,0,0,2025,11,6,13,57,26,6,1,0,0,0,0,1
1905,1160,0,0,0,0,0,0,2025,11,7,9,38,41,6,1,0,0,1,0,0
1906,1160,0,0,0,0,0,0,2025,11,7,10,13,56,6,1,0,0,1,0,0
1907,1160,0,0,0,0,0,0,2025,11,7,10,31,35,6,1,0,0,1,0,0
1908,1160,0,0,0,0,0,0,2025,11,7,13,14,26,6,1,0,0,0,0,1
1909,1160,3,0,0,0,3,0,2025,11,7,13,32,6,6,1,0,0,0,0,1
1910,1160,3,0,0,0,3,0,2025,11,7,13,49,44,6,1,0,0,0,0,1
1911,1160,2,0,0,0,2,0,2025,11,7,15,37,19,6,1,0,0,0,0,1
1912,1160,2,0,0,0,2,0,2025,11,7,15,55,1,6,1,0,0,0,0,1
1913,1160,0,0,0,0,0,0,2025,11,8,7,54,48,6,1,0,0,1,0,0
1914,1160,0,0,0,0,0,0,2025,11,8,8,12,27,6,1,0,0,1,0,0
1915,1160,0,0,0,0,0,0,2025,11,8,8,30,7,6,1,0,0,1,0,0
1916,1160,0,0,0,0,0,0,2025,11,8,8,47,45,6,1,0,0,1,0,0
1917,1160,1,0,0,0,1,0,2025,11,8,9,52,23,6,1,0,0,1,0,0
1918,1160,2,0,0,0,2,0,2025,11,8,10,31,52,6,1,0,0,1,0,0
1919,1160,2,0,0,0,2,1,2025,11,8,10,49,28,6,1,0,0,1,0,0
1920,1160,4,0,0,0,4,0,2025,11,8,11,7,5,6,1,0,0,1,0,0
1921,1160,2,0,0,0,2,0,2025,11,8,11,24,45,6,1,0,0,1,0,0
1922,1160,4,0,0,0,4,0,2025,11,8,11,42,25,6,1,0,0,1,0,0
1923,1160,0,0,0,0,0,0,2025,11,8,12,0,5,6,1,0,0,0,0,1
1924,1160,2,0,0,0,2,0,2025,11,8,12,17,43,6,1,0,0,0,0,1
1925,1160,1,0,0,0,1,0,2025,11,8,12,35,17,6,1,0,0,0,0,1
1926,1160,0,0,0,0,0,0,2025,11,8,12,52,53,6,1,0,0,0,0,1
1927,1160,3,0,0,0,3,1,2025,11,8,13,10,30,6,1,0,0,0,0,1
1928,1160,3,0,0,0,3,0,2025,11,8,13,28,6,6,1,0,0,0,0,1
1929,1160,4,0,0,0,4,2,2025,11,8,13,45,44,6,1,0,0,0,0,1
1930,1160,2,0,0,0,2,0,2025,11,8,14,3,21,6,1,0,0,0,0,1
1931,1160,3,0,0,0,3,1,2025,11,8,14,20,58,6,1,0,0,0,0,1
1932,1160,2,0,0,0,2,0,2025,11,8,14,38,35,6,1,0,0,0,0,1
1933,1160,0,0,0,0,0,0,2025,11,8,15,34,19,6,1,0,0,0,0,1
1934,1160,0,0,0,0,0,0,2025,11,8,15,51,57,6,1,0,0,0,0,1
1935,1160,0,0,0,0,0,0,2025,11,8,16,9,36,6,1,0,0,0,0,1
1936,1160,0,0,0,0,0,0,2025,11,8,16,27,15,6,1,0,0,0,0,1
1937,1160,0,0,0,0,0,0,2025,11,8,16,44,56,6,1,0,0,0,0,1
1938,1160,0,0,0,0,0,0,2025,11,8,17,2,36,6,1,0,0,0,0,1
1939,1160,0,0,0,0,0,0,2025,11,8,18,55,23,6,1,0,0,0,1,0
1940,1160,0,0,0,0,0,0,2025,11,8,19,13,1,6,1,0,0,0,1,0
1941,1160,0,0,0,0,0,0,2025,11,8,19,30,40,6,1,0,0,0,1,0
1942,1160,0,0,0,0,0,0,2025,11,8,19,48,17,6,1,0,0,0,1,0
1943,1160,0,0,0,0,0,0,2025,11,9,8,29,46,6,1,0,0,1,0,0
1944,1160,0,0,0,0,0,0,2025,11,9,8,47,24,6,1,0,0,1,0,0
1945,1160,0,0,0,0,0,0,2025,11,9,9,4,59,6,1,0,0,1,0,0
1946,1160,0,0,0,0,0,0,2025,11,9,9,22,37,6,1,0,0,1,0,0
1947,1160,2,0,0,0,2,0,2025,11,9,9,40,14,6,1,0,0,1,0,0
1948,1160,0,0,0,0,0,0,2025,11,9,9,57,53,6,1,0,0,1,0,0
1949,1160,0,0,0,0,0,0,2025,11,9,10,15,32,6,1,0,0,1,0,0
1950,1160,2,0,0,0,2,0,2025,11,9,10,33,12,6,1,0,0,1,0,0
1951,1160,2,0,0,0,2,0,2025,11,9,10,50,46,6,1,0,0,1,0,0
1952,1160,0,0,0,0,0,0,2025,11,9,11,8,22,6,1,0,0,1,0,0
1953,1160,0,0,0,0,0,0,2025,11,9,11,25,59,6,1,0,0,1,0,0
1954,1160,3,0,0,0,3,0,2025,11,9,11,43,39,6,1,0,0,1,0,0
1955,1160,1,0,0,0,1,0,2025,11,9,12,1,23,6,1,0,0,0,0,1
1956,1160,1,0,0,0,1,0,2025,11,9,12,19,1,6,1,0,0,0,0,1
1957,1160,0,0,0,0,0,0,2025,11,9,12,36,39,6,1,0,0,0,0,1
1958,1160,2,0,0,0,2,0,2025,11,9,12,54,20,6,1,0,0,0,0,1
1959,1160,0,0,0,0,0,0,2025,11,9,15,20,14,6,1,0,0,0,0,1
1960,1160,0,0,0,0,0,0,2025,11,9,15,37,52,6,1,0,0,0,0,1
1961,1160,0,0,0,0,0,0,2025,11,9,15,55,33,6,1,0,0,0,0,1
1962,1160,0,0,0,0,0,0,2025,11,9,16,13,11,6,1,0,0,0,0,1
1963,1160,0,0,0,0,0,0,2025,11,9,16,30,51,6,1,0,0,0,0,1
1964,1160,0,0,0,0,0,0,2025,11,9,16,48,29,6,1,0,0,0,0,1
1965,1160,0,0,0,0,0,0,2025,11,9,17,6,3,6,1,0,0,0,0,1
1966,1160,0,0,0,0,0,0,2025,11,9,17,23,42,6,1,0,0,0,0,1
1967,1160,0,0,0,0,0,0,2025,11,9,17,41,21,6,1,0,0,0,0,1
1968,1160,0,0,0,0,0,0,2025,11,9,17,59,0,6,1,0,0,0,0,1
1969,1160,0,0,0,0,0,0,2025,11,9,18,16,39,6,1,0,0,0,1,0
1970,1160,0,0,0,0,0,0,2025,11,9,18,34,16,6,1,0,0,0,1,0
1971,1160,0,0,0,0,0,0,2025,11,9,18,51,54,6,1,0,0,0,1,0
1972,1160,0,0,0,0,0,0,2025,11,9,19,9,30,6,1,0,0,0,1,0
1973,1160,0,0,0,0,0,0,2025,11,9,19,27,8,6,1,0,0,0,1,0
1974,1160,0,0,0,0,0,0,2025,11,9,19,44,44,6,1,0,0,0,1,0
1975,1160,0,0,0,0,0,0,2025,11,11,7,59,35,6,1,0,0,1,0,0
1976,1160,0,0,0,0,0,0,2025,11,11,8,17,9,6,1,0,0,1,0,0
1977,1160,1,0,0,0,1,0,2025,11,11,8,34,42,6,1,0,0,1,0,0
1978,1160,0,0,0,0,0,0,2025,11,11,8,52,17,6,1,0,0,1,0,0
1979,1160,0,0,0,0,0,0,2025,11,11,9,9,54,6,1,0,0,1,0,0
1980,1160,0,0,0,0,0,0,2025,11,11,9,27,29,6,1,0,0,1,0,0
1981,1160,0,0,0,0,0,0,2025,11,11,14,34,50,6,1,0,0,0,0,1
1982,1160,1,0,0,0,1,0,2025,11,11,14,52,28,6,1,0,0,0,0,1
1983,1160,1,0,0,0,1,1,2025,11,11,15,10,8,6,1,0,0,0,0,1
1984,1160,2,0,0,0,2,1,2025,11,11,15,27,49,6,1,0,0,0,0,1
1985,1160,3,0,0,0,3,0,2025,11,11,15,45,31,6,1,0,0,0,0,1
1986,1160,0,0,0,0,0,0,2025,11,11,16,3,12,6,1,0,0,0,0,1
1987,1160,1,0,0,0,1,0,2025,11,11,17,47,59,6,1,0,0,0,0,1
1988,1160,1,0,0,0,1,0,2025,11,11,18,5,34,6,1,0,0,0,1,0
1989,1160,0,0,0,0,0,0,2025,11,11,18,23,10,6,1,0,0,0,1,0
1990,1160,4,0,0,0,4,1,2025,11,11,18,40,47,6,1,0,0,0,1,0
1991,1160,2,0,0,0,2,1,2025,11,11,18,58,25,6,1,0,0,0,1,0
1992,1160,2,0,0,0,2,0,2025,11,11,19,16,3,6,1,0,0,0,1,0
1993,1160,2,0,0,0,2,0,2025,11,11,19,33,39,6,1,0,0,0,1,0
1994,1160,1,0,0,0,1,2,2025,11,11,19,51,22,6,1,0,0,0,1,0
1995,1160,0,0,0,0,0,0,2025,11,12,8,37,12,6,1,0,0,1,0,0
1996,1160,0,0,0,0,0,0,2025,11,12,8,54,55,6,1,0,0,1,0,0
1997,1160,1,0,0,0,1,0,2025,11,12,9,12,39,6,1,0,0,1,0,0
1998,1160,0,0,0,0,0,0,2025,11,12,9,30,32,6,1,0,0,1,0,0
1999,1160,0,0,0,0,0,0,2025,11,12,12,35,7,6,1,0,0,0,0,1
2000,1160,0,0,0,0,0,0,2025,11,14,9,7,13,6,1,0,0,1,0,0
2001,1160,0,0,0,0,0,0,2025,11,14,9,24,50,6,1,0,0,1,0,0
2002,1160,0,0,0,0,0,0,2025,11,14,9,42,33,6,1,0,0,1,0,0
2003,1160,0,0,0,0,0,0,2025,11,14,10,0,11,6,1,0,0,1,0,0
2004,1160,0,0,0,0,0,0,2025,11,14,10,17,50,6,1,0,0,1,0,0
2005,1160,0,0,0,0,0,0,2025,11,14,10,35,31,6,1,0,0,1,0,0
2006,1160,1,0,0,0,1,0,2025,11,15,9,51,25,6,1,0,0,1,0,0
2007,1160,0,0,0,0,0,0,2025,11,15,10,9,5,6,1,0,0,1,0,0
2008,1160,2,0,0,0,2,0,2025,11,15,10,26,46,6,1,0,0,1,0,0
2009,1160,0,0,0,0,0,0,2025,11,15,10,44,29,6,1,0,0,1,0,0
2010,1160,1,0,0,0,1,0,2025,11,15,11,2,19,6,1,0,0,1,0,0
2011,1160,0,0,0,0,0,0,2025,11,15,11,19,57,6,1,0,0,1,0,0
2012,1160,1,0,0,0,1,0,2025,11,15,11,37,38,6,1,0,0,1,0,0
2013,1160,0,0,0,0,0,0,2025,11,15,11,55,19,6,1,0,0,1,0,0
2014,1160,0,0,0,0,0,0,2025,11,15,12,13,0,6,1,0,0,0,0,1
2015,1160,0,0,0,0,0,0,2025,11,15,12,30,40,6,1,0,0,0,0,1
2016,1160,2,0,0,0,2,1,2025,11,15,12,48,22,6,1,0,0,0,0,1
2017,1160,3,0,0,0,3,0,2025,11,15,13,5,59,6,1,0,0,0,0,1
2018,1160,0,0,0,0,0,0,2025,11,16,8,9,23,6,1,0,0,1,0,0
2019,1160,0,0,0,0,0,0,2025,11,16,8,27,3,6,1,0,0,1,0,0
2020,1160,0,0,0,0,0,0,2025,11,16,8,44,50,6,1,0,0,1,0,0
2021,1160,0,0,0,0,0,0,2025,11,16,9,2,33,6,1,0,0,1,0,0
2022,1160,0,0,0,0,0,0,2025,11,16,9,20,13,6,1,0,0,1,0,0
2023,1160,0,0,0,0,0,0,2025,11,16,9,37,55,6,1,0,0,1,0,0
2024,1160,0,0,0,0,0,0,2025,11,16,9,55,36,6,1,0,0,1,0,0
2025,1160,0,0,0,0,0,0,2025,11,16,10,13,23,6,1,0,0,1,0,0
2026,1160,0,0,0,0,0,0,2025,11,16,10,31,6,6,1,0,0,1,0,0
2027,1160,0,0,0,0,0,0,2025,11,16,10,48,54,6,1,0,0,1,0,0
2028,1160,0,0,0,0,0,0,2025,11,16,11,6,55,6,1,0,0,1,0,0
2029,1160,0,0,0,0,0,0,2025,11,17,8,23,50,6,1,0,0,1,0,0
2030,1160,0,0,0,0,0,0,2025,11,17,8,41,33,6,1,0,0,1,0,0
2031,1160,0,0,0,0,0,0,2025,11,17,8,59,11,6,1,0,0,1,0,0
2032,1160,0,0,1,0,1,0,2025,11,17,9,16,50,6,1,0,0,1,0,0
2033,1160,0,0,0,0,0,0,2025,11,17,9,34,29,6,1,0,0,1,0,0
2034,1160,0,0,0,0,0,0,2025,11,17,9,52,8,6,1,0,0,1,0,0
2035,1160,0,0,0,0,0,0,2025,11,17,10,9,47,6,1,0,0,1,0,0
2036,1160,0,0,0,0,0,0,2025,11,17,10,27,28,6,1,0,0,1,0,0
2037,1160,0,0,0,0,0,0,2025,11,17,12,34,28,6,1,0,0,0,0,1
2038,1160,0,0,0,0,0,0,2025,11,17,12,52,6,6,1,0,0,0,0,1
2039,1160,0,0,0,0,0,0,2025,11,17,13,9,45,6,1,0,0,0,0,1
2040,1161,12,0,2,0,14,1,2025,10,27,8,27,15,6,1,0,0,1,0,0
2041,1161,19,0,0,0,19,0,2025,10,27,8,45,0,6,1,0,0,1,0,0
2042,1161,4,0,0,0,4,0,2025,10,27,9,2,39,6,1,0,0,1,0,0
2043,1161,8,1,0,0,9,1,2025,10,27,9,20,19,6,1,0,0,1,0,0
2044,1161,15,0,0,0,15,1,2025,10,27,9,38,1,6,1,0,0,1,0,0
2045,1161,12,0,0,0,12,1,2025,10,27,9,55,45,6,1,0,0,1,0,0
2046,1161,16,0,0,0,16,2,2025,10,27,10,13,30,6,1,0,0,1,0,0
2047,1161,19,2,1,0,22,1,2025,10,27,10,31,17,6,1,0,0,1,0,0
2048,1161,12,3,0,0,15,1,2025,10,27,12,40,20,6,1,0,0,0,0,1
2049,1161,12,3,1,0,16,2,2025,10,27,12,58,4,6,1,0,0,0,0,1
2050,1161,11,0,0,0,11,1,2025,10,27,13,15,51,6,1,0,0,0,0,1
2051,1161,12,1,1,0,14,1,2025,10,27,13,20,57,6,1,0,0,0,0,1
2052,1161,16,1,0,0,17,1,2025,10,27,13,57,20,6,1,0,0,0,0,1
2053,1161,18,0,0,0,18,1,2025,10,27,15,13,23,6,1,0,0,0,0,1
2054,1161,17,1,0,0,18,1,2025,10,27,15,31,10,6,1,0,0,0,0,1
2055,1161,15,2,0,0,17,2,2025,10,27,15,48,57,6,1,0,0,0,0,1
2056,1161,16,0,1,0,17,1,2025,10,27,18,3,0,6,1,0,0,0,1,0
2057,1161,21,1,0,0,22,2,2025,10,27,18,20,36,6,1,0,0,0,1,0
2058,1161,17,0,0,0,17,1,2025,10,27,18,38,13,6,1,0,0,0,1,0
2059,1161,18,1,0,0,19,1,2025,10,28,7,56,27,6,1,0,0,1,0,0
2060,1161,15,0,0,0,15,1,2025,10,28,8,14,4,6,1,0,0,1,0,0
2061,1161,15,0,0,0,15,1,2025,10,28,8,31,40,6,1,0,0,1,0,0
2062,1161,13,1,0,0,14,1,2025,10,28,8,49,17,6,1,0,0,1,0,0
2063,1161,19,1,1,0,21,1,2025,10,28,9,6,52,6,1,0,0,1,0,0
2064,1161,21,0,0,0,21,1,2025,10,28,9,24,28,6,1,0,0,1,0,0
2065,1161,13,2,0,0,15,1,2025,10,28,9,42,8,6,1,0,0,1,0,0
2066,1161,17,2,0,0,19,1,2025,10,28,13,27,55,6,1,0,0,0,0,1
2067,1161,18,1,2,0,21,1,2025,10,28,14,45,48,6,1,0,0,0,0,1
2068,1161,14,1,2,0,17,2,2025,10,28,15,3,30,6,1,0,0,0,0,1
2069,1161,18,0,0,0,18,1,2025,10,28,15,21,18,6,1,0,0,0,0,1
2070,1161,21,0,0,0,21,1,2025,10,28,15,39,4,6,1,0,0,0,0,1
2071,1161,18,2,0,0,20,1,2025,10,28,15,56,49,6,1,0,0,0,0,1
2072,1161,23,1,1,0,25,2,2025,10,28,17,49,8,6,1,0,0,0,0,1
2073,1161,19,3,0,0,22,2,2025,10,28,18,6,45,6,1,0,0,0,1,0
2074,1161,21,2,2,0,25,2,2025,10,28,18,24,25,6,1,0,0,0,1,0
2075,1161,3,0,0,0,3,1,2025,10,28,18,42,3,6,1,0,0,0,1,0
2076,1161,13,0,0,0,13,1,2025,10,28,18,59,42,6,1,0,0,0,1,0
2077,1161,15,0,0,0,15,1,2025,10,28,19,17,19,6,1,0,0,0,1,0
2078,1161,13,0,1,0,14,1,2025,10,28,19,34,58,6,1,0,0,0,1,0
2079,1161,15,0,1,0,16,2,2025,10,28,19,52,35,6,1,0,0,0,1,0
2080,1161,19,1,2,0,22,1,2025,10,29,8,23,46,6,1,0,0,1,0,0
2081,1161,19,1,0,0,20,1,2025,10,29,8,41,23,6,1,0,0,1,0,0
2082,1161,17,0,0,0,17,1,2025,10,29,8,58,59,6,1,0,0,1,0,0
2083,1161,14,1,1,0,16,1,2025,10,29,9,16,34,6,1,0,0,1,0,0
2084,1161,9,4,2,0,15,2,2025,10,29,9,34,11,6,1,0,0,1,0,0
2085,1161,13,2,0,0,15,1,2025,10,29,9,51,47,6,1,0,0,1,0,0
2086,1161,12,3,0,0,15,2,2025,10,29,10,9,25,6,1,0,0,1,0,0
2087,1161,15,0,1,0,16,1,2025,10,29,10,27,4,6,1,0,0,1,0,0
2088,1161,12,2,0,0,14,1,2025,10,29,10,44,43,6,1,0,0,1,0,0
2089,1161,3,1,0,0,4,1,2025,10,29,12,33,36,6,1,0,0,0,0,1
2090,1161,13,1,0,0,14,3,2025,10,29,12,51,16,6,1,0,0,0,0,1
2091,1161,8,1,0,0,9,3,2025,10,29,13,9,5,6,1,0,0,0,0,1
2092,1161,16,0,0,0,16,1,2025,10,29,13,26,47,6,1,0,0,0,0,1
2093,1161,10,1,0,0,11,1,2025,10,29,13,44,32,6,1,0,0,0,0,1
2094,1161,17,2,1,0,20,1,2025,10,29,14,44,14,6,1,0,0,0,0,1
2095,1161,19,2,0,0,21,2,2025,10,29,15,1,59,6,1,0,0,0,0,1
2096,1161,14,3,1,0,18,1,2025,10,29,15,19,42,6,1,0,0,0,0,1
2097,1161,16,1,0,0,17,2,2025,10,29,15,37,22,6,1,0,0,0,0,1
2098,1161,18,0,1,0,19,2,2025,10,29,15,55,2,6,1,0,0,0,0,1
2099,1161,21,0,0,0,21,1,2025,10,30,8,20,39,6,1,0,0,1,0,0
2100,1161,16,1,1,0,18,2,2025,10,30,8,38,22,6,1,0,0,1,0,0
2101,1161,17,0,1,0,18,1,2025,10,30,8,56,4,6,1,0,0,1,0,0
2102,1161,22,1,2,0,25,2,2025,10,30,9,13,56,6,1,0,0,1,0,0
2103,1161,16,1,2,0,19,2,2025,10,30,9,32,5,6,1,0,0,1,0,0
2104,1161,21,2,0,0,23,1,2025,10,30,9,49,56,6,1,0,0,1,0,0
2105,1161,9,0,0,0,9,1,2025,10,30,10,7,47,6,1,0,0,1,0,0
2106,1161,12,1,0,0,13,0,2025,10,30,10,25,35,6,1,0,0,1,0,0
2107,1161,10,2,0,0,12,1,2025,10,30,10,43,18,6,1,0,0,1,0,0
2108,1161,14,2,0,0,16,1,2025,10,30,12,29,52,6,1,0,0,0,0,1
2109,1161,15,1,0,0,16,1,2025,10,30,12,47,23,6,1,0,0,0,0,1
2110,1161,17,0,0,0,17,1,2025,10,30,13,5,7,6,1,0,0,0,0,1
2111,1161,10,1,0,0,11,1,2025,10,30,13,22,53,6,1,0,0,0,0,1
2112,1161,16,0,2,0,18,1,2025,10,30,13,40,40,6,1,0,0,0,0,1
2113,1161,16,1,1,0,18,1,2025,10,30,13,58,25,6,1,0,0,0,0,1
2114,1161,16,0,0,0,16,1,2025,10,30,14,57,27,6,1,0,0,0,0,1
2115,1161,14,2,0,0,16,2,2025,10,30,15,15,20,6,1,0,0,0,0,1
2116,1161,19,0,0,0,19,2,2025,10,30,15,33,4,6,1,0,0,0,0,1
2117,1161,17,1,0,0,18,1,2025,10,30,15,57,49,6,1,0,0,0,0,1
2118,1161,23,0,1,0,24,1,2025,10,30,16,15,37,6,1,0,0,0,0,1
2119,1161,6,0,0,0,6,0,2025,10,30,22,45,51,6,1,0,0,0,1,0
2120,1161,12,0,2,0,14,1,2025,10,31,8,25,19,6,1,0,0,1,0,0
2121,1161,24,0,0,0,24,1,2025,10,31,8,43,7,6,1,0,0,1,0,0
2122,1161,17,0,1,0,18,1,2025,10,31,9,0,54,6,1,0,0,1,0,0
2123,1161,17,0,0,0,17,1,2025,10,31,9,18,38,6,1,0,0,1,0,0
2124,1161,9,4,0,0,13,1,2025,10,31,9,44,15,6,1,0,0,1,0,0
2125,1161,13,3,1,0,17,1,2025,10,31,10,1,57,6,1,0,0,1,0,0
2126,1161,16,1,0,0,17,1,2025,10,31,10,19,41,6,1,0,0,1,0,0
2127,1161,15,1,4,0,20,2,2025,10,31,10,37,21,6,1,0,0,1,0,0
2128,1161,17,3,0,0,20,1,2025,10,31,15,3,45,6,1,0,0,0,0,1
2129,1161,22,1,0,0,23,1,2025,10,31,15,21,36,6,1,0,0,0,0,1
2130,1161,19,1,2,0,22,1,2025,10,31,15,39,29,6,1,0,0,0,0,1
2131,1161,15,0,2,0,17,1,2025,10,31,15,57,18,6,1,0,0,0,0,1
2132,1161,7,1,0,0,8,0,2025,11,1,8,54,59,6,1,0,0,1,0,0
2133,1161,5,0,0,0,5,0,2025,11,1,9,12,42,6,1,0,0,1,0,0
2134,1161,7,1,0,0,8,0,2025,11,1,9,30,36,6,1,0,0,1,0,0
2135,1161,3,0,0,0,3,0,2025,11,1,9,48,24,6,1,0,0,1,0,0
2136,1161,10,2,0,0,12,0,2025,11,1,10,6,13,6,1,0,0,1,0,0
2137,1161,12,0,0,0,12,0,2025,11,1,10,23,57,6,1,0,0,1,0,0
2138,1161,13,0,0,0,13,0,2025,11,1,10,41,48,6,1,0,0,1,0,0
2139,1161,18,0,0,0,18,1,2025,11,1,10,59,38,6,1,0,0,1,0,0
2140,1161,14,0,1,0,15,1,2025,11,1,11,17,24,6,1,0,0,1,0,0
2141,1161,17,0,0,0,17,1,2025,11,1,11,35,4,6,1,0,0,1,0,0
2142,1161,13,1,0,0,14,1,2025,11,1,11,52,50,6,1,0,0,1,0,0
2143,1161,12,0,0,0,12,1,2025,11,1,12,10,44,6,1,0,0,0,0,1
2144,1161,16,1,0,0,17,1,2025,11,1,12,28,36,6,1,0,0,0,0,1
2145,1161,12,0,0,0,12,0,2025,11,1,12,46,32,6,1,0,0,0,0,1
2146,1161,16,0,0,0,16,0,2025,11,1,13,4,18,6,1,0,0,0,0,1
2147,1161,19,1,0,0,20,1,2025,11,1,13,22,6,6,1,0,0,0,0,1
2148,1161,19,2,0,0,21,1,2025,11,1,13,39,53,6,1,0,0,0,0,1
2149,1161,21,0,0,0,21,1,2025,11,1,13,57,43,6,1,0,0,0,0,1
2150,1161,17,0,0,0,17,1,2025,11,1,14,15,34,6,1,0,0,0,0,1
2151,1161,15,0,0,0,15,1,2025,11,1,14,33,47,6,1,0,0,0,0,1
2152,1161,9,1,0,0,10,1,2025,11,1,14,51,48,6,1,0,0,0,0,1
2153,1161,8,0,0,0,8,0,2025,11,1,15,9,38,6,1,0,0,0,0,1
2154,1161,16,0,0,0,16,0,2025,11,1,15,27,25,6,1,0,0,0,0,1
2155,1161,7,0,0,0,7,0,2025,11,1,15,45,18,6,1,0,0,0,0,1
2156,1161,6,1,0,0,7,0,2025,11,1,16,3,13,6,1,0,0,0,0,1
2157,1161,12,0,0,0,12,0,2025,11,1,16,21,1,6,1,0,0,0,0,1
2158,1161,12,1,0,0,13,1,2025,11,1,16,38,49,6,1,0,0,0,0,1
2159,1161,12,1,0,0,13,1,2025,11,1,16,56,48,6,1,0,0,0,0,1
2160,1161,17,0,0,0,17,1,2025,11,1,17,14,48,6,1,0,0,0,0,1
2161,1161,18,1,1,0,20,1,2025,11,1,17,32,33,6,1,0,0,0,0,1
2162,1161,17,1,0,0,18,1,2025,11,1,17,50,28,6,1,0,0,0,0,1
2163,1161,22,0,0,0,22,1,2025,11,1,18,8,20,6,1,0,0,0,1,0
2164,1161,20,0,0,0,20,1,2025,11,1,18,27,6,6,1,0,0,0,1,0
2165,1161,13,0,0,0,13,1,2025,11,1,18,45,1,6,1,0,0,0,1,0
2166,1161,12,0,1,0,13,1,2025,11,1,19,2,48,6,1,0,0,0,1,0
2167,1161,13,0,0,0,13,1,2025,11,1,19,37,22,6,1,0,0,0,1,0
2168,1161,8,0,0,0,8,0,2025,11,2,10,16,54,6,1,0,0,1,0,0
2169,1161,10,0,0,0,10,0,2025,11,2,10,34,48,6,1,0,0,1,0,0
2170,1161,16,0,0,0,16,1,2025,11,2,10,52,33,6,1,0,0,1,0,0
2171,1161,16,0,0,0,16,1,2025,11,2,11,10,25,6,1,0,0,1,0,0
2172,1161,14,0,0,0,14,1,2025,11,2,11,28,14,6,1,0,0,1,0,0
2173,1161,15,0,0,0,15,0,2025,11,2,12,11,30,6,1,0,0,0,0,1
2174,1161,14,2,1,0,17,1,2025,11,2,12,29,15,6,1,0,0,0,0,1
2175,1161,12,1,0,0,13,1,2025,11,2,12,47,4,6,1,0,0,0,0,1
2176,1161,16,0,0,0,16,1,2025,11,2,13,4,47,6,1,0,0,0,0,1
2177,1161,20,0,0,0,20,1,2025,11,2,13,22,26,6,1,0,0,0,0,1
2178,1161,15,0,1,0,16,1,2025,11,2,13,40,5,6,1,0,0,0,0,1
2179,1161,18,1,1,0,20,1,2025,11,2,13,57,43,6,1,0,0,0,0,1
2180,1161,20,0,1,0,21,2,2025,11,2,14,15,22,6,1,0,0,0,0,1
2181,1161,21,0,0,0,21,2,2025,11,2,14,32,58,6,1,0,0,0,0,1
2182,1161,16,0,0,0,16,2,2025,11,2,14,50,34,6,1,0,0,0,0,1
2183,1161,16,0,0,0,16,1,2025,11,2,15,51,7,6,1,0,0,0,0,1
2184,1161,11,0,0,0,11,1,2025,11,2,16,8,45,6,1,0,0,0,0,1
2185,1161,12,1,0,0,13,1,2025,11,2,16,26,24,6,1,0,0,0,0,1
2186,1161,10,0,0,0,10,1,2025,11,2,16,44,3,6,1,0,0,0,0,1
2187,1161,4,0,0,0,4,0,2025,11,3,8,9,20,6,1,0,0,1,0,0
2188,1161,15,0,0,0,15,1,2025,11,3,8,26,56,6,1,0,0,1,0,0
2189,1161,15,2,0,0,17,1,2025,11,3,8,44,34,6,1,0,0,1,0,0
2190,1161,8,1,2,0,11,1,2025,11,3,9,2,11,6,1,0,0,1,0,0
2191,1161,10,2,0,0,12,1,2025,11,3,9,19,48,6,1,0,0,1,0,0
2192,1161,6,0,0,0,6,0,2025,11,3,9,37,26,6,1,0,0,1,0,0
2193,1161,16,0,2,0,18,2,2025,11,4,8,9,37,6,1,0,0,1,0,0
2194,1161,21,0,1,0,22,2,2025,11,4,8,27,13,6,1,0,0,1,0,0
2195,1161,12,3,1,0,16,1,2025,11,4,8,44,49,6,1,0,0,1,0,0
2196,1161,15,3,0,0,18,1,2025,11,4,9,2,25,6,1,0,0,1,0,0
2197,1161,20,2,0,0,22,2,2025,11,4,9,20,3,6,1,0,0,1,0,0
2198,1161,22,3,0,0,25,1,2025,11,4,9,37,43,6,1,0,0,1,0,0
2199,1161,7,1,1,0,9,0,2025,11,4,12,8,56,6,1,0,0,0,0,1
2200,1161,11,0,1,0,12,1,2025,11,4,12,37,17,6,1,0,0,0,0,1
2201,1161,14,0,1,0,15,1,2025,11,4,12,54,58,6,1,0,0,0,0,1
2202,1161,11,1,1,0,13,1,2025,11,4,13,4,23,6,1,0,0,0,0,1
2203,1161,17,1,0,0,18,1,2025,11,4,13,22,3,6,1,0,0,0,0,1
2204,1161,15,2,1,0,18,1,2025,11,4,13,39,42,6,1,0,0,0,0,1
2205,1161,22,0,0,0,22,2,2025,11,4,14,34,4,6,1,0,0,0,0,1
2206,1161,15,1,0,0,16,2,2025,11,4,14,51,43,6,1,0,0,0,0,1
2207,1161,4,0,0,0,4,0,2025,11,4,15,9,29,6,1,0,0,0,0,1
2208,1161,11,1,2,0,14,1,2025,11,4,15,27,15,6,1,0,0,0,0,1
2209,1161,15,1,0,0,16,1,2025,11,4,15,45,15,6,1,0,0,0,0,1
2210,1161,15,1,0,0,16,1,2025,11,4,16,2,57,6,1,0,0,0,0,1
2211,1161,17,1,1,0,19,1,2025,11,4,18,0,10,6,1,0,0,0,1,0
2212,1161,14,0,0,0,14,1,2025,11,4,18,17,48,6,1,0,0,0,1,0
2213,1161,15,0,0,0,15,1,2025,11,4,18,35,26,6,1,0,0,0,1,0
2214,1161,9,1,0,0,10,1,2025,11,4,18,53,4,6,1,0,0,0,1,0
2215,1161,8,1,1,0,10,2,2025,11,4,19,10,42,6,1,0,0,0,1,0
2216,1161,13,0,0,0,13,1,2025,11,4,19,28,21,6,1,0,0,0,1,0
2217,1161,13,0,0,0,13,1,2025,11,4,19,45,59,6,1,0,0,0,1,0
2218,1161,12,0,1,0,13,1,2025,11,4,20,3,35,6,1,0,0,0,1,0
2219,1161,12,0,0,0,12,1,2025,11,4,20,21,12,6,1,0,0,0,1,0
2220,1161,11,0,1,0,12,2,2025,11,4,20,38,52,6,1,0,0,0,1,0
2221,1161,23,0,0,0,23,1,2025,11,5,7,51,25,6,1,0,0,1,0,0
2222,1161,27,2,1,0,30,2,2025,11,5,8,9,2,6,1,0,0,1,0,0
2223,1161,21,1,1,0,23,2,2025,11,5,8,26,39,6,1,0,0,1,0,0
2224,1161,18,2,2,0,22,2,2025,11,5,8,44,15,6,1,0,0,1,0,0
2225,1161,19,1,2,0,22,2,2025,11,5,9,1,51,6,1,0,0,1,0,0
2226,1161,22,2,1,0,25,2,2025,11,5,9,19,28,6,1,0,0,1,0,0
2227,1161,17,2,1,0,20,2,2025,11,5,9,37,4,6,1,0,0,1,0,0
2228,1161,11,3,0,0,14,1,2025,11,5,9,54,41,6,1,0,0,1,0,0
2229,1161,19,2,1,0,22,1,2025,11,5,10,12,18,6,1,0,0,1,0,0
2230,1161,17,2,2,0,21,2,2025,11,5,10,29,56,6,1,0,0,1,0,0
2231,1161,14,1,0,0,15,1,2025,11,5,10,47,31,6,1,0,0,1,0,0
2232,1161,9,1,2,0,12,1,2025,11,5,12,44,11,6,1,0,0,0,0,1
2233,1161,15,0,0,0,15,1,2025,11,5,13,1,52,6,1,0,0,0,0,1
2234,1161,15,1,1,0,17,1,2025,11,5,13,19,31,6,1,0,0,0,0,1
2235,1161,13,2,0,0,15,2,2025,11,5,13,37,13,6,1,0,0,0,0,1
2236,1161,16,4,0,0,20,1,2025,11,5,13,54,56,6,1,0,0,0,0,1
2237,1161,21,1,2,0,24,1,2025,11,5,14,46,47,6,1,0,0,0,0,1
2238,1161,20,0,0,0,20,1,2025,11,5,15,4,27,6,1,0,0,0,0,1
2239,1161,13,1,1,0,15,2,2025,11,5,15,22,7,6,1,0,0,0,0,1
2240,1161,19,1,0,0,20,1,2025,11,5,15,39,50,6,1,0,0,0,0,1
2241,1161,21,1,0,0,22,1,2025,11,5,15,57,34,6,1,0,0,0,0,1
2242,1161,18,0,0,0,18,1,2025,11,6,7,50,53,6,1,0,0,1,0,0
2243,1161,18,1,0,0,19,1,2025,11,6,8,8,36,6,1,0,0,1,0,0
2244,1161,16,0,0,0,16,1,2025,11,6,8,27,6,6,1,0,0,1,0,0
2245,1161,12,0,0,0,12,1,2025,11,6,8,44,47,6,1,0,0,1,0,0
2246,1161,17,1,0,0,18,1,2025,11,6,9,2,31,6,1,0,0,1,0,0
2247,1161,19,0,0,0,19,1,2025,11,6,9,20,11,6,1,0,0,1,0,0
2248,1161,15,4,0,0,19,2,2025,11,6,9,37,57,6,1,0,0,1,0,0
2249,1161,15,0,0,0,15,1,2025,11,6,9,55,41,6,1,0,0,1,0,0
2250,1161,7,0,0,0,7,1,2025,11,6,10,13,36,6,1,0,0,1,0,0
2251,1161,11,0,0,0,11,0,2025,11,6,10,31,19,6,1,0,0,1,0,0
2252,1161,14,0,0,0,14,1,2025,11,6,12,31,11,6,1,0,0,0,0,1
2253,1161,19,0,1,0,20,2,2025,11,6,12,48,51,6,1,0,0,0,0,1
2254,1161,13,1,0,0,14,1,2025,11,6,13,6,31,6,1,0,0,0,0,1
2255,1161,14,1,1,0,16,2,2025,11,6,13,39,52,6,1,0,0,0,0,1
2256,1161,18,1,0,0,19,1,2025,11,6,13,57,34,6,1,0,0,0,0,1
2257,1161,12,0,0,0,12,1,2025,11,7,9,38,45,6,1,0,0,1,0,0
2258,1161,11,2,0,0,13,1,2025,11,7,10,14,1,6,1,0,0,1,0,0
2259,1161,10,0,0,0,10,1,2025,11,7,10,31,39,6,1,0,0,1,0,0
2260,1161,14,0,0,0,14,1,2025,11,7,13,14,32,6,1,0,0,0,0,1
2261,1161,13,0,0,0,13,0,2025,11,7,13,32,10,6,1,0,0,0,0,1
2262,1161,19,1,0,0,20,2,2025,11,7,13,49,49,6,1,0,0,0,0,1
2263,1161,16,1,0,0,17,1,2025,11,7,15,37,23,6,1,0,0,0,0,1
2264,1161,19,0,0,0,19,1,2025,11,7,15,55,4,6,1,0,0,0,0,1
2265,1161,4,0,0,0,4,0,2025,11,8,7,54,53,6,1,0,0,1,0,0
2266,1161,5,0,0,0,5,0,2025,11,8,8,12,33,6,1,0,0,1,0,0
2267,1161,9,0,0,0,9,1,2025,11,8,8,30,12,6,1,0,0,1,0,0
2268,1161,18,1,0,0,19,1,2025,11,8,9,52,29,6,1,0,0,1,0,0
2269,1161,17,0,0,0,17,2,2025,11,8,10,31,55,6,1,0,0,1,0,0
2270,1161,16,0,0,0,16,2,2025,11,8,10,49,32,6,1,0,0,1,0,0
2271,1161,14,0,0,0,14,1,2025,11,8,11,7,11,6,1,0,0,1,0,0
2272,1161,18,1,0,0,19,3,2025,11,8,11,24,51,6,1,0,0,1,0,0
2273,1161,19,0,0,0,19,2,2025,11,8,11,42,30,6,1,0,0,1,0,0
2274,1161,15,0,0,0,15,1,2025,11,8,12,0,10,6,1,0,0,0,0,1
2275,1161,26,1,0,0,27,2,2025,11,8,12,17,45,6,1,0,0,0,0,1
2276,1161,21,0,0,0,21,1,2025,11,8,12,35,20,6,1,0,0,0,0,1
2277,1161,20,1,2,0,23,2,2025,11,8,12,52,57,6,1,0,0,0,0,1
2278,1161,18,0,0,0,18,2,2025,11,8,13,10,34,6,1,0,0,0,0,1
2279,1161,18,0,0,0,18,1,2025,11,8,13,28,11,6,1,0,0,0,0,1
2280,1161,18,0,0,0,18,1,2025,11,8,13,45,48,6,1,0,0,0,0,1
2281,1161,19,0,0,0,19,1,2025,11,8,14,3,26,6,1,0,0,0,0,1
2282,1161,18,0,0,0,18,1,2025,11,8,14,21,2,6,1,0,0,0,0,1
2283,1161,21,1,0,0,22,2,2025,11,8,14,38,39,6,1,0,0,0,0,1
2284,1161,10,1,0,0,11,1,2025,11,8,15,34,24,6,1,0,0,0,0,1
2285,1161,14,0,1,0,15,1,2025,11,8,15,52,3,6,1,0,0,0,0,1
2286,1161,10,1,0,0,11,0,2025,11,8,16,9,42,6,1,0,0,0,0,1
2287,1161,12,1,0,0,13,1,2025,11,8,16,27,22,6,1,0,0,0,0,1
2288,1161,10,0,0,0,10,1,2025,11,8,16,45,2,6,1,0,0,0,0,1
2289,1161,12,0,0,0,12,1,2025,11,8,17,2,39,6,1,0,0,0,0,1
2290,1161,12,1,0,0,13,0,2025,11,8,18,55,27,6,1,0,0,0,1,0
2291,1161,13,0,0,0,13,1,2025,11,8,19,13,6,6,1,0,0,0,1,0
2292,1161,17,1,1,0,19,2,2025,11,8,19,30,45,6,1,0,0,0,1,0
2293,1161,12,0,0,0,12,1,2025,11,8,19,48,20,6,1,0,0,0,1,0
2294,1161,5,0,0,0,5,0,2025,11,9,9,5,5,6,1,0,0,1,0,0
2295,1161,4,0,0,0,4,1,2025,11,9,9,22,41,6,1,0,0,1,0,0
2296,1161,14,0,0,0,14,1,2025,11,9,9,40,20,6,1,0,0,1,0,0
2297,1161,14,1,0,0,15,1,2025,11,9,9,57,59,6,1,0,0,1,0,0
2298,1161,4,0,0,0,4,0,2025,11,9,10,15,38,6,1,0,0,1,0,0
2299,1161,14,0,0,0,14,1,2025,11,9,10,33,14,6,1,0,0,1,0,0
2300,1161,14,0,0,0,14,1,2025,11,9,10,50,50,6,1,0,0,1,0,0
2301,1161,19,0,0,0,19,1,2025,11,9,11,8,26,6,1,0,0,1,0,0
2302,1161,21,0,0,0,21,1,2025,11,9,11,26,5,6,1,0,0,1,0,0
2303,1161,19,0,0,0,19,1,2025,11,9,11,43,50,6,1,0,0,1,0,0
2304,1161,20,0,0,0,20,1,2025,11,9,12,1,28,6,1,0,0,0,0,1
2305,1161,18,0,0,0,18,1,2025,11,9,12,19,6,6,1,0,0,0,0,1
2306,1161,15,0,0,0,15,1,2025,11,9,12,36,46,6,1,0,0,0,0,1
2307,1161,23,0,0,0,23,1,2025,11,9,12,54,26,6,1,0,0,0,0,1
2308,1161,12,0,0,0,12,1,2025,11,9,15,20,19,6,1,0,0,0,0,1
2309,1161,11,0,1,0,12,1,2025,11,9,15,37,59,6,1,0,0,0,0,1
2310,1161,16,1,0,0,17,1,2025,11,9,15,55,38,6,1,0,0,0,0,1
2311,1161,11,0,0,0,11,1,2025,11,9,16,13,18,6,1,0,0,0,0,1
2312,1161,15,0,0,0,15,1,2025,11,9,16,30,56,6,1,0,0,0,0,1
2313,1161,12,0,1,0,13,0,2025,11,9,16,48,32,6,1,0,0,0,0,1
2314,1161,15,1,0,0,16,1,2025,11,9,17,6,9,6,1,0,0,0,0,1
2315,1161,19,0,0,0,19,1,2025,11,9,17,23,48,6,1,0,0,0,0,1
2316,1161,18,0,0,0,18,1,2025,11,9,17,41,26,6,1,0,0,0,0,1
2317,1161,19,1,0,0,20,1,2025,11,9,17,59,6,6,1,0,0,0,0,1
2318,1161,13,2,1,0,16,1,2025,11,9,18,16,43,6,1,0,0,0,1,0
2319,1161,15,0,0,0,15,1,2025,11,9,18,34,21,6,1,0,0,0,1,0
2320,1161,14,0,1,0,15,2,2025,11,9,18,51,57,6,1,0,0,0,1,0
2321,1161,12,0,0,0,12,1,2025,11,9,19,9,35,6,1,0,0,0,1,0
2322,1161,14,0,1,0,15,1,2025,11,9,19,27,12,6,1,0,0,0,1,0
2323,1161,13,0,1,0,14,1,2025,11,9,19,44,48,6,1,0,0,0,1,0
2324,1161,13,1,0,0,14,1,2025,11,11,7,59,37,6,1,0,0,1,0,0
2325,1161,18,0,0,0,18,0,2025,11,11,8,17,11,6,1,0,0,1,0,0
2326,1161,10,0,0,0,10,0,2025,11,11,8,34,46,6,1,0,0,1,0,0
2327,1161,8,3,1,0,12,0,2025,11,11,8,52,21,6,1,0,0,1,0,0
2328,1161,10,1,0,0,11,0,2025,11,11,9,9,57,6,1,0,0,1,0,0
2329,1161,16,1,0,0,17,1,2025,11,11,9,27,33,6,1,0,0,1,0,0
2330,1161,9,1,0,0,10,0,2025,11,12,9,12,49,6,1,0,0,1,0,0
2331,1161,12,2,1,0,15,1,2025,11,12,9,30,42,6,1,0,0,1,0,0
2332,1161,9,0,0,0,9,1,2025,11,12,12,35,16,6,1,0,0,0,0,1
2333,1161,25,3,0,0,28,2,2025,11,14,9,7,17,6,1,0,0,1,0,0
2334,1161,10,2,1,0,13,1,2025,11,14,9,24,57,6,1,0,0,1,0,0
2335,1161,12,1,1,0,14,1,2025,11,14,9,42,37,6,1,0,0,1,0,0
2336,1161,12,0,1,0,13,1,2025,11,14,10,0,16,6,1,0,0,1,0,0
2337,1161,18,2,0,0,20,1,2025,11,14,10,17,58,6,1,0,0,1,0,0
2338,1161,13,2,1,0,16,0,2025,11,14,10,35,36,6,1,0,0,1,0,0
2339,1161,14,0,0,0,14,1,2025,11,15,9,51,31,6,1,0,0,1,0,0
2340,1161,12,1,0,0,13,0,2025,11,15,10,9,12,6,1,0,0,1,0,0
2341,1161,10,0,0,0,10,1,2025,11,15,10,26,53,6,1,0,0,1,0,0
2342,1161,12,2,0,0,14,1,2025,11,15,10,44,45,6,1,0,0,1,0,0
2343,1161,11,1,0,0,12,1,2025,11,15,11,2,23,6,1,0,0,1,0,0
2344,1161,12,0,0,0,12,1,2025,11,15,11,20,4,6,1,0,0,1,0,0
2345,1161,16,0,0,0,16,1,2025,11,15,11,37,44,6,1,0,0,1,0,0
2346,1161,11,0,0,0,11,1,2025,11,15,11,55,25,6,1,0,0,1,0,0
2347,1161,10,0,1,0,11,1,2025,11,15,12,13,6,6,1,0,0,0,0,1
2348,1161,15,0,1,0,16,1,2025,11,15,12,30,45,6,1,0,0,0,0,1
2349,1161,13,1,0,0,14,1,2025,11,15,12,48,26,6,1,0,0,0,0,1
2350,1161,17,1,0,0,18,1,2025,11,15,13,6,5,6,1,0,0,0,0,1
2351,1161,2,0,0,0,2,0,2025,11,16,8,9,28,6,1,0,0,1,0,0
2352,1161,7,0,0,0,7,0,2025,11,16,8,27,10,6,1,0,0,1,0,0
2353,1161,1,0,0,0,1,0,2025,11,16,8,44,57,6,1,0,0,1,0,0
2354,1161,2,0,0,0,2,0,2025,11,16,9,2,39,6,1,0,0,1,0,0
2355,1161,2,2,0,0,4,0,2025,11,16,9,20,19,6,1,0,0,1,0,0
2356,1161,9,0,0,0,9,0,2025,11,16,9,38,1,6,1,0,0,1,0,0
2357,1161,4,1,0,0,5,0,2025,11,16,9,55,42,6,1,0,0,1,0,0
2358,1161,11,0,0,0,11,1,2025,11,16,10,13,31,6,1,0,0,1,0,0
2359,1161,5,0,0,0,5,0,2025,11,16,10,31,17,6,1,0,0,1,0,0
2360,1161,9,1,0,0,10,0,2025,11,16,10,49,10,6,1,0,0,1,0,0
2361,1161,5,1,0,0,6,1,2025,11,16,11,7,3,6,1,0,0,1,0,0
2362,1161,18,1,0,0,19,1,2025,11,17,8,23,55,6,1,0,0,1,0,0
2363,1161,19,1,0,0,20,1,2025,11,17,8,41,39,6,1,0,0,1,0,0
2364,1161,19,1,0,0,20,1,2025,11,17,8,59,16,6,1,0,0,1,0,0
2365,1161,18,0,0,0,18,1,2025,11,17,9,16,56,6,1,0,0,1,0,0
2366,1161,14,1,0,0,15,1,2025,11,17,9,34,35,6,1,0,0,1,0,0
2367,1161,11,1,1,0,13,1,2025,11,17,9,52,14,6,1,0,0,1,0,0
2368,1161,9,1,0,0,10,1,2025,11,17,10,9,52,6,1,0,0,1,0,0
2369,1161,9,2,0,0,11,1,2025,11,17,10,27,34,6,1,0,0,1,0,0
2370,1161,9,0,0,0,9,0,2025,11,17,12,34,32,6,1,0,0,0,0,1
2371,1161,8,1,0,0,9,1,2025,11,17,12,52,11,6,1,0,0,0,0,1
2372,1161,8,1,1,0,10,1,2025,11,17,13,9,51,6,1,0,0,0,0,1
2373,1162,22,0,0,0,22,1,2025,10,27,8,27,15,6,1,0,0,1,0,0
2374,1162,15,2,0,0,17,1,2025,10,27,8,45,1,6,1,0,0,1,0,0
2375,1162,14,0,1,0,15,1,2025,10,27,9,2,39,6,1,0,0,1,0,0
2376,1162,16,1,0,0,17,1,2025,10,27,9,20,19,6,1,0,0,1,0,0
2377,1162,17,2,1,0,20,1,2025,10,27,9,38,1,6,1,0,0,1,0,0
2378,1162,16,2,2,0,20,1,2025,10,27,9,55,45,6,1,0,0,1,0,0
2379,1162,12,1,0,0,13,1,2025,10,27,10,13,31,6,1,0,0,1,0,0
2380,1162,13,0,0,0,13,1,2025,10,27,10,31,17,6,1,0,0,1,0,0
2381,1162,6,0,0,0,6,1,2025,10,27,12,40,20,6,1,0,0,0,0,1
2382,1162,7,0,0,0,7,1,2025,10,27,12,58,4,6,1,0,0,0,0,1
2383,1162,4,1,1,0,6,1,2025,10,27,13,15,51,6,1,0,0,0,0,1
2384,1162,5,0,0,0,5,0,2025,10,27,13,20,58,6,1,0,0,0,0,1
2385,1162,4,0,0,0,4,1,2025,10,27,13,57,20,6,1,0,0,0,0,1
2386,1162,12,2,0,0,14,1,2025,10,27,14,55,38,6,1,0,0,0,0,1
2387,1162,6,3,0,0,9,0,2025,10,27,15,13,24,6,1,0,0,0,0,1
2388,1162,9,1,2,0,12,1,2025,10,27,15,31,10,6,1,0,0,0,0,1
2389,1162,10,0,1,0,11,0,2025,10,27,15,48,57,6,1,0,0,0,0,1
2390,1162,14,1,0,0,15,1,2025,10,27,18,3,0,6,1,0,0,0,1,0
2391,1162,24,0,0,0,24,1,2025,10,27,18,20,37,6,1,0,0,0,1,0
2392,1162,12,0,0,0,12,1,2025,10,27,18,38,13,6,1,0,0,0,1,0
2393,1162,23,1,2,0,26,2,2025,10,28,7,56,27,6,1,0,0,1,0,0
2394,1162,20,2,2,0,24,2,2025,10,28,8,14,4,6,1,0,0,1,0,0
2395,1162,17,0,1,0,18,1,2025,10,28,8,31,40,6,1,0,0,1,0,0
2396,1162,16,1,1,0,18,1,2025,10,28,8,49,17,6,1,0,0,1,0,0
2397,1162,24,2,1,0,27,1,2025,10,28,9,6,52,6,1,0,0,1,0,0
2398,1162,15,0,0,0,15,1,2025,10,28,9,24,28,6,1,0,0,1,0,0
2399,1162,13,1,0,0,14,1,2025,10,28,9,42,8,6,1,0,0,1,0,0
2400,1162,9,2,0,0,11,1,2025,10,28,13,27,56,6,1,0,0,0,0,1
2401,1162,7,0,1,0,8,1,2025,10,28,14,45,48,6,1,0,0,0,0,1
2402,1162,11,0,0,0,11,0,2025,10,28,15,3,30,6,1,0,0,0,0,1
2403,1162,18,2,0,0,20,1,2025,10,28,15,21,19,6,1,0,0,0,0,1
2404,1162,16,0,0,0,16,1,2025,10,28,15,39,5,6,1,0,0,0,0,1
2405,1162,10,2,2,0,14,1,2025,10,28,15,56,50,6,1,0,0,0,0,1
2406,1162,11,1,0,0,12,0,2025,10,28,17,49,8,6,1,0,0,0,0,1
2407,1162,15,0,0,0,15,0,2025,10,28,18,6,45,6,1,0,0,0,1,0
2408,1162,15,2,0,0,17,1,2025,10,28,18,24,25,6,1,0,0,0,1,0
2409,1162,7,0,1,0,8,1,2025,10,28,18,42,4,6,1,0,0,0,1,0
2410,1162,6,1,0,0,7,0,2025,10,28,18,59,42,6,1,0,0,0,1,0
2411,1162,10,0,0,0,10,0,2025,10,28,19,17,19,6,1,0,0,0,1,0
2412,1162,8,0,0,0,8,0,2025,10,28,19,34,58,6,1,0,0,0,1,0
2413,1162,7,1,0,0,8,0,2025,10,28,19,52,36,6,1,0,0,0,1,0
2414,1162,14,1,2,0,17,1,2025,10,29,8,23,46,6,1,0,0,1,0,0
2415,1162,19,2,0,0,21,2,2025,10,29,8,41,23,6,1,0,0,1,0,0
2416,1162,15,2,1,0,18,1,2025,10,29,8,58,59,6,1,0,0,1,0,0
2417,1162,18,1,1,0,20,1,2025,10,29,9,16,34,6,1,0,0,1,0,0
2418,1162,19,1,1,0,21,1,2025,10,29,9,34,11,6,1,0,0,1,0,0
2419,1162,8,0,0,0,8,0,2025,10,29,9,51,47,6,1,0,0,1,0,0
2420,1162,16,3,1,0,20,1,2025,10,29,10,9,26,6,1,0,0,1,0,0
2421,1162,13,0,0,0,13,0,2025,10,29,10,27,4,6,1,0,0,1,0,0
2422,1162,13,2,2,0,17,1,2025,10,29,10,44,43,6,1,0,0,1,0,0
2423,1162,16,3,0,0,19,1,2025,10,29,12,33,36,6,1,0,0,0,0,1
2424,1162,19,1,0,0,20,1,2025,10,29,12,51,16,6,1,0,0,0,0,1
2425,1162,19,1,0,0,20,1,2025,10,29,13,9,5,6,1,0,0,0,0,1
2426,1162,12,1,0,0,13,0,2025,10,29,13,26,48,6,1,0,0,0,0,1
2427,1162,10,1,1,0,12,1,2025,10,29,13,44,33,6,1,0,0,0,0,1
2428,1162,15,1,0,0,16,1,2025,10,29,14,44,14,6,1,0,0,0,0,1
2429,1162,12,2,1,0,15,1,2025,10,29,15,1,59,6,1,0,0,0,0,1
2430,1162,10,3,1,0,14,1,2025,10,29,15,19,42,6,1,0,0,0,0,1
2431,1162,14,0,0,0,14,1,2025,10,29,15,37,22,6,1,0,0,0,0,1
2432,1162,21,1,0,0,22,1,2025,10,29,15,55,3,6,1,0,0,0,0,1
2433,1162,17,3,1,0,21,1,2025,10,30,8,20,40,6,1,0,0,1,0,0
2434,1162,25,2,0,0,27,1,2025,10,30,8,38,22,6,1,0,0,1,0,0
2435,1162,11,1,1,0,13,0,2025,10,30,8,56,5,6,1,0,0,1,0,0
2436,1162,13,3,0,0,16,0,2025,10,30,9,13,56,6,1,0,0,1,0,0
2437,1162,22,2,0,0,24,1,2025,10,30,9,32,5,6,1,0,0,1,0,0
2438,1162,17,0,0,0,17,1,2025,10,30,9,49,56,6,1,0,0,1,0,0
2439,1162,11,0,1,0,12,0,2025,10,30,10,7,48,6,1,0,0,1,0,0
2440,1162,24,1,0,0,25,1,2025,10,30,10,25,35,6,1,0,0,1,0,0
2441,1162,19,2,1,0,22,1,2025,10,30,10,43,19,6,1,0,0,1,0,0
2442,1162,15,3,0,0,18,1,2025,10,30,12,29,52,6,1,0,0,0,0,1
2443,1162,14,2,0,0,16,1,2025,10,30,12,47,23,6,1,0,0,0,0,1
2444,1162,20,1,1,0,22,1,2025,10,30,13,5,7,6,1,0,0,0,0,1
2445,1162,12,1,0,0,13,0,2025,10,30,13,22,53,6,1,0,0,0,0,1
2446,1162,9,2,1,0,12,1,2025,10,30,13,40,40,6,1,0,0,0,0,1
2447,1162,17,1,0,0,18,1,2025,10,30,13,58,25,6,1,0,0,0,0,1
2448,1162,10,1,0,0,11,1,2025,10,30,14,57,27,6,1,0,0,0,0,1
2449,1162,15,0,1,0,16,1,2025,10,30,15,15,21,6,1,0,0,0,0,1
2450,1162,12,2,0,0,14,0,2025,10,30,15,33,4,6,1,0,0,0,0,1
2451,1162,23,2,0,0,25,1,2025,10,30,15,57,50,6,1,0,0,0,0,1
2452,1162,10,0,0,0,10,0,2025,10,30,16,15,37,6,1,0,0,0,0,1
2453,1162,1,1,0,0,2,0,2025,10,30,22,45,51,6,1,0,0,0,1,0
2454,1162,22,1,0,0,23,2,2025,10,31,8,25,19,6,1,0,0,1,0,0
2455,1162,14,1,1,0,16,1,2025,10,31,8,43,7,6,1,0,0,1,0,0
2456,1162,16,0,1,0,17,1,2025,10,31,9,0,54,6,1,0,0,1,0,0
2457,1162,15,1,1,0,17,1,2025,10,31,9,18,38,6,1,0,0,1,0,0
2458,1162,14,0,0,0,14,1,2025,10,31,9,44,16,6,1,0,0,1,0,0
2459,1162,14,1,0,0,15,1,2025,10,31,10,1,57,6,1,0,0,1,0,0
2460,1162,16,3,0,0,19,1,2025,10,31,10,19,42,6,1,0,0,1,0,0
2461,1162,12,0,1,0,13,1,2025,10,31,10,37,21,6,1,0,0,1,0,0
2462,1162,19,1,2,0,22,1,2025,10,31,15,3,45,6,1,0,0,0,0,1
2463,1162,17,3,0,0,20,2,2025,10,31,15,21,36,6,1,0,0,0,0,1
2464,1162,19,5,0,0,24,1,2025,10,31,15,39,29,6,1,0,0,0,0,1
2465,1162,16,0,2,0,18,1,2025,10,31,15,57,19,6,1,0,0,0,0,1
2466,1162,6,1,0,0,7,0,2025,11,1,8,54,59,6,1,0,0,1,0,0
2467,1162,8,0,0,0,8,0,2025,11,1,9,12,42,6,1,0,0,1,0,0
2468,1162,11,2,1,0,14,0,2025,11,1,9,30,36,6,1,0,0,1,0,0
2469,1162,13,0,0,0,13,0,2025,11,1,9,48,24,6,1,0,0,1,0,0
2470,1162,16,0,0,0,16,1,2025,11,1,10,6,14,6,1,0,0,1,0,0
2471,1162,4,1,1,0,6,0,2025,11,1,10,23,57,6,1,0,0,1,0,0
2472,1162,16,1,0,0,17,1,2025,11,1,10,41,48,6,1,0,0,1,0,0
2473,1162,8,0,0,0,8,0,2025,11,1,10,59,39,6,1,0,0,1,0,0
2474,1162,16,1,0,0,17,1,2025,11,1,11,17,24,6,1,0,0,1,0,0
2475,1162,12,0,2,0,14,1,2025,11,1,11,35,4,6,1,0,0,1,0,0
2476,1162,21,0,0,0,21,1,2025,11,1,11,52,51,6,1,0,0,1,0,0
2477,1162,17,0,0,0,17,1,2025,11,1,12,10,44,6,1,0,0,0,0,1
2478,1162,26,0,0,0,26,1,2025,11,1,12,28,36,6,1,0,0,0,0,1
2479,1162,19,1,0,0,20,1,2025,11,1,12,46,32,6,1,0,0,0,0,1
2480,1162,24,1,0,0,25,1,2025,11,1,13,4,19,6,1,0,0,0,0,1
2481,1162,15,0,0,0,15,0,2025,11,1,13,22,7,6,1,0,0,0,0,1
2482,1162,25,0,0,0,25,1,2025,11,1,13,39,53,6,1,0,0,0,0,1
2483,1162,21,2,0,0,23,1,2025,11,1,13,57,43,6,1,0,0,0,0,1
2484,1162,16,1,1,0,18,1,2025,11,1,14,15,34,6,1,0,0,0,0,1
2485,1162,13,0,1,0,14,1,2025,11,1,14,33,53,6,1,0,0,0,0,1
2486,1162,12,0,0,0,12,0,2025,11,1,14,51,49,6,1,0,0,0,0,1
2487,1162,10,0,0,0,10,0,2025,11,1,15,9,38,6,1,0,0,0,0,1
2488,1162,9,0,0,0,9,0,2025,11,1,15,27,25,6,1,0,0,0,0,1
2489,1162,10,0,0,0,10,0,2025,11,1,15,45,18,6,1,0,0,0,0,1
2490,1162,12,1,0,0,13,1,2025,11,1,16,3,14,6,1,0,0,0,0,1
2491,1162,9,0,2,0,11,1,2025,11,1,16,21,2,6,1,0,0,0,0,1
2492,1162,9,0,0,0,9,1,2025,11,1,16,38,49,6,1,0,0,0,0,1
2493,1162,6,1,0,0,7,0,2025,11,1,16,56,53,6,1,0,0,0,0,1
2494,1162,4,1,0,0,5,0,2025,11,1,17,14,49,6,1,0,0,0,0,1
2495,1162,10,2,0,0,12,1,2025,11,1,17,32,33,6,1,0,0,0,0,1
2496,1162,8,3,0,0,11,1,2025,11,1,17,50,28,6,1,0,0,0,0,1
2497,1162,7,0,0,0,7,0,2025,11,1,18,8,21,6,1,0,0,0,1,0
2498,1162,9,0,0,0,9,0,2025,11,1,18,27,6,6,1,0,0,0,1,0
2499,1162,8,0,0,0,8,0,2025,11,1,18,45,2,6,1,0,0,0,1,0
2500,1162,7,1,0,0,8,1,2025,11,1,19,2,48,6,1,0,0,0,1,0
2501,1162,7,0,0,0,7,1,2025,11,1,19,37,22,6,1,0,0,0,1,0
2502,1162,12,0,0,0,12,0,2025,11,2,10,16,54,6,1,0,0,1,0,0
2503,1162,13,0,0,0,13,1,2025,11,2,10,34,49,6,1,0,0,1,0,0
2504,1162,11,1,0,0,12,1,2025,11,2,10,52,33,6,1,0,0,1,0,0
2505,1162,18,0,1,0,19,1,2025,11,2,11,10,26,6,1,0,0,1,0,0
2506,1162,7,0,0,0,7,1,2025,11,2,11,28,14,6,1,0,0,1,0,0
2507,1162,15,0,0,0,15,1,2025,11,2,12,11,30,6,1,0,0,0,0,1
2508,1162,16,0,0,0,16,1,2025,11,2,12,29,15,6,1,0,0,0,0,1
2509,1162,19,0,0,0,19,1,2025,11,2,12,47,5,6,1,0,0,0,0,1
2510,1162,21,2,1,0,24,1,2025,11,2,13,4,47,6,1,0,0,0,0,1
2511,1162,27,0,0,0,27,1,2025,11,2,13,22,26,6,1,0,0,0,0,1
2512,1162,23,0,0,0,23,1,2025,11,2,13,40,5,6,1,0,0,0,0,1
2513,1162,23,2,0,0,25,2,2025,11,2,13,57,43,6,1,0,0,0,0,1
2514,1162,9,1,0,0,10,0,2025,11,2,14,15,22,6,1,0,0,0,0,1
2515,1162,16,2,0,0,18,1,2025,11,2,14,32,58,6,1,0,0,0,0,1
2516,1162,12,0,0,0,12,0,2025,11,2,14,50,35,6,1,0,0,0,0,1
2517,1162,19,0,1,0,20,1,2025,11,2,15,51,7,6,1,0,0,0,0,1
2518,1162,10,0,1,0,11,0,2025,11,2,16,8,45,6,1,0,0,0,0,1
2519,1162,11,0,0,0,11,1,2025,11,2,16,26,25,6,1,0,0,0,0,1
2520,1162,15,2,0,0,17,1,2025,11,2,16,44,4,6,1,0,0,0,0,1
2521,1162,11,1,0,0,12,0,2025,11,3,8,9,20,6,1,0,0,1,0,0
2522,1162,13,1,0,0,14,0,2025,11,3,8,26,56,6,1,0,0,1,0,0
2523,1162,12,0,0,0,12,0,2025,11,3,8,44,34,6,1,0,0,1,0,0
2524,1162,4,0,0,0,4,0,2025,11,3,9,2,11,6,1,0,0,1,0,0
2525,1162,6,0,0,0,6,0,2025,11,3,9,19,48,6,1,0,0,1,0,0
2526,1162,10,0,1,0,11,0,2025,11,3,9,37,26,6,1,0,0,1,0,0
2527,1162,18,0,3,0,21,2,2025,11,4,8,9,37,6,1,0,0,1,0,0
2528,1162,19,2,1,0,22,2,2025,11,4,8,27,13,6,1,0,0,1,0,0
2529,1162,25,1,2,0,28,2,2025,11,4,8,44,50,6,1,0,0,1,0,0
2530,1162,13,0,2,0,15,1,2025,11,4,9,2,26,6,1,0,0,1,0,0
2531,1162,21,1,0,0,22,1,2025,11,4,9,20,4,6,1,0,0,1,0,0
2532,1162,15,0,0,0,15,1,2025,11,4,9,37,43,6,1,0,0,1,0,0
2533,1162,4,0,0,0,4,1,2025,11,4,12,8,56,6,1,0,0,0,0,1
2534,1162,6,3,0,0,9,1,2025,11,4,12,37,17,6,1,0,0,0,0,1
2535,1162,5,2,0,0,7,1,2025,11,4,12,54,58,6,1,0,0,0,0,1
2536,1162,5,2,0,0,7,1,2025,11,4,13,4,23,6,1,0,0,0,0,1
2537,1162,1,3,0,0,4,2,2025,11,4,13,22,3,6,1,0,0,0,0,1
2538,1162,7,0,0,0,7,1,2025,11,4,13,39,42,6,1,0,0,0,0,1
2539,1162,7,0,0,0,7,1,2025,11,4,14,34,4,6,1,0,0,0,0,1
2540,1162,11,2,0,0,13,0,2025,11,4,14,51,44,6,1,0,0,0,0,1
2541,1162,10,1,0,0,11,0,2025,11,4,15,9,30,6,1,0,0,0,0,1
2542,1162,9,0,0,0,9,0,2025,11,4,15,27,16,6,1,0,0,0,0,1
2543,1162,7,1,0,0,8,0,2025,11,4,15,45,15,6,1,0,0,0,0,1
2544,1162,9,1,0,0,10,0,2025,11,4,16,2,57,6,1,0,0,0,0,1
2545,1162,10,1,0,0,11,0,2025,11,4,18,0,11,6,1,0,0,0,1,0
2546,1162,4,1,0,0,5,0,2025,11,4,18,17,48,6,1,0,0,0,1,0
2547,1162,12,0,0,0,12,0,2025,11,4,18,35,26,6,1,0,0,0,1,0
2548,1162,5,0,0,0,5,0,2025,11,4,18,53,5,6,1,0,0,0,1,0
2549,1162,5,0,0,0,5,0,2025,11,4,19,10,42,6,1,0,0,0,1,0
2550,1162,2,0,0,0,2,0,2025,11,4,19,28,21,6,1,0,0,0,1,0
2551,1162,5,0,0,0,5,0,2025,11,4,19,45,59,6,1,0,0,0,1,0
2552,1162,10,0,0,0,10,0,2025,11,4,20,3,35,6,1,0,0,0,1,0
2553,1162,3,0,0,0,3,0,2025,11,4,20,21,13,6,1,0,0,0,1,0
2554,1162,4,0,0,0,4,0,2025,11,4,20,38,52,6,1,0,0,0,1,0
2555,1162,14,3,1,0,18,1,2025,11,5,7,51,25,6,1,0,0,1,0,0
2556,1162,20,2,0,0,22,1,2025,11,5,8,9,2,6,1,0,0,1,0,0
2557,1162,24,1,1,0,26,1,2025,11,5,8,26,40,6,1,0,0,1,0,0
2558,1162,24,0,2,0,26,1,2025,11,5,8,44,15,6,1,0,0,1,0,0
2559,1162,15,1,1,0,17,1,2025,11,5,9,1,52,6,1,0,0,1,0,0
2560,1162,25,2,1,0,28,1,2025,11,5,9,19,28,6,1,0,0,1,0,0
2561,1162,16,3,0,0,19,1,2025,11,5,9,37,4,6,1,0,0,1,0,0
2562,1162,16,1,0,0,17,1,2025,11,5,9,54,41,6,1,0,0,1,0,0
2563,1162,11,2,1,0,14,1,2025,11,5,10,12,18,6,1,0,0,1,0,0
2564,1162,10,0,1,0,11,0,2025,11,5,10,29,56,6,1,0,0,1,0,0
2565,1162,7,1,0,0,8,0,2025,11,5,10,47,31,6,1,0,0,1,0,0
2566,1162,7,1,0,0,8,0,2025,11,5,12,44,12,6,1,0,0,0,0,1
2567,1162,12,2,0,0,14,0,2025,11,5,13,1,52,6,1,0,0,0,0,1
2568,1162,16,0,1,0,17,1,2025,11,5,13,19,31,6,1,0,0,0,0,1
2569,1162,21,1,1,0,23,1,2025,11,5,13,37,13,6,1,0,0,0,0,1
2570,1162,16,1,0,0,17,1,2025,11,5,13,54,57,6,1,0,0,0,0,1
2571,1162,19,3,1,0,23,1,2025,11,5,14,46,47,6,1,0,0,0,0,1
2572,1162,17,2,3,0,22,1,2025,11,5,15,4,27,6,1,0,0,0,0,1
2573,1162,15,2,0,0,17,1,2025,11,5,15,22,7,6,1,0,0,0,0,1
2574,1162,16,1,1,0,18,1,2025,11,5,15,39,50,6,1,0,0,0,0,1
2575,1162,9,0,1,0,10,1,2025,11,5,15,57,34,6,1,0,0,0,0,1
2576,1162,16,1,0,0,17,1,2025,11,6,7,50,53,6,1,0,0,1,0,0
2577,1162,15,4,0,0,19,1,2025,11,6,8,8,36,6,1,0,0,1,0,0
2578,1162,15,1,0,0,16,1,2025,11,6,8,27,6,6,1,0,0,1,0,0
2579,1162,11,1,0,0,12,0,2025,11,6,8,44,47,6,1,0,0,1,0,0
2580,1162,18,0,1,0,19,1,2025,11,6,9,2,31,6,1,0,0,1,0,0
2581,1162,15,1,1,0,17,1,2025,11,6,9,20,11,6,1,0,0,1,0,0
2582,1162,14,1,0,0,15,0,2025,11,6,9,37,57,6,1,0,0,1,0,0
2583,1162,10,1,0,0,11,0,2025,11,6,9,55,42,6,1,0,0,1,0,0
2584,1162,11,0,0,0,11,0,2025,11,6,10,13,36,6,1,0,0,1,0,0
2585,1162,13,1,0,0,14,1,2025,11,6,10,31,20,6,1,0,0,1,0,0
2586,1162,16,0,0,0,16,1,2025,11,6,12,31,11,6,1,0,0,0,0,1
2587,1162,12,1,0,0,13,0,2025,11,6,12,48,51,6,1,0,0,0,0,1
2588,1162,15,2,0,0,17,1,2025,11,6,13,6,32,6,1,0,0,0,0,1
2589,1162,14,2,0,0,16,1,2025,11,6,13,39,52,6,1,0,0,0,0,1
2590,1162,13,1,0,0,14,1,2025,11,6,13,57,34,6,1,0,0,0,0,1
2591,1162,17,2,1,0,20,1,2025,11,7,9,38,45,6,1,0,0,1,0,0
2592,1162,15,0,0,0,15,1,2025,11,7,10,14,2,6,1,0,0,1,0,0
2593,1162,14,2,0,0,16,1,2025,11,7,10,31,40,6,1,0,0,1,0,0
2594,1162,11,2,0,0,13,1,2025,11,7,13,14,32,6,1,0,0,0,0,1
2595,1162,17,1,1,0,19,1,2025,11,7,13,32,10,6,1,0,0,0,0,1
2596,1162,16,1,2,0,19,1,2025,11,7,13,49,49,6,1,0,0,0,0,1
2597,1162,21,1,0,0,22,1,2025,11,7,15,37,23,6,1,0,0,0,0,1
2598,1162,20,2,2,0,24,1,2025,11,7,15,55,4,6,1,0,0,0,0,1
2599,1162,5,1,0,0,6,0,2025,11,8,7,54,53,6,1,0,0,1,0,0
2600,1162,8,1,0,0,9,0,2025,11,8,8,12,33,6,1,0,0,1,0,0
2601,1162,10,0,0,0,10,0,2025,11,8,8,30,13,6,1,0,0,1,0,0
2602,1162,7,0,0,0,7,1,2025,11,8,8,47,49,6,1,0,0,1,0,0
2603,1162,14,0,1,0,15,1,2025,11,8,9,52,29,6,1,0,0,1,0,0
2604,1162,15,1,0,0,16,1,2025,11,8,10,31,55,6,1,0,0,1,0,0
2605,1162,12,1,0,0,13,1,2025,11,8,10,49,33,6,1,0,0,1,0,0
2606,1162,20,2,0,0,22,1,2025,11,8,11,7,11,6,1,0,0,1,0,0
2607,1162,17,0,0,0,17,1,2025,11,8,11,24,51,6,1,0,0,1,0,0
2608,1162,17,0,0,0,17,0,2025,11,8,11,42,31,6,1,0,0,1,0,0
2609,1162,15,0,0,0,15,0,2025,11,8,12,0,10,6,1,0,0,0,0,1
2610,1162,12,2,0,0,14,1,2025,11,8,12,17,46,6,1,0,0,0,0,1
2611,1162,19,0,0,0,19,1,2025,11,8,12,35,21,6,1,0,0,0,0,1
2612,1162,20,3,0,0,23,1,2025,11,8,12,52,57,6,1,0,0,0,0,1
2613,1162,4,0,0,0,4,0,2025,11,8,13,10,34,6,1,0,0,0,0,1
2614,1162,20,0,0,0,20,1,2025,11,8,13,28,11,6,1,0,0,0,0,1
2615,1162,4,0,0,0,4,0,2025,11,8,13,45,49,6,1,0,0,0,0,1
2616,1162,4,0,0,0,4,0,2025,11,8,14,3,26,6,1,0,0,0,0,1
2617,1162,9,0,0,0,9,1,2025,11,8,14,21,2,6,1,0,0,0,0,1
2618,1162,4,0,0,0,4,0,2025,11,8,14,38,39,6,1,0,0,0,0,1
2619,1162,7,1,0,0,8,1,2025,11,8,15,34,24,6,1,0,0,0,0,1
2620,1162,4,1,0,0,5,0,2025,11,8,15,52,3,6,1,0,0,0,0,1
2621,1162,6,2,0,0,8,1,2025,11,8,16,9,42,6,1,0,0,0,0,1
2622,1162,3,1,0,0,4,0,2025,11,8,16,27,22,6,1,0,0,0,0,1
2623,1162,10,1,0,0,11,1,2025,11,8,16,45,3,6,1,0,0,0,0,1
2624,1162,20,0,0,0,20,1,2025,11,8,17,2,39,6,1,0,0,0,0,1
2625,1162,9,0,0,0,9,1,2025,11,8,18,55,28,6,1,0,0,0,1,0
2626,1162,14,0,0,0,14,1,2025,11,8,19,13,6,6,1,0,0,0,1,0
2627,1162,6,0,0,0,6,1,2025,11,8,19,30,45,6,1,0,0,0,1,0
2628,1162,8,0,0,0,8,1,2025,11,8,19,48,20,6,1,0,0,0,1,0
2629,1162,3,1,0,0,4,0,2025,11,9,8,29,51,6,1,0,0,1,0,0
2630,1162,4,0,0,0,4,0,2025,11,9,8,47,27,6,1,0,0,1,0,0
2631,1162,2,0,0,0,2,0,2025,11,9,9,5,5,6,1,0,0,1,0,0
2632,1162,3,0,0,0,3,0,2025,11,9,9,22,41,6,1,0,0,1,0,0
2633,1162,5,1,1,0,7,0,2025,11,9,9,40,20,6,1,0,0,1,0,0
2634,1162,6,0,0,0,6,0,2025,11,9,9,57,59,6,1,0,0,1,0,0
2635,1162,4,0,0,0,4,0,2025,11,9,10,15,38,6,1,0,0,1,0,0
2636,1162,6,0,0,0,6,0,2025,11,9,10,33,14,6,1,0,0,1,0,0
2637,1162,11,0,0,0,11,1,2025,11,9,10,50,50,6,1,0,0,1,0,0
2638,1162,12,0,0,0,12,0,2025,11,9,11,8,27,6,1,0,0,1,0,0
2639,1162,17,0,0,0,17,1,2025,11,9,11,26,5,6,1,0,0,1,0,0
2640,1162,19,0,0,0,19,1,2025,11,9,11,43,50,6,1,0,0,1,0,0
2641,1162,14,0,0,0,14,1,2025,11,9,12,1,28,6,1,0,0,0,0,1
2642,1162,10,0,0,0,10,0,2025,11,9,12,19,6,6,1,0,0,0,0,1
2643,1162,15,0,0,0,15,0,2025,11,9,12,36,46,6,1,0,0,0,0,1
2644,1162,15,2,1,0,18,1,2025,11,9,12,54,27,6,1,0,0,0,0,1
2645,1162,16,1,1,0,18,1,2025,11,9,15,20,19,6,1,0,0,0,0,1
2646,1162,6,1,0,0,7,0,2025,11,9,15,37,59,6,1,0,0,0,0,1
2647,1162,10,0,0,0,10,1,2025,11,9,15,55,38,6,1,0,0,0,0,1
2648,1162,12,0,0,0,12,1,2025,11,9,16,13,18,6,1,0,0,0,0,1
2649,1162,11,0,1,0,12,1,2025,11,9,16,30,57,6,1,0,0,0,0,1
2650,1162,17,1,1,0,19,1,2025,11,9,16,48,32,6,1,0,0,0,0,1
2651,1162,16,2,1,0,19,1,2025,11,9,17,6,9,6,1,0,0,0,0,1
2652,1162,16,1,0,0,17,1,2025,11,9,17,23,48,6,1,0,0,0,0,1
2653,1162,21,0,0,0,21,1,2025,11,9,17,41,27,6,1,0,0,0,0,1
2654,1162,20,2,1,0,23,2,2025,11,9,17,59,6,6,1,0,0,0,0,1
2655,1162,18,1,0,0,19,1,2025,11,9,18,16,43,6,1,0,0,0,1,0
2656,1162,15,0,0,0,15,1,2025,11,9,18,34,22,6,1,0,0,0,1,0
2657,1162,9,0,0,0,9,1,2025,11,9,18,51,57,6,1,0,0,0,1,0
2658,1162,11,0,0,0,11,1,2025,11,9,19,9,35,6,1,0,0,0,1,0
2659,1162,14,0,0,0,14,1,2025,11,9,19,27,12,6,1,0,0,0,1,0
2660,1162,16,1,0,0,17,2,2025,11,9,19,44,48,6,1,0,0,0,1,0
2661,1162,14,0,0,0,14,1,2025,11,11,7,59,37,6,1,0,0,1,0,0
2662,1162,12,2,0,0,14,1,2025,11,11,8,17,11,6,1,0,0,1,0,0
2663,1162,17,2,1,0,20,1,2025,11,11,8,34,46,6,1,0,0,1,0,0
2664,1162,13,1,1,0,15,1,2025,11,11,8,52,21,6,1,0,0,1,0,0
2665,1162,17,1,1,0,19,1,2025,11,11,9,9,57,6,1,0,0,1,0,0
2666,1162,19,0,0,0,19,1,2025,11,11,9,27,33,6,1,0,0,1,0,0
2667,1162,16,1,2,0,19,1,2025,11,11,14,34,55,6,1,0,0,0,0,1
2668,1162,23,0,1,0,24,1,2025,11,11,14,52,35,6,1,0,0,0,0,1
2669,1162,13,1,1,0,15,1,2025,11,11,15,10,15,6,1,0,0,0,0,1
2670,1162,18,1,1,0,20,1,2025,11,11,15,27,57,6,1,0,0,0,0,1
2671,1162,11,2,1,0,14,1,2025,11,11,15,45,39,6,1,0,0,0,0,1
2672,1162,11,1,1,0,13,1,2025,11,11,16,3,18,6,1,0,0,0,0,1
2673,1162,22,0,0,0,22,1,2025,11,11,17,48,2,6,1,0,0,0,0,1
2674,1162,20,0,1,0,21,1,2025,11,11,18,5,38,6,1,0,0,0,1,0
2675,1162,14,1,0,0,15,1,2025,11,11,18,23,13,6,1,0,0,0,1,0
2676,1162,11,0,0,0,11,1,2025,11,11,18,40,52,6,1,0,0,0,1,0
2677,1162,9,0,0,0,9,1,2025,11,11,18,58,30,6,1,0,0,0,1,0
2678,1162,8,0,0,0,8,1,2025,11,11,19,16,7,6,1,0,0,0,1,0
2679,1162,5,1,0,0,6,0,2025,11,11,19,33,44,6,1,0,0,0,1,0
2680,1162,7,0,0,0,7,1,2025,11,11,19,51,26,6,1,0,0,0,1,0
2681,1162,16,0,1,0,17,1,2025,11,12,8,37,20,6,1,0,0,1,0,0
2682,1162,19,1,2,0,22,1,2025,11,12,8,55,3,6,1,0,0,1,0,0
2683,1162,19,3,0,0,22,1,2025,11,12,9,12,49,6,1,0,0,1,0,0
2684,1162,16,3,0,0,19,1,2025,11,12,9,30,42,6,1,0,0,1,0,0
2685,1162,16,1,1,0,18,1,2025,11,12,12,35,17,6,1,0,0,0,0,1
2686,1162,19,0,2,0,21,2,2025,11,14,9,7,17,6,1,0,0,1,0,0
2687,1162,19,0,0,0,19,1,2025,11,14,9,24,57,6,1,0,0,1,0,0
2688,1162,16,1,1,0,18,1,2025,11,14,9,42,37,6,1,0,0,1,0,0
2689,1162,16,0,2,0,18,1,2025,11,14,10,0,16,6,1,0,0,1,0,0
2690,1162,8,3,0,0,11,1,2025,11,14,10,17,59,6,1,0,0,1,0,0
2691,1162,15,3,0,0,18,1,2025,11,14,10,35,36,6,1,0,0,1,0,0
2692,1162,18,0,0,0,18,1,2025,11,15,9,51,31,6,1,0,0,1,0,0
2693,1162,10,1,1,0,12,1,2025,11,15,10,9,12,6,1,0,0,1,0,0
2694,1162,6,1,0,0,7,1,2025,11,15,10,26,53,6,1,0,0,1,0,0
2695,1162,12,0,0,0,12,0,2025,11,15,10,44,45,6,1,0,0,1,0,0
2696,1162,15,1,0,0,16,1,2025,11,15,11,2,23,6,1,0,0,1,0,0
2697,1162,13,1,2,0,16,1,2025,11,15,11,20,4,6,1,0,0,1,0,0
2698,1162,17,1,0,0,18,1,2025,11,15,11,37,45,6,1,0,0,1,0,0
2699,1162,14,0,0,0,14,1,2025,11,15,11,55,25,6,1,0,0,1,0,0
2700,1162,13,1,0,0,14,1,2025,11,15,12,13,6,6,1,0,0,0,0,1
2701,1162,17,1,0,0,18,1,2025,11,15,12,30,45,6,1,0,0,0,0,1
2702,1162,16,0,0,0,16,1,2025,11,15,12,48,26,6,1,0,0,0,0,1
2703,1162,20,1,1,0,22,1,2025,11,15,13,6,5,6,1,0,0,0,0,1
2704,1162,1,1,0,0,2,0,2025,11,16,8,9,28,6,1,0,0,1,0,0
2705,1162,2,0,0,0,2,0,2025,11,16,8,27,10,6,1,0,0,1,0,0
2706,1162,3,2,0,0,5,0,2025,11,16,8,44,57,6,1,0,0,1,0,0
2707,1162,3,0,0,0,3,0,2025,11,16,9,2,39,6,1,0,0,1,0,0
2708,1162,6,1,1,0,8,1,2025,11,16,9,20,19,6,1,0,0,1,0,0
2709,1162,5,0,0,0,5,0,2025,11,16,9,38,1,6,1,0,0,1,0,0
2710,1162,14,1,1,0,16,1,2025,11,16,9,55,42,6,1,0,0,1,0,0
2711,1162,12,1,0,0,13,1,2025,11,16,10,13,31,6,1,0,0,1,0,0
2712,1162,10,1,1,0,12,1,2025,11,16,10,31,18,6,1,0,0,1,0,0
2713,1162,6,0,0,0,6,0,2025,11,16,10,49,10,6,1,0,0,1,0,0
2714,1162,18,0,0,0,18,1,2025,11,16,11,7,3,6,1,0,0,1,0,0
2715,1162,19,3,2,0,24,1,2025,11,17,8,23,55,6,1,0,0,1,0,0
2716,1162,22,1,2,0,25,1,2025,11,17,8,41,39,6,1,0,0,1,0,0
2717,1162,26,1,0,0,27,1,2025,11,17,8,59,16,6,1,0,0,1,0,0
2718,1162,16,1,0,0,17,1,2025,11,17,9,16,56,6,1,0,0,1,0,0
2719,1162,17,3,2,0,22,1,2025,11,17,9,34,35,6,1,0,0,1,0,0
2720,1162,18,2,1,0,21,1,2025,11,17,9,52,14,6,1,0,0,1,0,0
2721,1162,13,2,1,0,16,1,2025,11,17,10,9,52,6,1,0,0,1,0,0
2722,1162,14,4,0,0,18,1,2025,11,17,10,27,34,6,1,0,0,1,0,0
2723,1162,19,1,1,0,21,1,2025,11,17,12,34,33,6,1,0,0,0,0,1
2724,1162,11,1,1,0,13,1,2025,11,17,12,52,12,6,1,0,0,0,0,1
2725,1162,20,1,0,0,21,1,2025,11,17,13,9,52,6,1,0,0,0,0,1
2726,1676,6,3,0,0,9,1,2025,10,27,8,27,9,4,1,0,0,1,0,0
2727,1676,4,3,0,0,7,1,2025,10,27,8,44,51,4,1,0,0,1,0,0
2728,1676,2,4,1,0,7,1,2025,10,27,9,2,36,4,1,0,0,1,0,0
2729,1676,8,3,0,0,11,1,2025,10,27,9,20,13,4,1,0,0,1,0,0
2730,1676,4,5,0,0,9,1,2025,10,27,9,37,54,4,1,0,0,1,0,0
2731,1676,9,3,0,0,12,1,2025,10,27,9,55,36,4,1,0,0,1,0,0
2732,1676,8,8,0,0,16,1,2025,10,27,10,13,21,4,1,0,0,1,0,0
2733,1676,10,4,1,0,15,1,2025,10,27,10,31,10,4,1,0,0,1,0,0
2734,1676,12,5,0,0,17,1,2025,10,27,12,40,12,4,1,0,0,0,0,1
2735,1676,7,5,0,0,12,1,2025,10,27,12,57,55,4,1,0,0,0,0,1
2736,1676,9,7,1,0,17,2,2025,10,27,13,15,40,4,1,0,0,0,0,1
2737,1676,13,5,0,0,18,1,2025,10,27,13,20,48,4,1,0,0,0,0,1
2738,1676,12,6,0,0,18,1,2025,10,27,13,57,12,4,1,0,0,0,0,1
2739,1676,13,6,0,0,19,2,2025,10,27,14,55,33,4,1,0,0,0,0,1
2740,1676,12,7,2,0,21,1,2025,10,27,15,13,18,4,1,0,0,0,0,1
2741,1676,8,9,1,0,18,1,2025,10,27,15,31,4,4,1,0,0,0,0,1
2742,1676,9,6,0,0,15,1,2025,10,27,15,48,53,4,1,0,0,0,0,1
2743,1676,10,6,1,0,17,1,2025,10,27,18,2,57,4,1,0,0,0,1,0
2744,1676,16,4,0,0,20,2,2025,10,27,18,20,33,4,1,0,0,0,1,0
2745,1676,12,5,0,0,17,2,2025,10,27,18,38,9,4,1,0,0,0,1,0
2746,1676,21,4,1,0,26,2,2025,10,28,7,56,24,4,1,0,0,1,0,0
2747,1676,13,2,0,0,15,1,2025,10,28,8,14,0,4,1,0,0,1,0,0
2748,1676,18,3,4,0,25,1,2025,10,28,8,31,37,4,1,0,0,1,0,0
2749,1676,16,4,1,0,21,2,2025,10,28,8,49,13,4,1,0,0,1,0,0
2750,1676,18,6,1,0,25,2,2025,10,28,9,6,49,4,1,0,0,1,0,0
2751,1676,16,6,1,0,23,1,2025,10,28,9,24,24,4,1,0,0,1,0,0
2752,1676,15,8,1,0,24,2,2025,10,28,9,42,2,4,1,0,0,1,0,0
2753,1676,14,7,2,0,23,2,2025,10,28,13,27,48,4,1,0,0,0,0,1
2754,1676,19,3,0,0,22,2,2025,10,28,14,45,40,4,1,0,0,0,0,1
2755,1676,19,6,0,0,25,2,2025,10,28,15,3,23,4,1,0,0,0,0,1
2756,1676,20,2,1,0,23,1,2025,10,28,15,21,5,4,1,0,0,0,0,1
2757,1676,24,3,0,0,27,2,2025,10,28,15,38,56,4,1,0,0,0,0,1
2758,1676,15,6,1,0,22,2,2025,10,28,15,56,40,4,1,0,0,0,0,1
2759,1676,14,8,0,0,22,1,2025,10,28,17,49,4,4,1,0,0,0,0,1
2760,1676,28,3,0,0,31,1,2025,10,28,18,6,40,4,1,0,0,0,1,0
2761,1676,20,5,3,0,28,2,2025,10,28,18,24,19,4,1,0,0,0,1,0
2762,1676,19,4,1,0,24,2,2025,10,28,18,41,59,4,1,0,0,0,1,0
2763,1676,11,3,1,0,15,1,2025,10,28,18,59,37,4,1,0,0,0,1,0
2764,1676,16,2,0,0,18,1,2025,10,28,19,17,15,4,1,0,0,0,1,0
2765,1676,7,6,0,0,13,2,2025,10,28,19,34,52,4,1,0,0,0,1,0
2766,1676,11,2,0,0,13,1,2025,10,28,19,52,31,4,1,0,0,0,1,0
2767,1676,11,3,0,0,14,1,2025,10,29,8,23,43,4,1,0,0,1,0,0
2768,1676,11,7,0,0,18,1,2025,10,29,8,41,19,4,1,0,0,1,0,0
2769,1676,13,4,1,0,18,2,2025,10,29,8,58,56,4,1,0,0,1,0,0
2770,1676,11,5,2,0,18,2,2025,10,29,9,16,31,4,1,0,0,1,0,0
2771,1676,13,5,0,0,18,1,2025,10,29,9,34,7,4,1,0,0,1,0,0
2772,1676,7,2,0,0,9,0,2025,10,29,9,51,43,4,1,0,0,1,0,0
2773,1676,15,3,1,0,19,2,2025,10,29,10,9,20,4,1,0,0,1,0,0
2774,1676,6,4,0,0,10,0,2025,10,29,10,26,59,4,1,0,0,1,0,0
2775,1676,5,5,0,0,10,1,2025,10,29,10,44,37,4,1,0,0,1,0,0
2776,1676,10,5,1,0,16,2,2025,10,29,12,33,28,4,1,0,0,0,0,1
2777,1676,9,1,3,0,13,2,2025,10,29,12,51,10,4,1,0,0,0,0,1
2778,1676,11,5,0,0,16,1,2025,10,29,13,8,51,4,1,0,0,0,0,1
2779,1676,9,4,0,0,13,2,2025,10,29,13,26,41,4,1,0,0,0,0,1
2780,1676,11,1,0,0,12,1,2025,10,29,13,44,21,4,1,0,0,0,0,1
2781,1676,15,2,0,0,17,1,2025,10,29,14,44,7,4,1,0,0,0,0,1
2782,1676,14,3,0,0,17,1,2025,10,29,15,1,49,4,1,0,0,0,0,1
2783,1676,15,3,0,0,18,1,2025,10,29,15,19,35,4,1,0,0,0,0,1
2784,1676,12,3,1,0,16,2,2025,10,29,15,37,16,4,1,0,0,0,0,1
2785,1676,15,4,0,0,19,2,2025,10,29,15,54,56,4,1,0,0,0,0,1
2786,1676,8,2,0,0,10,2,2025,10,30,8,20,31,4,1,0,0,1,0,0
2787,1676,11,4,1,0,16,1,2025,10,30,8,38,15,4,1,0,0,1,0,0
2788,1676,11,4,1,0,16,2,2025,10,30,8,55,57,4,1,0,0,1,0,0
2789,1676,14,1,0,0,15,2,2025,10,30,9,13,40,4,1,0,0,1,0,0
2790,1676,23,6,2,0,31,2,2025,10,30,9,31,34,4,1,0,0,1,0,0
2791,1676,13,10,1,0,24,2,2025,10,30,9,49,43,4,1,0,0,1,0,0
2792,1676,16,8,1,0,25,2,2025,10,30,10,7,33,4,1,0,0,1,0,0
2793,1676,21,7,2,0,30,2,2025,10,30,10,25,28,4,1,0,0,1,0,0
2794,1676,20,5,3,0,28,2,2025,10,30,10,43,11,4,1,0,0,1,0,0
2795,1676,18,7,0,0,25,1,2025,10,30,12,29,43,4,1,0,0,0,0,1
2796,1676,12,9,1,0,22,2,2025,10,30,12,47,14,4,1,0,0,0,0,1
2797,1676,22,5,0,0,27,1,2025,10,30,13,4,59,4,1,0,0,0,0,1
2798,1676,22,6,0,0,28,1,2025,10,30,13,22,43,4,1,0,0,0,0,1
2799,1676,26,5,0,0,31,1,2025,10,30,13,40,29,4,1,0,0,0,0,1
2800,1676,17,1,0,0,18,1,2025,10,30,13,58,15,4,1,0,0,0,0,1
2801,1676,17,5,1,0,23,2,2025,10,30,14,57,18,4,1,0,0,0,0,1
2802,1676,21,4,0,0,25,2,2025,10,30,15,15,10,4,1,0,0,0,0,1
2803,1676,22,7,0,0,29,2,2025,10,30,15,32,56,4,1,0,0,0,0,1
2804,1676,17,5,1,0,23,2,2025,10,30,15,57,38,4,1,0,0,0,0,1
2805,1676,13,3,0,0,16,2,2025,10,30,16,15,26,4,1,0,0,0,0,1
2806,1676,2,0,0,0,2,0,2025,10,30,22,45,44,4,1,0,0,0,1,0
2807,1676,12,6,1,0,19,2,2025,10,31,8,25,13,4,1,0,0,1,0,0
2808,1676,11,3,0,0,14,1,2025,10,31,8,42,55,4,1,0,0,1,0,0
2809,1676,10,6,0,0,16,2,2025,10,31,9,0,42,4,1,0,0,1,0,0
2810,1676,10,4,0,0,14,1,2025,10,31,9,18,30,4,1,0,0,1,0,0
2811,1676,10,6,1,0,17,2,2025,10,31,9,44,9,4,1,0,0,1,0,0
2812,1676,9,5,0,0,14,1,2025,10,31,10,1,51,4,1,0,0,1,0,0
2813,1676,12,5,0,0,17,1,2025,10,31,10,19,33,4,1,0,0,1,0,0
2814,1676,18,3,0,0,21,1,2025,10,31,10,37,15,4,1,0,0,1,0,0
2815,1676,16,5,2,0,23,2,2025,10,31,15,3,34,4,1,0,0,0,0,1
2816,1676,23,3,1,0,27,1,2025,10,31,15,21,28,4,1,0,0,0,0,1
2817,1676,17,2,0,0,19,1,2025,10,31,15,39,21,4,1,0,0,0,0,1
2818,1676,19,2,1,0,22,1,2025,10,31,15,57,10,4,1,0,0,0,0,1
2819,1676,2,3,0,0,5,0,2025,11,1,8,54,47,4,1,0,0,1,0,0
2820,1676,1,2,0,0,3,0,2025,11,1,9,12,34,4,1,0,0,1,0,0
2821,1676,3,2,0,0,5,1,2025,11,1,9,30,26,4,1,0,0,1,0,0
2822,1676,4,0,0,0,4,0,2025,11,1,9,48,16,4,1,0,0,1,0,0
2823,1676,5,1,0,0,6,0,2025,11,1,10,6,5,4,1,0,0,1,0,0
2824,1676,7,2,0,0,9,1,2025,11,1,10,23,49,4,1,0,0,1,0,0
2825,1676,13,1,0,0,14,1,2025,11,1,10,41,33,4,1,0,0,1,0,0
2826,1676,8,1,0,0,9,0,2025,11,1,10,59,28,4,1,0,0,1,0,0
2827,1676,12,0,0,0,12,1,2025,11,1,11,17,16,4,1,0,0,1,0,0
2828,1676,10,1,1,0,12,1,2025,11,1,11,35,0,4,1,0,0,1,0,0
2829,1676,12,3,0,0,15,1,2025,11,1,11,52,41,4,1,0,0,1,0,0
2830,1676,14,0,0,0,14,1,2025,11,1,12,10,36,4,1,0,0,0,0,1
2831,1676,13,1,0,0,14,1,2025,11,1,12,28,21,4,1,0,0,0,0,1
2832,1676,10,0,0,0,10,0,2025,11,1,12,46,14,4,1,0,0,0,0,1
2833,1676,4,3,0,0,7,0,2025,11,1,13,4,9,4,1,0,0,0,0,1
2834,1676,13,0,1,0,14,1,2025,11,1,13,21,56,4,1,0,0,0,0,1
2835,1676,14,4,0,0,18,1,2025,11,1,13,39,43,4,1,0,0,0,0,1
2836,1676,12,2,0,0,14,1,2025,11,1,13,57,31,4,1,0,0,0,0,1
2837,1676,10,1,0,0,11,1,2025,11,1,14,15,23,4,1,0,0,0,0,1
2838,1676,11,2,0,0,13,1,2025,11,1,14,33,15,4,1,0,0,0,0,1
2839,1676,5,1,0,0,6,1,2025,11,1,14,51,31,4,1,0,0,0,0,1
2840,1676,10,3,0,0,13,0,2025,11,1,15,9,27,4,1,0,0,0,0,1
2841,1676,7,0,0,0,7,0,2025,11,1,15,27,15,4,1,0,0,0,0,1
2842,1676,4,2,0,0,6,0,2025,11,1,15,45,4,4,1,0,0,0,0,1
2843,1676,7,2,0,0,9,1,2025,11,1,16,3,3,4,1,0,0,0,0,1
2844,1676,4,0,0,0,4,0,2025,11,1,16,20,50,4,1,0,0,0,0,1
2845,1676,9,0,0,0,9,0,2025,11,1,16,38,40,4,1,0,0,0,0,1
2846,1676,4,0,0,0,4,0,2025,11,1,16,56,35,4,1,0,0,0,0,1
2847,1676,9,0,0,0,9,1,2025,11,1,17,14,31,4,1,0,0,0,0,1
2848,1676,10,1,0,0,11,1,2025,11,1,17,32,23,4,1,0,0,0,0,1
2849,1676,7,0,0,0,7,0,2025,11,1,17,50,9,4,1,0,0,0,0,1
2850,1676,10,2,0,0,12,1,2025,11,1,18,8,6,4,1,0,0,0,1,0
2851,1676,10,0,0,0,10,1,2025,11,1,18,26,57,4,1,0,0,0,1,0
2852,1676,18,0,2,0,20,2,2025,11,1,18,44,47,4,1,0,0,0,1,0
2853,1676,17,0,1,0,18,2,2025,11,1,19,2,37,4,1,0,0,0,1,0
2854,1676,10,0,0,0,10,1,2025,11,1,19,37,15,4,1,0,0,0,1,0
2855,1676,17,0,0,0,17,0,2025,11,2,10,16,47,4,1,0,0,1,0,0
2856,1676,15,0,0,0,15,0,2025,11,2,10,34,30,4,1,0,0,1,0,0
2857,1676,19,2,0,0,21,1,2025,11,2,10,52,24,4,1,0,0,1,0,0
2858,1676,22,1,0,0,23,1,2025,11,2,11,10,8,4,1,0,0,1,0,0
2859,1676,20,0,0,0,20,0,2025,11,2,11,28,3,4,1,0,0,1,0,0
2860,1676,25,1,0,0,26,1,2025,11,2,12,11,14,4,1,0,0,0,0,1
2861,1676,21,2,0,0,23,1,2025,11,2,12,29,7,4,1,0,0,0,0,1
2862,1676,22,0,2,0,24,1,2025,11,2,12,46,56,4,1,0,0,0,0,1
2863,1676,19,2,0,0,21,1,2025,11,2,13,4,39,4,1,0,0,0,0,1
2864,1676,24,0,1,0,25,1,2025,11,2,13,22,21,4,1,0,0,0,0,1
2865,1676,22,0,0,0,22,1,2025,11,2,13,39,59,4,1,0,0,0,0,1
2866,1676,20,1,0,0,21,1,2025,11,2,13,57,38,4,1,0,0,0,0,1
2867,1676,13,3,0,0,16,1,2025,11,2,14,15,17,4,1,0,0,0,0,1
2868,1676,20,1,0,0,21,1,2025,11,2,14,32,56,4,1,0,0,0,0,1
2869,1676,16,0,1,0,17,1,2025,11,2,14,50,31,4,1,0,0,0,0,1
2870,1676,15,1,0,0,16,1,2025,11,2,15,51,2,4,1,0,0,0,0,1
2871,1676,23,0,1,0,24,1,2025,11,2,16,8,39,4,1,0,0,0,0,1
2872,1676,22,1,1,0,24,1,2025,11,2,16,26,19,4,1,0,0,0,0,1
2873,1676,24,4,0,0,28,1,2025,11,2,16,43,58,4,1,0,0,0,0,1
2874,1676,14,1,0,0,15,1,2025,11,3,8,9,16,4,1,0,0,1,0,0
2875,1676,22,2,0,0,24,1,2025,11,3,8,26,52,4,1,0,0,1,0,0
2876,1676,14,3,0,0,17,1,2025,11,3,8,44,30,4,1,0,0,1,0,0
2877,1676,5,3,0,0,8,1,2025,11,3,9,2,8,4,1,0,0,1,0,0
2878,1676,5,5,0,0,10,0,2025,11,3,9,19,43,4,1,0,0,1,0,0
2879,1676,7,4,1,0,12,1,2025,11,3,9,37,21,4,1,0,0,1,0,0
2880,1676,11,7,1,0,19,1,2025,11,4,8,9,33,4,1,0,0,1,0,0
2881,1676,22,3,0,0,25,1,2025,11,4,8,27,10,4,1,0,0,1,0,0
2882,1676,23,3,1,0,27,1,2025,11,4,8,44,46,4,1,0,0,1,0,0
2883,1676,14,4,0,0,18,1,2025,11,4,9,2,23,4,1,0,0,1,0,0
2884,1676,13,7,0,0,20,2,2025,11,4,9,19,58,4,1,0,0,1,0,0
2885,1676,19,10,0,0,29,2,2025,11,4,9,37,37,4,1,0,0,1,0,0
2886,1676,20,3,1,0,24,2,2025,11,4,12,8,50,4,1,0,0,0,0,1
2887,1676,14,1,0,0,15,1,2025,11,4,12,37,12,4,1,0,0,0,0,1
2888,1676,14,8,0,0,22,2,2025,11,4,12,54,51,4,1,0,0,0,0,1
2889,1676,14,8,0,0,22,2,2025,11,4,13,4,18,4,1,0,0,0,0,1
2890,1676,19,5,0,0,24,2,2025,11,4,13,21,56,4,1,0,0,0,0,1
2891,1676,19,7,0,0,26,2,2025,11,4,13,39,36,4,1,0,0,0,0,1
2892,1676,18,2,1,0,21,1,2025,11,4,14,33,58,4,1,0,0,0,0,1
2893,1676,17,4,0,0,21,2,2025,11,4,14,51,37,4,1,0,0,0,0,1
2894,1676,21,1,1,0,23,1,2025,11,4,15,9,18,4,1,0,0,0,0,1
2895,1676,15,0,1,0,16,1,2025,11,4,15,27,6,4,1,0,0,0,0,1
2896,1676,14,3,0,0,17,2,2025,11,4,15,44,53,4,1,0,0,0,0,1
2897,1676,16,3,0,0,19,1,2025,11,4,16,2,49,4,1,0,0,0,0,1
2898,1676,13,2,0,0,15,1,2025,11,4,18,0,5,4,1,0,0,0,1,0
2899,1676,20,1,1,0,22,2,2025,11,4,18,17,44,4,1,0,0,0,1,0
2900,1676,8,3,0,0,11,1,2025,11,4,18,35,21,4,1,0,0,0,1,0
2901,1676,10,1,0,0,11,1,2025,11,4,18,52,59,4,1,0,0,0,1,0
2902,1676,9,1,1,0,11,2,2025,11,4,19,10,38,4,1,0,0,0,1,0
2903,1676,7,3,0,0,10,1,2025,11,4,19,28,15,4,1,0,0,0,1,0
2904,1676,7,2,0,0,9,1,2025,11,4,19,45,55,4,1,0,0,0,1,0
2905,1676,7,1,0,0,8,0,2025,11,4,20,3,32,4,1,0,0,0,1,0
2906,1676,5,1,0,0,6,1,2025,11,4,20,21,7,4,1,0,0,0,1,0
2907,1676,3,0,0,0,3,0,2025,11,4,20,38,46,4,1,0,0,0,1,0
2908,1676,12,1,0,0,13,1,2025,11,5,7,51,22,4,1,0,0,1,0,0
2909,1676,16,2,0,0,18,2,2025,11,5,8,8,58,4,1,0,0,1,0,0
2910,1676,10,5,0,0,15,1,2025,11,5,8,26,35,4,1,0,0,1,0,0
2911,1676,10,2,1,0,13,1,2025,11,5,8,44,12,4,1,0,0,1,0,0
2912,1676,10,6,0,0,16,1,2025,11,5,9,1,49,4,1,0,0,1,0,0
2913,1676,12,2,0,0,14,1,2025,11,5,9,19,24,4,1,0,0,1,0,0
2914,1676,7,5,1,0,13,1,2025,11,5,9,37,0,4,1,0,0,1,0,0
2915,1676,6,4,0,0,10,1,2025,11,5,9,54,38,4,1,0,0,1,0,0
2916,1676,6,1,0,0,7,1,2025,11,5,10,12,14,4,1,0,0,1,0,0
2917,1676,7,0,1,0,8,0,2025,11,5,10,29,52,4,1,0,0,1,0,0
2918,1676,5,3,0,0,8,1,2025,11,5,10,47,28,4,1,0,0,1,0,0
2919,1676,9,7,0,0,16,1,2025,11,5,12,44,5,4,1,0,0,0,0,1
2920,1676,13,4,0,0,17,1,2025,11,5,13,1,45,4,1,0,0,0,0,1
2921,1676,10,4,2,0,16,1,2025,11,5,13,19,25,4,1,0,0,0,0,1
2922,1676,13,4,1,0,18,2,2025,11,5,13,37,5,4,1,0,0,0,0,1
2923,1676,14,1,0,0,15,1,2025,11,5,13,54,49,4,1,0,0,0,0,1
2924,1676,10,1,0,0,11,1,2025,11,5,14,46,41,4,1,0,0,0,0,1
2925,1676,16,4,0,0,20,1,2025,11,5,15,4,21,4,1,0,0,0,0,1
2926,1676,18,2,1,0,21,2,2025,11,5,15,22,1,4,1,0,0,0,0,1
2927,1676,15,3,0,0,18,1,2025,11,5,15,39,42,4,1,0,0,0,0,1
2928,1676,11,2,0,0,13,1,2025,11,5,15,57,25,4,1,0,0,0,0,1
2929,1676,10,4,1,0,15,1,2025,11,5,16,15,11,4,1,0,0,0,0,1
2930,1676,11,7,1,0,19,1,2025,11,6,7,50,47,4,1,0,0,1,0,0
2931,1676,5,10,0,0,15,2,2025,11,6,8,8,27,4,1,0,0,1,0,0
2932,1676,5,9,0,0,14,2,2025,11,6,8,26,11,4,1,0,0,1,0,0
2933,1676,11,8,0,0,19,2,2025,11,6,8,44,42,4,1,0,0,1,0,0
2934,1676,11,8,1,0,20,1,2025,11,6,9,2,22,4,1,0,0,1,0,0
2935,1676,11,10,1,0,22,2,2025,11,6,9,20,5,4,1,0,0,1,0,0
2936,1676,12,8,1,0,21,1,2025,11,6,9,37,45,4,1,0,0,1,0,0
2937,1676,9,6,1,0,16,2,2025,11,6,9,55,33,4,1,0,0,1,0,0
2938,1676,7,8,1,0,16,1,2025,11,6,10,13,23,4,1,0,0,1,0,0
2939,1676,11,7,1,0,19,2,2025,11,6,10,31,12,4,1,0,0,1,0,0
2940,1676,3,6,2,0,11,1,2025,11,6,12,11,34,4,1,0,0,0,0,1
2941,1676,10,4,0,0,14,1,2025,11,6,12,31,5,4,1,0,0,0,0,1
2942,1676,4,9,1,0,14,2,2025,11,6,12,48,45,4,1,0,0,0,0,1
2943,1676,10,10,1,0,21,2,2025,11,6,13,6,25,4,1,0,0,0,0,1
2944,1676,13,3,1,0,17,1,2025,11,6,13,39,43,4,1,0,0,0,0,1
2945,1676,8,7,3,0,18,2,2025,11,6,13,57,27,4,1,0,0,0,0,1
2946,1676,23,8,2,0,33,2,2025,11,7,9,38,41,4,1,0,0,1,0,0
2947,1676,21,3,2,0,26,1,2025,11,7,9,56,18,4,1,0,0,1,0,0
2948,1676,23,6,0,0,29,2,2025,11,7,10,13,56,4,1,0,0,1,0,0
2949,1676,24,7,1,0,32,2,2025,11,7,10,31,36,4,1,0,0,1,0,0
2950,1676,8,2,0,0,10,1,2025,11,7,13,14,26,4,1,0,0,0,0,1
2951,1676,11,3,0,0,14,1,2025,11,7,13,32,6,4,1,0,0,0,0,1
2952,1676,9,5,0,0,14,1,2025,11,7,13,49,44,4,1,0,0,0,0,1
2953,1676,17,1,0,0,18,1,2025,11,7,15,37,19,4,1,0,0,0,0,1
2954,1676,12,2,1,0,15,2,2025,11,7,15,55,1,4,1,0,0,0,0,1
2955,1676,4,1,1,0,6,0,2025,11,8,7,54,48,4,1,0,0,1,0,0
2956,1676,3,0,0,0,3,0,2025,11,8,8,12,27,4,1,0,0,1,0,0
2957,1676,3,1,0,0,4,0,2025,11,8,8,30,7,4,1,0,0,1,0,0
2958,1676,3,1,0,0,4,0,2025,11,8,8,47,46,4,1,0,0,1,0,0
2959,1676,6,0,0,0,6,0,2025,11,8,9,52,24,4,1,0,0,1,0,0
2960,1676,5,1,0,0,6,0,2025,11,8,10,31,52,4,1,0,0,1,0,0
2961,1676,9,0,0,0,9,0,2025,11,8,10,49,28,4,1,0,0,1,0,0
2962,1676,13,0,0,0,13,0,2025,11,8,11,7,5,4,1,0,0,1,0,0
2963,1676,14,2,1,0,17,1,2025,11,8,11,24,45,4,1,0,0,1,0,0
2964,1676,9,1,0,0,10,0,2025,11,8,11,42,25,4,1,0,0,1,0,0
2965,1676,9,2,1,0,12,1,2025,11,8,12,0,5,4,1,0,0,0,0,1
2966,1676,11,1,0,0,12,1,2025,11,8,12,17,43,4,1,0,0,0,0,1
2967,1676,9,0,0,0,9,0,2025,11,8,12,35,17,4,1,0,0,0,0,1
2968,1676,17,0,0,0,17,1,2025,11,8,12,52,53,4,1,0,0,0,0,1
2969,1676,11,1,0,0,12,0,2025,11,8,13,10,30,4,1,0,0,0,0,1
2970,1676,16,1,0,0,17,1,2025,11,8,13,28,6,4,1,0,0,0,0,1
2971,1676,14,4,1,0,19,2,2025,11,8,13,45,44,4,1,0,0,0,0,1
2972,1676,19,2,0,0,21,1,2025,11,8,14,3,22,4,1,0,0,0,0,1
2973,1676,14,1,0,0,15,1,2025,11,8,14,20,58,4,1,0,0,0,0,1
2974,1676,19,3,0,0,22,2,2025,11,8,14,38,35,4,1,0,0,0,0,1
2975,1676,24,2,0,0,26,1,2025,11,8,15,34,19,4,1,0,0,0,0,1
2976,1676,16,0,1,0,17,1,2025,11,8,15,51,57,4,1,0,0,0,0,1
2977,1676,19,1,2,0,22,1,2025,11,8,16,9,37,4,1,0,0,0,0,1
2978,1676,23,0,0,0,23,1,2025,11,8,16,27,16,4,1,0,0,0,0,1
2979,1676,21,2,2,0,25,1,2025,11,8,16,44,56,4,1,0,0,0,0,1
2980,1676,19,0,0,0,19,1,2025,11,8,17,2,36,4,1,0,0,0,0,1
2981,1676,9,1,0,0,10,1,2025,11,8,18,55,23,4,1,0,0,0,1,0
2982,1676,10,0,0,0,10,1,2025,11,8,19,13,1,4,1,0,0,0,1,0
2983,1676,12,0,0,0,12,1,2025,11,8,19,30,40,4,1,0,0,0,1,0
2984,1676,3,0,0,0,3,0,2025,11,8,19,48,18,4,1,0,0,0,1,0
2985,1676,2,3,0,0,5,0,2025,11,9,8,29,46,4,1,0,0,1,0,0
2986,1676,5,5,0,0,10,1,2025,11,9,8,47,24,4,1,0,0,1,0,0
2987,1676,2,3,0,0,5,0,2025,11,9,9,5,0,4,1,0,0,1,0,0
2988,1676,2,3,0,0,5,1,2025,11,9,9,22,37,4,1,0,0,1,0,0
2989,1676,2,4,0,0,6,1,2025,11,9,9,40,14,4,1,0,0,1,0,0
2990,1676,4,2,0,0,6,1,2025,11,9,9,57,54,4,1,0,0,1,0,0
2991,1676,24,0,0,0,24,2,2025,11,9,10,15,33,4,1,0,0,1,0,0
2992,1676,21,2,0,0,23,2,2025,11,9,10,33,12,4,1,0,0,1,0,0
2993,1676,20,0,1,0,21,0,2025,11,9,10,50,46,4,1,0,0,1,0,0
2994,1676,21,0,0,0,21,1,2025,11,9,11,8,22,4,1,0,0,1,0,0
2995,1676,14,0,0,0,14,1,2025,11,9,11,26,0,4,1,0,0,1,0,0
2996,1676,36,0,0,0,36,2,2025,11,9,11,43,40,4,1,0,0,1,0,0
2997,1676,24,3,0,0,27,2,2025,11,9,12,1,23,4,1,0,0,0,0,1
2998,1676,22,0,0,0,22,1,2025,11,9,12,19,1,4,1,0,0,0,0,1
2999,1676,18,1,0,0,19,1,2025,11,9,12,36,39,4,1,0,0,0,0,1
3000,1676,20,1,0,0,21,1,2025,11,9,12,54,20,4,1,0,0,0,0,1
3001,1676,16,2,0,0,18,1,2025,11,9,15,20,14,4,1,0,0,0,0,1
3002,1676,9,0,0,0,9,0,2025,11,9,15,37,52,4,1,0,0,0,0,1
3003,1676,11,2,0,0,13,1,2025,11,9,15,55,33,4,1,0,0,0,0,1
3004,1676,9,1,0,0,10,1,2025,11,9,16,13,12,4,1,0,0,0,0,1
3005,1676,17,0,0,0,17,1,2025,11,9,16,30,51,4,1,0,0,0,0,1
3006,1676,22,0,0,0,22,1,2025,11,9,16,48,29,4,1,0,0,0,0,1
3007,1676,16,3,0,0,19,1,2025,11,9,17,6,4,4,1,0,0,0,0,1
3008,1676,23,2,0,0,25,1,2025,11,9,17,23,42,4,1,0,0,0,0,1
3009,1676,26,0,0,0,26,1,2025,11,9,17,41,21,4,1,0,0,0,0,1
3010,1676,19,0,0,0,19,1,2025,11,9,17,59,1,4,1,0,0,0,0,1
3011,1676,19,1,0,0,20,1,2025,11,9,18,16,39,4,1,0,0,0,1,0
3012,1676,15,1,0,0,16,1,2025,11,9,18,34,16,4,1,0,0,0,1,0
3013,1676,0,2,0,0,2,2,2025,11,9,18,51,54,4,1,0,0,0,1,0
3014,1676,0,3,0,0,3,1,2025,11,9,19,9,30,4,1,0,0,0,1,0
3015,1676,20,0,0,0,20,1,2025,11,9,19,27,8,4,1,0,0,0,1,0
3016,1676,20,0,0,0,20,2,2025,11,9,19,44,44,4,1,0,0,0,1,0
3017,1676,8,3,0,0,11,1,2025,11,11,7,59,35,4,1,0,0,1,0,0
3018,1676,5,6,1,0,12,1,2025,11,11,8,17,9,4,1,0,0,1,0,0
3019,1676,6,3,1,0,10,0,2025,11,11,8,34,43,4,1,0,0,1,0,0
3020,1676,14,3,3,0,20,1,2025,11,11,8,52,17,4,1,0,0,1,0,0
3021,1676,9,5,1,0,15,1,2025,11,11,9,9,54,4,1,0,0,1,0,0
3022,1676,10,3,3,0,16,1,2025,11,11,9,27,29,4,1,0,0,1,0,0
3023,1676,8,4,1,0,13,1,2025,11,11,14,34,50,4,1,0,0,0,0,1
3024,1676,17,4,0,0,21,1,2025,11,11,14,52,29,4,1,0,0,0,0,1
3025,1676,24,4,0,0,28,2,2025,11,11,15,10,8,4,1,0,0,0,0,1
3026,1676,12,6,0,0,18,1,2025,11,11,15,27,49,4,1,0,0,0,0,1
3027,1676,13,4,0,0,17,1,2025,11,11,15,45,31,4,1,0,0,0,0,1
3028,1676,11,7,2,0,20,1,2025,11,11,16,3,12,4,1,0,0,0,0,1
3029,1676,15,8,0,0,23,2,2025,11,11,17,47,59,4,1,0,0,0,0,1
3030,1676,14,6,0,0,20,2,2025,11,11,18,5,34,4,1,0,0,0,1,0
3031,1676,12,5,1,0,18,1,2025,11,11,18,23,10,4,1,0,0,0,1,0
3032,1676,14,4,0,0,18,1,2025,11,11,18,40,47,4,1,0,0,0,1,0
3033,1676,7,1,0,0,8,1,2025,11,11,18,58,25,4,1,0,0,0,1,0
3034,1676,10,2,0,0,12,1,2025,11,11,19,16,3,4,1,0,0,0,1,0
3035,1676,2,1,1,0,4,1,2025,11,11,19,33,40,4,1,0,0,0,1,0
3036,1676,12,1,0,0,13,1,2025,11,11,19,51,22,4,1,0,0,0,1,0
3037,1676,22,8,0,0,30,2,2025,11,12,8,37,13,4,1,0,0,1,0,0
3038,1676,21,7,1,0,29,2,2025,11,12,8,54,55,4,1,0,0,1,0,0
3039,1676,15,8,0,0,23,1,2025,11,12,9,12,39,4,1,0,0,1,0,0
3040,1676,15,4,1,0,20,2,2025,11,12,9,30,32,4,1,0,0,1,0,0
3041,1676,6,4,0,0,10,1,2025,11,12,12,35,7,4,1,0,0,0,0,1
3042,1676,19,3,0,0,22,1,2025,11,14,9,7,13,4,1,0,0,1,0,0
3043,1676,11,2,1,0,14,1,2025,11,14,9,24,50,4,1,0,0,1,0,0
3044,1676,15,6,0,0,21,1,2025,11,14,9,42,33,4,1,0,0,1,0,0
3045,1676,15,5,0,0,20,1,2025,11,14,10,0,11,4,1,0,0,1,0,0
3046,1676,19,6,0,0,25,2,2025,11,14,10,17,50,4,1,0,0,1,0,0
3047,1676,12,6,0,0,18,1,2025,11,14,10,35,32,4,1,0,0,1,0,0
3048,1676,7,4,2,0,13,1,2025,11,15,9,51,25,4,1,0,0,1,0,0
3049,1676,7,4,2,0,13,1,2025,11,15,10,9,6,4,1,0,0,1,0,0
3050,1676,0,0,0,0,0,0,2025,11,17,13,9,45,4,1,0,0,0,0,1
3051,1690,2,0,0,0,2,0,2025,10,27,8,27,10,4,1,0,0,1,0,0
3052,1690,2,1,0,0,3,0,2025,10,27,8,44,52,4,1,0,0,1,0,0
3053,1690,2,0,0,0,2,0,2025,10,27,9,2,36,4,1,0,0,1,0,0
3054,1690,0,1,0,0,1,0,2025,10,27,9,20,13,4,1,0,0,1,0,0
3055,1690,0,0,0,0,0,0,2025,10,27,9,37,54,4,1,0,0,1,0,0
3056,1690,4,2,0,0,6,0,2025,10,27,9,55,36,4,1,0,0,1,0,0
3057,1690,0,0,0,0,0,0,2025,10,27,10,13,21,4,1,0,0,1,0,0
3058,1690,0,0,1,0,1,0,2025,10,27,10,31,10,4,1,0,0,1,0,0
3059,1690,2,1,1,0,4,0,2025,10,27,12,40,12,4,1,0,0,0,0,1
3060,1690,0,0,0,0,0,0,2025,10,27,12,57,55,4,1,0,0,0,0,1
3061,1690,1,0,2,0,3,1,2025,10,27,13,15,41,4,1,0,0,0,0,1
3062,1690,1,0,2,0,3,1,2025,10,27,13,20,48,4,1,0,0,0,0,1
3063,1690,2,0,0,0,2,0,2025,10,27,13,57,13,4,1,0,0,0,0,1
3064,1690,1,1,1,0,3,0,2025,10,27,14,55,33,4,1,0,0,0,0,1
3065,1690,2,1,0,0,3,0,2025,10,27,15,13,18,4,1,0,0,0,0,1
3066,1690,0,1,0,0,1,0,2025,10,27,15,31,4,4,1,0,0,0,0,1
3067,1690,1,2,0,0,3,0,2025,10,27,15,48,53,4,1,0,0,0,0,1
3068,1690,2,4,0,0,6,0,2025,10,27,18,2,57,4,1,0,0,0,1,0
3069,1690,3,0,0,0,3,0,2025,10,27,18,20,33,4,1,0,0,0,1,0
3070,1690,2,0,0,0,2,0,2025,10,27,18,38,9,4,1,0,0,0,1,0
3071,1690,6,4,1,0,11,1,2025,10,28,7,56,24,4,1,0,0,1,0,0
3072,1690,1,0,0,0,1,1,2025,10,28,8,14,1,4,1,0,0,1,0,0
3073,1690,2,1,0,0,3,0,2025,10,28,8,31,37,4,1,0,0,1,0,0
3074,1690,0,0,0,0,0,0,2025,10,28,8,49,13,4,1,0,0,1,0,0
3075,1690,1,0,0,0,1,0,2025,10,28,9,6,49,4,1,0,0,1,0,0
3076,1690,1,0,0,0,1,0,2025,10,28,9,24,24,4,1,0,0,1,0,0
3077,1690,1,1,0,0,2,0,2025,10,28,9,42,2,4,1,0,0,1,0,0
3078,1690,1,2,0,0,3,0,2025,10,28,13,27,48,4,1,0,0,0,0,1
3079,1690,2,0,0,0,2,0,2025,10,28,14,45,41,4,1,0,0,0,0,1
3080,1690,4,2,1,0,7,0,2025,10,28,15,3,23,4,1,0,0,0,0,1
3081,1690,1,1,0,0,2,0,2025,10,28,15,21,5,4,1,0,0,0,0,1
3082,1690,1,3,1,0,5,0,2025,10,28,15,38,56,4,1,0,0,0,0,1
3083,1690,0,0,0,0,0,0,2025,10,28,15,56,40,4,1,0,0,0,0,1
3084,1690,1,0,0,0,1,0,2025,10,28,17,49,4,4,1,0,0,0,0,1
3085,1690,1,1,0,0,2,0,2025,10,29,8,23,43,4,1,0,0,1,0,0
3086,1690,1,1,0,0,2,0,2025,10,29,8,41,19,4,1,0,0,1,0,0
3087,1690,3,0,0,0,3,1,2025,10,29,8,58,56,4,1,0,0,1,0,0
3088,1690,4,0,0,0,4,0,2025,10,29,9,16,31,4,1,0,0,1,0,0
3089,1690,2,0,0,0,2,0,2025,10,29,9,34,7,4,1,0,0,1,0,0
3090,1690,7,2,0,0,9,0,2025,10,29,9,51,43,4,1,0,0,1,0,0
3091,1690,2,2,0,0,4,0,2025,10,29,10,9,20,4,1,0,0,1,0,0
3092,1690,2,1,0,0,3,1,2025,10,29,10,26,59,4,1,0,0,1,0,0
3093,1690,1,0,0,0,1,0,2025,10,29,10,44,38,4,1,0,0,1,0,0
3094,1690,0,1,0,0,1,0,2025,10,29,12,33,28,4,1,0,0,0,0,1
3095,1690,2,1,0,0,3,0,2025,10,29,12,51,10,4,1,0,0,0,0,1
3096,1690,2,1,0,0,3,0,2025,10,29,13,8,51,4,1,0,0,0,0,1
3097,1690,1,3,0,0,4,1,2025,10,29,13,26,41,4,1,0,0,0,0,1
3098,1690,5,2,0,0,7,1,2025,10,29,13,44,21,4,1,0,0,0,0,1
3099,1690,1,1,0,0,2,0,2025,10,29,14,44,8,4,1,0,0,0,0,1
3100,1690,3,1,0,0,4,0,2025,10,29,15,1,49,4,1,0,0,0,0,1
3101,1690,1,1,0,0,2,0,2025,10,29,15,19,35,4,1,0,0,0,0,1
3102,1690,0,0,0,0,0,0,2025,10,29,15,37,16,4,1,0,0,0,0,1
3103,1690,1,2,0,0,3,0,2025,10,29,15,54,56,4,1,0,0,0,0,1
3104,1690,3,0,0,0,3,0,2025,10,30,8,20,31,4,1,0,0,1,0,0
3105,1690,1,0,0,0,1,0,2025,10,30,8,38,15,4,1,0,0,1,0,0
3106,1690,0,1,0,0,1,0,2025,10,30,8,55,58,4,1,0,0,1,0,0
3107,1690,1,0,0,0,1,0,2025,10,30,9,13,41,4,1,0,0,1,0,0
3108,1690,0,0,0,0,0,0,2025,10,30,9,31,34,4,1,0,0,1,0,0
3109,1690,2,1,0,0,3,1,2025,10,30,9,49,43,4,1,0,0,1,0,0
3110,1690,1,1,0,0,2,0,2025,10,30,10,7,33,4,1,0,0,1,0,0
3111,1690,3,3,0,0,6,1,2025,10,30,10,25,29,4,1,0,0,1,0,0
3112,1690,1,0,0,0,1,0,2025,10,30,10,43,11,4,1,0,0,1,0,0
3113,1690,2,2,0,0,4,1,2025,10,30,12,29,43,4,1,0,0,0,0,1
3114,1690,2,4,0,0,6,1,2025,10,30,12,47,15,4,1,0,0,0,0,1
3115,1690,2,1,0,0,3,0,2025,10,30,13,4,59,4,1,0,0,0,0,1
3116,1690,0,2,0,0,2,0,2025,10,30,13,22,43,4,1,0,0,0,0,1
3117,1690,0,0,0,0,0,0,2025,10,30,13,40,30,4,1,0,0,0,0,1
3118,1690,2,2,0,0,4,0,2025,10,30,13,58,15,4,1,0,0,0,0,1
3119,1690,1,1,0,0,2,0,2025,10,30,14,57,18,4,1,0,0,0,0,1
3120,1690,4,0,1,0,5,1,2025,10,30,15,15,11,4,1,0,0,0,0,1
3121,1690,0,2,1,0,3,0,2025,10,30,15,32,56,4,1,0,0,0,0,1
3122,1690,2,3,0,0,5,0,2025,10,30,15,57,39,4,1,0,0,0,0,1
3123,1690,4,1,1,0,6,0,2025,10,30,16,15,26,4,1,0,0,0,0,1
3124,1690,2,0,0,0,2,0,2025,10,31,8,42,56,4,1,0,0,1,0,0
3125,1690,2,3,0,0,5,0,2025,10,31,9,0,42,4,1,0,0,1,0,0
3126,1690,1,0,1,0,2,1,2025,10,31,9,18,31,4,1,0,0,1,0,0
3127,1690,1,1,0,0,2,0,2025,10,31,9,44,9,4,1,0,0,1,0,0
3128,1690,0,2,0,0,2,0,2025,10,31,10,1,52,4,1,0,0,1,0,0
3129,1690,1,3,0,0,4,0,2025,10,31,10,19,33,4,1,0,0,1,0,0
3130,1690,1,3,0,0,4,0,2025,10,31,10,37,15,4,1,0,0,1,0,0
3131,1690,1,1,1,0,3,1,2025,10,31,15,3,35,4,1,0,0,0,0,1
3132,1690,3,1,1,0,5,0,2025,10,31,15,21,28,4,1,0,0,0,0,1
3133,1690,2,1,0,0,3,0,2025,10,31,15,39,21,4,1,0,0,0,0,1
3134,1690,0,1,1,0,2,1,2025,10,31,15,57,11,4,1,0,0,0,0,1
3135,1690,0,0,0,0,0,0,2025,11,1,8,54,47,4,1,0,0,1,0,0
3136,1690,1,1,0,0,2,0,2025,11,1,9,12,34,4,1,0,0,1,0,0
3137,1690,2,0,0,0,2,0,2025,11,1,9,30,27,4,1,0,0,1,0,0
3138,1690,6,2,0,0,8,0,2025,11,1,9,48,16,4,1,0,0,1,0,0
3139,1690,3,0,0,0,3,0,2025,11,1,10,6,5,4,1,0,0,1,0,0
3140,1690,3,0,0,0,3,0,2025,11,1,10,23,49,4,1,0,0,1,0,0
3141,1690,9,0,0,0,9,0,2025,11,1,10,41,34,4,1,0,0,1,0,0
3142,1690,3,0,0,0,3,0,2025,11,1,10,59,29,4,1,0,0,1,0,0
3143,1690,9,0,0,0,9,1,2025,11,1,11,17,17,4,1,0,0,1,0,0
3144,1690,6,0,0,0,6,0,2025,11,1,11,35,0,4,1,0,0,1,0,0
3145,1690,2,0,0,0,2,0,2025,11,1,11,52,42,4,1,0,0,1,0,0
3146,1690,1,0,0,0,1,0,2025,11,1,12,10,36,4,1,0,0,0,0,1
3147,1690,3,1,0,0,4,0,2025,11,1,12,28,21,4,1,0,0,0,0,1
3148,1690,4,0,0,0,4,1,2025,11,1,12,46,14,4,1,0,0,0,0,1
3149,1690,0,0,0,0,0,0,2025,11,1,13,4,9,4,1,0,0,0,0,1
3150,1690,3,0,0,0,3,0,2025,11,1,13,21,56,4,1,0,0,0,0,1
3151,1690,6,0,0,0,6,0,2025,11,1,13,39,43,4,1,0,0,0,0,1
3152,1690,3,0,0,0,3,0,2025,11,1,13,57,31,4,1,0,0,0,0,1
3153,1690,3,1,0,0,4,1,2025,11,1,14,15,23,4,1,0,0,0,0,1
3154,1690,4,0,0,0,4,0,2025,11,1,14,33,16,4,1,0,0,0,0,1
3155,1690,0,0,0,0,0,0,2025,11,1,14,51,31,4,1,0,0,0,0,1
3156,1690,0,1,0,0,1,0,2025,11,1,15,9,27,4,1,0,0,0,0,1
3157,1690,3,0,0,0,3,0,2025,11,1,15,27,16,4,1,0,0,0,0,1
3158,1690,1,0,0,0,1,0,2025,11,1,15,45,4,4,1,0,0,0,0,1
3159,1690,1,0,0,0,1,0,2025,11,1,16,3,3,4,1,0,0,0,0,1
3160,1690,3,0,1,0,4,0,2025,11,1,16,20,51,4,1,0,0,0,0,1
3161,1690,0,0,0,0,0,0,2025,11,1,16,38,40,4,1,0,0,0,0,1
3162,1690,0,0,0,0,0,0,2025,11,1,16,56,36,4,1,0,0,0,0,1
3163,1690,5,0,0,0,5,0,2025,11,1,17,14,31,4,1,0,0,0,0,1
3164,1690,2,0,0,0,2,0,2025,11,1,17,32,23,4,1,0,0,0,0,1
3165,1690,1,0,0,0,1,0,2025,11,1,17,50,10,4,1,0,0,0,0,1
3166,1690,1,0,0,0,1,0,2025,11,1,18,8,6,4,1,0,0,0,1,0
3167,1690,2,1,0,0,3,0,2025,11,1,18,26,57,4,1,0,0,0,1,0
3168,1690,0,0,0,0,0,0,2025,11,1,18,44,48,4,1,0,0,0,1,0
3169,1690,1,0,0,0,1,0,2025,11,2,10,16,47,4,1,0,0,1,0,0
3170,1690,2,0,0,0,2,0,2025,11,2,10,34,31,4,1,0,0,1,0,0
3171,1690,2,0,0,0,2,0,2025,11,2,10,52,24,4,1,0,0,1,0,0
3172,1690,4,0,0,0,4,0,2025,11,2,11,10,8,4,1,0,0,1,0,0
3173,1690,1,0,0,0,1,0,2025,11,2,11,28,3,4,1,0,0,1,0,0
3174,1690,0,0,0,0,0,0,2025,11,2,12,11,15,4,1,0,0,0,0,1
3175,1690,3,0,0,0,3,0,2025,11,2,12,29,7,4,1,0,0,0,0,1
3176,1690,3,1,0,0,4,0,2025,11,2,12,46,56,4,1,0,0,0,0,1
3177,1690,5,0,0,0,5,0,2025,11,2,13,4,41,4,1,0,0,0,0,1
3178,1690,4,0,0,0,4,0,2025,11,2,13,22,21,4,1,0,0,0,0,1
3179,1690,6,0,0,0,6,0,2025,11,2,13,39,59,4,1,0,0,0,0,1
3180,1690,1,0,0,0,1,0,2025,11,2,13,57,39,4,1,0,0,0,0,1
3181,1690,2,0,0,0,2,0,2025,11,2,14,15,17,4,1,0,0,0,0,1
3182,1690,2,1,0,0,3,0,2025,11,2,14,32,56,4,1,0,0,0,0,1
3183,1690,3,1,0,0,4,0,2025,11,2,14,50,31,4,1,0,0,0,0,1
3184,1690,1,0,0,0,1,0,2025,11,2,15,51,3,4,1,0,0,0,0,1
3185,1690,1,0,0,0,1,0,2025,11,2,16,8,39,4,1,0,0,0,0,1
3186,1690,6,0,0,0,6,0,2025,11,2,16,26,19,4,1,0,0,0,0,1
3187,1690,4,0,0,0,4,0,2025,11,2,16,43,58,4,1,0,0,0,0,1
3188,1690,3,0,0,0,3,0,2025,11,3,8,9,16,4,1,0,0,1,0,0
3189,1690,5,1,0,0,6,0,2025,11,3,8,26,53,4,1,0,0,1,0,0
3190,1690,1,0,0,0,1,0,2025,11,3,8,44,30,4,1,0,0,1,0,0
3191,1690,0,1,1,0,2,0,2025,11,3,9,2,9,4,1,0,0,1,0,0
3192,1690,4,0,0,0,4,0,2025,11,3,9,19,43,4,1,0,0,1,0,0
3193,1690,0,0,0,0,0,0,2025,11,3,9,37,21,4,1,0,0,1,0,0
3194,1690,2,0,0,0,2,0,2025,11,4,8,9,33,4,1,0,0,1,0,0
3195,1690,2,0,0,0,2,0,2025,11,4,8,27,10,4,1,0,0,1,0,0
3196,1690,1,0,0,0,1,0,2025,11,4,8,44,46,4,1,0,0,1,0,0
3197,1690,1,1,0,0,2,0,2025,11,4,9,2,23,4,1,0,0,1,0,0
3198,1690,3,0,0,0,3,0,2025,11,4,9,19,58,4,1,0,0,1,0,0
3199,1690,0,0,1,0,1,0,2025,11,4,9,37,37,4,1,0,0,1,0,0
3200,1690,0,0,1,0,1,1,2025,11,4,12,8,50,4,1,0,0,0,0,1
3201,1690,1,2,0,0,3,0,2025,11,4,12,37,12,4,1,0,0,0,0,1
3202,1690,1,0,0,0,1,0,2025,11,4,12,54,51,4,1,0,0,0,0,1
3203,1690,2,1,0,0,3,1,2025,11,4,13,4,18,4,1,0,0,0,0,1
3204,1690,5,0,1,0,6,0,2025,11,4,13,21,56,4,1,0,0,0,0,1
3205,1690,2,1,0,0,3,1,2025,11,4,13,39,36,4,1,0,0,0,0,1
3206,1690,0,0,0,0,0,0,2025,11,4,14,33,59,4,1,0,0,0,0,1
3207,1690,0,1,1,0,2,1,2025,11,4,14,51,38,4,1,0,0,0,0,1
3208,1690,1,0,0,0,1,0,2025,11,4,15,9,18,4,1,0,0,0,0,1
3209,1690,1,2,0,0,3,0,2025,11,4,15,27,6,4,1,0,0,0,0,1
3210,1690,1,2,0,0,3,0,2025,11,4,15,44,55,4,1,0,0,0,0,1
3211,1690,3,0,0,0,3,0,2025,11,4,16,2,49,4,1,0,0,0,0,1
3212,1690,0,0,0,0,0,1,2025,11,4,18,0,5,4,1,0,0,0,1,0
3213,1690,2,1,0,0,3,0,2025,11,4,18,17,44,4,1,0,0,0,1,0
3214,1690,3,1,0,0,4,1,2025,11,4,18,35,21,4,1,0,0,0,1,0
3215,1690,0,0,0,0,0,0,2025,11,4,18,52,59,4,1,0,0,0,1,0
3216,1690,1,1,0,0,2,0,2025,11,5,7,51,22,4,1,0,0,1,0,0
3217,1690,6,0,0,0,6,0,2025,11,5,8,8,58,4,1,0,0,1,0,0
3218,1690,0,0,0,0,0,0,2025,11,5,8,26,35,4,1,0,0,1,0,0
3219,1690,2,2,2,0,6,0,2025,11,5,8,44,12,4,1,0,0,1,0,0
3220,1690,3,1,0,0,4,0,2025,11,5,9,1,49,4,1,0,0,1,0,0
3221,1690,0,0,0,0,0,0,2025,11,5,9,19,24,4,1,0,0,1,0,0
3222,1690,3,0,0,0,3,0,2025,11,5,9,37,0,4,1,0,0,1,0,0
3223,1690,2,1,0,0,3,0,2025,11,5,9,54,38,4,1,0,0,1,0,0
3224,1690,0,2,0,0,2,0,2025,11,5,10,12,14,4,1,0,0,1,0,0
3225,1690,1,2,0,0,3,0,2025,11,5,10,29,52,4,1,0,0,1,0,0
3226,1690,1,2,0,0,3,1,2025,11,5,10,47,28,4,1,0,0,1,0,0
3227,1690,1,1,0,0,2,0,2025,11,5,12,44,5,4,1,0,0,0,0,1
3228,1690,2,0,0,0,2,0,2025,11,5,13,1,46,4,1,0,0,0,0,1
3229,1690,1,5,0,0,6,1,2025,11,5,13,19,25,4,1,0,0,0,0,1
3230,1690,3,3,0,0,6,0,2025,11,5,13,37,6,4,1,0,0,0,0,1
3231,1690,1,1,0,0,2,0,2025,11,5,13,54,50,4,1,0,0,0,0,1
3232,1690,1,0,2,0,3,0,2025,11,5,14,46,41,4,1,0,0,0,0,1
3233,1690,2,0,1,0,3,0,2025,11,5,15,4,21,4,1,0,0,0,0,1
3234,1690,3,4,0,0,7,1,2025,11,5,15,22,1,4,1,0,0,0,0,1
3235,1690,1,2,0,0,3,0,2025,11,5,15,39,42,4,1,0,0,0,0,1
3236,1690,6,1,0,0,7,1,2025,11,5,15,57,25,4,1,0,0,0,0,1
3237,1690,3,1,1,0,5,0,2025,11,5,16,15,11,4,1,0,0,0,0,1
3238,1690,0,0,0,0,0,0,2025,11,6,7,50,48,4,1,0,0,1,0,0
3239,1690,5,2,0,0,7,1,2025,11,6,8,8,27,4,1,0,0,1,0,0
3240,1690,1,1,1,0,3,0,2025,11,6,8,26,12,4,1,0,0,1,0,0
3241,1690,2,0,0,0,2,0,2025,11,6,8,44,42,4,1,0,0,1,0,0
3242,1690,1,2,1,0,4,0,2025,11,6,9,2,23,4,1,0,0,1,0,0
3243,1690,0,1,0,0,1,1,2025,11,6,9,20,5,4,1,0,0,1,0,0
3244,1690,2,0,0,0,2,0,2025,11,6,9,37,46,4,1,0,0,1,0,0
3245,1690,1,2,0,0,3,0,2025,11,6,9,55,33,4,1,0,0,1,0,0
3246,1690,1,1,0,0,2,1,2025,11,6,10,13,24,4,1,0,0,1,0,0
3247,1690,1,2,0,0,3,0,2025,11,6,10,31,13,4,1,0,0,1,0,0
3248,1690,1,5,0,0,6,1,2025,11,6,12,11,35,4,1,0,0,0,0,1
3249,1690,2,2,0,0,4,1,2025,11,6,12,31,5,4,1,0,0,0,0,1
3250,1690,4,0,0,0,4,0,2025,11,6,12,48,45,4,1,0,0,0,0,1
3251,1690,1,1,0,0,2,0,2025,11,6,13,6,25,4,1,0,0,0,0,1
3252,1690,1,1,0,0,2,0,2025,11,6,13,57,27,4,1,0,0,0,0,1
3253,1690,4,0,0,0,4,0,2025,11,7,9,38,41,4,1,0,0,1,0,0
3254,1690,4,1,0,0,5,0,2025,11,7,10,13,56,4,1,0,0,1,0,0
3255,1690,0,3,0,0,3,0,2025,11,7,10,31,36,4,1,0,0,1,0,0
3256,1690,4,0,0,0,4,1,2025,11,7,13,14,26,4,1,0,0,0,0,1
3257,1690,2,0,0,0,2,0,2025,11,7,13,32,7,4,1,0,0,0,0,1
3258,1690,5,2,0,0,7,0,2025,11,7,13,49,44,4,1,0,0,0,0,1
3259,1690,4,2,2,0,8,1,2025,11,7,15,37,19,4,1,0,0,0,0,1
3260,1690,4,0,0,0,4,1,2025,11,7,15,55,1,4,1,0,0,0,0,1
3261,1690,0,0,0,0,0,0,2025,11,8,7,54,48,4,1,0,0,1,0,0
3262,1690,1,1,0,0,2,0,2025,11,8,8,12,27,4,1,0,0,1,0,0
3263,1690,2,1,0,0,3,0,2025,11,8,8,30,8,4,1,0,0,1,0,0
3264,1690,3,0,0,0,3,0,2025,11,8,8,47,46,4,1,0,0,1,0,0
3265,1690,2,0,0,0,2,0,2025,11,8,9,52,24,4,1,0,0,1,0,0
3266,1690,0,0,0,0,0,0,2025,11,8,10,31,52,4,1,0,0,1,0,0
3267,1690,0,0,0,0,0,0,2025,11,8,10,49,29,4,1,0,0,1,0,0
3268,1690,5,1,0,0,6,0,2025,11,8,11,7,6,4,1,0,0,1,0,0
3269,1690,2,0,0,0,2,0,2025,11,8,11,24,45,4,1,0,0,1,0,0
3270,1690,1,0,0,0,1,0,2025,11,8,11,42,25,4,1,0,0,1,0,0
3271,1690,3,0,0,0,3,0,2025,11,8,12,0,5,4,1,0,0,0,0,1
3272,1690,3,0,1,0,4,0,2025,11,8,12,17,43,4,1,0,0,0,0,1
3273,1690,5,1,1,0,7,0,2025,11,8,12,35,17,4,1,0,0,0,0,1
3274,1690,1,0,0,0,1,0,2025,11,8,12,52,53,4,1,0,0,0,0,1
3275,1690,0,0,0,0,0,0,2025,11,8,13,10,30,4,1,0,0,0,0,1
3276,1690,4,1,0,0,5,0,2025,11,8,13,28,6,4,1,0,0,0,0,1
3277,1690,2,0,0,0,2,0,2025,11,8,13,45,44,4,1,0,0,0,0,1
3278,1690,2,0,0,0,2,0,2025,11,8,14,3,22,4,1,0,0,0,0,1
3279,1690,4,0,0,0,4,0,2025,11,8,14,20,58,4,1,0,0,0,0,1
3280,1690,1,0,0,0,1,0,2025,11,8,14,38,35,4,1,0,0,0,0,1
3281,1690,0,0,0,0,0,0,2025,11,8,15,34,20,4,1,0,0,0,0,1
3282,1690,0,0,0,0,0,0,2025,11,8,15,51,57,4,1,0,0,0,0,1
3283,1690,2,0,0,0,2,0,2025,11,8,16,9,37,4,1,0,0,0,0,1
3284,1690,1,0,0,0,1,0,2025,11,8,16,27,16,4,1,0,0,0,0,1
3285,1690,2,0,0,0,2,0,2025,11,8,16,44,56,4,1,0,0,0,0,1
3286,1690,1,0,0,0,1,0,2025,11,8,17,2,36,4,1,0,0,0,0,1
3287,1690,1,0,0,0,1,0,2025,11,9,8,29,47,4,1,0,0,1,0,0
3288,1690,2,0,0,0,2,0,2025,11,9,8,47,25,4,1,0,0,1,0,0
3289,1690,0,0,0,0,0,0,2025,11,9,9,5,0,4,1,0,0,1,0,0
3290,1690,1,0,0,0,1,0,2025,11,9,9,22,37,4,1,0,0,1,0,0
3291,1690,0,0,0,0,0,0,2025,11,9,9,40,15,4,1,0,0,1,0,0
3292,1690,4,1,0,0,5,1,2025,11,9,9,57,54,4,1,0,0,1,0,0
3293,1690,1,0,0,0,1,0,2025,11,9,10,15,33,4,1,0,0,1,0,0
3294,1690,0,0,0,0,0,0,2025,11,9,10,33,12,4,1,0,0,1,0,0
3295,1690,0,0,1,0,1,0,2025,11,9,10,50,46,4,1,0,0,1,0,0
3296,1690,1,0,0,0,1,0,2025,11,9,11,8,22,4,1,0,0,1,0,0
3297,1690,4,0,0,0,4,0,2025,11,9,11,26,0,4,1,0,0,1,0,0
3298,1690,2,0,0,0,2,0,2025,11,9,11,43,40,4,1,0,0,1,0,0
3299,1690,2,0,0,0,2,0,2025,11,9,12,1,24,4,1,0,0,0,0,1
3300,1690,0,0,1,0,1,0,2025,11,9,12,19,1,4,1,0,0,0,0,1
3301,1690,0,0,0,0,0,0,2025,11,9,12,36,39,4,1,0,0,0,0,1
3302,1690,1,0,0,0,1,0,2025,11,9,12,54,20,4,1,0,0,0,0,1
3303,1690,2,0,0,0,2,0,2025,11,9,15,20,15,4,1,0,0,0,0,1
3304,1690,0,0,0,0,0,1,2025,11,9,15,37,53,4,1,0,0,0,0,1
3305,1690,1,0,0,0,1,0,2025,11,9,15,55,33,4,1,0,0,0,0,1
3306,1690,1,1,0,0,2,0,2025,11,9,16,13,12,4,1,0,0,0,0,1
3307,1690,3,0,0,0,3,0,2025,11,9,16,30,51,4,1,0,0,0,0,1
3308,1690,1,0,0,0,1,0,2025,11,9,16,48,30,4,1,0,0,0,0,1
3309,1690,6,1,0,0,7,0,2025,11,9,17,6,4,4,1,0,0,0,0,1
3310,1690,0,1,0,0,1,1,2025,11,9,17,23,42,4,1,0,0,0,0,1
3311,1690,4,0,0,0,4,0,2025,11,9,17,41,21,4,1,0,0,0,0,1
3312,1690,3,0,0,0,3,0,2025,11,9,17,59,1,4,1,0,0,0,0,1
3313,1690,2,0,0,0,2,0,2025,11,9,18,16,39,4,1,0,0,0,1,0
3314,1690,1,0,0,0,1,0,2025,11,9,18,34,16,4,1,0,0,0,1,0
3315,1690,0,0,0,0,0,0,2025,11,11,7,59,35,4,1,0,0,1,0,0
3316,1690,3,0,0,0,3,0,2025,11,11,8,17,9,4,1,0,0,1,0,0
3317,1690,0,0,0,0,0,0,2025,11,11,8,34,43,4,1,0,0,1,0,0
3318,1690,0,0,0,0,0,0,2025,11,11,8,52,17,4,1,0,0,1,0,0
3319,1690,2,0,1,0,3,0,2025,11,11,9,9,54,4,1,0,0,1,0,0
3320,1690,0,0,0,0,0,0,2025,11,11,9,27,30,4,1,0,0,1,0,0
3321,1690,3,1,0,0,4,0,2025,11,11,14,34,50,4,1,0,0,0,0,1
3322,1690,1,0,0,0,1,0,2025,11,11,14,52,29,4,1,0,0,0,0,1
3323,1690,0,1,0,0,1,0,2025,11,11,15,10,8,4,1,0,0,0,0,1
3324,1690,2,0,1,0,3,0,2025,11,11,15,27,49,4,1,0,0,0,0,1
3325,1690,1,1,0,0,2,0,2025,11,11,15,45,31,4,1,0,0,0,0,1
3326,1690,2,0,2,0,4,0,2025,11,11,16,3,12,4,1,0,0,0,0,1
3327,1690,4,4,0,0,8,1,2025,11,11,17,47,59,4,1,0,0,0,0,1
3328,1690,8,6,0,0,14,1,2025,11,11,18,23,10,4,1,0,0,0,1,0
3329,1690,0,0,0,0,0,0,2025,11,11,18,40,47,4,1,0,0,0,1,0
3330,1690,2,2,0,0,4,0,2025,11,12,8,37,13,4,1,0,0,1,0,0
3331,1690,4,1,0,0,5,0,2025,11,12,8,54,56,4,1,0,0,1,0,0
3332,1690,1,0,0,0,1,0,2025,11,12,9,12,39,4,1,0,0,1,0,0
3333,1690,2,1,0,0,3,0,2025,11,12,9,30,33,4,1,0,0,1,0,0
3334,1690,0,0,0,0,0,0,2025,11,12,12,35,7,4,1,0,0,0,0,1
3335,1690,0,0,0,0,0,0,2025,11,14,9,7,14,4,1,0,0,1,0,0
3336,1690,1,0,0,0,1,0,2025,11,14,9,24,51,4,1,0,0,1,0,0
3337,1690,0,0,0,0,0,0,2025,11,14,9,42,33,4,1,0,0,1,0,0
3338,1690,1,1,0,0,2,0,2025,11,14,10,0,11,4,1,0,0,1,0,0
3339,1690,2,2,0,0,4,0,2025,11,14,10,17,50,4,1,0,0,1,0,0
3340,1690,4,3,0,0,7,1,2025,11,14,10,35,32,4,1,0,0,1,0,0
3341,1690,2,1,0,0,3,0,2025,11,15,9,51,25,4,1,0,0,1,0,0
3342,1690,1,0,0,0,1,0,2025,11,15,10,9,6,4,1,0,0,1,0,0
3343,1690,1,0,0,0,1,0,2025,11,15,10,26,46,4,1,0,0,1,0,0
3344,1690,1,0,0,0,1,0,2025,11,15,10,44,29,4,1,0,0,1,0,0
3345,1690,4,1,0,0,5,0,2025,11,15,11,2,19,4,1,0,0,1,0,0
3346,1690,4,0,0,0,4,1,2025,11,15,11,19,58,4,1,0,0,1,0,0
3347,1690,1,0,0,0,1,0,2025,11,15,11,37,38,4,1,0,0,1,0,0
3348,1690,4,0,0,0,4,0,2025,11,15,11,55,19,4,1,0,0,1,0,0
3349,1690,2,0,0,0,2,0,2025,11,15,12,13,0,4,1,0,0,0,0,1
3350,1690,3,2,0,0,5,0,2025,11,15,12,30,40,4,1,0,0,0,0,1
3351,1690,4,0,0,0,4,0,2025,11,15,12,48,22,4,1,0,0,0,0,1
3352,1690,1,0,1,0,2,1,2025,11,15,13,6,0,4,1,0,0,0,0,1
3353,1690,1,0,0,0,1,0,2025,11,16,8,9,23,4,1,0,0,1,0,0
3354,1690,0,0,0,0,0,0,2025,11,16,8,27,3,4,1,0,0,1,0,0
3355,1690,0,0,0,0,0,0,2025,11,16,8,44,51,4,1,0,0,1,0,0
3356,1690,2,0,0,0,2,0,2025,11,16,9,2,33,4,1,0,0,1,0,0
3357,1690,0,0,0,0,0,0,2025,11,16,9,20,14,4,1,0,0,1,0,0
3358,1690,0,0,0,0,0,0,2025,11,16,9,37,55,4,1,0,0,1,0,0
3359,1690,2,0,0,0,2,0,2025,11,16,9,55,37,4,1,0,0,1,0,0
3360,1690,2,0,0,0,2,0,2025,11,16,10,13,24,4,1,0,0,1,0,0
3361,1690,1,0,0,0,1,0,2025,11,16,10,31,11,4,1,0,0,1,0,0
3362,1690,2,0,0,0,2,0,2025,11,16,10,48,54,4,1,0,0,1,0,0
3363,1690,1,0,0,0,1,0,2025,11,16,11,6,55,4,1,0,0,1,0,0
3364,1690,3,3,0,0,6,0,2025,11,17,8,23,51,4,1,0,0,1,0,0
3365,1690,1,1,0,0,2,0,2025,11,17,8,41,33,4,1,0,0,1,0,0
3366,1690,2,2,0,0,4,0,2025,11,17,8,59,12,4,1,0,0,1,0,0
3367,1690,0,1,0,0,1,0,2025,11,17,9,16,51,4,1,0,0,1,0,0
3368,1690,4,0,0,0,4,0,2025,11,17,9,34,30,4,1,0,0,1,0,0
3369,1690,2,2,0,0,4,1,2025,11,17,9,52,9,4,1,0,0,1,0,0
3370,1690,3,0,0,0,3,0,2025,11,17,10,9,47,4,1,0,0,1,0,0
3371,1690,0,0,0,0,0,0,2025,11,17,10,27,29,4,1,0,0,1,0,0
3372,1690,2,4,0,0,6,1,2025,11,17,12,34,28,4,1,0,0,0,0,1
3373,1690,2,0,0,0,2,0,2025,11,17,12,52,7,4,1,0,0,0,0,1
3374,1690,3,0,0,0,3,0,2025,11,17,13,9,45,4,1,0,0,0,0,1
3375,169372,20,4,1,0,25,2,2025,10,27,8,27,14,42,1,0,0,1,0,0
3376,169372,9,2,0,0,11,1,2025,10,27,8,44,59,42,1,0,0,1,0,0
3377,169372,8,1,0,0,9,0,2025,10,27,9,2,38,42,1,0,0,1,0,0
3378,169372,6,1,1,0,8,1,2025,10,27,9,20,18,42,1,0,0,1,0,0
3379,169372,4,4,0,0,8,0,2025,10,27,9,38,0,42,1,0,0,1,0,0
3380,169372,18,6,1,0,25,2,2025,10,27,9,55,43,42,1,0,0,1,0,0
3381,169372,16,8,0,0,24,2,2025,10,27,10,13,29,42,1,0,0,1,0,0
3382,169372,10,1,0,0,11,1,2025,10,27,10,31,16,42,1,0,0,1,0,0
3383,169372,9,0,0,0,9,0,2025,10,27,12,40,18,42,1,0,0,0,0,1
3384,169372,10,1,1,0,12,0,2025,10,27,12,58,2,42,1,0,0,0,0,1
3385,169372,8,2,0,0,10,0,2025,10,27,13,15,49,42,1,0,0,0,0,1
3386,169372,8,2,0,0,10,0,2025,10,27,13,20,55,42,1,0,0,0,0,1
3387,169372,10,0,0,0,10,0,2025,10,27,13,57,19,42,1,0,0,0,0,1
3388,169372,13,1,0,0,14,0,2025,10,27,14,55,37,42,1,0,0,0,0,1
3389,169372,10,2,0,0,12,1,2025,10,27,15,13,22,42,1,0,0,0,0,1
3390,169372,19,0,0,0,19,1,2025,10,27,15,31,9,42,1,0,0,0,0,1
3391,169372,16,1,0,0,17,0,2025,10,27,15,48,56,42,1,0,0,0,0,1
3392,169372,13,1,0,0,14,0,2025,10,27,18,2,59,42,1,0,0,0,1,0
3393,169372,17,1,0,0,18,0,2025,10,27,18,20,36,42,1,0,0,0,1,0
3394,169372,22,2,0,0,24,1,2025,10,27,18,38,12,42,1,0,0,0,1,0
3395,169372,15,1,0,0,16,1,2025,10,28,7,56,26,42,1,0,0,1,0,0
3396,169372,15,0,1,0,16,0,2025,10,28,8,14,3,42,1,0,0,1,0,0
3397,169372,11,2,2,0,15,1,2025,10,28,8,31,39,42,1,0,0,1,0,0
3398,169372,8,1,0,0,9,0,2025,10,28,8,49,16,42,1,0,0,1,0,0
3399,169372,9,0,0,0,9,1,2025,10,28,9,6,51,42,1,0,0,1,0,0
3400,169372,9,1,1,0,11,1,2025,10,28,9,24,27,42,1,0,0,1,0,0
3401,169372,10,2,0,0,12,1,2025,10,28,9,42,6,42,1,0,0,1,0,0
3402,169372,17,1,2,0,20,1,2025,10,28,13,27,54,42,1,0,0,0,0,1
3403,169372,19,2,0,0,21,2,2025,10,28,14,45,46,42,1,0,0,0,0,1
3404,169372,23,5,1,0,29,3,2025,10,28,15,3,28,42,1,0,0,0,0,1
3405,169372,22,6,0,0,28,3,2025,10,28,15,21,15,42,1,0,0,0,0,1
3406,169372,8,1,0,0,9,0,2025,10,28,15,39,2,42,1,0,0,0,0,1
3407,169372,9,2,0,0,11,0,2025,10,28,15,56,47,42,1,0,0,0,0,1
3408,169372,9,0,0,0,9,0,2025,10,28,17,49,7,42,1,0,0,0,0,1
3409,169372,14,2,0,0,16,0,2025,10,28,18,6,43,42,1,0,0,0,1,0
3410,169372,18,0,0,0,18,1,2025,10,28,18,24,23,42,1,0,0,0,1,0
3411,169372,11,0,0,0,11,1,2025,10,28,18,42,3,42,1,0,0,0,1,0
3412,169372,6,0,0,0,6,0,2025,10,28,18,59,41,42,1,0,0,0,1,0
3413,169372,7,0,0,0,7,0,2025,10,28,19,17,18,42,1,0,0,0,1,0
3414,169372,7,0,0,0,7,0,2025,10,28,19,34,56,42,1,0,0,0,1,0
3415,169372,4,0,0,0,4,0,2025,10,28,19,52,35,42,1,0,0,0,1,0
3416,169372,19,0,0,0,19,1,2025,10,29,8,23,46,42,1,0,0,1,0,0
3417,169372,13,3,1,0,17,1,2025,10,29,8,41,22,42,1,0,0,1,0,0
3418,169372,20,0,0,0,20,1,2025,10,29,8,58,59,42,1,0,0,1,0,0
3419,169372,14,2,0,0,16,1,2025,10,29,9,16,33,42,1,0,0,1,0,0
3420,169372,13,2,0,0,15,0,2025,10,29,9,34,10,42,1,0,0,1,0,0
3421,169372,10,2,0,0,12,0,2025,10,29,9,51,46,42,1,0,0,1,0,0
3422,169372,10,2,1,0,13,1,2025,10,29,10,9,24,42,1,0,0,1,0,0
3423,169372,12,1,0,0,13,0,2025,10,29,10,27,3,42,1,0,0,1,0,0
3424,169372,13,2,0,0,15,0,2025,10,29,10,44,41,42,1,0,0,1,0,0
3425,169372,11,0,0,0,11,0,2025,10,29,12,33,34,42,1,0,0,0,0,1
3426,169372,9,5,0,0,14,1,2025,10,29,12,51,14,42,1,0,0,0,0,1
3427,169372,8,3,0,0,11,0,2025,10,29,13,9,2,42,1,0,0,0,0,1
3428,169372,10,1,0,0,11,0,2025,10,29,13,26,46,42,1,0,0,0,0,1
3429,169372,11,1,0,0,12,0,2025,10,29,13,44,30,42,1,0,0,0,0,1
3430,169372,13,3,1,0,17,1,2025,10,29,14,44,12,42,1,0,0,0,0,1
3431,169372,13,2,3,0,18,1,2025,10,29,15,1,55,42,1,0,0,0,0,1
3432,169372,24,3,0,0,27,1,2025,10,29,15,19,40,42,1,0,0,0,0,1
3433,169372,15,3,2,0,20,1,2025,10,29,15,37,20,42,1,0,0,0,0,1
3434,169372,22,0,0,0,22,0,2025,10,29,15,55,1,42,1,0,0,0,0,1
3435,169372,9,3,0,0,12,1,2025,10,30,8,20,37,42,1,0,0,1,0,0
3436,169372,18,3,0,0,21,1,2025,10,30,8,38,20,42,1,0,0,1,0,0
3437,169372,8,0,1,0,9,1,2025,10,30,8,56,2,42,1,0,0,1,0,0
3438,169372,9,1,0,0,10,1,2025,10,30,9,13,54,42,1,0,0,1,0,0
3439,169372,17,0,0,0,17,1,2025,10,30,9,32,0,42,1,0,0,1,0,0
3440,169372,12,1,0,0,13,1,2025,10,30,9,49,54,42,1,0,0,1,0,0
3441,169372,4,1,0,0,5,0,2025,10,30,10,7,45,42,1,0,0,1,0,0
3442,169372,13,1,1,0,15,1,2025,10,30,10,25,34,42,1,0,0,1,0,0
3443,169372,10,3,1,0,14,1,2025,10,30,10,43,16,42,1,0,0,1,0,0
3444,169372,10,1,1,0,12,1,2025,10,30,12,29,49,42,1,0,0,0,0,1
3445,169372,13,4,0,0,17,1,2025,10,30,12,47,21,42,1,0,0,0,0,1
3446,169372,12,2,0,0,14,1,2025,10,30,13,5,5,42,1,0,0,0,0,1
3447,169372,6,3,0,0,9,1,2025,10,30,13,22,51,42,1,0,0,0,0,1
3448,169372,11,2,0,0,13,1,2025,10,30,13,40,37,42,1,0,0,0,0,1
3449,169372,13,3,0,0,16,1,2025,10,30,13,58,23,42,1,0,0,0,0,1
3450,169372,12,0,0,0,12,1,2025,10,30,14,57,24,42,1,0,0,0,0,1
3451,169372,9,0,2,0,11,1,2025,10,30,15,15,18,42,1,0,0,0,0,1
3452,169372,11,0,0,0,11,1,2025,10,30,15,33,2,42,1,0,0,0,0,1
3453,169372,10,0,0,0,10,0,2025,10,30,15,57,47,42,1,0,0,0,0,1
3454,169372,10,1,2,0,13,1,2025,10,30,16,15,34,42,1,0,0,0,0,1
3455,169372,4,0,0,0,4,0,2025,10,30,22,45,49,42,1,0,0,0,1,0
3456,169372,14,1,0,0,15,1,2025,10,31,8,25,18,42,1,0,0,1,0,0
3457,169372,10,3,1,0,14,1,2025,10,31,8,43,5,42,1,0,0,1,0,0
3458,169372,10,1,0,0,11,0,2025,10,31,9,0,52,42,1,0,0,1,0,0
3459,169372,9,1,0,0,10,1,2025,10,31,9,18,36,42,1,0,0,1,0,0
3460,169372,9,4,0,0,13,1,2025,10,31,9,44,14,42,1,0,0,1,0,0
3461,169372,23,0,1,0,24,2,2025,10,31,10,1,55,42,1,0,0,1,0,0
3462,169372,19,2,0,0,21,1,2025,10,31,10,19,39,42,1,0,0,1,0,0
3463,169372,16,0,0,0,16,0,2025,10,31,10,37,19,42,1,0,0,1,0,0
3464,169372,16,0,0,0,16,1,2025,10,31,15,3,42,42,1,0,0,0,0,1
3465,169372,17,0,2,0,19,1,2025,10,31,15,21,34,42,1,0,0,0,0,1
3466,169372,20,1,2,0,23,2,2025,10,31,15,39,27,42,1,0,0,0,0,1
3467,169372,27,1,1,0,29,2,2025,10,31,15,57,16,42,1,0,0,0,0,1
3468,169372,12,1,0,0,13,0,2025,11,1,8,54,55,42,1,0,0,1,0,0
3469,169372,3,0,0,0,3,0,2025,11,1,9,12,40,42,1,0,0,1,0,0
3470,169372,12,0,1,0,13,0,2025,11,1,9,30,34,42,1,0,0,1,0,0
3471,169372,10,0,1,0,11,0,2025,11,1,9,48,22,42,1,0,0,1,0,0
3472,169372,11,1,0,0,12,0,2025,11,1,10,6,12,42,1,0,0,1,0,0
3473,169372,12,1,0,0,13,0,2025,11,1,10,23,55,42,1,0,0,1,0,0
3474,169372,12,0,0,0,12,0,2025,11,1,10,41,41,42,1,0,0,1,0,0
3475,169372,11,3,0,0,14,0,2025,11,1,10,59,36,42,1,0,0,1,0,0
3476,169372,10,2,0,0,12,0,2025,11,1,11,17,22,42,1,0,0,1,0,0
3477,169372,16,0,0,0,16,1,2025,11,1,11,35,3,42,1,0,0,1,0,0
3478,169372,13,0,0,0,13,0,2025,11,1,11,52,49,42,1,0,0,1,0,0
3479,169372,16,1,0,0,17,0,2025,11,1,12,10,42,42,1,0,0,0,0,1
3480,169372,20,1,0,0,21,1,2025,11,1,12,28,33,42,1,0,0,0,0,1
3481,169372,13,2,0,0,15,1,2025,11,1,13,4,17,42,1,0,0,0,0,1
3482,169372,12,0,2,0,14,1,2025,11,1,13,22,5,42,1,0,0,0,0,1
3483,169372,18,1,0,0,19,1,2025,11,1,13,39,50,42,1,0,0,0,0,1
3484,169372,14,2,0,0,16,1,2025,11,1,13,57,40,42,1,0,0,0,0,1
3485,169372,14,0,0,0,14,1,2025,11,1,14,15,31,42,1,0,0,0,0,1
3486,169372,10,0,0,0,10,0,2025,11,1,14,33,41,42,1,0,0,0,0,1
3487,169372,10,0,0,0,10,0,2025,11,1,14,51,44,42,1,0,0,0,0,1
3488,169372,8,0,0,0,8,0,2025,11,1,15,9,35,42,1,0,0,0,0,1
3489,169372,9,1,0,0,10,0,2025,11,1,15,27,23,42,1,0,0,0,0,1
3490,169372,15,0,0,0,15,1,2025,11,1,15,45,14,42,1,0,0,0,0,1
3491,169372,11,0,0,0,11,0,2025,11,1,16,3,12,42,1,0,0,0,0,1
3492,169372,10,0,0,0,10,0,2025,11,1,16,20,59,42,1,0,0,0,0,1
3493,169372,11,2,0,0,13,0,2025,11,1,16,38,47,42,1,0,0,0,0,1
3494,169372,14,0,0,0,14,0,2025,11,1,16,56,44,42,1,0,0,0,0,1
3495,169372,19,1,0,0,20,1,2025,11,1,17,14,44,42,1,0,0,0,0,1
3496,169372,15,0,0,0,15,0,2025,11,1,17,32,30,42,1,0,0,0,0,1
3497,169372,18,1,0,0,19,1,2025,11,1,17,50,25,42,1,0,0,0,0,1
3498,169372,12,0,0,0,12,1,2025,11,1,18,8,14,42,1,0,0,0,1,0
3499,169372,18,0,0,0,18,1,2025,11,1,18,27,3,42,1,0,0,0,1,0
3500,169372,15,0,0,0,15,1,2025,11,1,18,44,59,42,1,0,0,0,1,0
3501,169372,11,0,0,0,11,1,2025,11,1,19,2,46,42,1,0,0,0,1,0
3502,169372,11,1,0,0,12,1,2025,11,1,19,37,20,42,1,0,0,0,1,0
3503,169372,7,0,0,0,7,0,2025,11,2,10,16,52,42,1,0,0,1,0,0
3504,169372,10,1,0,0,11,1,2025,11,2,10,34,37,42,1,0,0,1,0,0
3505,169372,8,0,0,0,8,0,2025,11,2,10,52,31,42,1,0,0,1,0,0
3506,169372,8,1,0,0,9,0,2025,11,2,11,10,19,42,1,0,0,1,0,0
3507,169372,13,1,0,0,14,0,2025,11,2,11,28,12,42,1,0,0,1,0,0
3508,169372,12,1,0,0,13,0,2025,11,2,12,11,27,42,1,0,0,0,0,1
3509,169372,17,1,0,0,18,1,2025,11,2,12,29,13,42,1,0,0,0,0,1
3510,169372,15,0,1,0,16,1,2025,11,2,12,47,3,42,1,0,0,0,0,1
3511,169372,19,1,0,0,20,1,2025,11,2,13,4,46,42,1,0,0,0,0,1
3512,169372,18,0,0,0,18,0,2025,11,2,13,22,25,42,1,0,0,0,0,1
3513,169372,16,0,0,0,16,1,2025,11,2,13,40,4,42,1,0,0,0,0,1
3514,169372,13,2,0,0,15,1,2025,11,2,13,57,42,42,1,0,0,0,0,1
3515,169372,9,0,0,0,9,0,2025,11,2,14,15,21,42,1,0,0,0,0,1
3516,169372,14,0,0,0,14,0,2025,11,2,14,32,57,42,1,0,0,0,0,1
3517,169372,9,1,0,0,10,0,2025,11,2,14,50,33,42,1,0,0,0,0,1
3518,169372,12,0,1,0,13,1,2025,11,2,15,51,6,42,1,0,0,0,0,1
3519,169372,11,2,0,0,13,0,2025,11,2,16,8,44,42,1,0,0,0,0,1
3520,169372,11,1,1,0,13,1,2025,11,2,16,26,23,42,1,0,0,0,0,1
3521,169372,10,0,0,0,10,0,2025,11,2,16,44,2,42,1,0,0,0,0,1
3522,169372,10,2,0,0,12,1,2025,11,3,8,9,19,42,1,0,0,1,0,0
3523,169372,12,3,0,0,15,1,2025,11,3,8,26,55,42,1,0,0,1,0,0
3524,169372,18,0,1,0,19,1,2025,11,3,8,44,33,42,1,0,0,1,0,0
3525,169372,10,3,0,0,13,1,2025,11,3,9,2,10,42,1,0,0,1,0,0
3526,169372,16,0,3,0,19,1,2025,11,3,9,19,47,42,1,0,0,1,0,0
3527,169372,14,1,3,0,18,1,2025,11,3,9,37,24,42,1,0,0,1,0,0
3528,169372,23,1,1,0,25,1,2025,11,4,8,9,36,42,1,0,0,1,0,0
3529,169372,25,0,1,0,26,1,2025,11,4,8,27,12,42,1,0,0,1,0,0
3530,169372,17,2,0,0,19,1,2025,11,4,8,44,49,42,1,0,0,1,0,0
3531,169372,23,2,0,0,25,1,2025,11,4,9,2,25,42,1,0,0,1,0,0
3532,169372,13,0,0,0,13,1,2025,11,4,9,20,2,42,1,0,0,1,0,0
3533,169372,18,1,0,0,19,1,2025,11,4,9,37,42,42,1,0,0,1,0,0
3534,169372,12,0,0,0,12,1,2025,11,4,12,8,54,42,1,0,0,0,0,1
3535,169372,14,2,1,0,17,1,2025,11,4,12,37,16,42,1,0,0,0,0,1
3536,169372,11,2,0,0,13,0,2025,11,4,12,54,56,42,1,0,0,0,0,1
3537,169372,12,4,1,0,17,1,2025,11,4,13,4,22,42,1,0,0,0,0,1
3538,169372,13,2,0,0,15,1,2025,11,4,13,22,1,42,1,0,0,0,0,1
3539,169372,11,3,1,0,15,1,2025,11,4,13,39,40,42,1,0,0,0,0,1
3540,169372,15,1,0,0,16,1,2025,11,4,14,34,2,42,1,0,0,0,0,1
3541,169372,14,2,0,0,16,1,2025,11,4,14,51,42,42,1,0,0,0,0,1
3542,169372,12,0,0,0,12,1,2025,11,4,15,9,27,42,1,0,0,0,0,1
3543,169372,6,1,1,0,8,0,2025,11,4,15,27,13,42,1,0,0,0,0,1
3544,169372,12,0,0,0,12,0,2025,11,4,15,45,13,42,1,0,0,0,0,1
3545,169372,15,0,0,0,15,1,2025,11,4,16,2,55,42,1,0,0,0,0,1
3546,169372,10,1,0,0,11,0,2025,11,4,18,0,9,42,1,0,0,0,1,0
3547,169372,15,3,1,0,19,2,2025,11,4,18,17,47,42,1,0,0,0,1,0
3548,169372,10,0,0,0,10,1,2025,11,4,18,35,25,42,1,0,0,0,1,0
3549,169372,10,1,0,0,11,1,2025,11,4,18,53,3,42,1,0,0,0,1,0
3550,169372,11,0,0,0,11,1,2025,11,4,19,10,41,42,1,0,0,0,1,0
3551,169372,11,0,0,0,11,1,2025,11,4,19,28,20,42,1,0,0,0,1,0
3552,169372,7,0,0,0,7,0,2025,11,4,19,45,58,42,1,0,0,0,1,0
3553,169372,5,0,0,0,5,1,2025,11,4,20,3,34,42,1,0,0,0,1,0
3554,169372,6,0,0,0,6,0,2025,11,4,20,21,11,42,1,0,0,0,1,0
3555,169372,9,0,0,0,9,1,2025,11,4,20,38,50,42,1,0,0,0,1,0
3556,169372,14,2,1,0,17,1,2025,11,5,7,51,24,42,1,0,0,1,0,0
3557,169372,15,1,0,0,16,1,2025,11,5,8,9,1,42,1,0,0,1,0,0
3558,169372,15,2,1,0,18,1,2025,11,5,8,26,38,42,1,0,0,1,0,0
3559,169372,22,2,1,0,25,1,2025,11,5,8,44,14,42,1,0,0,1,0,0
3560,169372,19,2,1,0,22,1,2025,11,5,9,1,51,42,1,0,0,1,0,0
3561,169372,16,2,0,0,18,0,2025,11,5,9,19,27,42,1,0,0,1,0,0
3562,169372,19,1,0,0,20,0,2025,11,5,9,37,3,42,1,0,0,1,0,0
3563,169372,13,5,0,0,18,1,2025,11,5,9,54,40,42,1,0,0,1,0,0
3564,169372,13,4,1,0,18,1,2025,11,5,10,12,17,42,1,0,0,1,0,0
3565,169372,13,4,1,0,18,1,2025,11,5,10,29,55,42,1,0,0,1,0,0
3566,169372,12,4,0,0,16,1,2025,11,5,10,47,30,42,1,0,0,1,0,0
3567,169372,15,1,0,0,16,0,2025,11,5,12,44,10,42,1,0,0,0,0,1
3568,169372,12,3,1,0,16,1,2025,11,5,13,1,50,42,1,0,0,0,0,1
3569,169372,20,1,0,0,21,1,2025,11,5,13,19,30,42,1,0,0,0,0,1
3570,169372,17,6,2,0,25,2,2025,11,5,13,37,11,42,1,0,0,0,0,1
3571,169372,22,2,0,0,24,1,2025,11,5,13,54,55,42,1,0,0,0,0,1
3572,169372,18,2,1,0,21,1,2025,11,5,14,46,45,42,1,0,0,0,0,1
3573,169372,24,4,0,0,28,1,2025,11,5,15,4,25,42,1,0,0,0,0,1
3574,169372,24,1,1,0,26,1,2025,11,5,15,22,5,42,1,0,0,0,0,1
3575,169372,29,1,1,0,31,1,2025,11,5,15,39,48,42,1,0,0,0,0,1
3576,169372,24,1,2,0,27,1,2025,11,5,15,57,31,42,1,0,0,0,0,1
3577,169372,20,1,1,0,22,1,2025,11,6,7,50,51,42,1,0,0,1,0,0
3578,169372,24,3,0,0,27,1,2025,11,6,8,8,32,42,1,0,0,1,0,0
3579,169372,21,1,1,0,23,1,2025,11,6,8,26,30,42,1,0,0,1,0,0
3580,169372,18,5,1,0,24,1,2025,11,6,8,44,46,42,1,0,0,1,0,0
3581,169372,22,2,1,0,25,1,2025,11,6,9,2,29,42,1,0,0,1,0,0
3582,169372,25,5,0,0,30,1,2025,11,6,9,20,10,42,1,0,0,1,0,0
3583,169372,25,3,2,0,30,1,2025,11,6,9,37,51,42,1,0,0,1,0,0
3584,169372,15,4,2,0,21,1,2025,11,6,9,55,39,42,1,0,0,1,0,0
3585,169372,21,7,1,0,29,1,2025,11,6,10,13,34,42,1,0,0,1,0,0
3586,169372,21,4,1,0,26,1,2025,11,6,10,31,18,42,1,0,0,1,0,0
3587,169372,11,1,1,0,13,0,2025,11,6,12,31,9,42,1,0,0,0,0,1
3588,169372,20,2,0,0,22,1,2025,11,6,12,48,49,42,1,0,0,0,0,1
3589,169372,20,3,0,0,23,1,2025,11,6,13,6,30,42,1,0,0,0,0,1
3590,169372,17,2,0,0,19,1,2025,11,6,13,39,50,42,1,0,0,0,0,1
3591,169372,17,3,0,0,20,2,2025,11,6,13,57,32,42,1,0,0,0,0,1
3592,169372,30,2,1,0,33,2,2025,11,7,9,38,43,42,1,0,0,1,0,0
3593,169372,25,6,0,0,31,2,2025,11,7,10,14,0,42,1,0,0,1,0,0
3594,169372,27,4,1,0,32,2,2025,11,7,10,31,39,42,1,0,0,1,0,0
3595,169372,25,2,1,0,28,2,2025,11,7,13,14,30,42,1,0,0,0,0,1
3596,169372,22,2,2,0,26,1,2025,11,7,13,32,9,42,1,0,0,0,0,1
3597,169372,13,4,2,0,19,1,2025,11,7,13,49,48,42,1,0,0,0,0,1
3598,169372,28,3,1,0,32,2,2025,11,7,15,37,22,42,1,0,0,0,0,1
3599,169372,26,0,1,0,27,1,2025,11,7,15,55,3,42,1,0,0,0,0,1
3600,169372,13,0,1,0,14,1,2025,11,8,7,54,52,42,1,0,0,1,0,0
3601,169372,8,0,0,0,8,1,2025,11,8,8,12,32,42,1,0,0,1,0,0
3602,169372,8,0,0,0,8,0,2025,11,8,8,30,11,42,1,0,0,1,0,0
3603,169372,4,1,0,0,5,0,2025,11,8,8,47,48,42,1,0,0,1,0,0
3604,169372,7,0,0,0,7,0,2025,11,8,9,52,27,42,1,0,0,1,0,0
3605,169372,14,3,0,0,17,1,2025,11,8,10,31,55,42,1,0,0,1,0,0
3606,169372,10,3,0,0,13,1,2025,11,8,10,49,32,42,1,0,0,1,0,0
3607,169372,20,1,0,0,21,1,2025,11,8,11,7,10,42,1,0,0,1,0,0
3608,169372,8,2,1,0,11,1,2025,11,8,11,24,50,42,1,0,0,1,0,0
3609,169372,19,0,0,0,19,1,2025,11,8,11,42,29,42,1,0,0,1,0,0
3610,169372,13,2,0,0,15,1,2025,11,8,12,0,9,42,1,0,0,0,0,1
3611,169372,15,0,1,0,16,1,2025,11,8,12,17,45,42,1,0,0,0,0,1
3612,169372,22,1,0,0,23,1,2025,11,8,12,35,20,42,1,0,0,0,0,1
3613,169372,14,1,2,0,17,1,2025,11,8,12,52,56,42,1,0,0,0,0,1
3614,169372,11,0,0,0,11,1,2025,11,8,13,10,33,42,1,0,0,0,0,1
3615,169372,15,0,0,0,15,1,2025,11,8,13,28,10,42,1,0,0,0,0,1
3616,169372,22,3,0,0,25,1,2025,11,8,13,45,47,42,1,0,0,0,0,1
3617,169372,12,1,0,0,13,1,2025,11,8,14,3,25,42,1,0,0,0,0,1
3618,169372,13,0,0,0,13,0,2025,11,8,14,21,2,42,1,0,0,0,0,1
3619,169372,14,1,0,0,15,1,2025,11,8,14,38,38,42,1,0,0,0,0,1
3620,169372,9,0,0,0,9,0,2025,11,8,15,34,23,42,1,0,0,0,0,1
3621,169372,11,0,0,0,11,1,2025,11,8,15,52,1,42,1,0,0,0,0,1
3622,169372,6,0,0,0,6,0,2025,11,8,16,9,40,42,1,0,0,0,0,1
3623,169372,13,1,1,0,15,1,2025,11,8,16,27,21,42,1,0,0,0,0,1
3624,169372,5,0,0,0,5,0,2025,11,8,16,45,1,42,1,0,0,0,0,1
3625,169372,14,0,1,0,15,1,2025,11,8,17,2,38,42,1,0,0,0,0,1
3626,169372,13,1,0,0,14,1,2025,11,8,18,55,26,42,1,0,0,0,1,0
3627,169372,17,0,0,0,17,1,2025,11,8,19,13,5,42,1,0,0,0,1,0
3628,169372,13,1,0,0,14,1,2025,11,8,19,30,44,42,1,0,0,0,1,0
3629,169372,9,0,0,0,9,1,2025,11,8,19,48,19,42,1,0,0,0,1,0
3630,169372,9,1,0,0,10,0,2025,11,9,8,29,49,42,1,0,0,1,0,0
3631,169372,3,1,0,0,4,0,2025,11,9,8,47,27,42,1,0,0,1,0,0
3632,169372,5,2,0,0,7,0,2025,11,9,9,5,3,42,1,0,0,1,0,0
3633,169372,4,1,0,0,5,0,2025,11,9,9,22,40,42,1,0,0,1,0,0
3634,169372,7,1,0,0,8,0,2025,11,9,9,40,18,42,1,0,0,1,0,0
3635,169372,9,1,0,0,10,0,2025,11,9,9,57,57,42,1,0,0,1,0,0
3636,169372,7,1,0,0,8,0,2025,11,9,10,15,37,42,1,0,0,1,0,0
3637,169372,12,2,0,0,14,0,2025,11,9,10,33,14,42,1,0,0,1,0,0
3638,169372,10,2,0,0,12,1,2025,11,9,10,50,49,42,1,0,0,1,0,0
3639,169372,7,2,1,0,10,0,2025,11,9,11,8,26,42,1,0,0,1,0,0
3640,169372,11,2,0,0,13,1,2025,11,9,11,26,4,42,1,0,0,1,0,0
3641,169372,20,3,0,0,23,1,2025,11,9,11,43,48,42,1,0,0,1,0,0
3642,169372,14,2,0,0,16,0,2025,11,9,12,1,27,42,1,0,0,0,0,1
3643,169372,14,1,0,0,15,1,2025,11,9,12,19,5,42,1,0,0,0,0,1
3644,169372,13,0,0,0,13,1,2025,11,9,12,36,44,42,1,0,0,0,0,1
3645,169372,11,0,0,0,11,0,2025,11,9,12,54,25,42,1,0,0,0,0,1
3646,169372,11,1,0,0,12,0,2025,11,9,15,20,18,42,1,0,0,0,0,1
3647,169372,14,2,0,0,16,1,2025,11,9,15,37,57,42,1,0,0,0,0,1
3648,169372,8,2,0,0,10,0,2025,11,9,15,55,37,42,1,0,0,0,0,1
3649,169372,8,1,0,0,9,0,2025,11,9,16,13,16,42,1,0,0,0,0,1
3650,169372,11,1,0,0,12,0,2025,11,9,16,30,56,42,1,0,0,0,0,1
3651,169372,11,2,0,0,13,0,2025,11,9,16,48,31,42,1,0,0,0,0,1
3652,169372,17,1,0,0,18,1,2025,11,9,17,6,8,42,1,0,0,0,0,1
3653,169372,9,3,0,0,12,0,2025,11,9,17,23,46,42,1,0,0,0,0,1
3654,169372,9,2,0,0,11,1,2025,11,9,17,41,25,42,1,0,0,0,0,1
3655,169372,14,1,0,0,15,0,2025,11,9,17,59,4,42,1,0,0,0,0,1
3656,169372,12,1,0,0,13,0,2025,11,9,18,16,42,42,1,0,0,0,1,0
3657,169372,22,2,0,0,24,1,2025,11,11,7,59,37,42,1,0,0,1,0,0
3658,169372,23,2,1,0,26,2,2025,11,11,8,17,10,42,1,0,0,1,0,0
3659,169372,25,3,0,0,28,1,2025,11,11,8,34,45,42,1,0,0,1,0,0
3660,169372,19,3,0,0,22,1,2025,11,11,8,52,20,42,1,0,0,1,0,0
3661,169372,19,0,0,0,19,1,2025,11,11,9,9,56,42,1,0,0,1,0,0
3662,169372,18,1,1,0,20,1,2025,11,11,9,27,32,42,1,0,0,1,0,0
3663,169372,15,6,0,0,21,1,2025,11,11,14,34,54,42,1,0,0,0,0,1
3664,169372,25,1,0,0,26,1,2025,11,11,14,52,34,42,1,0,0,0,0,1
3665,169372,21,2,0,0,23,1,2025,11,11,15,10,13,42,1,0,0,0,0,1
3666,169372,28,3,2,0,33,2,2025,11,11,15,27,54,42,1,0,0,0,0,1
3667,169372,19,1,1,0,21,1,2025,11,11,15,45,38,42,1,0,0,0,0,1
3668,169372,18,4,2,0,24,2,2025,11,11,16,3,16,42,1,0,0,0,0,1
3669,169372,16,1,0,0,17,1,2025,11,11,17,48,0,42,1,0,0,0,0,1
3670,169372,17,1,0,0,18,1,2025,11,11,18,5,37,42,1,0,0,0,1,0
3671,169372,13,0,0,0,13,1,2025,11,11,18,23,12,42,1,0,0,0,1,0
3672,169372,8,0,0,0,8,0,2025,11,11,18,40,51,42,1,0,0,0,1,0
3673,169372,7,1,0,0,8,0,2025,11,11,18,58,29,42,1,0,0,0,1,0
3674,169372,11,0,0,0,11,1,2025,11,11,19,16,7,42,1,0,0,0,1,0
3675,169372,15,0,0,0,15,1,2025,11,11,19,33,42,42,1,0,0,0,1,0
3676,169372,11,2,0,0,13,1,2025,11,11,19,51,25,42,1,0,0,0,1,0
3677,169372,11,1,0,0,12,1,2025,11,12,8,37,18,42,1,0,0,1,0,0
3678,169372,4,2,0,0,6,1,2025,11,12,8,55,2,42,1,0,0,1,0,0
3679,169372,5,2,1,0,8,2,2025,11,12,9,12,47,42,1,0,0,1,0,0
3680,169372,6,0,0,0,6,0,2025,11,12,9,30,41,42,1,0,0,1,0,0
3681,169372,9,1,0,0,10,1,2025,11,12,12,35,14,42,1,0,0,0,0,1
3682,169372,10,3,0,0,13,0,2025,11,14,9,7,16,42,1,0,0,1,0,0
3683,169372,9,1,0,0,10,1,2025,11,14,9,24,55,42,1,0,0,1,0,0
3684,169372,11,2,0,0,13,1,2025,11,14,9,42,37,42,1,0,0,1,0,0
3685,169372,13,0,0,0,13,1,2025,11,14,10,0,15,42,1,0,0,1,0,0
3686,169372,4,3,0,0,7,0,2025,11,14,10,17,53,42,1,0,0,1,0,0
3687,169372,7,2,0,0,9,1,2025,11,14,10,35,35,42,1,0,0,1,0,0
3688,169372,20,0,0,0,20,0,2025,11,15,9,51,30,42,1,0,0,1,0,0
3689,169372,18,0,0,0,18,0,2025,11,15,10,9,11,42,1,0,0,1,0,0
3690,169372,24,2,1,0,27,2,2025,11,15,10,26,52,42,1,0,0,1,0,0
3691,169372,24,3,2,0,29,1,2025,11,15,10,44,39,42,1,0,0,1,0,0
3692,169372,28,0,0,0,28,1,2025,11,15,11,2,22,42,1,0,0,1,0,0
3693,169372,24,3,0,0,27,1,2025,11,15,11,20,2,42,1,0,0,1,0,0
3694,169372,22,1,1,0,24,2,2025,11,15,11,37,42,42,1,0,0,1,0,0
3695,169372,25,2,3,0,30,2,2025,11,15,11,55,23,42,1,0,0,1,0,0
3696,169372,31,1,3,0,35,1,2025,11,15,12,13,5,42,1,0,0,0,0,1
3697,169372,29,2,1,0,32,2,2025,11,15,12,30,44,42,1,0,0,0,0,1
3698,169372,31,1,0,0,32,1,2025,11,15,12,48,25,42,1,0,0,0,0,1
3699,169372,20,2,3,0,25,2,2025,11,15,13,6,4,42,1,0,0,0,0,1
3700,169372,8,0,0,0,8,0,2025,11,16,8,9,27,42,1,0,0,1,0,0
3701,169372,6,0,0,0,6,0,2025,11,16,8,27,8,42,1,0,0,1,0,0
3702,169372,5,0,2,0,7,1,2025,11,16,8,44,55,42,1,0,0,1,0,0
3703,169372,3,0,0,0,3,0,2025,11,16,9,2,37,42,1,0,0,1,0,0
3704,169372,6,0,0,0,6,0,2025,11,16,9,20,18,42,1,0,0,1,0,0
3705,169372,3,0,0,0,3,0,2025,11,16,9,38,0,42,1,0,0,1,0,0
3706,169372,5,0,0,0,5,0,2025,11,16,9,55,41,42,1,0,0,1,0,0
3707,169372,7,0,1,0,8,0,2025,11,16,10,13,29,42,1,0,0,1,0,0
3708,169372,11,0,1,0,12,0,2025,11,16,10,31,16,42,1,0,0,1,0,0
3709,169372,12,0,1,0,13,1,2025,11,16,10,49,8,42,1,0,0,1,0,0
3710,169372,8,0,0,0,8,0,2025,11,16,11,7,1,42,1,0,0,1,0,0
3711,169372,11,0,0,0,11,0,2025,11,17,8,23,54,42,1,0,0,1,0,0
3712,169372,15,2,0,0,17,1,2025,11,17,8,41,38,42,1,0,0,1,0,0
3713,169372,3,2,0,0,5,0,2025,11,17,8,59,15,42,1,0,0,1,0,0
3714,169372,26,5,2,0,33,2,2025,11,17,9,16,54,42,1,0,0,1,0,0
3715,169372,24,1,0,0,25,1,2025,11,17,9,34,34,42,1,0,0,1,0,0
3716,169372,31,2,0,0,33,1,2025,11,17,9,52,13,42,1,0,0,1,0,0
3717,169372,17,2,0,0,19,1,2025,11,17,10,9,51,42,1,0,0,1,0,0
3718,169372,23,5,1,0,29,2,2025,11,17,10,27,33,42,1,0,0,1,0,0
3719,169372,10,3,0,0,13,1,2025,11,17,12,34,31,42,1,0,0,0,0,1
3720,169372,9,2,0,0,11,1,2025,11,17,12,52,10,42,1,0,0,0,0,1
3721,169372,12,1,0,0,13,1,2025,11,17,13,9,50,42,1,0,0,0,0,1
3722,169708,0,1,0,0,1,0,2025,10,27,8,27,8,614,0,1,0,1,0,0
3723,169708,0,0,0,0,0,0,2025,10,27,8,44,49,614,0,1,0,1,0,0
3724,169708,1,0,0,0,1,0,2025,10,27,9,2,34,614,0,1,0,1,0,0
3725,169708,6,0,0,0,6,1,2025,10,27,9,20,12,614,0,1,0,1,0,0
3726,169708,0,0,0,0,0,0,2025,10,27,9,37,52,614,0,1,0,1,0,0
3727,169708,0,0,0,0,0,0,2025,10,27,9,55,34,614,0,1,0,1,0,0
3728,169708,0,0,0,0,0,0,2025,10,27,10,13,19,614,0,1,0,1,0,0
3729,169708,0,0,0,0,0,0,2025,10,27,10,31,8,614,0,1,0,1,0,0
3730,169708,0,0,0,0,0,0,2025,10,27,12,40,11,614,0,1,0,0,0,1
3731,169708,0,0,0,0,0,0,2025,10,27,12,57,54,614,0,1,0,0,0,1
3732,169708,0,0,0,0,0,0,2025,10,27,13,15,39,614,0,1,0,0,0,1
3733,169708,0,0,0,0,0,0,2025,10,27,13,20,47,614,0,1,0,0,0,1
3734,169708,0,0,0,0,0,0,2025,10,27,13,57,12,614,0,1,0,0,0,1
3735,169708,0,0,0,0,0,0,2025,10,27,14,55,32,614,0,1,0,0,0,1
3736,169708,0,0,0,0,0,0,2025,10,27,15,13,17,614,0,1,0,0,0,1
3737,169708,1,1,0,0,2,2,2025,10,27,15,31,3,614,0,1,0,0,0,1
3738,169708,0,0,0,0,0,0,2025,10,27,15,48,53,614,0,1,0,0,0,1
3739,169708,0,1,0,0,1,2,2025,10,27,18,2,56,614,0,1,0,0,1,0
3740,169708,1,0,0,0,1,1,2025,10,27,18,20,32,614,0,1,0,0,1,0
3741,169708,0,0,0,0,0,0,2025,10,27,18,38,8,614,0,1,0,0,1,0
3742,169708,0,0,0,0,0,0,2025,10,28,7,56,24,614,0,1,0,1,0,0
3743,169708,3,1,0,0,4,2,2025,10,28,8,14,0,614,0,1,0,1,0,0
3744,169708,0,0,0,0,0,0,2025,10,28,8,31,37,614,0,1,0,1,0,0
3745,169708,0,0,0,0,0,0,2025,10,28,8,49,12,614,0,1,0,1,0,0
3746,169708,1,1,0,0,2,2,2025,10,28,9,6,49,614,0,1,0,1,0,0
3747,169708,0,0,0,0,0,0,2025,10,28,9,24,24,614,0,1,0,1,0,0
3748,169708,0,0,0,0,0,0,2025,10,28,9,42,2,614,0,1,0,1,0,0
3749,169708,0,0,0,0,0,0,2025,10,28,13,27,47,614,0,1,0,0,0,1
3750,169708,1,0,0,0,1,2,2025,10,28,14,45,39,614,0,1,0,0,0,1
3751,169708,0,0,0,0,0,0,2025,10,28,15,3,22,614,0,1,0,0,0,1
3752,169708,0,0,0,0,0,0,2025,10,28,15,21,4,614,0,1,0,0,0,1
3753,169708,0,0,0,0,0,0,2025,10,28,15,38,55,614,0,1,0,0,0,1
3754,169708,0,0,0,0,0,0,2025,10,28,15,56,39,614,0,1,0,0,0,1
3755,169708,1,0,0,0,1,2,2025,10,28,17,49,4,614,0,1,0,0,0,1
3756,169708,0,0,0,0,0,0,2025,10,28,18,6,39,614,0,1,0,0,1,0
3757,169708,0,0,0,0,0,0,2025,10,28,18,24,18,614,0,1,0,0,1,0
3758,169708,0,0,0,0,0,0,2025,10,28,18,41,58,614,0,1,0,0,1,0
3759,169708,0,1,0,0,1,2,2025,10,29,8,23,42,614,0,1,0,1,0,0
3760,169708,0,0,0,0,0,0,2025,10,29,8,41,19,614,0,1,0,1,0,0
3761,169708,0,0,0,0,0,0,2025,10,29,8,58,55,614,0,1,0,1,0,0
3762,169708,1,0,0,0,1,0,2025,10,29,9,16,31,614,0,1,0,1,0,0
3763,169708,0,0,0,0,0,0,2025,10,29,9,34,6,614,0,1,0,1,0,0
3764,169708,0,0,0,0,0,0,2025,10,29,9,51,43,614,0,1,0,1,0,0
3765,169708,0,0,0,0,0,0,2025,10,29,10,9,19,614,0,1,0,1,0,0
3766,169708,0,0,0,0,0,0,2025,10,29,10,26,59,614,0,1,0,1,0,0
3767,169708,0,0,0,0,0,0,2025,10,29,10,44,37,614,0,1,0,1,0,0
3768,169708,0,0,0,0,0,0,2025,10,29,12,33,27,614,0,1,0,0,0,1
3769,169708,0,0,0,0,0,0,2025,10,29,12,51,9,614,0,1,0,0,0,1
3770,169708,0,0,0,0,0,0,2025,10,29,13,8,49,614,0,1,0,0,0,1
3771,169708,0,1,0,0,1,0,2025,10,29,13,26,40,614,0,1,0,0,0,1
3772,169708,0,0,0,0,0,0,2025,10,29,13,44,20,614,0,1,0,0,0,1
3773,169708,0,0,0,0,0,0,2025,10,29,14,44,6,614,0,1,0,0,0,1
3774,169708,4,0,0,0,4,2,2025,10,29,15,1,48,614,0,1,0,0,0,1
3775,169708,1,0,0,0,1,0,2025,10,29,15,19,34,614,0,1,0,0,0,1
3776,169708,1,0,0,0,1,0,2025,10,29,15,37,15,614,0,1,0,0,0,1
3777,169708,2,0,0,0,2,0,2025,10,29,15,54,55,614,0,1,0,0,0,1
3778,169708,1,0,0,0,1,0,2025,10,30,8,20,30,614,0,1,0,1,0,0
3779,169708,0,0,0,0,0,0,2025,10,30,8,38,13,614,0,1,0,1,0,0
3780,169708,2,1,0,0,3,0,2025,10,30,8,55,56,614,0,1,0,1,0,0
3781,169708,0,0,0,0,0,0,2025,10,30,9,13,39,614,0,1,0,1,0,0
3782,169708,1,1,0,0,2,2,2025,10,30,9,31,32,614,0,1,0,1,0,0
3783,169708,0,0,0,0,0,0,2025,10,30,9,49,41,614,0,1,0,1,0,0
3784,169708,0,0,0,0,0,0,2025,10,30,10,7,31,614,0,1,0,1,0,0
3785,169708,2,0,0,0,2,2,2025,10,30,10,25,27,614,0,1,0,1,0,0
3786,169708,0,0,0,0,0,0,2025,10,30,10,43,10,614,0,1,0,1,0,0
3787,169708,1,0,0,0,1,0,2025,10,30,12,29,42,614,0,1,0,0,0,1
3788,169708,2,1,0,0,3,2,2025,10,30,12,47,14,614,0,1,0,0,0,1
3789,169708,0,0,0,0,0,0,2025,10,30,13,4,58,614,0,1,0,0,0,1
3790,169708,1,0,0,0,1,2,2025,10,30,13,22,41,614,0,1,0,0,0,1
3791,169708,0,0,0,0,0,0,2025,10,30,13,40,28,614,0,1,0,0,0,1
3792,169708,0,0,0,0,0,0,2025,10,30,13,58,14,614,0,1,0,0,0,1
3793,169708,0,0,0,0,0,0,2025,10,30,14,57,17,614,0,1,0,0,0,1
3794,169708,0,0,0,0,0,0,2025,10,30,15,15,9,614,0,1,0,0,0,1
3795,169708,1,0,0,0,1,0,2025,10,30,15,32,55,614,0,1,0,0,0,1
3796,169708,1,0,0,0,1,0,2025,10,30,15,57,37,614,0,1,0,0,0,1
3797,169708,0,2,0,0,2,2,2025,10,30,16,15,25,614,0,1,0,0,0,1
3798,169708,0,0,0,0,0,0,2025,10,31,8,25,12,614,0,1,0,1,0,0
3799,169708,0,0,0,0,0,0,2025,10,31,8,42,53,614,0,1,0,1,0,0
3800,169708,0,1,0,0,1,0,2025,10,31,9,0,41,614,0,1,0,1,0,0
3801,169708,1,0,0,0,1,0,2025,10,31,9,18,29,614,0,1,0,1,0,0
3802,169708,1,0,0,0,1,0,2025,10,31,9,44,8,614,0,1,0,1,0,0
3803,169708,0,0,0,0,0,0,2025,10,31,10,1,50,614,0,1,0,1,0,0
3804,169708,0,1,0,0,1,0,2025,10,31,10,19,32,614,0,1,0,1,0,0
3805,169708,0,0,0,0,0,0,2025,10,31,10,37,14,614,0,1,0,1,0,0
3806,169708,0,0,0,0,0,0,2025,10,31,15,3,33,614,0,1,0,0,0,1
3807,169708,0,0,0,0,0,0,2025,10,31,15,21,26,614,0,1,0,0,0,1
3808,169708,1,0,0,0,1,0,2025,10,31,15,39,19,614,0,1,0,0,0,1
3809,169708,0,0,0,0,0,0,2025,10,31,15,57,9,614,0,1,0,0,0,1
3810,169708,0,0,0,0,0,0,2025,11,1,8,54,45,614,0,1,0,1,0,0
3811,169708,0,0,0,0,0,0,2025,11,1,9,12,32,614,0,1,0,1,0,0
3812,169708,0,0,0,0,0,1,2025,11,1,9,30,25,614,0,1,0,1,0,0
3813,169708,0,0,0,0,0,0,2025,11,1,9,48,12,614,0,1,0,1,0,0
3814,169708,0,0,0,0,0,0,2025,11,1,10,6,3,614,0,1,0,1,0,0
3815,169708,0,0,0,0,0,0,2025,11,1,10,23,47,614,0,1,0,1,0,0
3816,169708,0,0,0,0,0,0,2025,11,1,10,41,32,614,0,1,0,1,0,0
3817,169708,0,0,0,0,0,0,2025,11,1,10,59,27,614,0,1,0,1,0,0
3818,169708,0,0,0,0,0,0,2025,11,1,11,17,13,614,0,1,0,1,0,0
3819,169708,0,0,0,0,0,0,2025,11,1,11,34,59,614,0,1,0,1,0,0
3820,169708,0,0,0,0,0,0,2025,11,1,11,52,39,614,0,1,0,1,0,0
3821,169708,0,0,0,0,0,0,2025,11,1,12,10,35,614,0,1,0,0,0,1
3822,169708,0,0,0,0,0,0,2025,11,1,12,28,19,614,0,1,0,0,0,1
3823,169708,0,0,0,0,0,0,2025,11,1,12,46,13,614,0,1,0,0,0,1
3824,169708,0,0,0,0,0,0,2025,11,1,13,4,6,614,0,1,0,0,0,1
3825,169708,0,0,0,0,0,0,2025,11,1,13,21,54,614,0,1,0,0,0,1
3826,169708,0,0,0,0,0,0,2025,11,1,13,39,42,614,0,1,0,0,0,1
3827,169708,0,0,0,0,0,0,2025,11,1,13,57,29,614,0,1,0,0,0,1
3828,169708,3,0,0,0,3,0,2025,11,1,14,15,20,614,0,1,0,0,0,1
3829,169708,3,0,0,0,3,2,2025,11,1,14,33,11,614,0,1,0,0,0,1
3830,169708,0,0,0,0,0,0,2025,11,1,14,51,27,614,0,1,0,0,0,1
3831,169708,0,0,0,0,0,0,2025,11,1,15,9,25,614,0,1,0,0,0,1
3832,169708,0,0,0,0,0,0,2025,11,1,15,27,14,614,0,1,0,0,0,1
3833,169708,0,1,0,0,1,0,2025,11,1,15,45,2,614,0,1,0,0,0,1
3834,169708,0,0,0,0,0,0,2025,11,1,16,3,0,614,0,1,0,0,0,1
3835,169708,0,0,0,0,0,0,2025,11,1,16,20,48,614,0,1,0,0,0,1
3836,169708,0,0,0,0,0,0,2025,11,1,16,38,38,614,0,1,0,0,0,1
3837,169708,0,0,0,0,0,0,2025,11,1,16,56,34,614,0,1,0,0,0,1
3838,169708,0,0,0,0,0,0,2025,11,1,17,14,29,614,0,1,0,0,0,1
3839,169708,0,0,0,0,0,0,2025,11,1,17,32,23,614,0,1,0,0,0,1
3840,169708,0,0,0,0,0,0,2025,11,1,17,50,8,614,0,1,0,0,0,1
3841,169708,0,0,0,0,0,0,2025,11,1,18,8,3,614,0,1,0,0,1,0
3842,169708,0,0,0,0,0,0,2025,11,1,18,26,56,614,0,1,0,0,1,0
3843,169708,1,0,0,0,1,0,2025,11,1,18,44,45,614,0,1,0,0,1,0
3844,169708,0,0,0,0,0,0,2025,11,1,19,2,37,614,0,1,0,0,1,0
3845,169708,0,0,0,0,0,0,2025,11,2,10,16,46,614,0,1,0,1,0,0
3846,169708,2,0,0,0,2,2,2025,11,2,10,34,29,614,0,1,0,1,0,0
3847,169708,1,0,0,0,1,0,2025,11,2,10,52,22,614,0,1,0,1,0,0
3848,169708,1,0,0,0,1,1,2025,11,2,11,10,7,614,0,1,0,1,0,0
3849,169708,0,0,0,0,0,0,2025,11,2,11,28,2,614,0,1,0,1,0,0
3850,169708,0,0,0,0,0,0,2025,11,2,12,11,13,614,0,1,0,0,0,1
3851,169708,0,0,0,0,0,0,2025,11,2,12,29,5,614,0,1,0,0,0,1
3852,169708,1,0,0,0,1,0,2025,11,2,12,46,50,614,0,1,0,0,0,1
3853,169708,0,0,0,0,0,0,2025,11,2,13,4,39,614,0,1,0,0,0,1
3854,169708,0,0,0,0,0,0,2025,11,2,13,22,20,614,0,1,0,0,0,1
3855,169708,1,0,0,0,1,0,2025,11,2,13,39,59,614,0,1,0,0,0,1
3856,169708,1,0,0,0,1,0,2025,11,2,13,57,38,614,0,1,0,0,0,1
3857,169708,0,0,0,0,0,0,2025,11,2,14,15,16,614,0,1,0,0,0,1
3858,169708,2,1,0,0,3,2,2025,11,2,14,32,55,614,0,1,0,0,0,1
3859,169708,3,1,0,0,4,2,2025,11,2,14,50,30,614,0,1,0,0,0,1
3860,169708,0,0,0,0,0,2,2025,11,2,15,51,2,614,0,1,0,0,0,1
3861,169708,1,0,0,0,1,2,2025,11,2,16,8,39,614,0,1,0,0,0,1
3862,169708,1,0,0,0,1,2,2025,11,2,16,26,18,614,0,1,0,0,0,1
3863,169708,2,0,0,0,2,2,2025,11,2,16,43,57,614,0,1,0,0,0,1
3864,169708,1,0,0,0,1,0,2025,11,3,8,9,16,614,0,1,0,1,0,0
3865,169708,0,0,0,0,0,0,2025,11,3,8,26,52,614,0,1,0,1,0,0
3866,169708,0,0,0,0,0,0,2025,11,3,8,44,29,614,0,1,0,1,0,0
3867,169708,0,0,0,0,0,0,2025,11,3,9,2,8,614,0,1,0,1,0,0
3868,169708,2,1,0,0,3,2,2025,11,3,9,19,43,614,0,1,0,1,0,0
3869,169708,0,0,0,0,0,0,2025,11,3,9,37,20,614,0,1,0,1,0,0
3870,169708,1,1,0,0,2,0,2025,11,4,8,9,32,614,0,1,0,1,0,0
3871,169708,1,1,0,0,2,3,2025,11,4,8,27,9,614,0,1,0,1,0,0
3872,169708,2,0,0,0,2,2,2025,11,4,8,44,45,614,0,1,0,1,0,0
3873,169708,1,0,0,0,1,0,2025,11,4,9,2,22,614,0,1,0,1,0,0
3874,169708,0,0,0,0,0,0,2025,11,4,9,19,57,614,0,1,0,1,0,0
3875,169708,1,0,0,0,1,2,2025,11,4,9,37,36,614,0,1,0,1,0,0
3876,169708,0,0,0,0,0,0,2025,11,4,12,8,49,614,0,1,0,0,0,1
3877,169708,0,0,0,0,0,0,2025,11,4,12,37,11,614,0,1,0,0,0,1
3878,169708,0,0,0,0,0,0,2025,11,4,12,54,50,614,0,1,0,0,0,1
3879,169708,0,1,0,0,1,0,2025,11,4,13,4,17,614,0,1,0,0,0,1
3880,169708,0,0,0,0,0,0,2025,11,4,13,21,55,614,0,1,0,0,0,1
3881,169708,2,0,0,0,2,2,2025,11,4,13,39,36,614,0,1,0,0,0,1
3882,169708,0,0,0,0,0,0,2025,11,4,14,33,58,614,0,1,0,0,0,1
3883,169708,0,0,0,0,0,0,2025,11,4,14,51,37,614,0,1,0,0,0,1
3884,169708,3,1,0,0,4,2,2025,11,4,15,9,16,614,0,1,0,0,0,1
3885,169708,1,0,0,0,1,2,2025,11,4,15,27,5,614,0,1,0,0,0,1
3886,169708,1,1,1,0,3,2,2025,11,4,15,44,51,614,0,1,0,0,0,1
3887,169708,1,0,0,0,1,0,2025,11,4,16,2,48,614,0,1,0,0,0,1
3888,169708,0,0,0,0,0,0,2025,11,4,18,0,5,614,0,1,0,0,1,0
3889,169708,4,0,0,0,4,0,2025,11,4,18,17,43,614,0,1,0,0,1,0
3890,169708,0,0,0,0,0,0,2025,11,4,18,35,20,614,0,1,0,0,1,0
3891,169708,1,1,0,0,2,0,2025,11,5,7,51,21,614,0,1,0,1,0,0
3892,169708,5,0,0,0,5,1,2025,11,5,8,8,57,614,0,1,0,1,0,0
3893,169708,0,0,0,0,0,0,2025,11,5,8,26,35,614,0,1,0,1,0,0
3894,169708,0,0,0,0,0,0,2025,11,5,8,44,12,614,0,1,0,1,0,0
3895,169708,1,0,0,0,1,0,2025,11,5,9,1,48,614,0,1,0,1,0,0
3896,169708,4,0,0,0,4,2,2025,11,5,9,19,24,614,0,1,0,1,0,0
3897,169708,1,0,0,0,1,0,2025,11,5,9,37,0,614,0,1,0,1,0,0
3898,169708,1,0,0,0,1,0,2025,11,5,9,54,37,614,0,1,0,1,0,0
3899,169708,0,0,0,0,0,0,2025,11,5,10,12,13,614,0,1,0,1,0,0
3900,169708,1,1,0,0,2,1,2025,11,5,10,29,51,614,0,1,0,1,0,0
3901,169708,2,0,0,0,2,0,2025,11,5,10,47,28,614,0,1,0,1,0,0
3902,169708,1,1,0,0,2,0,2025,11,5,12,44,4,614,0,1,0,0,0,1
3903,169708,0,0,0,0,0,0,2025,11,5,13,1,45,614,0,1,0,0,0,1
3904,169708,0,0,0,0,0,0,2025,11,5,13,19,24,614,0,1,0,0,0,1
3905,169708,1,0,0,0,1,0,2025,11,5,13,37,5,614,0,1,0,0,0,1
3906,169708,1,0,0,0,1,0,2025,11,5,13,54,49,614,0,1,0,0,0,1
3907,169708,0,0,0,0,0,0,2025,11,5,14,46,40,614,0,1,0,0,0,1
3908,169708,0,1,0,0,1,2,2025,11,5,15,4,20,614,0,1,0,0,0,1
3909,169708,0,0,0,0,0,0,2025,11,5,15,22,0,614,0,1,0,0,0,1
3910,169708,1,0,0,0,1,0,2025,11,5,15,39,41,614,0,1,0,0,0,1
3911,169708,1,0,0,0,1,0,2025,11,5,15,57,24,614,0,1,0,0,0,1
3912,169708,1,0,0,0,1,2,2025,11,5,16,15,9,614,0,1,0,0,0,1
3913,169708,0,0,0,0,0,0,2025,11,6,7,50,47,614,0,1,0,1,0,0
3914,169708,2,1,0,0,3,2,2025,11,6,8,8,27,614,0,1,0,1,0,0
3915,169708,1,0,0,0,1,1,2025,11,6,8,26,10,614,0,1,0,1,0,0
3916,169708,0,0,0,0,0,0,2025,11,6,8,44,41,614,0,1,0,1,0,0
3917,169708,1,0,0,0,1,3,2025,11,6,9,2,21,614,0,1,0,1,0,0
3918,169708,0,0,0,0,0,0,2025,11,6,9,20,4,614,0,1,0,1,0,0
3919,169708,1,0,0,0,1,2,2025,11,6,9,37,44,614,0,1,0,1,0,0
3920,169708,0,0,0,0,0,0,2025,11,6,9,55,32,614,0,1,0,1,0,0
3921,169708,0,0,0,0,0,0,2025,11,6,10,13,23,614,0,1,0,1,0,0
3922,169708,1,1,0,0,2,3,2025,11,6,10,31,11,614,0,1,0,1,0,0
3923,169708,0,0,0,0,0,0,2025,11,6,12,11,34,614,0,1,0,0,0,1
3924,169708,1,0,0,0,1,0,2025,11,6,12,31,4,614,0,1,0,0,0,1
3925,169708,0,0,0,0,0,0,2025,11,6,12,48,44,614,0,1,0,0,0,1
3926,169708,0,0,0,0,0,0,2025,11,6,13,6,24,614,0,1,0,0,0,1
3927,169708,0,0,0,0,0,0,2025,11,6,13,39,42,614,0,1,0,0,0,1
3928,169708,2,1,0,0,3,2,2025,11,6,13,57,26,614,0,1,0,0,0,1
3929,169708,0,0,0,0,0,0,2025,11,7,9,38,41,614,0,1,0,1,0,0
3930,169708,0,0,0,0,0,2,2025,11,7,10,13,55,614,0,1,0,1,0,0
3931,169708,0,0,0,0,0,0,2025,11,7,10,31,35,614,0,1,0,1,0,0
3932,169708,0,0,0,0,0,0,2025,11,7,13,14,25,614,0,1,0,0,0,1
3933,169708,0,0,0,0,0,0,2025,11,7,13,32,6,614,0,1,0,0,0,1
3934,169708,0,0,0,0,0,0,2025,11,7,13,49,43,614,0,1,0,0,0,1
3935,169708,1,0,0,0,1,0,2025,11,7,15,37,19,614,0,1,0,0,0,1
3936,169708,0,0,0,0,0,0,2025,11,7,15,55,1,614,0,1,0,0,0,1
3937,169708,1,0,0,0,1,0,2025,11,8,7,54,47,614,0,1,0,1,0,0
3938,169708,0,0,1,0,1,3,2025,11,8,8,12,26,614,0,1,0,1,0,0
3939,169708,0,0,0,0,0,0,2025,11,8,8,30,7,614,0,1,0,1,0,0
3940,169708,0,0,0,0,0,0,2025,11,8,8,47,45,614,0,1,0,1,0,0
3941,169708,0,0,1,0,1,3,2025,11,8,9,52,23,614,0,1,0,1,0,0
3942,169708,1,0,0,0,1,0,2025,11,8,10,31,51,614,0,1,0,1,0,0
3943,169708,0,0,0,0,0,0,2025,11,8,10,49,28,614,0,1,0,1,0,0
3944,169708,0,0,0,0,0,0,2025,11,8,11,7,4,614,0,1,0,1,0,0
3945,169708,0,0,0,0,0,0,2025,11,8,11,24,45,614,0,1,0,1,0,0
3946,169708,0,0,0,0,0,0,2025,11,8,11,42,24,614,0,1,0,1,0,0
3947,169708,2,1,0,0,3,2,2025,11,8,12,0,4,614,0,1,0,0,0,1
3948,169708,1,0,0,0,1,0,2025,11,8,12,17,42,614,0,1,0,0,0,1
3949,169708,0,1,0,0,1,2,2025,11,8,12,35,17,614,0,1,0,0,0,1
3950,169708,1,0,0,0,1,2,2025,11,8,12,52,52,614,0,1,0,0,0,1
3951,169708,0,0,0,0,0,0,2025,11,8,13,10,30,614,0,1,0,0,0,1
3952,169708,4,1,0,0,5,2,2025,11,8,13,28,6,614,0,1,0,0,0,1
3953,169708,0,0,0,0,0,0,2025,11,8,13,45,43,614,0,1,0,0,0,1
3954,169708,0,0,0,0,0,0,2025,11,8,14,3,21,614,0,1,0,0,0,1
3955,169708,1,0,0,0,1,0,2025,11,8,14,20,57,614,0,1,0,0,0,1
3956,169708,0,0,0,0,0,0,2025,11,8,14,38,34,614,0,1,0,0,0,1
3957,169708,0,0,0,0,0,0,2025,11,8,15,34,19,614,0,1,0,0,0,1
3958,169708,1,0,0,0,1,2,2025,11,8,15,51,57,614,0,1,0,0,0,1
3959,169708,0,0,0,0,0,0,2025,11,8,16,9,36,614,0,1,0,0,0,1
3960,169708,0,0,0,0,0,2,2025,11,8,16,27,15,614,0,1,0,0,0,1
3961,169708,1,0,0,0,1,2,2025,11,8,16,44,55,614,0,1,0,0,0,1
3962,169708,1,0,0,0,1,2,2025,11,8,17,2,36,614,0,1,0,0,0,1
3963,169708,0,0,0,0,0,0,2025,11,9,8,29,46,614,0,1,0,1,0,0
3964,169708,0,0,0,0,0,0,2025,11,9,8,47,24,614,0,1,0,1,0,0
3965,169708,0,0,0,0,0,0,2025,11,9,9,4,59,614,0,1,0,1,0,0
3966,169708,2,0,0,0,2,1,2025,11,9,9,22,37,614,0,1,0,1,0,0
3967,169708,1,0,0,0,1,0,2025,11,9,9,40,14,614,0,1,0,1,0,0
3968,169708,1,0,0,0,1,0,2025,11,9,9,57,53,614,0,1,0,1,0,0
3969,169708,0,0,0,0,0,0,2025,11,9,10,15,32,614,0,1,0,1,0,0
3970,169708,2,0,0,0,2,0,2025,11,9,10,33,12,614,0,1,0,1,0,0
3971,169708,0,0,0,0,0,0,2025,11,9,10,50,45,614,0,1,0,1,0,0
3972,169708,0,0,0,0,0,0,2025,11,9,11,8,21,614,0,1,0,1,0,0
3973,169708,1,0,0,0,1,0,2025,11,9,11,25,59,614,0,1,0,1,0,0
3974,169708,1,0,0,0,1,0,2025,11,9,11,43,39,614,0,1,0,1,0,0
3975,169708,1,0,0,0,1,0,2025,11,9,12,1,23,614,0,1,0,0,0,1
3976,169708,2,1,0,0,3,0,2025,11,9,12,19,1,614,0,1,0,0,0,1
3977,169708,1,0,0,0,1,0,2025,11,9,12,36,39,614,0,1,0,0,0,1
3978,169708,0,0,0,0,0,0,2025,11,9,12,54,20,614,0,1,0,0,0,1
3979,169708,0,0,0,0,0,0,2025,11,9,15,20,13,614,0,1,0,0,0,1
3980,169708,0,0,0,0,0,0,2025,11,9,15,37,52,614,0,1,0,0,0,1
3981,169708,0,0,0,0,0,2,2025,11,9,15,55,32,614,0,1,0,0,0,1
3982,169708,1,0,0,0,1,0,2025,11,9,16,13,11,614,0,1,0,0,0,1
3983,169708,2,0,0,0,2,2,2025,11,9,16,30,50,614,0,1,0,0,0,1
3984,169708,0,0,0,0,0,0,2025,11,9,16,48,29,614,0,1,0,0,0,1
3985,169708,1,0,0,0,1,0,2025,11,9,17,6,3,614,0,1,0,0,0,1
3986,169708,0,0,0,0,0,0,2025,11,9,17,23,41,614,0,1,0,0,0,1
3987,169708,2,0,0,0,2,2,2025,11,9,17,41,20,614,0,1,0,0,0,1
3988,169708,0,0,0,0,0,0,2025,11,9,17,59,0,614,0,1,0,0,0,1
3989,169708,0,0,0,0,0,2,2025,11,9,18,16,39,614,0,1,0,0,1,0
3990,169708,3,1,0,0,4,3,2025,11,11,8,17,8,614,0,1,0,1,0,0
3991,169708,0,0,0,0,0,0,2025,11,11,8,34,42,614,0,1,0,1,0,0
3992,169708,2,1,0,0,3,2,2025,11,11,8,52,17,614,0,1,0,1,0,0
3993,169708,2,0,0,0,2,2,2025,11,11,9,9,53,614,0,1,0,1,0,0
3994,169708,0,0,0,0,0,0,2025,11,11,9,27,29,614,0,1,0,1,0,0
3995,169708,1,0,0,0,1,0,2025,11,11,14,34,49,614,0,1,0,0,0,1
3996,169708,0,0,0,0,0,0,2025,11,11,14,52,28,614,0,1,0,0,0,1
3997,169708,0,1,1,0,2,2,2025,11,11,15,10,7,614,0,1,0,0,0,1
3998,169708,2,0,0,0,2,0,2025,11,11,15,27,48,614,0,1,0,0,0,1
3999,169708,2,0,0,0,2,0,2025,11,11,15,45,30,614,0,1,0,0,0,1
4000,169708,0,0,0,0,0,0,2025,11,11,16,3,11,614,0,1,0,0,0,1
4001,169708,0,0,0,0,0,0,2025,11,11,17,47,59,614,0,1,0,0,0,1
4002,169708,0,0,0,0,0,0,2025,11,11,18,5,33,614,0,1,0,0,1,0
4003,169708,1,0,0,0,1,0,2025,11,11,18,23,10,614,0,1,0,0,1,0
4004,169708,2,0,0,0,2,0,2025,11,12,8,37,12,614,0,1,0,1,0,0
4005,169708,1,0,0,0,1,0,2025,11,12,8,54,54,614,0,1,0,1,0,0
4006,169708,0,0,0,0,0,0,2025,11,12,9,12,38,614,0,1,0,1,0,0
4007,169708,1,2,0,0,3,0,2025,11,12,9,30,31,614,0,1,0,1,0,0
4008,169708,0,0,0,0,0,0,2025,11,12,12,35,6,614,0,1,0,0,0,1
4009,169708,0,0,0,0,0,0,2025,11,14,9,7,13,614,0,1,0,1,0,0
4010,169708,1,0,0,0,1,2,2025,11,14,9,24,49,614,0,1,0,1,0,0
4011,169708,0,0,0,0,0,0,2025,11,14,9,42,32,614,0,1,0,1,0,0
4012,169708,2,0,0,0,2,2,2025,11,14,10,0,10,614,0,1,0,1,0,0
4013,169708,0,0,0,0,0,0,2025,11,14,10,17,49,614,0,1,0,1,0,0
4014,169708,0,0,0,0,0,0,2025,11,14,10,35,31,614,0,1,0,1,0,0
4015,169708,2,2,0,0,4,0,2025,11,15,9,51,24,614,0,1,0,1,0,0
4016,169708,0,0,0,0,0,0,2025,11,15,10,9,4,614,0,1,0,1,0,0
4017,169708,0,0,0,0,0,0,2025,11,15,10,26,45,614,0,1,0,1,0,0
4018,169708,0,0,0,0,0,0,2025,11,15,10,44,27,614,0,1,0,1,0,0
4019,169708,0,0,0,0,0,0,2025,11,15,11,2,18,614,0,1,0,1,0,0
4020,169708,0,1,0,0,1,2,2025,11,15,11,19,56,614,0,1,0,1,0,0
4021,169708,0,0,0,0,0,0,2025,11,15,11,37,37,614,0,1,0,1,0,0
4022,169708,0,0,0,0,0,0,2025,11,15,11,55,18,614,0,1,0,1,0,0
4023,169708,1,0,0,0,1,0,2025,11,15,12,13,0,614,0,1,0,0,0,1
4024,169708,0,0,0,0,0,0,2025,11,15,12,30,39,614,0,1,0,0,0,1
4025,169708,1,0,0,0,1,3,2025,11,15,12,48,17,614,0,1,0,0,0,1
4026,169708,0,0,0,0,0,0,2025,11,15,13,5,58,614,0,1,0,0,0,1
4027,169708,0,0,0,0,0,0,2025,11,16,8,9,23,614,0,1,0,1,0,0
4028,169708,0,0,0,0,0,0,2025,11,16,8,27,2,614,0,1,0,1,0,0
4029,169708,0,0,0,0,0,0,2025,11,16,8,44,49,614,0,1,0,1,0,0
4030,169708,0,0,0,0,0,0,2025,11,16,9,2,32,614,0,1,0,1,0,0
4031,169708,0,0,0,0,0,0,2025,11,16,9,20,12,614,0,1,0,1,0,0
4032,169708,1,0,0,0,1,0,2025,11,16,9,37,54,614,0,1,0,1,0,0
4033,169708,0,0,0,0,0,0,2025,11,16,9,55,35,614,0,1,0,1,0,0
4034,169708,1,0,0,0,1,0,2025,11,16,10,13,21,614,0,1,0,1,0,0
4035,169708,0,0,0,0,0,0,2025,11,16,10,31,6,614,0,1,0,1,0,0
4036,169708,2,0,0,0,2,1,2025,11,16,10,48,52,614,0,1,0,1,0,0
4037,169708,0,0,0,0,0,0,2025,11,16,11,6,54,614,0,1,0,1,0,0
4038,169708,1,1,0,0,2,0,2025,11,17,8,23,50,614,0,1,0,1,0,0
4039,169708,0,0,0,0,0,0,2025,11,17,8,41,32,614,0,1,0,1,0,0
4040,169708,2,2,0,0,4,2,2025,11,17,8,59,11,614,0,1,0,1,0,0
4041,169708,2,1,0,0,3,0,2025,11,17,9,16,50,614,0,1,0,1,0,0
4042,169708,0,0,0,0,0,0,2025,11,17,9,34,28,614,0,1,0,1,0,0
4043,169708,0,0,0,0,0,0,2025,11,17,9,52,8,614,0,1,0,1,0,0
4044,169708,0,0,0,0,0,0,2025,11,17,10,9,46,614,0,1,0,1,0,0
4045,169708,0,0,0,0,0,0,2025,11,17,10,27,24,614,0,1,0,1,0,0
4046,169708,1,0,0,0,1,2,2025,11,17,12,34,28,614,0,1,0,0,0,1
4047,169708,0,0,0,0,0,0,2025,11,17,12,52,6,614,0,1,0,0,0,1
4048,169708,0,0,0,0,0,3,2025,11,17,13,9,44,614,0,1,0,0,0,1
4049,169709,0,0,0,0,0,0,2025,10,27,8,27,8,614,0,1,0,1,0,0
4050,169709,0,0,0,0,0,0,2025,10,27,8,44,48,614,0,1,0,1,0,0
4051,169709,0,0,0,0,0,0,2025,10,27,9,2,33,614,0,1,0,1,0,0
4052,169709,0,0,0,0,0,0,2025,10,27,9,20,12,614,0,1,0,1,0,0
4053,169709,0,0,0,0,0,0,2025,10,27,9,37,52,614,0,1,0,1,0,0
4054,169709,0,0,0,0,0,0,2025,10,27,9,55,34,614,0,1,0,1,0,0
4055,169709,0,0,0,0,0,0,2025,10,27,10,13,19,614,0,1,0,1,0,0
4056,169709,0,0,0,0,0,0,2025,10,27,10,31,8,614,0,1,0,1,0,0
4057,169709,0,0,0,0,0,0,2025,10,27,12,40,11,614,0,1,0,0,0,1
4058,169709,0,0,0,0,0,0,2025,10,27,12,57,53,614,0,1,0,0,0,1
4059,169709,0,0,0,0,0,0,2025,10,27,13,15,38,614,0,1,0,0,0,1
4060,169709,0,0,0,0,0,0,2025,10,27,13,20,46,614,0,1,0,0,0,1
4061,169709,0,0,0,0,0,0,2025,10,27,13,57,11,614,0,1,0,0,0,1
4062,169709,0,0,0,0,0,0,2025,10,27,14,55,31,614,0,1,0,0,0,1
4063,169709,0,0,0,0,0,0,2025,10,27,15,13,17,614,0,1,0,0,0,1
4064,169709,0,0,0,0,0,0,2025,10,27,15,31,3,614,0,1,0,0,0,1
4065,169709,0,0,0,0,0,0,2025,10,27,15,48,52,614,0,1,0,0,0,1
4066,169709,0,0,0,0,0,0,2025,10,27,18,2,56,614,0,1,0,0,1,0
4067,169709,0,0,0,0,0,0,2025,10,27,18,20,32,614,0,1,0,0,1,0
4068,169709,1,0,0,0,1,0,2025,10,27,18,38,8,614,0,1,0,0,1,0
4069,169709,0,0,0,0,0,0,2025,10,28,7,56,23,614,0,1,0,1,0,0
4070,169709,0,0,0,0,0,0,2025,10,28,8,14,0,614,0,1,0,1,0,0
4071,169709,0,0,0,0,0,0,2025,10,28,8,31,36,614,0,1,0,1,0,0
4072,169709,0,0,0,0,0,0,2025,10,28,8,49,12,614,0,1,0,1,0,0
4073,169709,0,0,0,0,0,0,2025,10,28,9,6,48,614,0,1,0,1,0,0
4074,169709,0,0,0,0,0,0,2025,10,28,9,24,23,614,0,1,0,1,0,0
4075,169709,0,0,0,0,0,0,2025,10,28,9,42,1,614,0,1,0,1,0,0
4076,169709,0,0,0,0,0,0,2025,10,28,13,27,46,614,0,1,0,0,0,1
4077,169709,0,0,0,0,0,0,2025,10,28,14,45,39,614,0,1,0,0,0,1
4078,169709,0,0,0,0,0,0,2025,10,28,15,3,22,614,0,1,0,0,0,1
4079,169709,0,1,0,0,1,1,2025,10,28,15,21,4,614,0,1,0,0,0,1
4080,169709,0,0,0,0,0,0,2025,10,28,15,38,55,614,0,1,0,0,0,1
4081,169709,0,0,0,0,0,0,2025,10,28,15,56,39,614,0,1,0,0,0,1
4082,169709,0,0,0,0,0,0,2025,10,28,17,49,4,614,0,1,0,0,0,1
4083,169709,0,0,0,0,0,0,2025,10,28,18,6,39,614,0,1,0,0,1,0
4084,169709,0,0,0,0,0,0,2025,10,28,18,24,18,614,0,1,0,0,1,0
4085,169709,0,0,0,0,0,0,2025,10,28,18,41,58,614,0,1,0,0,1,0
4086,169709,0,0,0,0,0,0,2025,10,28,18,59,36,614,0,1,0,0,1,0
4087,169709,0,0,0,0,0,0,2025,10,29,8,23,42,614,0,1,0,1,0,0
4088,169709,1,0,0,0,1,0,2025,10,29,8,41,18,614,0,1,0,1,0,0
4089,169709,0,0,0,0,0,0,2025,10,29,8,58,55,614,0,1,0,1,0,0
4090,169709,0,0,0,0,0,0,2025,10,29,9,16,31,614,0,1,0,1,0,0
4091,169709,0,1,0,0,1,0,2025,10,29,9,34,6,614,0,1,0,1,0,0
4092,169709,0,0,0,0,0,0,2025,10,29,9,51,42,614,0,1,0,1,0,0
4093,169709,0,0,0,0,0,0,2025,10,29,10,9,19,614,0,1,0,1,0,0
4094,169709,0,0,0,0,0,0,2025,10,29,10,26,58,614,0,1,0,1,0,0
4095,169709,0,0,0,0,0,0,2025,10,29,10,44,36,614,0,1,0,1,0,0
4096,169709,0,0,0,0,0,0,2025,10,29,12,33,27,614,0,1,0,0,0,1
4097,169709,0,0,0,0,0,0,2025,10,29,12,51,9,614,0,1,0,0,0,1
4098,169709,0,0,0,0,0,0,2025,10,29,13,8,49,614,0,1,0,0,0,1
4099,169709,1,0,0,0,1,0,2025,10,29,13,26,40,614,0,1,0,0,0,1
4100,169709,0,0,0,0,0,0,2025,10,29,13,44,20,614,0,1,0,0,0,1
4101,169709,0,0,0,0,0,0,2025,10,29,14,44,6,614,0,1,0,0,0,1
4102,169709,3,1,0,0,4,0,2025,10,29,15,1,47,614,0,1,0,0,0,1
4103,169709,1,0,0,0,1,0,2025,10,29,15,19,34,614,0,1,0,0,0,1
4104,169709,0,0,0,0,0,0,2025,10,29,15,37,15,614,0,1,0,0,0,1
4105,169709,0,0,0,0,0,0,2025,10,29,15,54,54,614,0,1,0,0,0,1
4106,169709,1,0,0,0,1,0,2025,10,30,8,20,30,614,0,1,0,1,0,0
4107,169709,0,0,0,0,0,0,2025,10,30,8,38,12,614,0,1,0,1,0,0
4108,169709,0,0,0,0,0,0,2025,10,30,8,55,55,614,0,1,0,1,0,0
4109,169709,0,0,0,0,0,0,2025,10,30,9,13,38,614,0,1,0,1,0,0
4110,169709,0,0,0,0,0,0,2025,10,30,9,31,31,614,0,1,0,1,0,0
4111,169709,0,0,0,0,0,0,2025,10,30,9,49,41,614,0,1,0,1,0,0
4112,169709,0,0,0,0,0,0,2025,10,30,10,7,30,614,0,1,0,1,0,0
4113,169709,1,0,0,0,1,0,2025,10,30,10,25,27,614,0,1,0,1,0,0
4114,169709,0,0,0,0,0,0,2025,10,30,10,43,10,614,0,1,0,1,0,0
4115,169709,0,0,0,0,0,0,2025,10,30,12,29,41,614,0,1,0,0,0,1
4116,169709,0,0,0,0,0,0,2025,10,30,12,47,13,614,0,1,0,0,0,1
4117,169709,0,0,0,0,0,0,2025,10,30,13,4,57,614,0,1,0,0,0,1
4118,169709,0,0,0,0,0,0,2025,10,30,13,22,40,614,0,1,0,0,0,1
4119,169709,0,0,0,0,0,0,2025,10,30,13,40,28,614,0,1,0,0,0,1
4120,169709,0,0,0,0,0,0,2025,10,30,13,58,14,614,0,1,0,0,0,1
4121,169709,0,0,0,0,0,0,2025,10,30,14,57,16,614,0,1,0,0,0,1
4122,169709,0,0,0,0,0,0,2025,10,30,15,15,9,614,0,1,0,0,0,1
4123,169709,0,0,0,0,0,0,2025,10,30,15,32,54,614,0,1,0,0,0,1
4124,169709,0,0,0,0,0,0,2025,10,30,15,57,36,614,0,1,0,0,0,1
4125,169709,0,0,0,0,0,0,2025,10,30,16,15,24,614,0,1,0,0,0,1
4126,169709,0,0,0,0,0,0,2025,10,31,8,25,11,614,0,1,0,1,0,0
4127,169709,0,0,0,0,0,0,2025,10,31,8,42,52,614,0,1,0,1,0,0
4128,169709,2,0,0,0,2,0,2025,10,31,9,0,41,614,0,1,0,1,0,0
4129,169709,0,0,0,0,0,0,2025,10,31,9,18,27,614,0,1,0,1,0,0
4130,169709,0,0,0,0,0,0,2025,10,31,9,44,7,614,0,1,0,1,0,0
4131,169709,0,0,0,0,0,0,2025,10,31,10,1,50,614,0,1,0,1,0,0
4132,169709,0,0,0,0,0,0,2025,10,31,10,19,32,614,0,1,0,1,0,0
4133,169709,0,0,0,0,0,0,2025,10,31,10,37,14,614,0,1,0,1,0,0
4134,169709,0,0,0,0,0,0,2025,10,31,15,3,32,614,0,1,0,0,0,1
4135,169709,0,1,0,0,1,0,2025,10,31,15,21,26,614,0,1,0,0,0,1
4136,169709,2,0,0,0,2,0,2025,10,31,15,39,19,614,0,1,0,0,0,1
4137,169709,0,0,0,0,0,0,2025,10,31,15,57,9,614,0,1,0,0,0,1
4138,169709,0,0,0,0,0,0,2025,11,1,8,54,45,614,0,1,0,1,0,0
4139,169709,0,0,0,0,0,0,2025,11,1,9,12,32,614,0,1,0,1,0,0
4140,169709,0,0,0,0,0,0,2025,11,1,9,30,24,614,0,1,0,1,0,0
4141,169709,0,0,0,0,0,0,2025,11,1,9,48,10,614,0,1,0,1,0,0
4142,169709,0,0,0,0,0,0,2025,11,1,10,6,3,614,0,1,0,1,0,0
4143,169709,0,0,0,0,0,0,2025,11,1,10,23,47,614,0,1,0,1,0,0
4144,169709,0,0,0,0,0,0,2025,11,1,10,41,31,614,0,1,0,1,0,0
4145,169709,0,0,0,0,0,0,2025,11,1,10,59,27,614,0,1,0,1,0,0
4146,169709,0,0,0,0,0,0,2025,11,1,11,17,13,614,0,1,0,1,0,0
4147,169709,0,0,0,0,0,0,2025,11,1,11,34,59,614,0,1,0,1,0,0
4148,169709,0,0,0,0,0,0,2025,11,1,11,52,39,614,0,1,0,1,0,0
4149,169709,0,0,0,0,0,0,2025,11,1,12,10,31,614,0,1,0,0,0,1
4150,169709,0,0,0,0,0,0,2025,11,1,12,28,19,614,0,1,0,0,0,1
4151,169709,0,0,0,0,0,0,2025,11,1,12,46,11,614,0,1,0,0,0,1
4152,169709,1,0,0,0,1,0,2025,11,1,13,4,6,614,0,1,0,0,0,1
4153,169709,0,0,0,0,0,0,2025,11,1,13,21,53,614,0,1,0,0,0,1
4154,169709,0,0,0,0,0,0,2025,11,1,13,39,42,614,0,1,0,0,0,1
4155,169709,1,1,0,0,2,0,2025,11,1,13,57,29,614,0,1,0,0,0,1
4156,169709,0,0,0,0,0,0,2025,11,1,14,15,19,614,0,1,0,0,0,1
4157,169709,0,0,0,0,0,0,2025,11,1,14,33,10,614,0,1,0,0,0,1
4158,169709,0,0,0,0,0,0,2025,11,1,14,51,27,614,0,1,0,0,0,1
4159,169709,0,0,0,0,0,0,2025,11,1,15,9,25,614,0,1,0,0,0,1
4160,169709,0,0,0,0,0,0,2025,11,1,15,27,13,614,0,1,0,0,0,1
4161,169709,0,0,0,0,0,0,2025,11,1,15,45,1,614,0,1,0,0,0,1
4162,169709,0,0,0,0,0,0,2025,11,1,16,3,0,614,0,1,0,0,0,1
4163,169709,0,0,0,0,0,0,2025,11,1,16,20,48,614,0,1,0,0,0,1
4164,169709,0,0,0,0,0,0,2025,11,1,16,38,37,614,0,1,0,0,0,1
4165,169709,1,0,0,0,1,0,2025,11,1,16,56,32,614,0,1,0,0,0,1
4166,169709,0,0,0,0,0,0,2025,11,1,17,14,29,614,0,1,0,0,0,1
4167,169709,0,0,0,0,0,0,2025,11,1,17,32,22,614,0,1,0,0,0,1
4168,169709,0,0,0,0,0,0,2025,11,1,17,50,7,614,0,1,0,0,0,1
4169,169709,1,0,0,0,1,0,2025,11,1,18,8,2,614,0,1,0,0,1,0
4170,169709,0,0,0,0,0,0,2025,11,1,18,26,56,614,0,1,0,0,1,0
4171,169709,0,0,0,0,0,0,2025,11,1,18,44,45,614,0,1,0,0,1,0
4172,169709,0,0,0,0,0,0,2025,11,2,10,16,46,614,0,1,0,1,0,0
4173,169709,0,0,0,0,0,0,2025,11,2,10,34,28,614,0,1,0,1,0,0
4174,169709,2,0,0,0,2,0,2025,11,2,10,52,22,614,0,1,0,1,0,0
4175,169709,0,0,0,0,0,0,2025,11,2,11,10,6,614,0,1,0,1,0,0
4176,169709,0,0,0,0,0,0,2025,11,2,11,28,0,614,0,1,0,1,0,0
4177,169709,0,0,0,0,0,0,2025,11,2,12,11,13,614,0,1,0,0,0,1
4178,169709,0,0,0,0,0,0,2025,11,2,12,29,5,614,0,1,0,0,0,1
4179,169709,1,0,0,0,1,0,2025,11,2,12,46,49,614,0,1,0,0,0,1
4180,169709,0,2,0,0,2,0,2025,11,2,13,4,39,614,0,1,0,0,0,1
4181,169709,0,0,0,0,0,0,2025,11,2,13,22,20,614,0,1,0,0,0,1
4182,169709,0,0,0,0,0,0,2025,11,2,13,39,58,614,0,1,0,0,0,1
4183,169709,0,0,0,0,0,0,2025,11,2,13,57,38,614,0,1,0,0,0,1
4184,169709,0,0,0,0,0,0,2025,11,2,14,15,16,614,0,1,0,0,0,1
4185,169709,0,1,0,0,1,0,2025,11,2,14,32,55,614,0,1,0,0,0,1
4186,169709,0,0,0,0,0,0,2025,11,2,14,50,30,614,0,1,0,0,0,1
4187,169709,0,0,0,0,0,0,2025,11,2,15,51,2,614,0,1,0,0,0,1
4188,169709,0,0,0,0,0,0,2025,11,2,16,8,38,614,0,1,0,0,0,1
4189,169709,0,0,0,0,0,0,2025,11,2,16,26,18,614,0,1,0,0,0,1
4190,169709,0,0,0,0,0,0,2025,11,2,16,43,57,614,0,1,0,0,0,1
4191,169709,0,0,0,0,0,0,2025,11,3,8,9,16,614,0,1,0,1,0,0
4192,169709,0,0,0,0,0,0,2025,11,3,8,26,52,614,0,1,0,1,0,0
4193,169709,0,0,0,0,0,0,2025,11,3,8,44,29,614,0,1,0,1,0,0
4194,169709,0,0,0,0,0,0,2025,11,3,9,2,7,614,0,1,0,1,0,0
4195,169709,0,1,0,0,1,0,2025,11,3,9,19,42,614,0,1,0,1,0,0
4196,169709,0,0,0,0,0,0,2025,11,3,9,37,20,614,0,1,0,1,0,0
4197,169709,0,0,0,0,0,0,2025,11,4,8,9,32,614,0,1,0,1,0,0
4198,169709,2,1,0,0,3,0,2025,11,4,8,27,9,614,0,1,0,1,0,0
4199,169709,0,0,0,0,0,0,2025,11,4,8,44,45,614,0,1,0,1,0,0
4200,169709,0,0,0,0,0,0,2025,11,4,9,2,22,614,0,1,0,1,0,0
4201,169709,0,0,0,0,0,0,2025,11,4,9,37,36,614,0,1,0,1,0,0
4202,169709,0,0,0,0,0,0,2025,11,4,12,8,49,614,0,1,0,0,0,1
4203,169709,1,0,0,0,1,0,2025,11,4,12,37,11,614,0,1,0,0,0,1
4204,169709,0,0,0,0,0,0,2025,11,4,12,54,50,614,0,1,0,0,0,1
4205,169709,0,0,0,0,0,0,2025,11,4,13,4,17,614,0,1,0,0,0,1
4206,169709,0,0,0,0,0,0,2025,11,4,13,21,55,614,0,1,0,0,0,1
4207,169709,0,0,0,0,0,0,2025,11,4,13,39,35,614,0,1,0,0,0,1
4208,169709,0,0,0,0,0,0,2025,11,4,14,33,58,614,0,1,0,0,0,1
4209,169709,0,0,0,0,0,0,2025,11,4,14,51,37,614,0,1,0,0,0,1
4210,169709,1,0,0,0,1,0,2025,11,4,15,9,16,614,0,1,0,0,0,1
4211,169709,0,0,0,0,0,0,2025,11,4,15,27,4,614,0,1,0,0,0,1
4212,169709,1,0,0,0,1,0,2025,11,4,15,44,51,614,0,1,0,0,0,1
4213,169709,0,0,0,0,0,0,2025,11,4,16,2,48,614,0,1,0,0,0,1
4214,169709,0,0,0,0,0,0,2025,11,4,18,0,5,614,0,1,0,0,1,0
4215,169709,0,0,0,0,0,0,2025,11,4,18,17,43,614,0,1,0,0,1,0
4216,169709,0,0,0,0,0,0,2025,11,4,18,35,20,614,0,1,0,0,1,0
4217,169709,0,0,0,0,0,0,2025,11,5,8,26,34,614,0,1,0,1,0,0
4218,169709,3,0,0,0,3,0,2025,11,5,8,44,12,614,0,1,0,1,0,0
4219,169709,0,0,0,0,0,0,2025,11,5,9,1,48,614,0,1,0,1,0,0
4220,169709,0,0,0,0,0,0,2025,11,5,9,19,23,614,0,1,0,1,0,0
4221,169709,0,0,0,0,0,0,2025,11,5,9,37,0,614,0,1,0,1,0,0
4222,169709,0,0,0,0,0,0,2025,11,5,9,54,37,614,0,1,0,1,0,0
4223,169709,0,0,0,0,0,0,2025,11,5,10,12,13,614,0,1,0,1,0,0
4224,169709,0,0,0,0,0,0,2025,11,5,10,29,51,614,0,1,0,1,0,0
4225,169709,0,0,0,0,0,0,2025,11,5,10,47,28,614,0,1,0,1,0,0
4226,169709,1,0,0,0,1,0,2025,11,5,12,44,4,614,0,1,0,0,0,1
4227,169709,0,0,0,0,0,0,2025,11,5,13,1,45,614,0,1,0,0,0,1
4228,169709,0,0,0,0,0,0,2025,11,5,13,19,24,614,0,1,0,0,0,1
4229,169709,0,0,0,0,0,0,2025,11,5,13,37,4,614,0,1,0,0,0,1
4230,169709,0,0,0,0,0,0,2025,11,5,13,54,48,614,0,1,0,0,0,1
4231,169709,0,0,0,0,0,0,2025,11,5,14,46,40,614,0,1,0,0,0,1
4232,169709,0,0,0,0,0,0,2025,11,5,15,4,20,614,0,1,0,0,0,1
4233,169709,0,0,0,0,0,0,2025,11,5,15,22,0,614,0,1,0,0,0,1
4234,169709,0,0,0,0,0,0,2025,11,5,15,39,41,614,0,1,0,0,0,1
4235,169709,0,0,0,0,0,0,2025,11,5,15,57,24,614,0,1,0,0,0,1
4236,169709,0,0,0,0,0,0,2025,11,5,16,15,8,614,0,1,0,0,0,1
4237,169709,0,0,0,0,0,0,2025,11,6,7,50,46,614,0,1,0,1,0,0
4238,169709,0,0,0,0,0,0,2025,11,6,8,8,26,614,0,1,0,1,0,0
4239,169709,0,0,0,0,0,0,2025,11,6,8,26,10,614,0,1,0,1,0,0
4240,169709,2,0,0,0,2,0,2025,11,6,8,44,41,614,0,1,0,1,0,0
4241,169709,2,0,0,0,2,0,2025,11,6,9,2,20,614,0,1,0,1,0,0
4242,169709,1,0,0,0,1,0,2025,11,6,9,20,4,614,0,1,0,1,0,0
4243,169709,0,0,0,0,0,0,2025,11,6,9,37,44,614,0,1,0,1,0,0
4244,169709,0,0,0,0,0,0,2025,11,6,9,55,32,614,0,1,0,1,0,0
4245,169709,0,0,0,0,0,0,2025,11,6,10,13,22,614,0,1,0,1,0,0
4246,169709,0,0,0,0,0,0,2025,11,6,10,31,10,614,0,1,0,1,0,0
4247,169709,0,0,0,0,0,0,2025,11,6,12,11,33,614,0,1,0,0,0,1
4248,169709,0,0,0,0,0,0,2025,11,6,12,31,4,614,0,1,0,0,0,1
4249,169709,0,0,0,0,0,0,2025,11,6,12,48,44,614,0,1,0,0,0,1
4250,169709,1,1,0,0,2,0,2025,11,6,13,6,24,614,0,1,0,0,0,1
4251,169709,2,0,0,0,2,0,2025,11,6,13,39,42,614,0,1,0,0,0,1
4252,169709,1,0,0,0,1,0,2025,11,6,13,57,25,614,0,1,0,0,0,1
4253,169709,0,0,0,0,0,0,2025,11,7,9,38,41,614,0,1,0,1,0,0
4254,169709,0,0,0,0,0,0,2025,11,7,10,13,55,614,0,1,0,1,0,0
4255,169709,0,0,0,0,0,0,2025,11,7,10,31,35,614,0,1,0,1,0,0
4256,169709,1,0,0,0,1,0,2025,11,7,13,14,25,614,0,1,0,0,0,1
4257,169709,0,0,0,0,0,0,2025,11,7,13,32,5,614,0,1,0,0,0,1
4258,169709,0,0,0,0,0,0,2025,11,7,13,49,43,614,0,1,0,0,0,1
4259,169709,1,0,0,0,1,0,2025,11,7,15,37,18,614,0,1,0,0,0,1
4260,169709,0,0,0,0,0,0,2025,11,7,15,55,0,614,0,1,0,0,0,1
4261,169709,0,0,0,0,0,0,2025,11,8,7,54,47,614,0,1,0,1,0,0
4262,169709,0,0,0,0,0,0,2025,11,8,8,12,26,614,0,1,0,1,0,0
4263,169709,1,0,0,0,1,0,2025,11,8,8,30,6,614,0,1,0,1,0,0
4264,169709,0,1,0,0,1,0,2025,11,8,8,47,45,614,0,1,0,1,0,0
4265,169709,0,0,0,0,0,0,2025,11,8,9,52,23,614,0,1,0,1,0,0
4266,169709,0,0,0,0,0,0,2025,11,8,10,31,51,614,0,1,0,1,0,0
4267,169709,1,1,0,0,2,0,2025,11,8,10,49,28,614,0,1,0,1,0,0
4268,169709,0,0,0,0,0,0,2025,11,8,11,7,4,614,0,1,0,1,0,0
4269,169709,0,0,0,0,0,0,2025,11,8,11,24,44,614,0,1,0,1,0,0
4270,169709,0,0,0,0,0,0,2025,11,8,11,42,24,614,0,1,0,1,0,0
4271,169709,0,1,0,0,1,0,2025,11,8,12,0,4,614,0,1,0,0,0,1
4272,169709,0,0,0,0,0,0,2025,11,8,12,17,42,614,0,1,0,0,0,1
4273,169709,0,0,0,0,0,0,2025,11,8,12,35,16,614,0,1,0,0,0,1
4274,169709,1,0,0,0,1,0,2025,11,8,12,52,52,614,0,1,0,0,0,1
4275,169709,0,0,0,0,0,0,2025,11,8,13,10,30,614,0,1,0,0,0,1
4276,169709,0,0,0,0,0,0,2025,11,8,13,28,5,614,0,1,0,0,0,1
4277,169709,0,0,0,0,0,0,2025,11,8,13,45,43,614,0,1,0,0,0,1
4278,169709,0,0,0,0,0,0,2025,11,8,14,3,21,614,0,1,0,0,0,1
4279,169709,0,0,0,0,0,0,2025,11,8,14,20,57,614,0,1,0,0,0,1
4280,169709,0,0,0,0,0,0,2025,11,8,14,38,34,614,0,1,0,0,0,1
4281,169709,0,0,0,0,0,0,2025,11,8,15,34,19,614,0,1,0,0,0,1
4282,169709,0,0,0,0,0,0,2025,11,8,15,51,56,614,0,1,0,0,0,1
4283,169709,0,0,0,0,0,0,2025,11,8,16,9,36,614,0,1,0,0,0,1
4284,169709,0,0,0,0,0,0,2025,11,8,16,27,14,614,0,1,0,0,0,1
4285,169709,0,0,0,0,0,0,2025,11,8,16,44,55,614,0,1,0,0,0,1
4286,169709,1,0,0,0,1,0,2025,11,8,17,2,35,614,0,1,0,0,0,1
4287,169709,0,0,0,0,0,0,2025,11,9,8,29,46,614,0,1,0,1,0,0
4288,169709,0,0,0,0,0,0,2025,11,9,8,47,24,614,0,1,0,1,0,0
4289,169709,0,0,0,0,0,0,2025,11,9,9,4,59,614,0,1,0,1,0,0
4290,169709,0,0,0,0,0,0,2025,11,9,9,22,37,614,0,1,0,1,0,0
4291,169709,0,0,0,0,0,0,2025,11,9,9,40,13,614,0,1,0,1,0,0
4292,169709,0,0,0,0,0,0,2025,11,9,9,57,53,614,0,1,0,1,0,0
4293,169709,0,0,0,0,0,0,2025,11,9,10,15,32,614,0,1,0,1,0,0
4294,169709,0,0,0,0,0,0,2025,11,9,10,33,11,614,0,1,0,1,0,0
4295,169709,0,0,0,0,0,0,2025,11,9,10,50,45,614,0,1,0,1,0,0
4296,169709,0,0,0,0,0,0,2025,11,9,11,8,21,614,0,1,0,1,0,0
4297,169709,0,0,0,0,0,0,2025,11,9,11,25,59,614,0,1,0,1,0,0
4298,169709,2,0,0,0,2,0,2025,11,9,11,43,39,614,0,1,0,1,0,0
4299,169709,0,0,0,0,0,0,2025,11,9,12,1,23,614,0,1,0,0,0,1
4300,169709,0,0,0,0,0,0,2025,11,9,12,19,1,614,0,1,0,0,0,1
4301,169709,0,0,0,0,0,0,2025,11,9,12,36,38,614,0,1,0,0,0,1
4302,169709,0,0,0,0,0,0,2025,11,9,12,54,19,614,0,1,0,0,0,1
4303,169709,0,0,0,0,0,0,2025,11,9,15,20,13,614,0,1,0,0,0,1
4304,169709,0,0,0,0,0,0,2025,11,9,15,37,51,614,0,1,0,0,0,1
4305,169709,0,0,0,0,0,0,2025,11,9,15,55,32,614,0,1,0,0,0,1
4306,169709,1,0,0,0,1,0,2025,11,9,16,13,11,614,0,1,0,0,0,1
4307,169709,1,0,0,0,1,0,2025,11,9,16,30,50,614,0,1,0,0,0,1
4308,169709,0,0,0,0,0,0,2025,11,9,16,48,29,614,0,1,0,0,0,1
4309,169709,0,0,0,0,0,0,2025,11,9,17,6,3,614,0,1,0,0,0,1
4310,169709,0,0,0,0,0,0,2025,11,9,17,23,41,614,0,1,0,0,0,1
4311,169709,0,0,0,0,0,0,2025,11,9,17,41,20,614,0,1,0,0,0,1
4312,169709,0,0,0,0,0,0,2025,11,9,17,59,0,614,0,1,0,0,0,1
4313,169709,1,0,0,0,1,0,2025,11,9,18,16,39,614,0,1,0,0,1,0
4314,169709,0,0,0,0,0,0,2025,11,9,18,34,15,614,0,1,0,0,1,0
4315,169709,0,0,0,0,0,0,2025,11,11,8,34,42,614,0,1,0,1,0,0
4316,169709,0,0,0,0,0,0,2025,11,11,8,52,17,614,0,1,0,1,0,0
4317,169709,0,0,0,0,0,0,2025,11,11,9,9,53,614,0,1,0,1,0,0
4318,169709,0,0,0,0,0,0,2025,11,11,9,27,29,614,0,1,0,1,0,0
4319,169709,0,0,0,0,0,0,2025,11,11,14,34,49,614,0,1,0,0,0,1
4320,169709,0,0,0,0,0,0,2025,11,11,14,52,28,614,0,1,0,0,0,1
4321,169709,0,0,0,0,0,0,2025,11,11,15,10,7,614,0,1,0,0,0,1
4322,169709,0,0,0,0,0,0,2025,11,11,15,27,47,614,0,1,0,0,0,1
4323,169709,1,0,0,0,1,0,2025,11,11,15,45,30,614,0,1,0,0,0,1
4324,169709,0,0,0,0,0,0,2025,11,11,16,3,11,614,0,1,0,0,0,1
4325,169709,1,0,0,0,1,1,2025,11,11,17,47,58,614,0,1,0,0,0,1
4326,169709,0,0,0,0,0,0,2025,11,11,18,5,33,614,0,1,0,0,1,0
4327,169709,0,0,0,0,0,0,2025,11,11,18,23,10,614,0,1,0,0,1,0
4328,169709,1,0,0,0,1,0,2025,11,12,8,37,12,614,0,1,0,1,0,0
4329,169709,0,0,0,0,0,0,2025,11,12,8,54,54,614,0,1,0,1,0,0
4330,169709,1,0,0,0,1,0,2025,11,12,9,12,37,614,0,1,0,1,0,0
4331,169709,0,0,0,0,0,0,2025,11,12,9,30,30,614,0,1,0,1,0,0
4332,169709,0,0,0,0,0,0,2025,11,12,12,35,6,614,0,1,0,0,0,1
4333,169709,0,0,0,0,0,0,2025,11,14,9,7,13,614,0,1,0,1,0,0
4334,169709,0,0,0,0,0,0,2025,11,14,9,24,49,614,0,1,0,1,0,0
4335,169709,0,0,0,0,0,0,2025,11,14,9,42,30,614,0,1,0,1,0,0
4336,169709,0,0,0,0,0,0,2025,11,14,10,0,10,614,0,1,0,1,0,0
4337,169709,0,0,0,0,0,0,2025,11,14,10,17,49,614,0,1,0,1,0,0
4338,169709,1,0,0,0,1,0,2025,11,14,10,35,31,614,0,1,0,1,0,0
4339,169709,0,0,0,0,0,0,2025,11,15,9,51,24,614,0,1,0,1,0,0
4340,169709,0,0,0,0,0,0,2025,11,15,10,9,4,614,0,1,0,1,0,0
4341,169709,0,0,0,0,0,0,2025,11,15,10,26,44,614,0,1,0,1,0,0
4342,169709,0,0,0,0,0,0,2025,11,15,10,44,27,614,0,1,0,1,0,0
4343,169709,0,0,0,0,0,0,2025,11,15,11,2,18,614,0,1,0,1,0,0
4344,169709,0,0,0,0,0,0,2025,11,15,11,19,56,614,0,1,0,1,0,0
4345,169709,0,0,0,0,0,0,2025,11,15,11,37,36,614,0,1,0,1,0,0
4346,169709,0,0,0,0,0,0,2025,11,15,11,55,17,614,0,1,0,1,0,0
4347,169709,0,1,0,0,1,0,2025,11,15,12,13,0,614,0,1,0,0,0,1
4348,169709,1,0,0,0,1,0,2025,11,15,12,30,39,614,0,1,0,0,0,1
4349,169709,0,0,0,0,0,0,2025,11,15,12,48,17,614,0,1,0,0,0,1
4350,169709,0,0,0,0,0,0,2025,11,15,13,5,58,614,0,1,0,0,0,1
4351,169709,0,0,0,0,0,0,2025,11,16,8,9,23,614,0,1,0,1,0,0
4352,169709,0,0,0,0,0,0,2025,11,16,8,27,1,614,0,1,0,1,0,0
4353,169709,0,0,0,0,0,0,2025,11,16,8,44,49,614,0,1,0,1,0,0
4354,169709,0,0,0,0,0,0,2025,11,16,9,2,31,614,0,1,0,1,0,0
4355,169709,0,0,0,0,0,0,2025,11,16,9,20,12,614,0,1,0,1,0,0
4356,169709,0,0,0,0,0,0,2025,11,16,9,37,53,614,0,1,0,1,0,0
4357,169709,0,0,0,0,0,0,2025,11,16,9,55,35,614,0,1,0,1,0,0
4358,169709,0,0,0,0,0,0,2025,11,16,10,13,20,614,0,1,0,1,0,0
4359,169709,0,0,0,0,0,0,2025,11,16,10,31,5,614,0,1,0,1,0,0
4360,169709,0,0,0,0,0,0,2025,11,16,10,48,51,614,0,1,0,1,0,0
4361,169709,1,1,0,0,2,0,2025,11,16,11,6,53,614,0,1,0,1,0,0
4362,169709,0,0,0,0,0,0,2025,11,17,8,23,50,614,0,1,0,1,0,0
4363,169709,0,0,0,0,0,0,2025,11,17,8,41,31,614,0,1,0,1,0,0
4364,169709,0,0,0,0,0,0,2025,11,17,8,59,11,614,0,1,0,1,0,0
4365,169709,0,0,0,0,0,0,2025,11,17,9,16,50,614,0,1,0,1,0,0
4366,169709,0,0,0,0,0,0,2025,11,17,9,34,28,614,0,1,0,1,0,0
4367,169709,1,0,0,0,1,0,2025,11,17,9,52,7,614,0,1,0,1,0,0
4368,169709,0,0,0,0,0,0,2025,11,17,10,9,46,614,0,1,0,1,0,0
4369,169709,0,0,0,0,0,0,2025,11,17,10,27,24,614,0,1,0,1,0,0
4370,169709,0,0,0,0,0,0,2025,11,17,12,34,27,614,0,1,0,0,0,1
4371,169709,0,0,0,0,0,0,2025,11,17,12,52,6,614,0,1,0,0,0,1
4372,169709,0,0,0,0,0,0,2025,11,17,13,9,44,614,0,1,0,0,0,1
4373,169741,21,0,0,0,21,2,2025,10,27,9,37,57,6,1,0,0,1,0,0
4374,169741,18,0,2,0,20,3,2025,10,27,9,55,39,6,1,0,0,1,0,0
4375,169741,13,0,0,0,13,1,2025,10,27,10,13,24,6,1,0,0,1,0,0
4376,169741,9,1,0,0,10,0,2025,10,27,10,31,13,6,1,0,0,1,0,0
4377,169741,18,0,0,0,18,1,2025,10,27,12,40,14,6,1,0,0,0,0,1
4378,169741,7,0,0,0,7,0,2025,10,27,12,57,57,6,1,0,0,0,0,1
4379,169741,6,0,1,0,7,1,2025,10,27,13,15,43,6,1,0,0,0,0,1
4380,169741,10,2,1,0,13,1,2025,10,27,13,20,50,6,1,0,0,0,0,1
4381,169741,8,0,2,0,10,0,2025,10,27,13,57,14,6,1,0,0,0,0,1
4382,169741,11,0,0,0,11,0,2025,10,27,14,55,34,6,1,0,0,0,0,1
4383,169741,10,0,0,0,10,0,2025,10,27,15,13,20,6,1,0,0,0,0,1
4384,169741,10,0,2,0,12,1,2025,10,27,15,31,6,6,1,0,0,0,0,1
4385,169741,13,0,1,0,14,1,2025,10,27,15,48,54,6,1,0,0,0,0,1
4386,169741,15,0,2,0,17,1,2025,10,27,18,2,58,6,1,0,0,0,1,0
4387,169741,12,0,0,0,12,1,2025,10,27,18,20,34,6,1,0,0,0,1,0
4388,169741,17,0,1,0,18,1,2025,10,27,18,38,10,6,1,0,0,0,1,0
4389,169741,20,0,0,0,20,1,2025,10,28,7,56,25,6,1,0,0,1,0,0
4390,169741,17,0,1,0,18,1,2025,10,28,8,14,2,6,1,0,0,1,0,0
4391,169741,18,0,0,0,18,1,2025,10,28,8,31,38,6,1,0,0,1,0,0
4392,169741,15,0,1,0,16,1,2025,10,28,8,49,14,6,1,0,0,1,0,0
4393,169741,15,0,0,0,15,1,2025,10,28,9,6,50,6,1,0,0,1,0,0
4394,169741,17,0,0,0,17,1,2025,10,28,9,24,26,6,1,0,0,1,0,0
4395,169741,9,1,2,0,12,1,2025,10,28,9,42,4,6,1,0,0,1,0,0
4396,169741,21,0,3,0,24,1,2025,10,28,13,27,50,6,1,0,0,0,0,1
4397,169741,14,1,2,0,17,1,2025,10,28,14,45,42,6,1,0,0,0,0,1
4398,169741,14,0,0,0,14,1,2025,10,28,15,3,24,6,1,0,0,0,0,1
4399,169741,15,0,0,0,15,1,2025,10,28,15,21,8,6,1,0,0,0,0,1
4400,169741,13,0,1,0,14,1,2025,10,28,15,38,58,6,1,0,0,0,0,1
4401,169741,12,0,0,0,12,1,2025,10,28,15,56,43,6,1,0,0,0,0,1
4402,169741,14,2,2,0,18,1,2025,10,28,17,49,5,6,1,0,0,0,0,1
4403,169741,11,0,0,0,11,0,2025,10,28,18,6,41,6,1,0,0,0,1,0
4404,169741,15,0,1,0,16,2,2025,10,28,18,24,21,6,1,0,0,0,1,0
4405,169741,20,0,0,0,20,1,2025,10,28,18,42,0,6,1,0,0,0,1,0
4406,169741,17,1,0,0,18,1,2025,10,28,18,59,38,6,1,0,0,0,1,0
4407,169741,11,0,1,0,12,1,2025,10,28,19,17,16,6,1,0,0,0,1,0
4408,169741,15,0,0,0,15,1,2025,10,28,19,34,53,6,1,0,0,0,1,0
4409,169741,16,0,1,0,17,1,2025,10,28,19,52,32,6,1,0,0,0,1,0
4410,169741,15,2,1,0,18,2,2025,10,29,8,23,44,6,1,0,0,1,0,0
4411,169741,20,0,3,0,23,2,2025,10,29,8,41,20,6,1,0,0,1,0,0
4412,169741,25,0,1,0,26,1,2025,10,29,8,58,57,6,1,0,0,1,0,0
4413,169741,16,1,0,0,17,2,2025,10,29,9,16,32,6,1,0,0,1,0,0
4414,169741,14,1,2,0,17,1,2025,10,29,9,34,8,6,1,0,0,1,0,0
4415,169741,14,1,1,0,16,1,2025,10,29,9,51,44,6,1,0,0,1,0,0
4416,169741,15,1,3,0,19,1,2025,10,29,10,9,21,6,1,0,0,1,0,0
4417,169741,10,0,0,0,10,0,2025,10,29,10,27,0,6,1,0,0,1,0,0
4418,169741,10,0,0,0,10,0,2025,10,29,10,44,39,6,1,0,0,1,0,0
4419,169741,15,1,1,0,17,1,2025,10,29,12,33,30,6,1,0,0,0,0,1
4420,169741,9,2,1,0,12,1,2025,10,29,12,51,12,6,1,0,0,0,0,1
4421,169741,13,0,0,0,13,0,2025,10,29,13,8,54,6,1,0,0,0,0,1
4422,169741,14,2,2,0,18,1,2025,10,29,13,26,42,6,1,0,0,0,0,1
4423,169741,16,1,0,0,17,1,2025,10,29,13,44,23,6,1,0,0,0,0,1
4424,169741,20,1,0,0,21,1,2025,10,29,14,44,9,6,1,0,0,0,0,1
4425,169741,23,0,1,0,24,1,2025,10,29,15,1,51,6,1,0,0,0,0,1
4426,169741,21,0,2,0,23,1,2025,10,29,15,19,37,6,1,0,0,0,0,1
4427,169741,14,0,3,0,17,2,2025,10,29,15,37,17,6,1,0,0,0,0,1
4428,169741,11,2,3,0,16,3,2025,10,29,15,54,57,6,1,0,0,0,0,1
4429,169741,24,2,3,0,29,2,2025,10,30,8,20,33,6,1,0,0,1,0,0
4430,169741,25,0,2,0,27,2,2025,10,30,8,38,16,6,1,0,0,1,0,0
4431,169741,16,1,3,0,20,2,2025,10,30,8,55,59,6,1,0,0,1,0,0
4432,169741,17,1,1,0,19,1,2025,10,30,9,13,51,6,1,0,0,1,0,0
4433,169741,19,1,1,0,21,2,2025,10,30,9,31,50,6,1,0,0,1,0,0
4434,169741,24,0,1,0,25,2,2025,10,30,9,49,51,6,1,0,0,1,0,0
4435,169741,20,1,3,0,24,2,2025,10,30,10,7,35,6,1,0,0,1,0,0
4436,169741,10,0,1,0,11,1,2025,10,30,10,25,30,6,1,0,0,1,0,0
4437,169741,17,1,1,0,19,1,2025,10,30,10,43,13,6,1,0,0,1,0,0
4438,169741,9,0,2,0,11,1,2025,10,30,12,29,45,6,1,0,0,0,0,1
4439,169741,12,1,3,0,16,1,2025,10,30,12,47,17,6,1,0,0,0,0,1
4440,169741,17,0,1,0,18,1,2025,10,30,13,5,1,6,1,0,0,0,0,1
4441,169741,16,0,2,0,18,1,2025,10,30,13,22,46,6,1,0,0,0,0,1
4442,169741,14,1,1,0,16,1,2025,10,30,13,40,32,6,1,0,0,0,0,1
4443,169741,14,1,0,0,15,1,2025,10,30,13,58,18,6,1,0,0,0,0,1
4444,169741,21,1,4,0,26,2,2025,10,30,14,57,20,6,1,0,0,0,0,1
4445,169741,15,0,1,0,16,1,2025,10,30,15,15,13,6,1,0,0,0,0,1
4446,169741,17,1,3,0,21,2,2025,10,30,15,32,58,6,1,0,0,0,0,1
4447,169741,16,0,4,0,20,1,2025,10,30,15,57,42,6,1,0,0,0,0,1
4448,169741,22,0,0,0,22,1,2025,10,30,16,15,29,6,1,0,0,0,0,1
4449,169741,3,0,0,0,3,0,2025,10,30,22,45,46,6,1,0,0,0,1,0
4450,169741,15,0,3,0,18,1,2025,10,31,8,25,15,6,1,0,0,1,0,0
4451,169741,17,0,2,0,19,2,2025,10,31,8,42,58,6,1,0,0,1,0,0
4452,169741,18,0,1,0,19,1,2025,10,31,9,0,44,6,1,0,0,1,0,0
4453,169741,14,0,1,0,15,1,2025,10,31,9,18,33,6,1,0,0,1,0,0
4454,169741,15,2,1,0,18,1,2025,10,31,9,44,11,6,1,0,0,1,0,0
4455,169741,8,2,2,0,12,1,2025,10,31,10,1,53,6,1,0,0,1,0,0
4456,169741,12,1,1,0,14,1,2025,10,31,10,19,35,6,1,0,0,1,0,0
4457,169741,19,1,3,0,23,2,2025,10,31,10,37,17,6,1,0,0,1,0,0
4458,169741,17,1,1,0,19,1,2025,10,31,15,3,37,6,1,0,0,0,0,1
4459,169741,20,0,3,0,23,1,2025,10,31,15,21,30,6,1,0,0,0,0,1
4460,169741,20,3,4,0,27,2,2025,10,31,15,39,23,6,1,0,0,0,0,1
4461,169741,24,1,7,0,32,3,2025,10,31,15,57,12,6,1,0,0,0,0,1
4462,169741,5,0,0,0,5,0,2025,11,1,8,54,49,6,1,0,0,1,0,0
4463,169741,2,0,0,0,2,0,2025,11,1,9,12,36,6,1,0,0,1,0,0
4464,169741,4,0,2,0,6,0,2025,11,1,9,30,30,6,1,0,0,1,0,0
4465,169741,7,0,0,0,7,0,2025,11,1,9,48,17,6,1,0,0,1,0,0
4466,169741,2,0,1,0,3,0,2025,11,1,10,6,7,6,1,0,0,1,0,0
4467,169741,2,0,0,0,2,0,2025,11,1,10,23,51,6,1,0,0,1,0,0
4468,169741,2,0,0,0,2,0,2025,11,1,10,41,37,6,1,0,0,1,0,0
4469,169741,5,0,0,0,5,0,2025,11,1,10,59,31,6,1,0,0,1,0,0
4470,169741,9,1,0,0,10,0,2025,11,1,11,17,18,6,1,0,0,1,0,0
4471,169741,12,0,0,0,12,0,2025,11,1,11,35,1,6,1,0,0,1,0,0
4472,169741,12,1,0,0,13,0,2025,11,1,11,52,44,6,1,0,0,1,0,0
4473,169741,12,0,1,0,13,1,2025,11,1,12,10,38,6,1,0,0,0,0,1
4474,169741,6,1,0,0,7,0,2025,11,1,12,28,24,6,1,0,0,0,0,1
4475,169741,11,1,0,0,12,1,2025,11,1,12,46,16,6,1,0,0,0,0,1
4476,169741,10,0,0,0,10,0,2025,11,1,13,4,13,6,1,0,0,0,0,1
4477,169741,9,1,1,0,11,1,2025,11,1,13,21,59,6,1,0,0,0,0,1
4478,169741,11,1,1,0,13,0,2025,11,1,13,39,45,6,1,0,0,0,0,1
4479,169741,7,0,0,0,7,0,2025,11,1,13,57,34,6,1,0,0,0,0,1
4480,169741,8,0,0,0,8,0,2025,11,1,14,15,26,6,1,0,0,0,0,1
4481,169741,15,0,0,0,15,0,2025,11,1,14,33,28,6,1,0,0,0,0,1
4482,169741,11,0,2,0,13,1,2025,11,1,14,51,34,6,1,0,0,0,0,1
4483,169741,10,1,1,0,12,0,2025,11,1,15,9,31,6,1,0,0,0,0,1
4484,169741,5,0,1,0,6,0,2025,11,1,15,27,18,6,1,0,0,0,0,1
4485,169741,7,0,0,0,7,0,2025,11,1,15,45,9,6,1,0,0,0,0,1
4486,169741,5,0,0,0,5,0,2025,11,1,16,3,5,6,1,0,0,0,0,1
4487,169741,8,0,0,0,8,0,2025,11,1,16,20,53,6,1,0,0,0,0,1
4488,169741,12,2,0,0,14,1,2025,11,1,16,38,43,6,1,0,0,0,0,1
4489,169741,11,0,0,0,11,0,2025,11,1,16,56,39,6,1,0,0,0,0,1
4490,169741,11,0,0,0,11,0,2025,11,1,17,14,36,6,1,0,0,0,0,1
4491,169741,12,0,0,0,12,0,2025,11,1,17,32,25,6,1,0,0,0,0,1
4492,169741,10,1,1,0,12,1,2025,11,1,17,50,14,6,1,0,0,0,0,1
4493,169741,11,0,1,0,12,1,2025,11,1,18,8,10,6,1,0,0,0,1,0
4494,169741,16,0,0,0,16,1,2025,11,1,18,26,59,6,1,0,0,0,1,0
4495,169741,12,0,0,0,12,1,2025,11,1,18,44,52,6,1,0,0,0,1,0
4496,169741,7,0,0,0,7,0,2025,11,1,19,2,40,6,1,0,0,0,1,0
4497,169741,12,0,0,0,12,1,2025,11,1,19,37,17,6,1,0,0,0,1,0
4498,169741,4,0,0,0,4,1,2025,11,2,10,16,48,6,1,0,0,1,0,0
4499,169741,4,0,0,0,4,0,2025,11,2,10,34,33,6,1,0,0,1,0,0
4500,169741,4,0,1,0,5,0,2025,11,2,10,52,27,6,1,0,0,1,0,0
4501,169741,3,1,0,0,4,1,2025,11,2,11,10,10,6,1,0,0,1,0,0
4502,169741,6,0,0,0,6,1,2025,11,2,11,28,6,6,1,0,0,1,0,0
4503,169741,9,0,1,0,10,1,2025,11,2,12,11,22,6,1,0,0,0,0,1
4504,169741,11,0,0,0,11,1,2025,11,2,12,29,9,6,1,0,0,0,0,1
4505,169741,5,1,0,0,6,0,2025,11,2,12,46,58,6,1,0,0,0,0,1
4506,169741,18,1,0,0,19,1,2025,11,2,13,4,42,6,1,0,0,0,0,1
4507,169741,16,0,0,0,16,1,2025,11,2,13,22,22,6,1,0,0,0,0,1
4508,169741,12,0,0,0,12,1,2025,11,2,13,40,1,6,1,0,0,0,0,1
4509,169741,15,1,0,0,16,1,2025,11,2,13,57,40,6,1,0,0,0,0,1
4510,169741,11,1,1,0,13,1,2025,11,2,14,15,19,6,1,0,0,0,0,1
4511,169741,11,1,0,0,12,1,2025,11,2,14,32,56,6,1,0,0,0,0,1
4512,169741,10,3,0,0,13,1,2025,11,2,14,50,32,6,1,0,0,0,0,1
4513,169741,5,0,0,0,5,0,2025,11,2,15,51,4,6,1,0,0,0,0,1
4514,169741,10,0,0,0,10,1,2025,11,2,16,8,41,6,1,0,0,0,0,1
4515,169741,6,0,0,0,6,0,2025,11,2,16,26,21,6,1,0,0,0,0,1
4516,169741,10,0,0,0,10,1,2025,11,2,16,43,59,6,1,0,0,0,0,1
4517,169741,13,0,1,0,14,1,2025,11,3,8,9,17,6,1,0,0,1,0,0
4518,169741,6,1,0,0,7,0,2025,11,3,8,26,53,6,1,0,0,1,0,0
4519,169741,11,0,1,0,12,1,2025,11,3,8,44,31,6,1,0,0,1,0,0
4520,169741,25,0,1,0,26,2,2025,11,3,9,2,9,6,1,0,0,1,0,0
4521,169741,24,0,0,0,24,2,2025,11,3,9,19,45,6,1,0,0,1,0,0
4522,169741,8,1,0,0,9,1,2025,11,3,9,37,22,6,1,0,0,1,0,0
4523,169741,29,1,1,0,31,2,2025,11,4,8,9,34,6,1,0,0,1,0,0
4524,169741,22,1,1,0,24,2,2025,11,4,8,27,11,6,1,0,0,1,0,0
4525,169741,20,1,2,0,23,2,2025,11,4,8,44,47,6,1,0,0,1,0,0
4526,169741,19,1,1,0,21,2,2025,11,4,9,2,23,6,1,0,0,1,0,0
4527,169741,17,0,1,0,18,2,2025,11,4,9,20,0,6,1,0,0,1,0,0
4528,169741,21,0,0,0,21,2,2025,11,4,9,37,39,6,1,0,0,1,0,0
4529,169741,10,3,0,0,13,1,2025,11,4,12,8,51,6,1,0,0,0,0,1
4530,169741,5,0,0,0,5,0,2025,11,4,12,37,13,6,1,0,0,0,0,1
4531,169741,11,1,1,0,13,1,2025,11,4,12,54,53,6,1,0,0,0,0,1
4532,169741,11,1,1,0,13,1,2025,11,4,13,4,19,6,1,0,0,0,0,1
4533,169741,11,1,3,0,15,1,2025,11,4,13,21,58,6,1,0,0,0,0,1
4534,169741,19,0,0,0,19,1,2025,11,4,13,39,38,6,1,0,0,0,0,1
4535,169741,11,0,1,0,12,1,2025,11,4,14,34,0,6,1,0,0,0,0,1
4536,169741,16,0,0,0,16,1,2025,11,4,14,51,39,6,1,0,0,0,0,1
4537,169741,15,2,0,0,17,2,2025,11,4,15,9,20,6,1,0,0,0,0,1
4538,169741,13,0,0,0,13,1,2025,11,4,15,27,9,6,1,0,0,0,0,1
4539,169741,22,1,0,0,23,3,2025,11,4,15,45,8,6,1,0,0,0,0,1
4540,169741,16,0,1,0,17,1,2025,11,4,16,2,51,6,1,0,0,0,0,1
4541,169741,19,0,0,0,19,1,2025,11,4,18,0,7,6,1,0,0,0,1,0
4542,169741,17,2,2,0,21,2,2025,11,4,18,17,45,6,1,0,0,0,1,0
4543,169741,16,0,1,0,17,1,2025,11,4,18,35,22,6,1,0,0,0,1,0
4544,169741,17,0,0,0,17,2,2025,11,4,18,53,1,6,1,0,0,0,1,0
4545,169741,18,0,0,0,18,2,2025,11,4,19,10,39,6,1,0,0,0,1,0
4546,169741,13,0,0,0,13,1,2025,11,4,19,28,17,6,1,0,0,0,1,0
4547,169741,10,1,0,0,11,1,2025,11,4,19,45,56,6,1,0,0,0,1,0
4548,169741,12,0,0,0,12,1,2025,11,4,20,3,33,6,1,0,0,0,1,0
4549,169741,14,0,0,0,14,1,2025,11,4,20,21,9,6,1,0,0,0,1,0
4550,169741,10,0,0,0,10,1,2025,11,4,20,38,48,6,1,0,0,0,1,0
4551,169741,16,0,1,0,17,2,2025,11,5,7,51,23,6,1,0,0,1,0,0
4552,169741,17,2,1,0,20,2,2025,11,5,8,8,59,6,1,0,0,1,0,0
4553,169741,22,3,0,0,25,2,2025,11,5,8,26,37,6,1,0,0,1,0,0
4554,169741,20,0,1,0,21,2,2025,11,5,8,44,13,6,1,0,0,1,0,0
4555,169741,20,3,1,0,24,3,2025,11,5,9,1,49,6,1,0,0,1,0,0
4556,169741,22,1,0,0,23,2,2025,11,5,9,19,25,6,1,0,0,1,0,0
4557,169741,17,0,2,0,19,3,2025,11,5,9,37,2,6,1,0,0,1,0,0
4558,169741,20,1,0,0,21,2,2025,11,5,9,54,39,6,1,0,0,1,0,0
4559,169741,9,1,1,0,11,1,2025,11,5,10,12,15,6,1,0,0,1,0,0
4560,169741,9,1,1,0,11,1,2025,11,5,10,29,53,6,1,0,0,1,0,0
4561,169741,17,3,0,0,20,3,2025,11,5,10,47,29,6,1,0,0,1,0,0
4562,169741,14,1,0,0,15,1,2025,11,5,12,44,6,6,1,0,0,0,0,1
4563,169741,17,1,1,0,19,1,2025,11,5,13,1,47,6,1,0,0,0,0,1
4564,169741,11,1,1,0,13,1,2025,11,5,13,19,27,6,1,0,0,0,0,1
4565,169741,13,1,1,0,15,1,2025,11,5,13,37,8,6,1,0,0,0,0,1
4566,169741,15,0,0,0,15,1,2025,11,5,13,54,51,6,1,0,0,0,0,1
4567,169741,22,0,2,0,24,1,2025,11,5,14,46,43,6,1,0,0,0,0,1
4568,169741,11,1,0,0,12,1,2025,11,5,15,4,22,6,1,0,0,0,0,1
4569,169741,13,0,1,0,14,2,2025,11,5,15,22,3,6,1,0,0,0,0,1
4570,169741,12,1,2,0,15,1,2025,11,5,15,39,44,6,1,0,0,0,0,1
4571,169741,11,0,1,0,12,1,2025,11,5,15,57,27,6,1,0,0,0,0,1
4572,169741,15,0,0,0,15,1,2025,11,6,7,50,49,6,1,0,0,1,0,0
4573,169741,18,1,1,0,20,1,2025,11,6,8,8,29,6,1,0,0,1,0,0
4574,169741,28,0,0,0,28,2,2025,11,6,8,26,13,6,1,0,0,1,0,0
4575,169741,17,1,1,0,19,2,2025,11,6,8,44,44,6,1,0,0,1,0,0
4576,169741,20,0,2,0,22,2,2025,11,6,9,2,25,6,1,0,0,1,0,0
4577,169741,24,0,2,0,26,3,2025,11,6,9,20,7,6,1,0,0,1,0,0
4578,169741,17,0,3,0,20,2,2025,11,6,9,37,47,6,1,0,0,1,0,0
4579,169741,21,0,0,0,21,1,2025,11,6,9,55,35,6,1,0,0,1,0,0
4580,169741,16,1,1,0,18,2,2025,11,6,10,13,26,6,1,0,0,1,0,0
4581,169741,5,3,0,0,8,0,2025,11,6,10,31,15,6,1,0,0,1,0,0
4582,169741,13,1,2,0,16,1,2025,11,6,12,11,36,6,1,0,0,0,0,1
4583,169741,17,0,3,0,20,1,2025,11,6,12,31,6,6,1,0,0,0,0,1
4584,169741,18,1,1,0,20,1,2025,11,6,12,48,46,6,1,0,0,0,0,1
4585,169741,15,0,2,0,17,1,2025,11,6,13,6,27,6,1,0,0,0,0,1
4586,169741,12,1,1,0,14,1,2025,11,6,13,39,45,6,1,0,0,0,0,1
4587,169741,18,1,1,0,20,1,2025,11,6,13,57,29,6,1,0,0,0,0,1
4588,169741,15,2,1,0,18,2,2025,11,7,9,38,42,6,1,0,0,1,0,0
4589,169741,11,2,2,0,15,1,2025,11,7,10,13,57,6,1,0,0,1,0,0
4590,169741,24,0,1,0,25,2,2025,11,7,10,31,37,6,1,0,0,1,0,0
4591,169741,18,1,1,0,20,1,2025,11,7,13,14,27,6,1,0,0,0,0,1
4592,169741,16,0,1,0,17,1,2025,11,7,13,32,7,6,1,0,0,0,0,1
4593,169741,24,1,0,0,25,1,2025,11,7,13,49,45,6,1,0,0,0,0,1
4594,169741,22,0,3,0,25,2,2025,11,7,15,37,20,6,1,0,0,0,0,1
4595,169741,21,0,2,0,23,1,2025,11,7,15,55,2,6,1,0,0,0,0,1
4596,169741,8,1,0,0,9,1,2025,11,8,7,54,49,6,1,0,0,1,0,0
4597,169741,3,0,0,0,3,0,2025,11,8,8,12,29,6,1,0,0,1,0,0
4598,169741,5,0,0,0,5,0,2025,11,8,8,30,9,6,1,0,0,1,0,0
4599,169741,7,0,0,0,7,0,2025,11,8,8,47,47,6,1,0,0,1,0,0
4600,169741,15,0,1,0,16,1,2025,11,8,9,52,25,6,1,0,0,1,0,0
4601,169741,15,0,0,0,15,1,2025,11,8,10,31,53,6,1,0,0,1,0,0
4602,169741,13,0,0,0,13,1,2025,11,8,10,49,29,6,1,0,0,1,0,0
4603,169741,14,0,0,0,14,1,2025,11,8,11,7,7,6,1,0,0,1,0,0
4604,169741,14,1,0,0,15,1,2025,11,8,11,24,47,6,1,0,0,1,0,0
4605,169741,20,0,1,0,21,1,2025,11,8,11,42,26,6,1,0,0,1,0,0
4606,169741,14,0,0,0,14,1,2025,11,8,12,0,7,6,1,0,0,0,0,1
4607,169741,18,1,0,0,19,1,2025,11,8,12,17,43,6,1,0,0,0,0,1
4608,169741,19,1,1,0,21,1,2025,11,8,12,35,18,6,1,0,0,0,0,1
4609,169741,17,0,0,0,17,1,2025,11,8,12,52,54,6,1,0,0,0,0,1
4610,169741,13,1,1,0,15,1,2025,11,8,13,10,31,6,1,0,0,0,0,1
4611,169741,13,0,0,0,13,1,2025,11,8,13,28,7,6,1,0,0,0,0,1
4612,169741,15,0,0,0,15,1,2025,11,8,13,45,45,6,1,0,0,0,0,1
4613,169741,20,0,1,0,21,2,2025,11,8,14,3,23,6,1,0,0,0,0,1
4614,169741,15,0,0,0,15,2,2025,11,8,14,20,59,6,1,0,0,0,0,1
4615,169741,15,0,0,0,15,1,2025,11,8,14,38,36,6,1,0,0,0,0,1
4616,169741,5,1,1,0,7,0,2025,11,8,15,34,21,6,1,0,0,0,0,1
4617,169741,4,2,0,0,6,0,2025,11,8,15,51,58,6,1,0,0,0,0,1
4618,169741,8,0,1,0,9,1,2025,11,8,16,9,38,6,1,0,0,0,0,1
4619,169741,7,1,1,0,9,0,2025,11,8,16,27,17,6,1,0,0,0,0,1
4620,169741,6,0,2,0,8,0,2025,11,8,16,44,58,6,1,0,0,0,0,1
4621,169741,5,0,0,0,5,0,2025,11,8,17,2,37,6,1,0,0,0,0,1
4622,169741,15,0,0,0,15,1,2025,11,8,18,55,24,6,1,0,0,0,1,0
4623,169741,9,0,0,0,9,1,2025,11,8,19,13,2,6,1,0,0,0,1,0
4624,169741,13,0,0,0,13,1,2025,11,8,19,30,41,6,1,0,0,0,1,0
4625,169741,10,0,0,0,10,1,2025,11,8,19,48,18,6,1,0,0,0,1,0
4626,169741,5,0,0,0,5,0,2025,11,9,8,29,48,6,1,0,0,1,0,0
4627,169741,6,0,1,0,7,0,2025,11,9,8,47,25,6,1,0,0,1,0,0
4628,169741,3,0,0,0,3,0,2025,11,9,9,5,1,6,1,0,0,1,0,0
4629,169741,6,0,0,0,6,0,2025,11,9,9,22,38,6,1,0,0,1,0,0
4630,169741,8,0,0,0,8,1,2025,11,9,9,40,16,6,1,0,0,1,0,0
4631,169741,15,3,1,0,19,1,2025,11,9,9,57,55,6,1,0,0,1,0,0
4632,169741,13,0,0,0,13,1,2025,11,9,10,15,34,6,1,0,0,1,0,0
4633,169741,9,1,0,0,10,1,2025,11,9,10,33,12,6,1,0,0,1,0,0
4634,169741,14,0,2,0,16,2,2025,11,9,10,50,47,6,1,0,0,1,0,0
4635,169741,16,0,2,0,18,1,2025,11,9,11,8,23,6,1,0,0,1,0,0
4636,169741,18,1,0,0,19,1,2025,11,9,11,26,1,6,1,0,0,1,0,0
4637,169741,19,0,0,0,19,1,2025,11,9,11,43,45,6,1,0,0,1,0,0
4638,169741,20,0,0,0,20,1,2025,11,9,12,1,25,6,1,0,0,0,0,1
4639,169741,19,0,0,0,19,2,2025,11,9,12,19,3,6,1,0,0,0,0,1
4640,169741,20,0,0,0,20,1,2025,11,9,12,36,41,6,1,0,0,0,0,1
4641,169741,7,0,0,0,7,0,2025,11,9,12,54,22,6,1,0,0,0,0,1
4642,169741,9,1,0,0,10,0,2025,11,9,15,20,16,6,1,0,0,0,0,1
4643,169741,2,0,0,0,2,0,2025,11,9,15,37,54,6,1,0,0,0,0,1
4644,169741,6,0,1,0,7,1,2025,11,9,15,55,34,6,1,0,0,0,0,1
4645,169741,4,0,0,0,4,0,2025,11,9,16,13,13,6,1,0,0,0,0,1
4646,169741,6,0,0,0,6,0,2025,11,9,16,30,53,6,1,0,0,0,0,1
4647,169741,9,0,0,0,9,0,2025,11,9,16,48,30,6,1,0,0,0,0,1
4648,169741,7,0,1,0,8,0,2025,11,9,17,6,5,6,1,0,0,0,0,1
4649,169741,5,0,2,0,7,1,2025,11,9,17,23,44,6,1,0,0,0,0,1
4650,169741,9,0,2,0,11,1,2025,11,9,17,41,22,6,1,0,0,0,0,1
4651,169741,9,0,0,0,9,0,2025,11,9,17,59,2,6,1,0,0,0,0,1
4652,169741,11,0,0,0,11,0,2025,11,9,18,16,40,6,1,0,0,0,1,0
4653,169741,19,0,0,0,19,2,2025,11,11,7,59,35,6,1,0,0,1,0,0
4654,169741,23,0,0,0,23,2,2025,11,11,8,17,9,6,1,0,0,1,0,0
4655,169741,18,1,1,0,20,2,2025,11,11,8,34,44,6,1,0,0,1,0,0
4656,169741,21,1,3,0,25,2,2025,11,11,8,52,18,6,1,0,0,1,0,0
4657,169741,20,3,5,0,28,2,2025,11,11,9,9,55,6,1,0,0,1,0,0
4658,169741,18,0,1,0,19,2,2025,11,11,9,27,30,6,1,0,0,1,0,0
4659,169741,24,0,0,0,24,1,2025,11,11,14,34,51,6,1,0,0,0,0,1
4660,169741,22,0,2,0,24,2,2025,11,11,14,52,30,6,1,0,0,0,0,1
4661,169741,23,0,4,0,27,2,2025,11,11,15,10,10,6,1,0,0,0,0,1
4662,169741,18,0,3,0,21,2,2025,11,11,15,27,51,6,1,0,0,0,0,1
4663,169741,18,0,0,0,18,1,2025,11,11,15,45,34,6,1,0,0,0,0,1
4664,169741,16,0,0,0,16,1,2025,11,11,16,3,14,6,1,0,0,0,0,1
4665,169741,14,1,1,0,16,2,2025,11,11,17,48,0,6,1,0,0,0,0,1
4666,169741,19,0,0,0,19,1,2025,11,11,18,5,35,6,1,0,0,0,1,0
4667,169741,16,2,0,0,18,1,2025,11,11,18,23,11,6,1,0,0,0,1,0
4668,169741,12,0,1,0,13,2,2025,11,11,18,40,48,6,1,0,0,0,1,0
4669,169741,15,0,3,0,18,2,2025,11,11,18,58,26,6,1,0,0,0,1,0
4670,169741,12,0,3,0,15,2,2025,11,11,19,16,4,6,1,0,0,0,1,0
4671,169741,11,1,0,0,12,1,2025,11,11,19,33,40,6,1,0,0,0,1,0
4672,169741,12,1,3,0,16,2,2025,11,11,19,51,23,6,1,0,0,0,1,0
4673,169741,20,1,1,0,22,2,2025,11,12,8,37,14,6,1,0,0,1,0,0
4674,169741,26,1,2,0,29,3,2025,11,12,8,54,58,6,1,0,0,1,0,0
4675,169741,20,1,2,0,23,2,2025,11,12,9,12,41,6,1,0,0,1,0,0
4676,169741,18,0,0,0,18,2,2025,11,12,9,30,34,6,1,0,0,1,0,0
4677,169741,11,1,1,0,13,1,2025,11,12,12,35,10,6,1,0,0,0,0,1
4678,169741,20,0,0,0,20,1,2025,11,14,9,7,14,6,1,0,0,1,0,0
4679,169741,23,0,2,0,25,2,2025,11,14,9,24,52,6,1,0,0,1,0,0
4680,169741,23,0,1,0,24,2,2025,11,14,9,42,34,6,1,0,0,1,0,0
4681,169741,15,0,0,0,15,1,2025,11,14,10,0,12,6,1,0,0,1,0,0
4682,169741,11,1,1,0,13,1,2025,11,14,10,17,51,6,1,0,0,1,0,0
4683,169741,15,1,0,0,16,1,2025,11,14,10,35,33,6,1,0,0,1,0,0
4684,169741,12,1,0,0,13,1,2025,11,15,9,51,27,6,1,0,0,1,0,0
4685,169741,11,0,0,0,11,0,2025,11,15,10,9,8,6,1,0,0,1,0,0
4686,169741,11,1,1,0,13,2,2025,11,15,10,26,49,6,1,0,0,1,0,0
4687,169741,13,1,1,0,15,1,2025,11,15,10,44,33,6,1,0,0,1,0,0
4688,169741,8,1,0,0,9,0,2025,11,15,11,2,20,6,1,0,0,1,0,0
4689,169741,10,0,1,0,11,1,2025,11,15,11,19,59,6,1,0,0,1,0,0
4690,169741,9,0,0,0,9,0,2025,11,15,11,37,40,6,1,0,0,1,0,0
4691,169741,9,0,0,0,9,1,2025,11,15,11,55,20,6,1,0,0,1,0,0
4692,169741,10,0,1,0,11,1,2025,11,15,12,13,2,6,1,0,0,0,0,1
4693,169741,8,0,1,0,9,0,2025,11,15,12,30,41,6,1,0,0,0,0,1
4694,169741,10,0,0,0,10,1,2025,11,15,12,48,23,6,1,0,0,0,0,1
4695,169741,15,1,0,0,16,1,2025,11,15,13,6,1,6,1,0,0,0,0,1
4696,169741,5,0,0,0,5,0,2025,11,16,8,9,25,6,1,0,0,1,0,0
4697,169741,3,0,0,0,3,1,2025,11,16,8,27,5,6,1,0,0,1,0,0
4698,169741,5,0,0,0,5,0,2025,11,16,8,44,53,6,1,0,0,1,0,0
4699,169741,7,0,0,0,7,0,2025,11,16,9,2,35,6,1,0,0,1,0,0
4700,169741,4,1,0,0,5,0,2025,11,16,9,20,15,6,1,0,0,1,0,0
4701,169741,7,0,1,0,8,0,2025,11,16,9,37,57,6,1,0,0,1,0,0
4702,169741,12,0,2,0,14,0,2025,11,16,9,55,38,6,1,0,0,1,0,0
4703,169741,12,1,0,0,13,1,2025,11,16,10,13,26,6,1,0,0,1,0,0
4704,169741,8,0,0,0,8,1,2025,11,16,10,31,13,6,1,0,0,1,0,0
4705,169741,9,0,0,0,9,1,2025,11,16,11,6,57,6,1,0,0,1,0,0
4706,169741,15,1,3,0,19,2,2025,11,17,8,23,52,6,1,0,0,1,0,0
4707,169741,17,0,0,0,17,2,2025,11,17,8,41,36,6,1,0,0,1,0,0
4708,169741,22,0,1,0,23,2,2025,11,17,8,59,13,6,1,0,0,1,0,0
4709,169741,22,1,0,0,23,2,2025,11,17,9,16,52,6,1,0,0,1,0,0
4710,169741,10,0,2,0,12,1,2025,11,17,9,34,31,6,1,0,0,1,0,0
4711,169741,10,0,1,0,11,1,2025,11,17,9,52,10,6,1,0,0,1,0,0
4712,169741,15,1,2,0,18,2,2025,11,17,10,9,48,6,1,0,0,1,0,0
4713,169741,18,1,1,0,20,2,2025,11,17,10,27,30,6,1,0,0,1,0,0
4714,169741,7,0,2,0,9,1,2025,11,17,12,34,29,6,1,0,0,0,0,1
4715,169741,11,0,1,0,12,0,2025,11,17,12,52,8,6,1,0,0,0,0,1
4716,169741,12,0,0,0,12,1,2025,11,17,13,9,47,6,1,0,0,0,0,1
4717,174942,7,0,1,0,8,1,2025,10,27,8,27,15,6,1,0,0,1,0,0
4718,174942,10,0,0,0,10,1,2025,10,27,8,45,1,6,1,0,0,1,0,0
4719,174942,8,0,0,0,8,1,2025,10,27,9,2,40,6,1,0,0,1,0,0
4720,174942,7,0,0,0,7,1,2025,10,27,9,20,20,6,1,0,0,1,0,0
4721,174942,9,1,0,0,10,1,2025,10,27,9,38,2,6,1,0,0,1,0,0
4722,174942,1,0,2,0,3,1,2025,10,27,9,55,46,6,1,0,0,1,0,0
4723,174942,1,0,0,0,1,0,2025,10,27,10,13,32,6,1,0,0,1,0,0
4724,174942,4,0,0,0,4,0,2025,10,27,10,31,18,6,1,0,0,1,0,0
4725,174942,5,0,0,0,5,0,2025,10,27,12,40,20,6,1,0,0,0,0,1
4726,174942,5,0,0,0,5,0,2025,10,27,12,58,5,6,1,0,0,0,0,1
4727,174942,2,0,0,0,2,0,2025,10,27,13,15,52,6,1,0,0,0,0,1
4728,174942,8,0,0,0,8,0,2025,10,27,13,20,58,6,1,0,0,0,0,1
4729,174942,5,0,0,0,5,0,2025,10,27,13,57,21,6,1,0,0,0,0,1
4730,174942,3,2,0,0,5,0,2025,10,27,14,55,39,6,1,0,0,0,0,1
4731,174942,5,0,0,0,5,1,2025,10,27,15,13,24,6,1,0,0,0,0,1
4732,174942,9,0,0,0,9,0,2025,10,27,15,31,11,6,1,0,0,0,0,1
4733,174942,8,0,1,0,9,1,2025,10,27,15,48,57,6,1,0,0,0,0,1
4734,174942,13,3,1,0,17,1,2025,10,27,18,3,0,6,1,0,0,0,1,0
4735,174942,16,2,0,0,18,1,2025,10,27,18,20,37,6,1,0,0,0,1,0
4736,174942,9,0,0,0,9,0,2025,10,27,18,38,14,6,1,0,0,0,1,0
4737,174942,13,2,0,0,15,1,2025,10,28,7,56,28,6,1,0,0,1,0,0
4738,174942,9,0,0,0,9,1,2025,10,28,8,14,4,6,1,0,0,1,0,0
4739,174942,15,0,2,0,17,1,2025,10,28,8,31,40,6,1,0,0,1,0,0
4740,174942,10,0,0,0,10,0,2025,10,28,8,49,17,6,1,0,0,1,0,0
4741,174942,16,1,0,0,17,0,2025,10,28,9,6,52,6,1,0,0,1,0,0
4742,174942,15,0,0,0,15,0,2025,10,28,9,24,29,6,1,0,0,1,0,0
4743,174942,17,1,0,0,18,0,2025,10,28,9,42,8,6,1,0,0,1,0,0
4744,174942,8,1,0,0,9,0,2025,10,28,13,27,56,6,1,0,0,0,0,1
4745,174942,9,2,0,0,11,1,2025,10,28,14,45,49,6,1,0,0,0,0,1
4746,174942,6,0,0,0,6,1,2025,10,28,15,3,31,6,1,0,0,0,0,1
4747,174942,1,0,1,0,2,1,2025,10,28,15,21,21,6,1,0,0,0,0,1
4748,174942,8,2,1,0,11,1,2025,10,28,15,39,6,6,1,0,0,0,0,1
4749,174942,6,1,0,0,7,1,2025,10,28,15,56,51,6,1,0,0,0,0,1
4750,174942,19,0,0,0,19,1,2025,10,28,17,49,8,6,1,0,0,0,0,1
4751,174942,17,0,0,0,17,1,2025,10,28,18,6,45,6,1,0,0,0,1,0
4752,174942,18,0,1,0,19,1,2025,10,28,18,24,26,6,1,0,0,0,1,0
4753,174942,21,1,0,0,22,2,2025,10,28,18,42,4,6,1,0,0,0,1,0
4754,174942,18,0,0,0,18,2,2025,10,28,18,59,43,6,1,0,0,0,1,0
4755,174942,20,1,0,0,21,1,2025,10,28,19,17,20,6,1,0,0,0,1,0
4756,174942,16,2,0,0,18,2,2025,10,28,19,34,59,6,1,0,0,0,1,0
4757,174942,15,1,0,0,16,1,2025,10,28,19,52,36,6,1,0,0,0,1,0
4758,174942,15,0,2,0,17,2,2025,10,29,8,23,47,6,1,0,0,1,0,0
4759,174942,13,0,2,0,15,1,2025,10,29,8,41,23,6,1,0,0,1,0,0
4760,174942,26,0,2,0,28,2,2025,10,29,8,59,0,6,1,0,0,1,0,0
4761,174942,22,1,3,0,26,2,2025,10,29,9,16,35,6,1,0,0,1,0,0
4762,174942,23,4,4,0,31,3,2025,10,29,9,34,11,6,1,0,0,1,0,0
4763,174942,25,3,1,0,29,3,2025,10,29,9,51,48,6,1,0,0,1,0,0
4764,174942,23,2,2,0,27,2,2025,10,29,10,9,26,6,1,0,0,1,0,0
4765,174942,17,6,1,0,24,2,2025,10,29,10,27,4,6,1,0,0,1,0,0
4766,174942,8,0,0,0,8,0,2025,10,29,10,44,43,6,1,0,0,1,0,0
4767,174942,8,2,0,0,10,1,2025,10,29,12,33,37,6,1,0,0,0,0,1
4768,174942,3,0,0,0,3,0,2025,10,29,12,51,17,6,1,0,0,0,0,1
4769,174942,9,1,0,0,10,1,2025,10,29,13,9,6,6,1,0,0,0,0,1
4770,174942,7,1,0,0,8,0,2025,10,29,13,26,48,6,1,0,0,0,0,1
4771,174942,8,0,0,0,8,1,2025,10,29,13,44,33,6,1,0,0,0,0,1
4772,174942,5,0,0,0,5,0,2025,10,29,14,44,15,6,1,0,0,0,0,1
4773,174942,11,0,0,0,11,1,2025,10,29,15,2,0,6,1,0,0,0,0,1
4774,174942,2,2,0,0,4,0,2025,10,29,15,19,43,6,1,0,0,0,0,1
4775,174942,7,2,0,0,9,1,2025,10,29,15,37,23,6,1,0,0,0,0,1
4776,174942,9,1,1,0,11,0,2025,10,29,15,55,3,6,1,0,0,0,0,1
4777,174942,30,3,0,0,33,1,2025,10,30,8,20,40,6,1,0,0,1,0,0
4778,174942,26,4,1,0,31,3,2025,10,30,8,38,22,6,1,0,0,1,0,0
4779,174942,27,3,4,0,34,3,2025,10,30,8,56,5,6,1,0,0,1,0,0
4780,174942,23,2,3,0,28,3,2025,10,30,9,13,57,6,1,0,0,1,0,0
4781,174942,28,2,5,0,35,3,2025,10,30,9,32,7,6,1,0,0,1,0,0
4782,174942,21,3,1,0,25,3,2025,10,30,9,49,57,6,1,0,0,1,0,0
4783,174942,25,1,5,0,31,3,2025,10,30,10,7,49,6,1,0,0,1,0,0
4784,174942,18,0,0,0,18,2,2025,10,30,10,25,38,6,1,0,0,1,0,0
4785,174942,17,0,0,0,17,2,2025,10,30,10,43,19,6,1,0,0,1,0,0
4786,174942,17,1,0,0,18,2,2025,10,30,12,29,53,6,1,0,0,0,0,1
4787,174942,19,2,1,0,22,1,2025,10,30,12,47,24,6,1,0,0,0,0,1
4788,174942,14,0,0,0,14,0,2025,10,30,13,5,8,6,1,0,0,0,0,1
4789,174942,13,0,0,0,13,0,2025,10,30,13,22,54,6,1,0,0,0,0,1
4790,174942,15,3,0,0,18,0,2025,10,30,13,40,41,6,1,0,0,0,0,1
4791,174942,16,0,0,0,16,0,2025,10,30,13,58,26,6,1,0,0,0,0,1
4792,174942,22,0,1,0,23,1,2025,10,30,14,57,27,6,1,0,0,0,0,1
4793,174942,18,2,0,0,20,1,2025,10,30,15,15,22,6,1,0,0,0,0,1
4794,174942,23,0,0,0,23,0,2025,10,30,15,33,5,6,1,0,0,0,0,1
4795,174942,17,2,3,0,22,1,2025,10,30,15,57,51,6,1,0,0,0,0,1
4796,174942,16,4,0,0,20,0,2025,10,30,16,15,38,6,1,0,0,0,0,1
4797,174942,4,1,0,0,5,0,2025,10,30,22,45,52,6,1,0,0,0,1,0
4798,174942,14,1,0,0,15,1,2025,10,31,8,25,20,6,1,0,0,1,0,0
4799,174942,14,0,0,0,14,1,2025,10,31,8,43,8,6,1,0,0,1,0,0
4800,174942,16,0,2,0,18,1,2025,10,31,9,0,54,6,1,0,0,1,0,0
4801,174942,17,1,0,0,18,1,2025,10,31,9,18,38,6,1,0,0,1,0,0
4802,174942,16,0,1,0,17,1,2025,10,31,9,44,16,6,1,0,0,1,0,0
4803,174942,11,1,0,0,12,1,2025,10,31,10,1,57,6,1,0,0,1,0,0
4804,174942,14,2,0,0,16,1,2025,10,31,10,19,42,6,1,0,0,1,0,0
4805,174942,15,1,1,0,17,1,2025,10,31,10,37,22,6,1,0,0,1,0,0
4806,174942,15,0,0,0,15,1,2025,10,31,15,3,46,6,1,0,0,0,0,1
4807,174942,19,1,1,0,21,2,2025,10,31,15,21,37,6,1,0,0,0,0,1
4808,174942,21,1,1,0,23,1,2025,10,31,15,39,30,6,1,0,0,0,0,1
4809,174942,23,0,0,0,23,1,2025,10,31,15,57,19,6,1,0,0,0,0,1
4810,174942,1,0,0,0,1,0,2025,11,1,8,55,0,6,1,0,0,1,0,0
4811,174942,7,0,0,0,7,1,2025,11,1,9,12,44,6,1,0,0,1,0,0
4812,174942,3,0,0,0,3,0,2025,11,1,9,30,37,6,1,0,0,1,0,0
4813,174942,6,0,0,0,6,0,2025,11,1,9,48,25,6,1,0,0,1,0,0
4814,174942,4,0,0,0,4,0,2025,11,1,10,6,14,6,1,0,0,1,0,0
4815,174942,13,0,0,0,13,1,2025,11,1,10,23,57,6,1,0,0,1,0,0
4816,174942,6,0,0,0,6,0,2025,11,1,10,41,48,6,1,0,0,1,0,0
4817,174942,9,0,0,0,9,0,2025,11,1,10,59,40,6,1,0,0,1,0,0
4818,174942,10,0,0,0,10,0,2025,11,1,11,17,25,6,1,0,0,1,0,0
4819,174942,13,1,0,0,14,1,2025,11,1,11,35,5,6,1,0,0,1,0,0
4820,174942,10,2,0,0,12,1,2025,11,1,11,52,52,6,1,0,0,1,0,0
4821,174942,18,0,1,0,19,1,2025,11,1,12,10,45,6,1,0,0,0,0,1
4822,174942,9,0,0,0,9,1,2025,11,1,12,28,37,6,1,0,0,0,0,1
4823,174942,10,0,0,0,10,0,2025,11,1,12,46,33,6,1,0,0,0,0,1
4824,174942,11,0,0,0,11,1,2025,11,1,13,4,19,6,1,0,0,0,0,1
4825,174942,11,0,0,0,11,1,2025,11,1,13,22,8,6,1,0,0,0,0,1
4826,174942,11,0,0,0,11,1,2025,11,1,13,39,55,6,1,0,0,0,0,1
4827,174942,6,1,0,0,7,1,2025,11,1,13,57,45,6,1,0,0,0,0,1
4828,174942,13,1,1,0,15,2,2025,11,1,14,15,35,6,1,0,0,0,0,1
4829,174942,12,1,0,0,13,1,2025,11,1,14,33,54,6,1,0,0,0,0,1
4830,174942,8,1,0,0,9,0,2025,11,1,14,51,50,6,1,0,0,0,0,1
4831,174942,3,1,0,0,4,0,2025,11,1,15,9,39,6,1,0,0,0,0,1
4832,174942,5,0,0,0,5,1,2025,11,1,15,27,26,6,1,0,0,0,0,1
4833,174942,5,1,0,0,6,1,2025,11,1,15,45,19,6,1,0,0,0,0,1
4834,174942,4,0,0,0,4,0,2025,11,1,16,3,14,6,1,0,0,0,0,1
4835,174942,7,0,0,0,7,0,2025,11,1,16,21,3,6,1,0,0,0,0,1
4836,174942,10,1,0,0,11,1,2025,11,1,16,38,50,6,1,0,0,0,0,1
4837,174942,0,0,0,0,0,0,2025,11,1,16,56,55,6,1,0,0,0,0,1
4838,174942,13,0,0,0,13,1,2025,11,1,17,14,49,6,1,0,0,0,0,1
4839,174942,8,1,0,0,9,0,2025,11,1,17,32,34,6,1,0,0,0,0,1
4840,174942,16,0,0,0,16,1,2025,11,1,17,50,29,6,1,0,0,0,0,1
4841,174942,8,1,0,0,9,1,2025,11,1,18,8,22,6,1,0,0,0,1,0
4842,174942,8,0,0,0,8,0,2025,11,1,18,27,6,6,1,0,0,0,1,0
4843,174942,9,0,0,0,9,0,2025,11,1,18,45,2,6,1,0,0,0,1,0
4844,174942,10,0,0,0,10,0,2025,11,1,19,2,48,6,1,0,0,0,1,0
4845,174942,7,0,0,0,7,0,2025,11,1,19,37,23,6,1,0,0,0,1,0
4846,174942,4,0,0,0,4,0,2025,11,2,10,16,56,6,1,0,0,1,0,0
4847,174942,8,0,0,0,8,0,2025,11,2,10,34,50,6,1,0,0,1,0,0
4848,174942,5,1,0,0,6,0,2025,11,2,10,52,34,6,1,0,0,1,0,0
4849,174942,10,0,0,0,10,1,2025,11,2,11,10,26,6,1,0,0,1,0,0
4850,174942,13,0,0,0,13,0,2025,11,2,11,28,15,6,1,0,0,1,0,0
4851,174942,12,0,0,0,12,1,2025,11,2,12,11,31,6,1,0,0,0,0,1
4852,174942,9,0,0,0,9,0,2025,11,2,12,29,15,6,1,0,0,0,0,1
4853,174942,8,0,0,0,8,1,2025,11,2,12,47,6,6,1,0,0,0,0,1
4854,174942,7,1,0,0,8,1,2025,11,2,13,4,48,6,1,0,0,0,0,1
4855,174942,9,0,0,0,9,1,2025,11,2,13,22,27,6,1,0,0,0,0,1
4856,174942,11,0,0,0,11,1,2025,11,2,13,40,6,6,1,0,0,0,0,1
4857,174942,7,0,2,0,9,1,2025,11,2,13,57,44,6,1,0,0,0,0,1
4858,174942,13,0,0,0,13,1,2025,11,2,14,15,23,6,1,0,0,0,0,1
4859,174942,8,0,0,0,8,0,2025,11,2,14,32,59,6,1,0,0,0,0,1
4860,174942,6,0,0,0,6,0,2025,11,2,14,50,35,6,1,0,0,0,0,1
4861,174942,3,0,1,0,4,0,2025,11,2,15,51,7,6,1,0,0,0,0,1
4862,174942,6,0,0,0,6,0,2025,11,2,16,8,46,6,1,0,0,0,0,1
4863,174942,6,0,0,0,6,1,2025,11,2,16,26,25,6,1,0,0,0,0,1
4864,174942,10,0,0,0,10,0,2025,11,2,16,44,4,6,1,0,0,0,0,1
4865,174942,5,0,0,0,5,0,2025,11,3,8,9,20,6,1,0,0,1,0,0
4866,174942,8,0,0,0,8,1,2025,11,3,8,26,57,6,1,0,0,1,0,0
4867,174942,10,0,0,0,10,1,2025,11,3,8,44,35,6,1,0,0,1,0,0
4868,174942,3,0,0,0,3,0,2025,11,3,9,2,11,6,1,0,0,1,0,0
4869,174942,2,0,0,0,2,0,2025,11,3,9,19,48,6,1,0,0,1,0,0
4870,174942,10,0,0,0,10,0,2025,11,3,9,37,27,6,1,0,0,1,0,0
4871,174942,10,0,0,0,10,1,2025,11,4,8,9,38,6,1,0,0,1,0,0
4872,174942,19,1,1,0,21,1,2025,11,4,8,27,14,6,1,0,0,1,0,0
4873,174942,8,1,1,0,10,1,2025,11,4,8,44,50,6,1,0,0,1,0,0
4874,174942,17,1,0,0,18,1,2025,11,4,9,2,26,6,1,0,0,1,0,0
4875,174942,17,1,0,0,18,1,2025,11,4,9,20,4,6,1,0,0,1,0,0
4876,174942,13,1,0,0,14,0,2025,11,4,9,37,43,6,1,0,0,1,0,0
4877,174942,15,1,0,0,16,1,2025,11,4,12,8,57,6,1,0,0,0,0,1
4878,174942,8,2,0,0,10,0,2025,11,4,12,37,18,6,1,0,0,0,0,1
4879,174942,6,0,0,0,6,0,2025,11,4,12,54,59,6,1,0,0,0,0,1
4880,174942,6,0,0,0,6,0,2025,11,4,13,4,24,6,1,0,0,0,0,1
4881,174942,5,1,0,0,6,1,2025,11,4,13,22,3,6,1,0,0,0,0,1
4882,174942,5,0,1,0,6,1,2025,11,4,13,39,43,6,1,0,0,0,0,1
4883,174942,9,1,0,0,10,1,2025,11,4,14,34,4,6,1,0,0,0,0,1
4884,174942,5,1,0,0,6,1,2025,11,4,14,51,44,6,1,0,0,0,0,1
4885,174942,8,0,0,0,8,0,2025,11,4,15,9,31,6,1,0,0,0,0,1
4886,174942,9,0,0,0,9,1,2025,11,4,15,27,17,6,1,0,0,0,0,1
4887,174942,6,0,0,0,6,0,2025,11,4,15,45,16,6,1,0,0,0,0,1
4888,174942,6,0,1,0,7,0,2025,11,4,16,2,58,6,1,0,0,0,0,1
4889,174942,12,0,0,0,12,1,2025,11,4,18,0,11,6,1,0,0,0,1,0
4890,174942,12,0,0,0,12,1,2025,11,4,18,17,48,6,1,0,0,0,1,0
4891,174942,18,0,0,0,18,1,2025,11,4,18,35,26,6,1,0,0,0,1,0
4892,174942,13,2,0,0,15,1,2025,11,4,18,53,5,6,1,0,0,0,1,0
4893,174942,20,1,0,0,21,2,2025,11,4,19,10,42,6,1,0,0,0,1,0
4894,174942,20,0,0,0,20,1,2025,11,4,19,28,22,6,1,0,0,0,1,0
4895,174942,9,0,0,0,9,1,2025,11,4,19,46,0,6,1,0,0,0,1,0
4896,174942,0,1,0,0,1,1,2025,11,4,20,3,36,6,1,0,0,0,1,0
4897,174942,5,0,0,0,5,1,2025,11,4,20,21,13,6,1,0,0,0,1,0
4898,174942,6,0,0,0,6,1,2025,11,4,20,38,52,6,1,0,0,0,1,0
4899,174942,11,0,1,0,12,1,2025,11,5,7,51,26,6,1,0,0,1,0,0
4900,174942,13,1,0,0,14,1,2025,11,5,8,9,3,6,1,0,0,1,0,0
4901,174942,17,2,2,0,21,1,2025,11,5,8,26,40,6,1,0,0,1,0,0
4902,174942,15,2,0,0,17,1,2025,11,5,8,44,15,6,1,0,0,1,0,0
4903,174942,11,1,1,0,13,2,2025,11,5,9,1,52,6,1,0,0,1,0,0
4904,174942,14,1,0,0,15,1,2025,11,5,9,19,28,6,1,0,0,1,0,0
4905,174942,12,2,1,0,15,2,2025,11,5,9,37,5,6,1,0,0,1,0,0
4906,174942,12,1,0,0,13,0,2025,11,5,9,54,41,6,1,0,0,1,0,0
4907,174942,6,4,0,0,10,1,2025,11,5,10,12,19,6,1,0,0,1,0,0
4908,174942,6,4,0,0,10,1,2025,11,5,10,29,56,6,1,0,0,1,0,0
4909,174942,7,2,0,0,9,1,2025,11,5,10,47,31,6,1,0,0,1,0,0
4910,174942,9,0,0,0,9,0,2025,11,5,12,44,12,6,1,0,0,0,0,1
4911,174942,9,1,1,0,11,0,2025,11,5,13,1,52,6,1,0,0,0,0,1
4912,174942,11,2,0,0,13,1,2025,11,5,13,19,32,6,1,0,0,0,0,1
4913,174942,11,1,0,0,12,0,2025,11,5,13,37,15,6,1,0,0,0,0,1
4914,174942,12,0,0,0,12,0,2025,11,5,13,54,57,6,1,0,0,0,0,1
4915,174942,10,0,1,0,11,0,2025,11,5,14,46,48,6,1,0,0,0,0,1
4916,174942,11,2,0,0,13,0,2025,11,5,15,4,28,6,1,0,0,0,0,1
4917,174942,15,1,0,0,16,1,2025,11,5,15,22,8,6,1,0,0,0,0,1
4918,174942,12,0,1,0,13,0,2025,11,5,15,39,51,6,1,0,0,0,0,1
4919,174942,10,0,0,0,10,0,2025,11,5,15,57,35,6,1,0,0,0,0,1
4920,174942,15,1,0,0,16,1,2025,11,6,7,50,54,6,1,0,0,1,0,0
4921,174942,15,0,0,0,15,1,2025,11,6,8,8,37,6,1,0,0,1,0,0
4922,174942,10,0,0,0,10,1,2025,11,6,8,27,7,6,1,0,0,1,0,0
4923,174942,13,1,0,0,14,1,2025,11,6,8,44,48,6,1,0,0,1,0,0
4924,174942,13,0,2,0,15,1,2025,11,6,9,2,31,6,1,0,0,1,0,0
4925,174942,14,1,1,0,16,1,2025,11,6,9,20,12,6,1,0,0,1,0,0
4926,174942,12,0,0,0,12,1,2025,11,6,9,37,58,6,1,0,0,1,0,0
4927,174942,11,2,0,0,13,1,2025,11,6,9,55,45,6,1,0,0,1,0,0
4928,174942,3,1,0,0,4,0,2025,11,6,10,13,37,6,1,0,0,1,0,0
4929,174942,14,1,1,0,16,1,2025,11,6,10,31,20,6,1,0,0,1,0,0
4930,174942,8,0,0,0,8,1,2025,11,6,12,31,11,6,1,0,0,0,0,1
4931,174942,11,0,0,0,11,0,2025,11,6,12,48,52,6,1,0,0,0,0,1
4932,174942,10,0,0,0,10,1,2025,11,6,13,6,32,6,1,0,0,0,0,1
4933,174942,4,0,0,0,4,0,2025,11,6,13,39,53,6,1,0,0,0,0,1
4934,174942,12,1,0,0,13,1,2025,11,6,13,57,35,6,1,0,0,0,0,1
4935,174942,8,0,0,0,8,0,2025,11,7,9,38,46,6,1,0,0,1,0,0
4936,174942,12,2,0,0,14,1,2025,11,7,9,56,23,6,1,0,0,1,0,0
4937,174942,9,1,1,0,11,1,2025,11,7,10,14,2,6,1,0,0,1,0,0
4938,174942,10,0,0,0,10,0,2025,11,7,10,31,40,6,1,0,0,1,0,0
4939,174942,11,1,0,0,12,1,2025,11,7,13,14,33,6,1,0,0,0,0,1
4940,174942,13,2,1,0,16,1,2025,11,7,13,32,11,6,1,0,0,0,0,1
4941,174942,10,2,0,0,12,1,2025,11,7,13,49,50,6,1,0,0,0,0,1
4942,174942,25,2,4,0,31,1,2025,11,7,15,37,23,6,1,0,0,0,0,1
4943,174942,27,1,0,0,28,1,2025,11,7,15,55,4,6,1,0,0,0,0,1
4944,174942,4,0,0,0,4,0,2025,11,8,7,54,54,6,1,0,0,1,0,0
4945,174942,3,2,0,0,5,0,2025,11,8,9,52,29,6,1,0,0,1,0,0
4946,174942,4,0,0,0,4,0,2025,11,8,10,31,56,6,1,0,0,1,0,0
4947,174942,10,0,0,0,10,1,2025,11,8,10,49,33,6,1,0,0,1,0,0
4948,174942,15,1,0,0,16,1,2025,11,8,11,7,12,6,1,0,0,1,0,0
4949,174942,18,1,1,0,20,1,2025,11,8,11,24,52,6,1,0,0,1,0,0
4950,174942,17,0,0,0,17,1,2025,11,8,11,42,31,6,1,0,0,1,0,0
4951,174942,15,1,0,0,16,1,2025,11,8,12,0,11,6,1,0,0,0,0,1
4952,174942,14,0,0,0,14,1,2025,11,8,12,17,46,6,1,0,0,0,0,1
4953,174942,20,0,0,0,20,1,2025,11,8,12,35,21,6,1,0,0,0,0,1
4954,174942,17,0,0,0,17,1,2025,11,8,12,52,58,6,1,0,0,0,0,1
4955,174942,10,2,0,0,12,1,2025,11,8,13,10,34,6,1,0,0,0,0,1
4956,174942,14,2,1,0,17,1,2025,11,8,13,28,11,6,1,0,0,0,0,1
4957,174942,10,2,0,0,12,1,2025,11,8,13,45,49,6,1,0,0,0,0,1
4958,174942,13,1,0,0,14,1,2025,11,8,14,3,26,6,1,0,0,0,0,1
4959,174942,15,0,0,0,15,1,2025,11,8,14,21,3,6,1,0,0,0,0,1
4960,174942,6,1,0,0,7,0,2025,11,8,14,38,40,6,1,0,0,0,0,1
4961,174942,2,1,0,0,3,0,2025,11,8,15,34,25,6,1,0,0,0,0,1
4962,174942,3,0,0,0,3,0,2025,11,8,15,52,4,6,1,0,0,0,0,1
4963,174942,3,1,0,0,4,0,2025,11,8,16,9,42,6,1,0,0,0,0,1
4964,174942,4,0,0,0,4,0,2025,11,8,16,27,23,6,1,0,0,0,0,1
4965,174942,2,0,1,0,3,1,2025,11,8,16,45,3,6,1,0,0,0,0,1
4966,174942,4,0,0,0,4,0,2025,11,8,17,2,39,6,1,0,0,0,0,1
4967,174942,12,0,0,0,12,1,2025,11,8,18,55,28,6,1,0,0,0,1,0
4968,174942,8,1,1,0,10,1,2025,11,8,19,13,7,6,1,0,0,0,1,0
4969,174942,13,0,0,0,13,1,2025,11,8,19,30,45,6,1,0,0,0,1,0
4970,174942,14,0,0,0,14,1,2025,11,8,19,48,20,6,1,0,0,0,1,0
4971,174942,3,1,0,0,4,0,2025,11,9,8,29,52,6,1,0,0,1,0,0
4972,174942,0,0,0,0,0,0,2025,11,9,8,47,28,6,1,0,0,1,0,0
4973,174942,0,0,0,0,0,0,2025,11,9,9,5,5,6,1,0,0,1,0,0
4974,174942,6,1,0,0,7,0,2025,11,9,9,22,41,6,1,0,0,1,0,0
4975,174942,6,0,0,0,6,0,2025,11,9,9,40,21,6,1,0,0,1,0,0
4976,174942,5,2,0,0,7,1,2025,11,9,9,58,0,6,1,0,0,1,0,0
4977,174942,4,0,0,0,4,0,2025,11,9,10,15,39,6,1,0,0,1,0,0
4978,174942,15,0,0,0,15,1,2025,11,9,10,33,15,6,1,0,0,1,0,0
4979,174942,11,0,0,0,11,1,2025,11,9,10,50,50,6,1,0,0,1,0,0
4980,174942,7,0,0,0,7,0,2025,11,9,11,8,27,6,1,0,0,1,0,0
4981,174942,10,0,0,0,10,0,2025,11,9,11,26,6,6,1,0,0,1,0,0
4982,174942,13,0,1,0,14,0,2025,11,9,11,43,51,6,1,0,0,1,0,0
4983,174942,15,0,0,0,15,1,2025,11,9,12,1,29,6,1,0,0,0,0,1
4984,174942,7,0,0,0,7,0,2025,11,9,12,19,7,6,1,0,0,0,0,1
4985,174942,13,0,0,0,13,1,2025,11,9,12,36,47,6,1,0,0,0,0,1
4986,174942,11,2,0,0,13,1,2025,11,9,12,54,27,6,1,0,0,0,0,1
4987,174942,9,1,0,0,10,1,2025,11,9,15,20,20,6,1,0,0,0,0,1
4988,174942,5,0,0,0,5,0,2025,11,9,15,38,0,6,1,0,0,0,0,1
4989,174942,9,0,0,0,9,0,2025,11,9,15,55,39,6,1,0,0,0,0,1
4990,174942,9,0,0,0,9,0,2025,11,9,16,13,19,6,1,0,0,0,0,1
4991,174942,4,0,0,0,4,0,2025,11,9,16,30,57,6,1,0,0,0,0,1
4992,174942,5,0,1,0,6,0,2025,11,9,16,48,32,6,1,0,0,0,0,1
4993,174942,14,0,0,0,14,1,2025,11,9,17,6,9,6,1,0,0,0,0,1
4994,174942,13,0,1,0,14,1,2025,11,9,17,23,48,6,1,0,0,0,0,1
4995,174942,12,0,0,0,12,0,2025,11,9,17,41,28,6,1,0,0,0,0,1
4996,174942,13,0,0,0,13,0,2025,11,9,17,59,7,6,1,0,0,0,0,1
4997,174942,17,0,0,0,17,1,2025,11,9,18,16,43,6,1,0,0,0,1,0
4998,174942,14,0,0,0,14,1,2025,11,9,18,34,22,6,1,0,0,0,1,0
4999,174942,15,0,0,0,15,1,2025,11,9,18,51,58,6,1,0,0,0,1,0
5000,174942,10,0,0,0,10,1,2025,11,9,19,9,36,6,1,0,0,0,1,0
5001,174942,13,0,1,0,14,1,2025,11,9,19,27,13,6,1,0,0,0,1,0
5002,174942,13,0,0,0,13,1,2025,11,9,19,44,48,6,1,0,0,0,1,0
5003,174942,20,1,0,0,21,1,2025,11,11,7,59,37,6,1,0,0,1,0,0
5004,174942,23,4,1,0,28,1,2025,11,11,8,17,11,6,1,0,0,1,0,0
5005,174942,19,3,0,0,22,1,2025,11,11,8,34,46,6,1,0,0,1,0,0
5006,174942,13,1,0,0,14,1,2025,11,11,8,52,21,6,1,0,0,1,0,0
5007,174942,14,1,0,0,15,1,2025,11,11,9,9,57,6,1,0,0,1,0,0
5008,174942,10,1,0,0,11,0,2025,11,11,9,27,33,6,1,0,0,1,0,0
5009,174942,11,3,0,0,14,1,2025,11,11,14,34,56,6,1,0,0,0,0,1
5010,174942,9,2,2,0,13,1,2025,11,11,14,52,35,6,1,0,0,0,0,1
5011,174942,10,1,0,0,11,1,2025,11,11,15,10,15,6,1,0,0,0,0,1
5012,174942,10,1,0,0,11,1,2025,11,11,15,27,58,6,1,0,0,0,0,1
5013,174942,13,1,0,0,14,1,2025,11,11,15,45,40,6,1,0,0,0,0,1
5014,174942,4,0,1,0,5,1,2025,11,11,16,3,18,6,1,0,0,0,0,1
5015,174942,15,1,0,0,16,1,2025,11,11,17,48,2,6,1,0,0,0,0,1
5016,174942,17,3,1,0,21,1,2025,11,11,18,5,39,6,1,0,0,0,1,0
5017,174942,18,1,0,0,19,1,2025,11,11,18,23,13,6,1,0,0,0,1,0
5018,174942,16,0,0,0,16,1,2025,11,11,18,40,52,6,1,0,0,0,1,0
5019,174942,10,1,0,0,11,1,2025,11,11,19,16,8,6,1,0,0,0,1,0
5020,174942,12,0,0,0,12,1,2025,11,11,19,33,44,6,1,0,0,0,1,0
5021,174942,8,0,0,0,8,1,2025,11,11,19,51,26,6,1,0,0,0,1,0
5022,174942,28,0,3,0,31,1,2025,11,12,8,37,21,6,1,0,0,1,0,0
5023,174942,17,1,0,0,18,1,2025,11,12,8,55,4,6,1,0,0,1,0,0
5024,174942,12,1,0,0,13,1,2025,11,12,9,12,51,6,1,0,0,1,0,0
5025,174942,12,0,0,0,12,1,2025,11,12,9,30,43,6,1,0,0,1,0,0
5026,174942,5,0,0,0,5,0,2025,11,12,12,35,17,6,1,0,0,0,0,1
5027,174942,16,2,0,0,18,1,2025,11,14,9,7,17,6,1,0,0,1,0,0
5028,174942,11,3,1,0,15,1,2025,11,14,9,24,58,6,1,0,0,1,0,0
5029,174942,13,0,0,0,13,1,2025,11,14,9,42,38,6,1,0,0,1,0,0
5030,174942,6,1,1,0,8,1,2025,11,14,10,0,17,6,1,0,0,1,0,0
5031,174942,15,1,0,0,16,1,2025,11,14,10,18,0,6,1,0,0,1,0,0
5032,174942,10,0,0,0,10,1,2025,11,14,10,35,36,6,1,0,0,1,0,0
5033,174942,22,1,0,0,23,1,2025,11,15,9,51,31,6,1,0,0,1,0,0
5034,174942,21,0,3,0,24,2,2025,11,15,10,9,12,6,1,0,0,1,0,0
5035,174942,29,0,0,0,29,1,2025,11,15,10,26,54,6,1,0,0,1,0,0
5036,174942,28,1,0,0,29,1,2025,11,15,10,44,46,6,1,0,0,1,0,0
5037,174942,19,2,0,0,21,1,2025,11,15,11,2,23,6,1,0,0,1,0,0
5038,174942,26,1,2,0,29,2,2025,11,15,11,20,5,6,1,0,0,1,0,0
5039,174942,23,1,0,0,24,1,2025,11,15,11,37,45,6,1,0,0,1,0,0
5040,174942,24,1,0,0,25,1,2025,11,15,11,55,25,6,1,0,0,1,0,0
5041,174942,22,2,2,0,26,2,2025,11,15,12,13,6,6,1,0,0,0,0,1
5042,174942,19,5,1,0,25,1,2025,11,15,12,30,45,6,1,0,0,0,0,1
5043,174942,24,0,0,0,24,1,2025,11,15,12,48,27,6,1,0,0,0,0,1
5044,174942,18,2,1,0,21,1,2025,11,15,13,6,5,6,1,0,0,0,0,1
5045,174942,4,1,0,0,5,0,2025,11,16,8,9,29,6,1,0,0,1,0,0
5046,174942,3,1,0,0,4,0,2025,11,16,8,27,11,6,1,0,0,1,0,0
5047,174942,2,0,0,0,2,0,2025,11,16,8,44,59,6,1,0,0,1,0,0
5048,174942,2,0,0,0,2,0,2025,11,16,9,2,39,6,1,0,0,1,0,0
5049,174942,5,1,0,0,6,0,2025,11,16,9,20,20,6,1,0,0,1,0,0
5050,174942,7,1,0,0,8,1,2025,11,16,9,38,2,6,1,0,0,1,0,0
5051,174942,5,0,1,0,6,1,2025,11,16,9,55,43,6,1,0,0,1,0,0
5052,174942,3,0,1,0,4,0,2025,11,16,10,13,32,6,1,0,0,1,0,0
5053,174942,8,0,0,0,8,0,2025,11,16,10,31,18,6,1,0,0,1,0,0
5054,174942,13,0,0,0,13,1,2025,11,16,10,49,11,6,1,0,0,1,0,0
5055,174942,9,0,1,0,10,0,2025,11,16,11,7,4,6,1,0,0,1,0,0
5056,174942,12,1,1,0,14,1,2025,11,17,8,23,56,6,1,0,0,1,0,0
5057,174942,17,1,1,0,19,1,2025,11,17,8,41,39,6,1,0,0,1,0,0
5058,174942,22,1,0,0,23,2,2025,11,17,8,59,17,6,1,0,0,1,0,0
5059,174942,19,1,2,0,22,1,2025,11,17,9,16,57,6,1,0,0,1,0,0
5060,174942,18,2,2,0,22,2,2025,11,17,9,34,36,6,1,0,0,1,0,0
5061,174942,20,0,0,0,20,1,2025,11,17,9,52,15,6,1,0,0,1,0,0
5062,174942,12,2,0,0,14,1,2025,11,17,10,9,52,6,1,0,0,1,0,0
5063,174942,14,4,1,0,19,1,2025,11,17,10,27,35,6,1,0,0,1,0,0
5064,174942,6,1,0,0,7,1,2025,11,17,12,34,33,6,1,0,0,0,0,1
5065,174942,9,1,1,0,11,1,2025,11,17,12,52,12,6,1,0,0,0,0,1
5066,174942,6,1,0,0,7,0,2025,11,17,13,9,52,6,1,0,0,0,0,1
5067,174943,16,0,1,0,17,1,2025,10,27,8,27,15,6,1,0,0,1,0,0
5068,174943,14,0,2,0,16,1,2025,10,27,8,45,1,6,1,0,0,1,0,0
5069,174943,14,0,2,0,16,1,2025,10,27,9,2,40,6,1,0,0,1,0,0
5070,174943,14,0,0,0,14,1,2025,10,27,9,20,20,6,1,0,0,1,0,0
5071,174943,12,0,1,0,13,1,2025,10,27,9,38,2,6,1,0,0,1,0,0
5072,174943,14,0,0,0,14,1,2025,10,27,9,55,46,6,1,0,0,1,0,0
5073,174943,13,0,0,0,13,0,2025,10,27,10,13,32,6,1,0,0,1,0,0
5074,174943,8,0,1,0,9,1,2025,10,27,10,31,19,6,1,0,0,1,0,0
5075,174943,13,1,0,0,14,0,2025,10,27,12,40,21,6,1,0,0,0,0,1
5076,174943,11,2,1,0,14,1,2025,10,27,12,58,5,6,1,0,0,0,0,1
5077,174943,12,1,2,0,15,1,2025,10,27,13,15,53,6,1,0,0,0,0,1
5078,174943,12,1,2,0,15,1,2025,10,27,13,20,59,6,1,0,0,0,0,1
5079,174943,7,0,0,0,7,0,2025,10,27,13,57,22,6,1,0,0,0,0,1
5080,174943,9,2,1,0,12,1,2025,10,27,14,55,39,6,1,0,0,0,0,1
5081,174943,16,0,1,0,17,1,2025,10,27,15,13,25,6,1,0,0,0,0,1
5082,174943,19,1,0,0,20,2,2025,10,27,15,31,14,6,1,0,0,0,0,1
5083,174943,11,2,0,0,13,1,2025,10,27,15,48,57,6,1,0,0,0,0,1
5084,174943,25,1,0,0,26,1,2025,10,27,18,3,1,6,1,0,0,0,1,0
5085,174943,25,0,0,0,25,1,2025,10,27,18,20,37,6,1,0,0,0,1,0
5086,174943,25,1,1,0,27,1,2025,10,27,18,38,14,6,1,0,0,0,1,0
5087,174943,23,0,0,0,23,1,2025,10,28,7,56,28,6,1,0,0,1,0,0
5088,174943,19,0,1,0,20,1,2025,10,28,8,14,4,6,1,0,0,1,0,0
5089,174943,23,3,0,0,26,1,2025,10,28,8,31,40,6,1,0,0,1,0,0
5090,174943,18,0,0,0,18,1,2025,10,28,8,49,17,6,1,0,0,1,0,0
5091,174943,13,4,0,0,17,1,2025,10,28,9,6,52,6,1,0,0,1,0,0
5092,174943,22,0,0,0,22,2,2025,10,28,9,24,29,6,1,0,0,1,0,0
5093,174943,21,0,0,0,21,2,2025,10,28,9,42,8,6,1,0,0,1,0,0
5094,174943,24,2,1,0,27,2,2025,10,28,13,27,57,6,1,0,0,0,0,1
5095,174943,18,1,1,0,20,0,2025,10,28,14,45,49,6,1,0,0,0,0,1
5096,174943,29,1,0,0,30,0,2025,10,28,15,3,31,6,1,0,0,0,0,1
5097,174943,22,1,1,0,24,1,2025,10,28,15,21,21,6,1,0,0,0,0,1
5098,174943,13,1,1,0,15,1,2025,10,28,15,39,6,6,1,0,0,0,0,1
5099,174943,13,1,1,0,15,0,2025,10,28,15,56,51,6,1,0,0,0,0,1
5100,174943,19,2,2,0,23,2,2025,10,28,17,49,8,6,1,0,0,0,0,1
5101,174943,23,0,1,0,24,2,2025,10,28,18,6,45,6,1,0,0,0,1,0
5102,174943,29,0,0,0,29,1,2025,10,28,18,24,26,6,1,0,0,0,1,0
5103,174943,24,0,0,0,24,1,2025,10,28,18,42,4,6,1,0,0,0,1,0
5104,174943,22,0,0,0,22,1,2025,10,28,18,59,43,6,1,0,0,0,1,0
5105,174943,14,1,0,0,15,1,2025,10,28,19,17,20,6,1,0,0,0,1,0
5106,174943,20,0,0,0,20,1,2025,10,28,19,34,59,6,1,0,0,0,1,0
5107,174943,13,1,1,0,15,1,2025,10,28,19,52,36,6,1,0,0,0,1,0
5108,174943,13,0,1,0,14,0,2025,10,29,8,23,47,6,1,0,0,1,0,0
5109,174943,16,0,1,0,17,1,2025,10,29,8,41,24,6,1,0,0,1,0,0
5110,174943,18,0,3,0,21,1,2025,10,29,8,59,0,6,1,0,0,1,0,0
5111,174943,9,3,3,0,15,1,2025,10,29,9,16,35,6,1,0,0,1,0,0
5112,174943,18,1,2,0,21,1,2025,10,29,9,34,11,6,1,0,0,1,0,0
5113,174943,21,2,1,0,24,1,2025,10,29,9,51,48,6,1,0,0,1,0,0
5114,174943,26,1,0,0,27,1,2025,10,29,10,9,27,6,1,0,0,1,0,0
5115,174943,21,1,1,0,23,1,2025,10,29,10,27,4,6,1,0,0,1,0,0
5116,174943,19,1,1,0,21,1,2025,10,29,10,44,44,6,1,0,0,1,0,0
5117,174943,18,4,1,0,23,1,2025,10,29,12,33,37,6,1,0,0,0,0,1
5118,174943,19,3,1,0,23,1,2025,10,29,12,51,17,6,1,0,0,0,0,1
5119,174943,16,1,0,0,17,1,2025,10,29,13,9,6,6,1,0,0,0,0,1
5120,174943,20,2,0,0,22,1,2025,10,29,13,26,48,6,1,0,0,0,0,1
5121,174943,19,0,2,0,21,1,2025,10,29,13,44,33,6,1,0,0,0,0,1
5122,174943,19,1,1,0,21,1,2025,10,29,14,44,15,6,1,0,0,0,0,1
5123,174943,24,0,0,0,24,1,2025,10,29,15,2,1,6,1,0,0,0,0,1
5124,174943,20,1,1,0,22,1,2025,10,29,15,19,43,6,1,0,0,0,0,1
5125,174943,20,0,1,0,21,1,2025,10,29,15,37,23,6,1,0,0,0,0,1
5126,174943,19,2,3,0,24,1,2025,10,29,15,55,4,6,1,0,0,0,0,1
5127,174943,14,1,2,0,17,2,2025,10,30,8,20,41,6,1,0,0,1,0,0
5128,174943,18,2,1,0,21,2,2025,10,30,8,38,22,6,1,0,0,1,0,0
5129,174943,10,2,4,0,16,2,2025,10,30,8,56,5,6,1,0,0,1,0,0
5130,174943,17,1,5,0,23,3,2025,10,30,9,13,57,6,1,0,0,1,0,0
5131,174943,13,5,6,0,24,3,2025,10,30,9,32,7,6,1,0,0,1,0,0
5132,174943,16,3,3,0,22,2,2025,10,30,9,49,57,6,1,0,0,1,0,0
5133,174943,15,4,3,0,22,2,2025,10,30,10,7,54,6,1,0,0,1,0,0
5134,174943,26,4,5,0,35,3,2025,10,30,10,25,38,6,1,0,0,1,0,0
5135,174943,22,1,1,0,24,2,2025,10,30,10,43,19,6,1,0,0,1,0,0
5136,174943,19,2,0,0,21,2,2025,10,30,12,29,53,6,1,0,0,0,0,1
5137,174943,20,0,0,0,20,1,2025,10,30,12,47,25,6,1,0,0,0,0,1
5138,174943,24,2,3,0,29,1,2025,10,30,13,5,8,6,1,0,0,0,0,1
5139,174943,27,4,0,0,31,1,2025,10,30,13,22,54,6,1,0,0,0,0,1
5140,174943,22,1,1,0,24,1,2025,10,30,13,40,41,6,1,0,0,0,0,1
5141,174943,29,2,0,0,31,1,2025,10,30,13,58,26,6,1,0,0,0,0,1
5142,174943,24,2,4,0,30,1,2025,10,30,14,57,28,6,1,0,0,0,0,1
5143,174943,23,3,1,0,27,1,2025,10,30,15,15,22,6,1,0,0,0,0,1
5144,174943,36,0,4,0,40,1,2025,10,30,15,33,5,6,1,0,0,0,0,1
5145,174943,42,2,1,0,45,1,2025,10,30,15,57,51,6,1,0,0,0,0,1
5146,174943,46,2,1,0,49,1,2025,10,30,16,15,39,6,1,0,0,0,0,1
5147,174943,2,1,0,0,3,0,2025,10,30,22,45,52,6,1,0,0,0,1,0
5148,174943,12,0,0,0,12,0,2025,10,31,8,25,20,6,1,0,0,1,0,0
5149,174943,15,1,0,0,16,1,2025,10,31,8,43,8,6,1,0,0,1,0,0
5150,174943,13,0,0,0,13,0,2025,10,31,9,0,55,6,1,0,0,1,0,0
5151,174943,13,0,0,0,13,0,2025,10,31,9,18,39,6,1,0,0,1,0,0
5152,174943,10,2,0,0,12,0,2025,10,31,9,44,16,6,1,0,0,1,0,0
5153,174943,13,1,0,0,14,0,2025,10,31,10,1,58,6,1,0,0,1,0,0
5154,174943,16,0,0,0,16,0,2025,10,31,10,19,42,6,1,0,0,1,0,0
5155,174943,12,1,0,0,13,0,2025,10,31,10,37,22,6,1,0,0,1,0,0
5156,174943,15,0,2,0,17,1,2025,10,31,15,3,46,6,1,0,0,0,0,1
5157,174943,24,0,0,0,24,1,2025,10,31,15,21,37,6,1,0,0,0,0,1
5158,174943,17,1,1,0,19,1,2025,10,31,15,39,30,6,1,0,0,0,0,1
5159,174943,23,0,0,0,23,1,2025,10,31,15,57,20,6,1,0,0,0,0,1
5160,174943,11,0,0,0,11,0,2025,11,1,8,55,0,6,1,0,0,1,0,0
5161,174943,8,1,0,0,9,0,2025,11,1,9,12,45,6,1,0,0,1,0,0
5162,174943,9,1,0,0,10,0,2025,11,1,9,30,37,6,1,0,0,1,0,0
5163,174943,15,0,0,0,15,1,2025,11,1,9,48,25,6,1,0,0,1,0,0
5164,174943,5,1,0,0,6,0,2025,11,1,10,6,14,6,1,0,0,1,0,0
5165,174943,12,1,1,0,14,1,2025,11,1,10,23,58,6,1,0,0,1,0,0
5166,174943,14,0,0,0,14,0,2025,11,1,10,41,49,6,1,0,0,1,0,0
5167,174943,15,0,0,0,15,1,2025,11,1,10,59,40,6,1,0,0,1,0,0
5168,174943,10,1,2,0,13,1,2025,11,1,11,17,25,6,1,0,0,1,0,0
5169,174943,19,0,0,0,19,1,2025,11,1,11,35,5,6,1,0,0,1,0,0
5170,174943,12,0,1,0,13,1,2025,11,1,11,52,52,6,1,0,0,1,0,0
5171,174943,21,1,0,0,22,1,2025,11,1,12,10,45,6,1,0,0,0,0,1
5172,174943,18,0,0,0,18,0,2025,11,1,12,28,38,6,1,0,0,0,0,1
5173,174943,16,0,0,0,16,1,2025,11,1,12,46,34,6,1,0,0,0,0,1
5174,174943,20,0,0,0,20,1,2025,11,1,13,4,20,6,1,0,0,0,0,1
5175,174943,20,1,1,0,22,1,2025,11,1,13,22,8,6,1,0,0,0,0,1
5176,174943,24,1,0,0,25,1,2025,11,1,13,39,55,6,1,0,0,0,0,1
5177,174943,24,0,0,0,24,1,2025,11,1,13,57,45,6,1,0,0,0,0,1
5178,174943,24,0,0,0,24,1,2025,11,1,14,15,35,6,1,0,0,0,0,1
5179,174943,26,1,0,0,27,1,2025,11,1,14,33,55,6,1,0,0,0,0,1
5180,174943,30,1,0,0,31,1,2025,11,1,14,51,51,6,1,0,0,0,0,1
5181,174943,13,1,0,0,14,0,2025,11,1,15,9,39,6,1,0,0,0,0,1
5182,174943,6,1,0,0,7,0,2025,11,1,15,27,26,6,1,0,0,0,0,1
5183,174943,12,1,0,0,13,0,2025,11,1,15,45,19,6,1,0,0,0,0,1
5184,174943,14,0,0,0,14,0,2025,11,1,16,3,14,6,1,0,0,0,0,1
5185,174943,4,0,1,0,5,1,2025,11,1,16,21,3,6,1,0,0,0,0,1
5186,174943,11,0,0,0,11,0,2025,11,1,16,38,50,6,1,0,0,0,0,1
5187,174943,9,0,0,0,9,0,2025,11,1,16,56,56,6,1,0,0,0,0,1
5188,174943,15,0,0,0,15,1,2025,11,1,17,14,50,6,1,0,0,0,0,1
5189,174943,11,0,0,0,11,0,2025,11,1,17,32,34,6,1,0,0,0,0,1
5190,174943,16,0,0,0,16,1,2025,11,1,17,50,29,6,1,0,0,0,0,1
5191,174943,13,2,0,0,15,1,2025,11,1,18,8,22,6,1,0,0,0,1,0
5192,174943,17,0,0,0,17,1,2025,11,1,18,27,7,6,1,0,0,0,1,0
5193,174943,20,0,1,0,21,1,2025,11,1,18,45,3,6,1,0,0,0,1,0
5194,174943,11,0,0,0,11,0,2025,11,1,19,2,49,6,1,0,0,0,1,0
5195,174943,15,0,0,0,15,1,2025,11,1,19,37,23,6,1,0,0,0,1,0
5196,174943,8,0,0,0,8,0,2025,11,2,10,16,56,6,1,0,0,1,0,0
5197,174943,7,0,0,0,7,0,2025,11,2,10,34,50,6,1,0,0,1,0,0
5198,174943,9,0,0,0,9,0,2025,11,2,10,52,34,6,1,0,0,1,0,0
5199,174943,6,0,0,0,6,0,2025,11,2,11,10,27,6,1,0,0,1,0,0
5200,174943,10,1,1,0,12,1,2025,11,2,11,28,15,6,1,0,0,1,0,0
5201,174943,11,0,0,0,11,0,2025,11,2,12,11,32,6,1,0,0,0,0,1
5202,174943,12,0,0,0,12,0,2025,11,2,12,29,16,6,1,0,0,0,0,1
5203,174943,17,0,0,0,17,1,2025,11,2,12,47,6,6,1,0,0,0,0,1
5204,174943,18,0,0,0,18,1,2025,11,2,13,4,48,6,1,0,0,0,0,1
5205,174943,16,2,0,0,18,1,2025,11,2,13,22,27,6,1,0,0,0,0,1
5206,174943,15,0,1,0,16,1,2025,11,2,13,40,6,6,1,0,0,0,0,1
5207,174943,25,0,1,0,26,1,2025,11,2,13,57,44,6,1,0,0,0,0,1
5208,174943,23,1,0,0,24,1,2025,11,2,14,15,23,6,1,0,0,0,0,1
5209,174943,19,0,0,0,19,1,2025,11,2,14,32,59,6,1,0,0,0,0,1
5210,174943,15,1,0,0,16,1,2025,11,2,14,50,35,6,1,0,0,0,0,1
5211,174943,13,0,0,0,13,1,2025,11,2,15,51,8,6,1,0,0,0,0,1
5212,174943,18,0,0,0,18,1,2025,11,2,16,8,46,6,1,0,0,0,0,1
5213,174943,16,2,0,0,18,1,2025,11,2,16,26,25,6,1,0,0,0,0,1
5214,174943,17,0,0,0,17,1,2025,11,2,16,44,4,6,1,0,0,0,0,1
5215,174943,15,1,1,0,17,1,2025,11,3,8,9,20,6,1,0,0,1,0,0
5216,174943,21,0,1,0,22,1,2025,11,3,8,26,57,6,1,0,0,1,0,0
5217,174943,12,0,0,0,12,1,2025,11,3,8,44,35,6,1,0,0,1,0,0
5218,174943,12,2,0,0,14,0,2025,11,3,9,2,11,6,1,0,0,1,0,0
5219,174943,9,0,0,0,9,1,2025,11,3,9,19,48,6,1,0,0,1,0,0
5220,174943,16,1,0,0,17,1,2025,11,3,9,37,27,6,1,0,0,1,0,0
5221,174943,18,1,2,0,21,1,2025,11,4,8,9,38,6,1,0,0,1,0,0
5222,174943,30,3,2,0,35,2,2025,11,4,8,27,14,6,1,0,0,1,0,0
5223,174943,27,3,1,0,31,2,2025,11,4,8,44,50,6,1,0,0,1,0,0
5224,174943,30,1,0,0,31,1,2025,11,4,9,2,26,6,1,0,0,1,0,0
5225,174943,27,1,0,0,28,2,2025,11,4,9,20,5,6,1,0,0,1,0,0
5226,174943,31,2,1,0,34,2,2025,11,4,9,37,43,6,1,0,0,1,0,0
5227,174943,16,4,1,0,21,2,2025,11,4,12,8,57,6,1,0,0,0,0,1
5228,174943,24,3,1,0,28,2,2025,11,4,12,37,18,6,1,0,0,0,0,1
5229,174943,18,3,4,0,25,2,2025,11,4,12,54,59,6,1,0,0,0,0,1
5230,174943,23,5,2,0,30,2,2025,11,4,13,4,24,6,1,0,0,0,0,1
5231,174943,21,2,0,0,23,1,2025,11,4,13,22,3,6,1,0,0,0,0,1
5232,174943,19,2,1,0,22,1,2025,11,4,13,39,43,6,1,0,0,0,0,1
5233,174943,24,1,2,0,27,2,2025,11,4,14,34,4,6,1,0,0,0,0,1
5234,174943,12,1,3,0,16,1,2025,11,4,14,51,44,6,1,0,0,0,0,1
5235,174943,13,0,0,0,13,0,2025,11,4,15,9,31,6,1,0,0,0,0,1
5236,174943,24,1,0,0,25,0,2025,11,4,15,27,17,6,1,0,0,0,0,1
5237,174943,18,0,0,0,18,1,2025,11,4,15,45,16,6,1,0,0,0,0,1
5238,174943,14,1,1,0,16,1,2025,11,4,16,2,58,6,1,0,0,0,0,1
5239,174943,26,1,0,0,27,2,2025,11,4,18,0,11,6,1,0,0,0,1,0
5240,174943,23,0,0,0,23,1,2025,11,4,18,17,48,6,1,0,0,0,1,0
5241,174943,23,0,2,0,25,1,2025,11,4,18,35,27,6,1,0,0,0,1,0
5242,174943,23,0,0,0,23,1,2025,11,4,18,53,6,6,1,0,0,0,1,0
5243,174943,22,1,0,0,23,1,2025,11,4,19,10,42,6,1,0,0,0,1,0
5244,174943,19,1,0,0,20,1,2025,11,4,19,28,22,6,1,0,0,0,1,0
5245,174943,20,0,0,0,20,1,2025,11,4,19,46,0,6,1,0,0,0,1,0
5246,174943,10,0,0,0,10,1,2025,11,4,20,3,36,6,1,0,0,0,1,0
5247,174943,10,0,0,0,10,1,2025,11,4,20,21,13,6,1,0,0,0,1,0
5248,174943,9,0,0,0,9,0,2025,11,4,20,38,52,6,1,0,0,0,1,0
5249,174943,22,0,1,0,23,1,2025,11,5,7,51,26,6,1,0,0,1,0,0
5250,174943,29,0,0,0,29,1,2025,11,5,8,9,3,6,1,0,0,1,0,0
5251,174943,20,1,3,0,24,1,2025,11,5,8,26,40,6,1,0,0,1,0,0
5252,174943,25,0,1,0,26,1,2025,11,5,8,44,15,6,1,0,0,1,0,0
5253,174943,20,0,1,0,21,1,2025,11,5,9,1,52,6,1,0,0,1,0,0
5254,174943,20,1,0,0,21,1,2025,11,5,9,19,28,6,1,0,0,1,0,0
5255,174943,26,3,0,0,29,1,2025,11,5,9,37,5,6,1,0,0,1,0,0
5256,174943,18,2,0,0,20,1,2025,11,5,9,54,41,6,1,0,0,1,0,0
5257,174943,13,3,0,0,16,1,2025,11,5,10,12,19,6,1,0,0,1,0,0
5258,174943,16,0,1,0,17,0,2025,11,5,10,29,56,6,1,0,0,1,0,0
5259,174943,15,2,0,0,17,1,2025,11,5,10,47,31,6,1,0,0,1,0,0
5260,174943,11,0,0,0,11,0,2025,11,5,12,44,12,6,1,0,0,0,0,1
5261,174943,25,2,0,0,27,1,2025,11,5,13,1,52,6,1,0,0,0,0,1
5262,174943,24,3,1,0,28,2,2025,11,5,13,19,32,6,1,0,0,0,0,1
5263,174943,27,1,0,0,28,1,2025,11,5,13,37,16,6,1,0,0,0,0,1
5264,174943,23,1,1,0,25,1,2025,11,5,13,54,58,6,1,0,0,0,0,1
5265,174943,20,0,1,0,21,1,2025,11,5,14,46,48,6,1,0,0,0,0,1
5266,174943,27,2,0,0,29,2,2025,11,5,15,4,28,6,1,0,0,0,0,1
5267,174943,29,2,0,0,31,2,2025,11,5,15,22,8,6,1,0,0,0,0,1
5268,174943,25,0,2,0,27,2,2025,11,5,15,39,51,6,1,0,0,0,0,1
5269,174943,29,2,0,0,31,2,2025,11,5,15,57,36,6,1,0,0,0,0,1
5270,174943,26,1,0,0,27,2,2025,11,6,7,50,54,6,1,0,0,1,0,0
5271,174943,22,1,1,0,24,2,2025,11,6,8,8,37,6,1,0,0,1,0,0
5272,174943,18,0,1,0,19,1,2025,11,6,8,27,7,6,1,0,0,1,0,0
5273,174943,22,4,0,0,26,1,2025,11,6,9,2,32,6,1,0,0,1,0,0
5274,174943,25,1,0,0,26,1,2025,11,6,9,20,12,6,1,0,0,1,0,0
5275,174943,16,2,1,0,19,1,2025,11,6,9,37,59,6,1,0,0,1,0,0
5276,174943,17,4,1,0,22,1,2025,11,6,9,55,46,6,1,0,0,1,0,0
5277,174943,18,3,1,0,22,1,2025,11,6,10,13,37,6,1,0,0,1,0,0
5278,174943,20,2,0,0,22,1,2025,11,6,10,31,21,6,1,0,0,1,0,0
5279,174943,10,1,0,0,11,0,2025,11,6,12,31,12,6,1,0,0,0,0,1
5280,174943,21,1,0,0,22,1,2025,11,6,12,48,52,6,1,0,0,0,0,1
5281,174943,12,2,1,0,15,1,2025,11,6,13,6,33,6,1,0,0,0,0,1
5282,174943,18,0,0,0,18,1,2025,11,6,13,39,53,6,1,0,0,0,0,1
5283,174943,28,3,1,0,32,2,2025,11,6,13,57,35,6,1,0,0,0,0,1
5284,174943,17,0,1,0,18,1,2025,11,7,9,38,46,6,1,0,0,1,0,0
5285,174943,11,0,3,0,14,1,2025,11,7,10,14,3,6,1,0,0,1,0,0
5286,174943,13,0,1,0,14,1,2025,11,7,10,31,40,6,1,0,0,1,0,0
5287,174943,16,1,0,0,17,1,2025,11,7,13,14,33,6,1,0,0,0,0,1
5288,174943,22,2,0,0,24,1,2025,11,7,13,32,11,6,1,0,0,0,0,1
5289,174943,16,0,0,0,16,1,2025,11,7,13,49,50,6,1,0,0,0,0,1
5290,174943,13,2,1,0,16,1,2025,11,7,15,37,23,6,1,0,0,0,0,1
5291,174943,22,0,0,0,22,1,2025,11,7,15,55,4,6,1,0,0,0,0,1
5292,174943,5,0,0,0,5,0,2025,11,8,7,54,54,6,1,0,0,1,0,0
5293,174943,4,0,0,0,4,0,2025,11,8,8,12,34,6,1,0,0,1,0,0
5294,174943,8,0,0,0,8,0,2025,11,8,8,30,13,6,1,0,0,1,0,0
5295,174943,6,0,0,0,6,0,2025,11,8,8,47,49,6,1,0,0,1,0,0
5296,174943,14,0,0,0,14,0,2025,11,8,9,52,29,6,1,0,0,1,0,0
5297,174943,10,0,0,0,10,0,2025,11,8,10,31,56,6,1,0,0,1,0,0
5298,174943,16,0,0,0,16,1,2025,11,8,10,49,33,6,1,0,0,1,0,0
5299,174943,15,0,0,0,15,1,2025,11,8,11,7,12,6,1,0,0,1,0,0
5300,174943,12,1,1,0,14,1,2025,11,8,11,24,52,6,1,0,0,1,0,0
5301,174943,14,0,0,0,14,1,2025,11,8,11,42,32,6,1,0,0,1,0,0
5302,174943,18,0,0,0,18,1,2025,11,8,12,0,11,6,1,0,0,0,0,1
5303,174943,17,1,0,0,18,1,2025,11,8,12,17,46,6,1,0,0,0,0,1
5304,174943,13,1,0,0,14,1,2025,11,8,12,35,21,6,1,0,0,0,0,1
5305,174943,15,0,1,0,16,1,2025,11,8,12,52,58,6,1,0,0,0,0,1
5306,174943,12,2,0,0,14,1,2025,11,8,13,10,34,6,1,0,0,0,0,1
5307,174943,15,0,0,0,15,1,2025,11,8,13,28,11,6,1,0,0,0,0,1
5308,174943,15,1,0,0,16,1,2025,11,8,13,45,49,6,1,0,0,0,0,1
5309,174943,20,1,0,0,21,1,2025,11,8,14,3,26,6,1,0,0,0,0,1
5310,174943,15,0,0,0,15,1,2025,11,8,14,21,3,6,1,0,0,0,0,1
5311,174943,14,0,0,0,14,1,2025,11,8,14,38,40,6,1,0,0,0,0,1
5312,174943,14,0,0,0,14,0,2025,11,8,15,34,25,6,1,0,0,0,0,1
5313,174943,10,2,0,0,12,0,2025,11,8,15,52,4,6,1,0,0,0,0,1
5314,174943,11,0,0,0,11,0,2025,11,8,16,9,42,6,1,0,0,0,0,1
5315,174943,11,0,0,0,11,0,2025,11,8,16,27,23,6,1,0,0,0,0,1
5316,174943,13,0,0,0,13,1,2025,11,8,16,45,3,6,1,0,0,0,0,1
5317,174943,12,1,1,0,14,1,2025,11,8,17,2,39,6,1,0,0,0,0,1
5318,174943,24,0,0,0,24,2,2025,11,8,18,55,28,6,1,0,0,0,1,0
5319,174943,17,0,0,0,17,1,2025,11,8,19,13,7,6,1,0,0,0,1,0
5320,174943,20,0,1,0,21,1,2025,11,8,19,30,46,6,1,0,0,0,1,0
5321,174943,16,0,0,0,16,1,2025,11,8,19,48,21,6,1,0,0,0,1,0
5322,174943,4,0,0,0,4,0,2025,11,9,8,29,52,6,1,0,0,1,0,0
5323,174943,7,0,1,0,8,1,2025,11,9,8,47,28,6,1,0,0,1,0,0
5324,174943,2,0,0,0,2,0,2025,11,9,9,5,5,6,1,0,0,1,0,0
5325,174943,4,0,0,0,4,0,2025,11,9,9,22,42,6,1,0,0,1,0,0
5326,174943,5,0,0,0,5,0,2025,11,9,9,40,21,6,1,0,0,1,0,0
5327,174943,2,0,0,0,2,0,2025,11,9,9,58,0,6,1,0,0,1,0,0
5328,174943,7,0,0,0,7,0,2025,11,9,10,15,39,6,1,0,0,1,0,0
5329,174943,8,0,0,0,8,0,2025,11,9,10,33,15,6,1,0,0,1,0,0
5330,174943,12,0,0,0,12,0,2025,11,9,10,50,50,6,1,0,0,1,0,0
5331,174943,10,1,0,0,11,0,2025,11,9,11,8,27,6,1,0,0,1,0,0
5332,174943,8,2,0,0,10,0,2025,11,9,11,26,7,6,1,0,0,1,0,0
5333,174943,10,0,0,0,10,0,2025,11,9,11,43,51,6,1,0,0,1,0,0
5334,174943,9,0,0,0,9,0,2025,11,9,12,1,29,6,1,0,0,0,0,1
5335,174943,12,1,0,0,13,0,2025,11,9,12,19,7,6,1,0,0,0,0,1
5336,174943,12,0,0,0,12,1,2025,11,9,12,36,47,6,1,0,0,0,0,1
5337,174943,15,0,0,0,15,1,2025,11,9,12,54,28,6,1,0,0,0,0,1
5338,174943,8,0,0,0,8,0,2025,11,9,15,20,20,6,1,0,0,0,0,1
5339,174943,9,0,2,0,11,0,2025,11,9,15,38,0,6,1,0,0,0,0,1
5340,174943,4,0,0,0,4,0,2025,11,9,15,55,39,6,1,0,0,0,0,1
5341,174943,1,0,1,0,2,0,2025,11,9,16,13,19,6,1,0,0,0,0,1
5342,174943,5,0,0,0,5,0,2025,11,9,16,30,57,6,1,0,0,0,0,1
5343,174943,6,1,0,0,7,0,2025,11,9,16,48,32,6,1,0,0,0,0,1
5344,174943,8,1,0,0,9,0,2025,11,9,17,6,10,6,1,0,0,0,0,1
5345,174943,10,0,0,0,10,0,2025,11,9,17,23,48,6,1,0,0,0,0,1
5346,174943,12,0,0,0,12,0,2025,11,9,17,41,28,6,1,0,0,0,0,1
5347,174943,16,0,0,0,16,1,2025,11,9,17,59,7,6,1,0,0,0,0,1
5348,174943,12,0,0,0,12,1,2025,11,9,18,16,43,6,1,0,0,0,1,0
5349,174943,19,0,0,0,19,1,2025,11,9,18,34,22,6,1,0,0,0,1,0
5350,174943,13,0,0,0,13,0,2025,11,9,18,51,58,6,1,0,0,0,1,0
5351,174943,21,0,1,0,22,2,2025,11,9,19,9,36,6,1,0,0,0,1,0
5352,174943,22,0,0,0,22,2,2025,11,9,19,27,13,6,1,0,0,0,1,0
5353,174943,23,0,0,0,23,2,2025,11,9,19,44,48,6,1,0,0,0,1,0
5354,174943,23,0,1,0,24,2,2025,11,11,7,59,37,6,1,0,0,1,0,0
5355,174943,24,1,2,0,27,1,2025,11,11,8,17,11,6,1,0,0,1,0,0
5356,174943,22,1,0,0,23,1,2025,11,11,8,34,46,6,1,0,0,1,0,0
5357,174943,14,1,1,0,16,1,2025,11,11,8,52,21,6,1,0,0,1,0,0
5358,174943,17,0,0,0,17,1,2025,11,11,9,9,57,6,1,0,0,1,0,0
5359,174943,20,1,0,0,21,1,2025,11,11,9,27,33,6,1,0,0,1,0,0
5360,174943,20,1,0,0,21,1,2025,11,11,14,34,56,6,1,0,0,0,0,1
5361,174943,22,2,0,0,24,2,2025,11,11,14,52,36,6,1,0,0,0,0,1
5362,174943,12,0,0,0,12,0,2025,11,11,15,10,15,6,1,0,0,0,0,1
5363,174943,12,1,1,0,14,1,2025,11,11,15,27,58,6,1,0,0,0,0,1
5364,174943,16,2,1,0,19,1,2025,11,11,15,45,40,6,1,0,0,0,0,1
5365,174943,11,2,1,0,14,1,2025,11,11,16,3,18,6,1,0,0,0,0,1
5366,174943,31,3,2,0,36,2,2025,11,11,17,48,2,6,1,0,0,0,0,1
5367,174943,20,0,0,0,20,1,2025,11,11,18,5,39,6,1,0,0,0,1,0
5368,174943,19,0,0,0,19,1,2025,11,11,18,23,13,6,1,0,0,0,1,0
5369,174943,22,0,0,0,22,1,2025,11,11,18,40,53,6,1,0,0,0,1,0
5370,174943,13,3,0,0,16,1,2025,11,11,18,58,31,6,1,0,0,0,1,0
5371,174943,16,0,1,0,17,1,2025,11,11,19,16,8,6,1,0,0,0,1,0
5372,174943,13,2,0,0,15,1,2025,11,11,19,33,44,6,1,0,0,0,1,0
5373,174943,14,0,0,0,14,0,2025,11,11,19,51,27,6,1,0,0,0,1,0
5374,174943,23,0,2,0,25,1,2025,11,12,8,37,21,6,1,0,0,1,0,0
5375,174943,19,1,4,0,24,1,2025,11,12,8,55,5,6,1,0,0,1,0,0
5376,174943,24,1,0,0,25,1,2025,11,12,9,12,52,6,1,0,0,1,0,0
5377,174943,18,0,1,0,19,1,2025,11,12,9,30,45,6,1,0,0,1,0,0
5378,174943,18,3,0,0,21,1,2025,11,12,12,35,17,6,1,0,0,0,0,1
5379,174943,28,1,1,0,30,2,2025,11,14,9,7,18,6,1,0,0,1,0,0
5380,174943,18,3,0,0,21,2,2025,11,14,9,24,58,6,1,0,0,1,0,0
5381,174943,19,3,0,0,22,1,2025,11,14,9,42,38,6,1,0,0,1,0,0
5382,174943,19,5,1,0,25,2,2025,11,14,10,0,17,6,1,0,0,1,0,0
5383,174943,24,4,0,0,28,1,2025,11,14,10,18,0,6,1,0,0,1,0,0
5384,174943,24,4,0,0,28,1,2025,11,14,10,35,37,6,1,0,0,1,0,0
5385,174943,10,0,1,0,11,0,2025,11,15,9,51,32,6,1,0,0,1,0,0
5386,174943,16,1,0,0,17,1,2025,11,15,10,9,13,6,1,0,0,1,0,0
5387,174943,13,0,0,0,13,0,2025,11,15,10,26,54,6,1,0,0,1,0,0
5388,174943,12,1,0,0,13,1,2025,11,15,10,44,46,6,1,0,0,1,0,0
5389,174943,9,1,1,0,11,1,2025,11,15,11,2,24,6,1,0,0,1,0,0
5390,174943,23,0,0,0,23,1,2025,11,15,11,20,5,6,1,0,0,1,0,0
5391,174943,22,1,0,0,23,1,2025,11,15,11,37,45,6,1,0,0,1,0,0
5392,174943,12,1,0,0,13,1,2025,11,15,12,13,6,6,1,0,0,0,0,1
5393,174943,17,1,0,0,18,1,2025,11,15,12,30,45,6,1,0,0,0,0,1
5394,174943,13,2,1,0,16,2,2025,11,15,12,48,27,6,1,0,0,0,0,1
5395,174943,12,1,3,0,16,2,2025,11,15,13,6,6,6,1,0,0,0,0,1
5396,174943,2,0,0,0,2,0,2025,11,16,8,9,29,6,1,0,0,1,0,0
5397,174943,3,0,0,0,3,0,2025,11,16,8,27,12,6,1,0,0,1,0,0
5398,174943,4,0,0,0,4,0,2025,11,16,8,44,59,6,1,0,0,1,0,0
5399,174943,5,0,0,0,5,0,2025,11,16,9,2,40,6,1,0,0,1,0,0
5400,174943,0,0,1,0,1,0,2025,11,16,9,20,21,6,1,0,0,1,0,0
5401,174943,2,0,0,0,2,0,2025,11,16,9,38,3,6,1,0,0,1,0,0
5402,174943,10,0,0,0,10,0,2025,11,16,9,55,43,6,1,0,0,1,0,0
5403,174943,1,0,1,0,2,0,2025,11,16,10,13,32,6,1,0,0,1,0,0
5404,174943,13,0,0,0,13,0,2025,11,16,10,31,19,6,1,0,0,1,0,0
5405,174943,7,0,0,0,7,0,2025,11,16,10,49,11,6,1,0,0,1,0,0
5406,174943,13,0,0,0,13,0,2025,11,16,11,7,4,6,1,0,0,1,0,0
5407,174943,28,0,1,0,29,2,2025,11,17,8,23,56,6,1,0,0,1,0,0
5408,174943,23,1,1,0,25,2,2025,11,17,8,41,39,6,1,0,0,1,0,0
5409,174943,20,1,0,0,21,1,2025,11,17,8,59,17,6,1,0,0,1,0,0
5410,174943,26,0,0,0,26,1,2025,11,17,9,16,57,6,1,0,0,1,0,0
5411,174943,24,0,1,0,25,1,2025,11,17,9,34,36,6,1,0,0,1,0,0
5412,174943,16,2,1,0,19,1,2025,11,17,9,52,15,6,1,0,0,1,0,0
5413,174943,14,0,1,0,15,0,2025,11,17,10,9,52,6,1,0,0,1,0,0
5414,174943,11,0,0,0,11,0,2025,11,17,10,27,35,6,1,0,0,1,0,0
5415,174943,11,0,0,0,11,0,2025,11,17,12,34,33,6,1,0,0,0,0,1
5416,174943,9,0,1,0,10,1,2025,11,17,12,52,12,6,1,0,0,0,0,1
5417,174943,8,1,1,0,10,1,2025,11,17,13,9,52,6,1,0,0,0,0,1
5418,174945,8,0,0,0,8,1,2025,10,27,8,27,16,6,1,0,0,1,0,0
5419,174945,10,0,1,0,11,1,2025,10,27,8,45,2,6,1,0,0,1,0,0
5420,174945,7,0,0,0,7,1,2025,10,27,9,2,40,6,1,0,0,1,0,0
5421,174945,5,2,1,0,8,1,2025,10,27,9,20,20,6,1,0,0,1,0,0
5422,174945,6,1,0,0,7,1,2025,10,27,9,38,2,6,1,0,0,1,0,0
5423,174945,8,0,1,0,9,1,2025,10,27,9,55,46,6,1,0,0,1,0,0
5424,174945,4,0,0,0,4,0,2025,10,27,10,13,32,6,1,0,0,1,0,0
5425,174945,3,0,0,0,3,0,2025,10,27,10,31,19,6,1,0,0,1,0,0
5426,174945,1,0,0,0,1,0,2025,10,27,12,40,21,6,1,0,0,0,0,1
5427,174945,2,2,0,0,4,1,2025,10,27,12,58,6,6,1,0,0,0,0,1
5428,174945,5,1,0,0,6,1,2025,10,27,13,15,53,6,1,0,0,0,0,1
5429,174945,1,0,0,0,1,0,2025,10,27,13,20,59,6,1,0,0,0,0,1
5430,174945,4,0,0,0,4,1,2025,10,27,13,57,22,6,1,0,0,0,0,1
5431,174945,1,0,1,0,2,0,2025,10,27,14,55,39,6,1,0,0,0,0,1
5432,174945,5,0,0,0,5,1,2025,10,27,15,13,25,6,1,0,0,0,0,1
5433,174945,3,1,0,0,4,0,2025,10,27,15,31,14,6,1,0,0,0,0,1
5434,174945,4,0,0,0,4,1,2025,10,27,15,48,57,6,1,0,0,0,0,1
5435,174945,8,1,0,0,9,1,2025,10,27,18,3,1,6,1,0,0,0,1,0
5436,174945,9,0,0,0,9,1,2025,10,27,18,20,37,6,1,0,0,0,1,0
5437,174945,7,0,2,0,9,2,2025,10,27,18,38,14,6,1,0,0,0,1,0
5438,174945,25,5,0,0,30,2,2025,10,28,7,56,28,6,1,0,0,1,0,0
5439,174945,26,0,1,0,27,2,2025,10,28,8,14,5,6,1,0,0,1,0,0
5440,174945,28,1,1,0,30,2,2025,10,28,8,31,41,6,1,0,0,1,0,0
5441,174945,22,1,2,0,25,2,2025,10,28,8,49,17,6,1,0,0,1,0,0
5442,174945,24,0,1,0,25,2,2025,10,28,9,6,52,6,1,0,0,1,0,0
5443,174945,21,2,1,0,24,1,2025,10,28,9,24,29,6,1,0,0,1,0,0
5444,174945,18,3,0,0,21,2,2025,10,28,9,42,9,6,1,0,0,1,0,0
5445,174945,4,0,0,0,4,0,2025,10,28,13,27,57,6,1,0,0,0,0,1
5446,174945,2,0,0,0,2,0,2025,10,28,14,45,49,6,1,0,0,0,0,1
5447,174945,5,0,2,0,7,2,2025,10,28,15,3,31,6,1,0,0,0,0,1
5448,174945,6,0,0,0,6,0,2025,10,28,15,21,21,6,1,0,0,0,0,1
5449,174945,2,0,1,0,3,0,2025,10,28,15,39,6,6,1,0,0,0,0,1
5450,174945,14,1,0,0,15,1,2025,10,28,15,56,51,6,1,0,0,0,0,1
5451,174945,18,0,0,0,18,1,2025,10,28,17,49,8,6,1,0,0,0,0,1
5452,174945,23,0,0,0,23,1,2025,10,28,18,6,46,6,1,0,0,0,1,0
5453,174945,17,2,2,0,21,2,2025,10,28,18,24,26,6,1,0,0,0,1,0
5454,174945,17,1,0,0,18,1,2025,10,28,18,42,4,6,1,0,0,0,1,0
5455,174945,11,0,0,0,11,1,2025,10,28,18,59,43,6,1,0,0,0,1,0
5456,174945,12,1,0,0,13,1,2025,10,28,19,17,20,6,1,0,0,0,1,0
5457,174945,15,0,0,0,15,1,2025,10,28,19,34,59,6,1,0,0,0,1,0
5458,174945,10,0,1,0,11,1,2025,10,28,19,52,37,6,1,0,0,0,1,0
5459,174945,29,0,0,0,29,2,2025,10,29,8,23,47,6,1,0,0,1,0,0
5460,174945,21,1,1,0,23,1,2025,10,29,8,41,24,6,1,0,0,1,0,0
5461,174945,12,2,0,0,14,1,2025,10,29,8,59,0,6,1,0,0,1,0,0
5462,174945,12,0,0,0,12,1,2025,10,29,9,16,35,6,1,0,0,1,0,0
5463,174945,13,1,0,0,14,1,2025,10,29,9,34,11,6,1,0,0,1,0,0
5464,174945,15,2,1,0,18,1,2025,10,29,9,51,48,6,1,0,0,1,0,0
5465,174945,18,0,1,0,19,1,2025,10,29,10,9,27,6,1,0,0,1,0,0
5466,174945,17,0,0,0,17,1,2025,10,29,10,27,5,6,1,0,0,1,0,0
5467,174945,9,0,1,0,10,1,2025,10,29,10,44,44,6,1,0,0,1,0,0
5468,174945,15,2,0,0,17,1,2025,10,29,12,33,37,6,1,0,0,0,0,1
5469,174945,14,0,0,0,14,1,2025,10,29,12,51,17,6,1,0,0,0,0,1
5470,174945,16,2,0,0,18,1,2025,10,29,13,9,7,6,1,0,0,0,0,1
5471,174945,20,0,0,0,20,1,2025,10,29,13,26,49,6,1,0,0,0,0,1
5472,174945,11,0,1,0,12,1,2025,10,29,13,44,33,6,1,0,0,0,0,1
5473,174945,13,2,0,0,15,1,2025,10,29,14,44,15,6,1,0,0,0,0,1
5474,174945,18,0,0,0,18,1,2025,10,29,15,2,1,6,1,0,0,0,0,1
5475,174945,16,0,0,0,16,1,2025,10,29,15,19,43,6,1,0,0,0,0,1
5476,174945,14,0,0,0,14,1,2025,10,29,15,37,23,6,1,0,0,0,0,1
5477,174945,18,2,0,0,20,1,2025,10,29,15,55,4,6,1,0,0,0,0,1
5478,174945,30,0,0,0,30,2,2025,10,30,8,20,41,6,1,0,0,1,0,0
5479,174945,19,0,0,0,19,1,2025,10,30,8,38,23,6,1,0,0,1,0,0
5480,174945,13,0,0,0,13,1,2025,10,30,8,56,6,6,1,0,0,1,0,0
5481,174945,25,0,1,0,26,2,2025,10,30,9,13,58,6,1,0,0,1,0,0
5482,174945,26,1,0,0,27,2,2025,10,30,9,32,7,6,1,0,0,1,0,0
5483,174945,19,0,0,0,19,1,2025,10,30,9,49,57,6,1,0,0,1,0,0
5484,174945,17,2,0,0,19,1,2025,10,30,10,7,54,6,1,0,0,1,0,0
5485,174945,20,0,0,0,20,1,2025,10,30,10,25,38,6,1,0,0,1,0,0
5486,174945,20,0,0,0,20,1,2025,10,30,10,43,19,6,1,0,0,1,0,0
5487,174945,16,0,1,0,17,1,2025,10,30,12,29,54,6,1,0,0,0,0,1
5488,174945,24,2,0,0,26,1,2025,10,30,12,47,25,6,1,0,0,0,0,1
5489,174945,19,2,0,0,21,1,2025,10,30,13,5,8,6,1,0,0,0,0,1
5490,174945,18,1,1,0,20,1,2025,10,30,13,22,55,6,1,0,0,0,0,1
5491,174945,21,1,0,0,22,1,2025,10,30,13,40,41,6,1,0,0,0,0,1
5492,174945,20,0,0,0,20,1,2025,10,30,13,58,26,6,1,0,0,0,0,1
5493,174945,17,5,1,0,23,1,2025,10,30,14,57,28,6,1,0,0,0,0,1
5494,174945,13,1,0,0,14,1,2025,10,30,15,15,22,6,1,0,0,0,0,1
5495,174945,15,2,0,0,17,1,2025,10,30,15,33,5,6,1,0,0,0,0,1
5496,174945,19,0,1,0,20,1,2025,10,30,15,57,52,6,1,0,0,0,0,1
5497,174945,18,1,0,0,19,1,2025,10,30,16,15,39,6,1,0,0,0,0,1
5498,174945,11,0,1,0,12,1,2025,10,30,22,45,52,6,1,0,0,0,1,0
5499,174945,15,2,0,0,17,1,2025,10,31,8,25,20,6,1,0,0,1,0,0
5500,174945,14,1,0,0,15,1,2025,10,31,8,43,9,6,1,0,0,1,0,0
5501,174945,13,2,0,0,15,1,2025,10,31,9,0,55,6,1,0,0,1,0,0
5502,174945,17,1,0,0,18,1,2025,10,31,9,18,39,6,1,0,0,1,0,0
5503,174945,20,2,1,0,23,2,2025,10,31,9,44,16,6,1,0,0,1,0,0
5504,174945,15,3,1,0,19,1,2025,10,31,10,1,59,6,1,0,0,1,0,0
5505,174945,18,1,0,0,19,1,2025,10,31,10,19,42,6,1,0,0,1,0,0
5506,174945,11,3,1,0,15,1,2025,10,31,10,37,22,6,1,0,0,1,0,0
5507,174945,18,1,0,0,19,1,2025,10,31,15,3,47,6,1,0,0,0,0,1
5508,174945,16,1,0,0,17,1,2025,10,31,15,21,38,6,1,0,0,0,0,1
5509,174945,16,0,1,0,17,1,2025,10,31,15,39,30,6,1,0,0,0,0,1
5510,174945,15,1,0,0,16,1,2025,10,31,15,57,20,6,1,0,0,0,0,1
5511,174945,12,0,0,0,12,1,2025,11,1,8,55,0,6,1,0,0,1,0,0
5512,174945,14,1,0,0,15,1,2025,11,1,9,12,46,6,1,0,0,1,0,0
5513,174945,8,1,0,0,9,0,2025,11,1,9,30,37,6,1,0,0,1,0,0
5514,174945,10,1,0,0,11,1,2025,11,1,9,48,26,6,1,0,0,1,0,0
5515,174945,8,1,0,0,9,0,2025,11,1,10,6,14,6,1,0,0,1,0,0
5516,174945,12,1,1,0,14,1,2025,11,1,10,23,58,6,1,0,0,1,0,0
5517,174945,13,0,0,0,13,1,2025,11,1,10,41,49,6,1,0,0,1,0,0
5518,174945,18,2,0,0,20,1,2025,11,1,10,59,40,6,1,0,0,1,0,0
5519,174945,11,0,0,0,11,0,2025,11,1,11,17,25,6,1,0,0,1,0,0
5520,174945,17,1,0,0,18,1,2025,11,1,11,35,5,6,1,0,0,1,0,0
5521,174945,10,0,0,0,10,1,2025,11,1,11,52,57,6,1,0,0,1,0,0
5522,174945,16,0,0,0,16,1,2025,11,1,12,10,46,6,1,0,0,0,0,1
5523,174945,18,1,0,0,19,1,2025,11,1,12,28,38,6,1,0,0,0,0,1
5524,174945,14,0,0,0,14,1,2025,11,1,12,46,34,6,1,0,0,0,0,1
5525,174945,19,1,0,0,20,1,2025,11,1,13,4,20,6,1,0,0,0,0,1
5526,174945,20,0,0,0,20,1,2025,11,1,13,22,8,6,1,0,0,0,0,1
5527,174945,28,1,0,0,29,1,2025,11,1,13,39,55,6,1,0,0,0,0,1
5528,174945,22,0,1,0,23,2,2025,11,1,13,57,46,6,1,0,0,0,0,1
5529,174945,25,0,0,0,25,1,2025,11,1,14,15,35,6,1,0,0,0,0,1
5530,174945,13,1,0,0,14,1,2025,11,1,14,33,55,6,1,0,0,0,0,1
5531,174945,13,0,0,0,13,1,2025,11,1,14,51,51,6,1,0,0,0,0,1
5532,174945,7,1,0,0,8,1,2025,11,1,15,9,40,6,1,0,0,0,0,1
5533,174945,9,0,0,0,9,0,2025,11,1,15,27,27,6,1,0,0,0,0,1
5534,174945,10,0,0,0,10,1,2025,11,1,15,45,20,6,1,0,0,0,0,1
5535,174945,7,0,0,0,7,0,2025,11,1,16,3,15,6,1,0,0,0,0,1
5536,174945,9,0,1,0,10,1,2025,11,1,16,21,3,6,1,0,0,0,0,1
5537,174945,13,0,1,0,14,1,2025,11,1,16,38,50,6,1,0,0,0,0,1
5538,174945,12,0,1,0,13,1,2025,11,1,16,56,56,6,1,0,0,0,0,1
5539,174945,7,1,0,0,8,0,2025,11,1,17,14,50,6,1,0,0,0,0,1
5540,174945,16,0,0,0,16,1,2025,11,1,17,32,35,6,1,0,0,0,0,1
5541,174945,14,1,0,0,15,1,2025,11,1,17,50,29,6,1,0,0,0,0,1
5542,174945,23,0,0,0,23,1,2025,11,1,18,8,22,6,1,0,0,0,1,0
5543,174945,16,0,0,0,16,1,2025,11,1,18,27,7,6,1,0,0,0,1,0
5544,174945,14,0,0,0,14,1,2025,11,1,18,45,3,6,1,0,0,0,1,0
5545,174945,8,0,0,0,8,1,2025,11,1,19,2,49,6,1,0,0,0,1,0
5546,174945,14,0,0,0,14,1,2025,11,1,19,37,23,6,1,0,0,0,1,0
5547,174945,5,1,1,0,7,0,2025,11,2,10,16,56,6,1,0,0,1,0,0
5548,174945,9,0,0,0,9,1,2025,11,2,10,34,50,6,1,0,0,1,0,0
5549,174945,12,0,0,0,12,1,2025,11,2,10,52,34,6,1,0,0,1,0,0
5550,174945,16,1,0,0,17,1,2025,11,2,11,10,27,6,1,0,0,1,0,0
5551,174945,15,0,0,0,15,1,2025,11,2,11,28,16,6,1,0,0,1,0,0
5552,174945,14,0,0,0,14,1,2025,11,2,12,11,32,6,1,0,0,0,0,1
5553,174945,19,0,0,0,19,1,2025,11,2,12,29,16,6,1,0,0,0,0,1
5554,174945,13,0,0,0,13,1,2025,11,2,12,47,6,6,1,0,0,0,0,1
5555,174945,14,0,0,0,14,1,2025,11,2,13,4,49,6,1,0,0,0,0,1
5556,174945,16,0,0,0,16,1,2025,11,2,13,22,27,6,1,0,0,0,0,1
5557,174945,10,0,0,0,10,1,2025,11,2,13,40,6,6,1,0,0,0,0,1
5558,174945,7,0,0,0,7,1,2025,11,2,13,57,44,6,1,0,0,0,0,1
5559,174945,7,0,0,0,7,1,2025,11,2,14,15,24,6,1,0,0,0,0,1
5560,174945,7,1,0,0,8,1,2025,11,2,14,32,59,6,1,0,0,0,0,1
5561,174945,5,0,0,0,5,1,2025,11,2,14,50,35,6,1,0,0,0,0,1
5562,174945,4,0,0,0,4,1,2025,11,2,15,51,8,6,1,0,0,0,0,1
5563,174945,5,0,0,0,5,1,2025,11,2,16,8,46,6,1,0,0,0,0,1
5564,174945,5,0,0,0,5,0,2025,11,2,16,26,26,6,1,0,0,0,0,1
5565,174945,8,0,1,0,9,1,2025,11,2,16,44,5,6,1,0,0,0,0,1
5566,174945,13,0,1,0,14,1,2025,11,3,8,9,21,6,1,0,0,1,0,0
5567,174945,11,2,2,0,15,1,2025,11,3,8,26,57,6,1,0,0,1,0,0
5568,174945,16,0,1,0,17,1,2025,11,3,8,44,35,6,1,0,0,1,0,0
5569,174945,17,1,0,0,18,1,2025,11,3,9,2,11,6,1,0,0,1,0,0
5570,174945,15,1,0,0,16,1,2025,11,3,9,19,49,6,1,0,0,1,0,0
5571,174945,20,0,0,0,20,1,2025,11,3,9,37,27,6,1,0,0,1,0,0
5572,174945,25,1,1,0,27,2,2025,11,4,8,9,38,6,1,0,0,1,0,0
5573,174945,32,0,3,0,35,3,2025,11,4,8,27,14,6,1,0,0,1,0,0
5574,174945,28,2,0,0,30,2,2025,11,4,8,44,50,6,1,0,0,1,0,0
5575,174945,25,2,1,0,28,2,2025,11,4,9,2,26,6,1,0,0,1,0,0
5576,174945,12,0,1,0,13,1,2025,11,4,9,20,5,6,1,0,0,1,0,0
5577,174945,12,2,1,0,15,1,2025,11,4,9,37,44,6,1,0,0,1,0,0
5578,174945,12,2,0,0,14,1,2025,11,4,12,8,57,6,1,0,0,0,0,1
5579,174945,14,4,0,0,18,1,2025,11,4,12,37,18,6,1,0,0,0,0,1
5580,174945,15,1,0,0,16,2,2025,11,4,12,54,59,6,1,0,0,0,0,1
5581,174945,15,1,0,0,16,2,2025,11,4,13,4,24,6,1,0,0,0,0,1
5582,174945,10,1,0,0,11,1,2025,11,4,13,22,3,6,1,0,0,0,0,1
5583,174945,12,2,1,0,15,1,2025,11,4,13,39,43,6,1,0,0,0,0,1
5584,174945,13,6,1,0,20,2,2025,11,4,14,34,5,6,1,0,0,0,0,1
5585,174945,13,1,1,0,15,2,2025,11,4,14,51,44,6,1,0,0,0,0,1
5586,174945,13,1,2,0,16,1,2025,11,4,15,9,32,6,1,0,0,0,0,1
5587,174945,10,0,0,0,10,1,2025,11,4,15,27,17,6,1,0,0,0,0,1
5588,174945,14,0,0,0,14,1,2025,11,4,15,45,16,6,1,0,0,0,0,1
5589,174945,15,0,0,0,15,1,2025,11,4,16,2,58,6,1,0,0,0,0,1
5590,174945,16,1,0,0,17,1,2025,11,4,18,0,11,6,1,0,0,0,1,0
5591,174945,17,1,0,0,18,1,2025,11,4,18,17,48,6,1,0,0,0,1,0
5592,174945,23,0,0,0,23,1,2025,11,4,18,35,27,6,1,0,0,0,1,0
5593,174945,18,1,1,0,20,1,2025,11,4,18,53,6,6,1,0,0,0,1,0
5594,174945,10,1,1,0,12,1,2025,11,4,19,10,43,6,1,0,0,0,1,0
5595,174945,15,0,0,0,15,1,2025,11,4,19,28,23,6,1,0,0,0,1,0
5596,174945,14,1,0,0,15,1,2025,11,4,19,46,0,6,1,0,0,0,1,0
5597,174945,15,0,0,0,15,1,2025,11,4,20,3,36,6,1,0,0,0,1,0
5598,174945,13,0,0,0,13,1,2025,11,4,20,21,13,6,1,0,0,0,1,0
5599,174945,10,0,0,0,10,1,2025,11,4,20,38,53,6,1,0,0,0,1,0
5600,174945,10,0,0,0,10,0,2025,11,5,7,51,26,6,1,0,0,1,0,0
5601,174945,8,0,1,0,9,1,2025,11,5,8,9,3,6,1,0,0,1,0,0
5602,174945,1,0,0,0,1,0,2025,11,5,8,26,40,6,1,0,0,1,0,0
5603,174945,4,0,0,0,4,0,2025,11,5,8,44,16,6,1,0,0,1,0,0
5604,174945,3,0,0,0,3,0,2025,11,5,9,1,52,6,1,0,0,1,0,0
5605,174945,1,0,0,0,1,0,2025,11,5,9,19,28,6,1,0,0,1,0,0
5606,174945,6,0,0,0,6,1,2025,11,5,9,37,5,6,1,0,0,1,0,0
5607,174945,16,1,3,0,20,1,2025,11,5,9,54,42,6,1,0,0,1,0,0
5608,174945,8,0,0,0,8,0,2025,11,5,10,12,19,6,1,0,0,1,0,0
5609,174945,8,0,0,0,8,0,2025,11,5,10,29,57,6,1,0,0,1,0,0
5610,174945,19,2,0,0,21,1,2025,11,5,10,47,31,6,1,0,0,1,0,0
5611,174945,19,2,0,0,21,1,2025,11,5,12,44,13,6,1,0,0,0,0,1
5612,174945,10,4,0,0,14,1,2025,11,5,13,1,52,6,1,0,0,0,0,1
5613,174945,14,1,0,0,15,1,2025,11,5,13,19,32,6,1,0,0,0,0,1
5614,174945,14,1,0,0,15,1,2025,11,5,13,37,16,6,1,0,0,0,0,1
5615,174945,16,0,1,0,17,1,2025,11,5,13,54,58,6,1,0,0,0,0,1
5616,174945,16,1,0,0,17,1,2025,11,5,14,46,48,6,1,0,0,0,0,1
5617,174945,15,1,0,0,16,1,2025,11,5,15,4,28,6,1,0,0,0,0,1
5618,174945,20,2,0,0,22,1,2025,11,5,15,22,9,6,1,0,0,0,0,1
5619,174945,13,0,2,0,15,1,2025,11,5,15,39,51,6,1,0,0,0,0,1
5620,174945,9,0,2,0,11,1,2025,11,5,15,57,36,6,1,0,0,0,0,1
5621,174945,7,0,0,0,7,1,2025,11,6,7,50,54,6,1,0,0,1,0,0
5622,174945,4,1,2,0,7,1,2025,11,6,8,8,37,6,1,0,0,1,0,0
5623,174945,8,0,0,0,8,1,2025,11,6,8,27,8,6,1,0,0,1,0,0
5624,174945,10,0,0,0,10,1,2025,11,6,8,44,48,6,1,0,0,1,0,0
5625,174945,6,1,0,0,7,1,2025,11,6,9,2,32,6,1,0,0,1,0,0
5626,174945,3,0,0,0,3,0,2025,11,6,9,20,12,6,1,0,0,1,0,0
5627,174945,7,1,0,0,8,1,2025,11,6,9,37,59,6,1,0,0,1,0,0
5628,174945,4,0,0,0,4,1,2025,11,6,9,55,46,6,1,0,0,1,0,0
5629,174945,5,0,0,0,5,0,2025,11,6,10,13,37,6,1,0,0,1,0,0
5630,174945,5,0,0,0,5,0,2025,11,6,10,31,21,6,1,0,0,1,0,0
5631,174945,11,3,0,0,14,1,2025,11,6,12,31,12,6,1,0,0,0,0,1
5632,174945,14,2,1,0,17,1,2025,11,6,12,48,52,6,1,0,0,0,0,1
5633,174945,14,3,0,0,17,1,2025,11,6,13,6,33,6,1,0,0,0,0,1
5634,174945,17,1,0,0,18,1,2025,11,6,13,39,53,6,1,0,0,0,0,1
5635,174945,14,2,0,0,16,1,2025,11,6,13,57,36,6,1,0,0,0,0,1
5636,174945,15,1,1,0,17,1,2025,11,7,9,38,46,6,1,0,0,1,0,0
5637,174945,4,0,0,0,4,0,2025,11,7,9,56,24,6,1,0,0,1,0,0
5638,174945,8,2,2,0,12,1,2025,11,7,10,14,3,6,1,0,0,1,0,0
5639,174945,14,2,0,0,16,1,2025,11,7,10,31,41,6,1,0,0,1,0,0
5640,174945,20,3,1,0,24,2,2025,11,7,13,14,34,6,1,0,0,0,0,1
5641,174945,17,2,0,0,19,1,2025,11,7,13,32,11,6,1,0,0,0,0,1
5642,174945,23,3,1,0,27,2,2025,11,7,13,49,50,6,1,0,0,0,0,1
5643,174945,20,1,0,0,21,1,2025,11,7,15,37,23,6,1,0,0,0,0,1
5644,174945,20,1,0,0,21,1,2025,11,7,15,55,4,6,1,0,0,0,0,1
5645,174945,8,0,0,0,8,1,2025,11,8,7,54,54,6,1,0,0,1,0,0
5646,174945,8,1,0,0,9,1,2025,11,8,8,12,34,6,1,0,0,1,0,0
5647,174945,13,0,0,0,13,1,2025,11,8,8,30,14,6,1,0,0,1,0,0
5648,174945,17,1,0,0,18,1,2025,11,8,8,47,49,6,1,0,0,1,0,0
5649,174945,8,1,0,0,9,1,2025,11,8,9,52,30,6,1,0,0,1,0,0
5650,174945,13,2,0,0,15,1,2025,11,8,10,31,57,6,1,0,0,1,0,0
5651,174945,21,1,0,0,22,1,2025,11,8,10,49,33,6,1,0,0,1,0,0
5652,174945,16,0,0,0,16,1,2025,11,8,11,7,13,6,1,0,0,1,0,0
5653,174945,20,0,0,0,20,1,2025,11,8,11,24,53,6,1,0,0,1,0,0
5654,174945,18,0,0,0,18,1,2025,11,8,11,42,32,6,1,0,0,1,0,0
5655,174945,21,0,0,0,21,1,2025,11,8,12,0,11,6,1,0,0,0,0,1
5656,174945,15,0,0,0,15,1,2025,11,8,12,17,46,6,1,0,0,0,0,1
5657,174945,21,1,1,0,23,1,2025,11,8,12,35,21,6,1,0,0,0,0,1
5658,174945,17,1,0,0,18,1,2025,11,8,12,52,58,6,1,0,0,0,0,1
5659,174945,16,0,0,0,16,1,2025,11,8,13,10,34,6,1,0,0,0,0,1
5660,174945,15,1,0,0,16,1,2025,11,8,13,28,12,6,1,0,0,0,0,1
5661,174945,13,1,1,0,15,1,2025,11,8,13,45,49,6,1,0,0,0,0,1
5662,174945,17,2,0,0,19,1,2025,11,8,14,3,26,6,1,0,0,0,0,1
5663,174945,13,1,0,0,14,1,2025,11,8,14,21,3,6,1,0,0,0,0,1
5664,174945,13,0,0,0,13,1,2025,11,8,14,38,40,6,1,0,0,0,0,1
5665,174945,5,0,0,0,5,0,2025,11,8,15,34,25,6,1,0,0,0,0,1
5666,174945,8,2,2,0,12,1,2025,11,8,15,52,4,6,1,0,0,0,0,1
5667,174945,8,0,0,0,8,1,2025,11,8,16,9,43,6,1,0,0,0,0,1
5668,174945,8,0,0,0,8,0,2025,11,8,16,27,23,6,1,0,0,0,0,1
5669,174945,14,0,0,0,14,1,2025,11,8,16,45,4,6,1,0,0,0,0,1
5670,174945,10,2,0,0,12,1,2025,11,8,17,2,39,6,1,0,0,0,0,1
5671,174945,12,2,0,0,14,1,2025,11,8,18,55,28,6,1,0,0,0,1,0
5672,174945,12,2,1,0,15,1,2025,11,8,19,13,7,6,1,0,0,0,1,0
5673,174945,10,1,0,0,11,1,2025,11,8,19,30,46,6,1,0,0,0,1,0
5674,174945,8,2,0,0,10,1,2025,11,8,19,48,21,6,1,0,0,0,1,0
5675,174945,6,1,0,0,7,0,2025,11,9,8,29,52,6,1,0,0,1,0,0
5676,174945,5,1,0,0,6,1,2025,11,9,8,47,28,6,1,0,0,1,0,0
5677,174945,5,1,0,0,6,0,2025,11,9,9,5,6,6,1,0,0,1,0,0
5678,174945,10,2,0,0,12,0,2025,11,9,9,22,42,6,1,0,0,1,0,0
5679,174945,7,0,0,0,7,0,2025,11,9,9,40,21,6,1,0,0,1,0,0
5680,174945,7,0,0,0,7,0,2025,11,9,9,58,0,6,1,0,0,1,0,0
5681,174945,10,0,0,0,10,1,2025,11,9,10,15,39,6,1,0,0,1,0,0
5682,174945,12,0,0,0,12,1,2025,11,9,10,33,15,6,1,0,0,1,0,0
5683,174945,10,0,0,0,10,0,2025,11,9,10,50,50,6,1,0,0,1,0,0
5684,174945,18,0,0,0,18,1,2025,11,9,11,8,27,6,1,0,0,1,0,0
5685,174945,11,1,1,0,13,1,2025,11,9,11,26,7,6,1,0,0,1,0,0
5686,174945,17,1,0,0,18,1,2025,11,9,11,43,51,6,1,0,0,1,0,0
5687,174945,16,0,0,0,16,1,2025,11,9,12,1,29,6,1,0,0,0,0,1
5688,174945,12,0,0,0,12,1,2025,11,9,12,19,7,6,1,0,0,0,0,1
5689,174945,9,2,1,0,12,1,2025,11,9,12,36,47,6,1,0,0,0,0,1
5690,174945,14,0,0,0,14,1,2025,11,9,12,54,28,6,1,0,0,0,0,1
5691,174945,11,0,0,0,11,1,2025,11,9,15,20,20,6,1,0,0,0,0,1
5692,174945,10,0,0,0,10,1,2025,11,9,15,38,0,6,1,0,0,0,0,1
5693,174945,6,0,0,0,6,0,2025,11,9,15,55,39,6,1,0,0,0,0,1
5694,174945,7,0,0,0,7,0,2025,11,9,16,13,19,6,1,0,0,0,0,1
5695,174945,11,0,0,0,11,1,2025,11,9,16,30,58,6,1,0,0,0,0,1
5696,174945,10,1,0,0,11,0,2025,11,9,16,48,32,6,1,0,0,0,0,1
5697,174945,12,0,0,0,12,0,2025,11,9,17,6,10,6,1,0,0,0,0,1
5698,174945,13,0,1,0,14,1,2025,11,9,17,23,49,6,1,0,0,0,0,1
5699,174945,12,0,0,0,12,1,2025,11,9,17,41,28,6,1,0,0,0,0,1
5700,174945,14,0,2,0,16,1,2025,11,9,17,59,7,6,1,0,0,0,0,1
5701,174945,14,0,0,0,14,1,2025,11,9,18,16,44,6,1,0,0,0,1,0
5702,174945,17,0,0,0,17,1,2025,11,9,18,34,22,6,1,0,0,0,1,0
5703,174945,19,0,0,0,19,1,2025,11,9,18,51,58,6,1,0,0,0,1,0
5704,174945,11,0,1,0,12,1,2025,11,9,19,9,36,6,1,0,0,0,1,0
5705,174945,13,0,0,0,13,1,2025,11,9,19,27,13,6,1,0,0,0,1,0
5706,174945,12,0,0,0,12,1,2025,11,9,19,44,48,6,1,0,0,0,1,0
5707,174945,7,0,0,0,7,1,2025,11,11,7,59,38,6,1,0,0,1,0,0
5708,174945,5,0,0,0,5,1,2025,11,11,8,17,11,6,1,0,0,1,0,0
5709,174945,7,0,0,0,7,1,2025,11,11,8,34,46,6,1,0,0,1,0,0
5710,174945,6,0,0,0,6,1,2025,11,11,8,52,21,6,1,0,0,1,0,0
5711,174945,6,0,0,0,6,1,2025,11,11,9,9,57,6,1,0,0,1,0,0
5712,174945,6,0,0,0,6,1,2025,11,11,9,27,33,6,1,0,0,1,0,0
5713,174945,4,0,0,0,4,1,2025,11,11,14,34,56,6,1,0,0,0,0,1
5714,174945,6,1,1,0,8,2,2025,11,11,14,52,36,6,1,0,0,0,0,1
5715,174945,6,2,1,0,9,1,2025,11,11,15,10,16,6,1,0,0,0,0,1
5716,174945,8,1,0,0,9,1,2025,11,11,15,27,58,6,1,0,0,0,0,1
5717,174945,2,1,0,0,3,1,2025,11,11,15,45,40,6,1,0,0,0,0,1
5718,174945,7,0,0,0,7,1,2025,11,11,16,3,19,6,1,0,0,0,0,1
5719,174945,7,1,0,0,8,1,2025,11,11,17,48,2,6,1,0,0,0,0,1
5720,174945,8,0,0,0,8,1,2025,11,11,18,5,39,6,1,0,0,0,1,0
5721,174945,5,0,0,0,5,0,2025,11,11,18,23,13,6,1,0,0,0,1,0
5722,174945,5,1,0,0,6,1,2025,11,11,18,40,53,6,1,0,0,0,1,0
5723,174945,10,0,0,0,10,1,2025,11,11,18,58,31,6,1,0,0,0,1,0
5724,174945,5,1,0,0,6,1,2025,11,11,19,16,8,6,1,0,0,0,1,0
5725,174945,3,2,0,0,5,1,2025,11,11,19,33,45,6,1,0,0,0,1,0
5726,174945,6,1,0,0,7,1,2025,11,11,19,51,27,6,1,0,0,0,1,0
5727,174945,20,1,2,0,23,1,2025,11,12,8,37,21,6,1,0,0,1,0,0
5728,174945,15,2,2,0,19,1,2025,11,12,8,55,5,6,1,0,0,1,0,0
5729,174945,17,1,1,0,19,2,2025,11,12,9,12,52,6,1,0,0,1,0,0
5730,174945,20,0,0,0,20,1,2025,11,12,9,30,45,6,1,0,0,1,0,0
5731,174945,1,0,0,0,1,0,2025,11,12,12,35,17,6,1,0,0,0,0,1
5732,174945,4,0,0,0,4,0,2025,11,14,9,7,18,6,1,0,0,1,0,0
5733,174945,6,0,1,0,7,1,2025,11,14,9,24,58,6,1,0,0,1,0,0
5734,174945,6,0,1,0,7,1,2025,11,14,9,42,38,6,1,0,0,1,0,0
5735,174945,4,1,0,0,5,1,2025,11,14,10,0,17,6,1,0,0,1,0,0
5736,174945,6,1,1,0,8,1,2025,11,14,10,18,0,6,1,0,0,1,0,0
5737,174945,4,0,0,0,4,0,2025,11,14,10,35,37,6,1,0,0,1,0,0
5738,174945,4,0,0,0,4,0,2025,11,15,9,51,32,6,1,0,0,1,0,0
5739,174945,6,0,0,0,6,0,2025,11,15,10,9,13,6,1,0,0,1,0,0
5740,174945,10,0,0,0,10,1,2025,11,15,10,26,55,6,1,0,0,1,0,0
5741,174945,4,1,0,0,5,1,2025,11,15,10,44,47,6,1,0,0,1,0,0
5742,174945,7,0,0,0,7,1,2025,11,15,11,2,24,6,1,0,0,1,0,0
5743,174945,2,0,0,0,2,0,2025,11,15,11,20,5,6,1,0,0,1,0,0
5744,174945,6,0,0,0,6,1,2025,11,15,11,37,46,6,1,0,0,1,0,0
5745,174945,2,0,0,0,2,0,2025,11,15,11,55,26,6,1,0,0,1,0,0
5746,174945,4,0,0,0,4,0,2025,11,15,12,13,6,6,1,0,0,0,0,1
5747,174945,25,3,1,0,29,2,2025,11,15,12,30,45,6,1,0,0,0,0,1
5748,174945,19,1,0,0,20,1,2025,11,15,12,48,27,6,1,0,0,0,0,1
5749,174945,22,2,0,0,24,2,2025,11,15,13,6,6,6,1,0,0,0,0,1
5750,174945,8,0,0,0,8,1,2025,11,16,8,9,29,6,1,0,0,1,0,0
5751,174945,9,0,0,0,9,1,2025,11,16,8,27,12,6,1,0,0,1,0,0
5752,174945,10,1,0,0,11,1,2025,11,16,8,44,59,6,1,0,0,1,0,0
5753,174945,7,1,0,0,8,0,2025,11,16,9,2,40,6,1,0,0,1,0,0
5754,174945,10,0,0,0,10,0,2025,11,16,9,20,21,6,1,0,0,1,0,0
5755,174945,14,0,0,0,14,1,2025,11,16,9,38,3,6,1,0,0,1,0,0
5756,174945,9,0,0,0,9,0,2025,11,16,9,55,44,6,1,0,0,1,0,0
5757,174945,10,3,0,0,13,1,2025,11,16,10,13,32,6,1,0,0,1,0,0
5758,174945,11,2,0,0,13,1,2025,11,16,10,31,19,6,1,0,0,1,0,0
5759,174945,11,0,0,0,11,1,2025,11,16,10,49,11,6,1,0,0,1,0,0
5760,174945,10,1,0,0,11,1,2025,11,16,11,7,4,6,1,0,0,1,0,0
5761,174945,10,0,0,0,10,1,2025,11,17,8,23,56,6,1,0,0,1,0,0
5762,174945,5,2,0,0,7,1,2025,11,17,8,41,39,6,1,0,0,1,0,0
5763,174945,3,0,0,0,3,0,2025,11,17,8,59,17,6,1,0,0,1,0,0
5764,174945,3,0,0,0,3,0,2025,11,17,9,16,57,6,1,0,0,1,0,0
5765,174945,2,1,1,0,4,0,2025,11,17,9,34,36,6,1,0,0,1,0,0
5766,174945,4,0,1,0,5,1,2025,11,17,9,52,15,6,1,0,0,1,0,0
5767,174945,2,0,1,0,3,0,2025,11,17,10,9,52,6,1,0,0,1,0,0
5768,174945,5,0,0,0,5,0,2025,11,17,10,27,35,6,1,0,0,1,0,0
5769,174945,2,1,0,0,3,1,2025,11,17,12,34,34,6,1,0,0,0,0,1
5770,174945,2,0,0,0,2,0,2025,11,17,12,52,12,6,1,0,0,0,0,1
5771,174945,6,0,0,0,6,0,2025,11,17,13,9,53,6,1,0,0,0,0,1
5772,175471,4,0,1,0,5,2,2025,10,27,8,27,17,6,0,0,1,1,0,0
5773,175471,2,0,0,0,2,0,2025,10,27,8,45,3,6,0,0,1,1,0,0
5774,175471,5,0,0,0,5,1,2025,10,27,9,2,41,6,0,0,1,1,0,0
5775,175471,5,2,2,0,9,1,2025,10,27,9,20,21,6,0,0,1,1,0,0
5776,175471,3,1,0,0,4,2,2025,10,27,9,38,3,6,0,0,1,1,0,0
5777,175471,7,0,1,0,8,1,2025,10,27,9,55,48,6,0,0,1,1,0,0
5778,175471,2,0,1,0,3,0,2025,10,27,10,13,34,6,0,0,1,1,0,0
5779,175471,0,0,0,0,0,0,2025,10,27,10,31,20,6,0,0,1,1,0,0
5780,175471,4,0,0,0,4,1,2025,10,27,12,40,23,6,0,0,1,0,0,1
5781,175471,4,0,0,0,4,2,2025,10,27,12,58,7,6,0,0,1,0,0,1
5782,175471,3,1,0,0,4,0,2025,10,27,13,15,55,6,0,0,1,0,0,1
5783,175471,3,1,0,0,4,0,2025,10,27,13,21,1,6,0,0,1,0,0,1
5784,175471,2,1,1,0,4,1,2025,10,27,13,57,24,6,0,0,1,0,0,1
5785,175471,4,0,0,0,4,1,2025,10,27,14,55,40,6,0,0,1,0,0,1
5786,175471,5,1,2,0,8,2,2025,10,27,15,13,26,6,0,0,1,0,0,1
5787,175471,0,0,0,0,0,0,2025,10,27,15,31,16,6,0,0,1,0,0,1
5788,175471,4,0,0,0,4,0,2025,10,27,15,48,58,6,0,0,1,0,0,1
5789,175471,3,0,0,0,3,1,2025,10,27,18,3,2,6,0,0,1,0,1,0
5790,175471,3,0,1,0,4,0,2025,10,27,18,20,38,6,0,0,1,0,1,0
5791,175471,13,1,0,0,14,1,2025,10,27,18,38,15,6,0,0,1,0,1,0
5792,175471,4,0,0,0,4,0,2025,10,28,7,56,29,6,0,0,1,1,0,0
5793,175471,6,1,0,0,7,1,2025,10,28,8,14,6,6,0,0,1,1,0,0
5794,175471,5,0,0,0,5,1,2025,10,28,8,31,41,6,0,0,1,1,0,0
5795,175471,0,0,0,0,0,0,2025,10,28,8,49,18,6,0,0,1,1,0,0
5796,175471,2,0,0,0,2,1,2025,10,28,9,6,53,6,0,0,1,1,0,0
5797,175471,6,0,0,0,6,1,2025,10,28,9,24,31,6,0,0,1,1,0,0
5798,175471,1,0,0,0,1,0,2025,10,28,9,42,11,6,0,0,1,1,0,0
5799,175471,6,0,0,0,6,0,2025,10,28,13,27,58,6,0,0,1,0,0,1
5800,175471,3,1,1,0,5,1,2025,10,28,14,45,51,6,0,0,1,0,0,1
5801,175471,5,1,0,0,6,1,2025,10,28,15,3,33,6,0,0,1,0,0,1
5802,175471,2,0,0,0,2,0,2025,10,28,15,21,24,6,0,0,1,0,0,1
5803,175471,10,0,0,0,10,1,2025,10,28,15,39,8,6,0,0,1,0,0,1
5804,175471,2,0,0,0,2,0,2025,10,28,15,56,53,6,0,0,1,0,0,1
5805,175471,7,1,1,0,9,0,2025,10,28,17,49,9,6,0,0,1,0,0,1
5806,175471,12,0,0,0,12,1,2025,10,28,18,6,47,6,0,0,1,0,1,0
5807,175471,6,1,0,0,7,0,2025,10,28,18,24,28,6,0,0,1,0,1,0
5808,175471,11,0,0,0,11,1,2025,10,28,18,42,5,6,0,0,1,0,1,0
5809,175471,3,0,0,0,3,1,2025,10,28,18,59,44,6,0,0,1,0,1,0
5810,175471,2,0,0,0,2,0,2025,10,28,19,17,21,6,0,0,1,0,1,0
5811,175471,8,0,0,0,8,2,2025,10,28,19,35,0,6,0,0,1,0,1,0
5812,175471,4,0,0,0,4,0,2025,10,28,19,52,38,6,0,0,1,0,1,0
5813,175471,2,0,1,0,3,1,2025,10,29,8,23,48,6,0,0,1,1,0,0
5814,175471,4,1,0,0,5,2,2025,10,29,8,41,25,6,0,0,1,1,0,0
5815,175471,6,0,0,0,6,0,2025,10,29,8,59,1,6,0,0,1,1,0,0
5816,175471,5,0,0,0,5,0,2025,10,29,9,16,36,6,0,0,1,1,0,0
5817,175471,6,2,0,0,8,1,2025,10,29,9,34,12,6,0,0,1,1,0,0
5818,175471,6,2,0,0,8,0,2025,10,29,9,51,49,6,0,0,1,1,0,0
5819,175471,4,0,0,0,4,0,2025,10,29,10,9,28,6,0,0,1,1,0,0
5820,175471,6,1,1,0,8,1,2025,10,29,10,27,6,6,0,0,1,1,0,0
5821,175471,3,1,0,0,4,0,2025,10,29,10,44,45,6,0,0,1,1,0,0
5822,175471,3,0,0,0,3,1,2025,10,29,12,33,38,6,0,0,1,0,0,1
5823,175471,6,1,1,0,8,2,2025,10,29,12,51,19,6,0,0,1,0,0,1
5824,175471,5,1,1,0,7,2,2025,10,29,13,9,9,6,0,0,1,0,0,1
5825,175471,4,0,0,0,4,0,2025,10,29,13,26,50,6,0,0,1,0,0,1
5826,175471,3,0,0,0,3,0,2025,10,29,13,44,35,6,0,0,1,0,0,1
5827,175471,4,0,0,0,4,0,2025,10,29,14,44,17,6,0,0,1,0,0,1
5828,175471,8,0,0,0,8,0,2025,10,29,15,2,4,6,0,0,1,0,0,1
5829,175471,8,0,0,0,8,1,2025,10,29,15,19,45,6,0,0,1,0,0,1
5830,175471,5,0,0,0,5,0,2025,10,29,15,37,24,6,0,0,1,0,0,1
5831,175471,4,1,0,0,5,0,2025,10,29,15,55,6,6,0,0,1,0,0,1
5832,175471,4,0,1,0,5,0,2025,10,30,8,20,42,6,0,0,1,1,0,0
5833,175471,9,0,0,0,9,0,2025,10,30,8,38,25,6,0,0,1,1,0,0
5834,175471,1,0,0,0,1,0,2025,10,30,8,56,7,6,0,0,1,1,0,0
5835,175471,4,0,0,0,4,0,2025,10,30,9,13,59,6,0,0,1,1,0,0
5836,175471,3,0,0,0,3,0,2025,10,30,9,32,9,6,0,0,1,1,0,0
5837,175471,9,1,1,0,11,1,2025,10,30,9,49,58,6,0,0,1,1,0,0
5838,175471,3,0,0,0,3,0,2025,10,30,10,7,56,6,0,0,1,1,0,0
5839,175471,5,1,0,0,6,1,2025,10,30,10,25,40,6,0,0,1,1,0,0
5840,175471,7,0,1,0,8,1,2025,10,30,10,43,21,6,0,0,1,1,0,0
5841,175471,5,0,0,0,5,0,2025,10,30,12,29,56,6,0,0,1,0,0,1
5842,175471,2,0,0,0,2,0,2025,10,30,12,47,27,6,0,0,1,0,0,1
5843,175471,6,2,0,0,8,1,2025,10,30,13,5,10,6,0,0,1,0,0,1
5844,175471,7,1,0,0,8,0,2025,10,30,13,22,57,6,0,0,1,0,0,1
5845,175471,3,0,0,0,3,0,2025,10,30,13,40,43,6,0,0,1,0,0,1
5846,175471,5,1,0,0,6,1,2025,10,30,13,58,28,6,0,0,1,0,0,1
5847,175471,4,0,0,0,4,0,2025,10,30,14,57,30,6,0,0,1,0,0,1
5848,175471,12,0,1,0,13,3,2025,10,30,15,15,24,6,0,0,1,0,0,1
5849,175471,9,0,0,0,9,1,2025,10,30,15,33,7,6,0,0,1,0,0,1
5850,175471,2,0,0,0,2,0,2025,10,30,15,57,54,6,0,0,1,0,0,1
5851,175471,8,0,0,0,8,1,2025,10,30,16,15,41,6,0,0,1,0,0,1
5852,175471,3,0,0,0,3,0,2025,10,30,22,45,53,6,0,0,1,0,1,0
5853,175471,10,2,0,0,12,1,2025,10,31,8,25,21,6,0,0,1,1,0,0
5854,175471,6,1,0,0,7,1,2025,10,31,8,43,10,6,0,0,1,1,0,0
5855,175471,9,0,0,0,9,0,2025,10,31,9,0,56,6,0,0,1,1,0,0
5856,175471,5,1,0,0,6,0,2025,10,31,9,18,40,6,0,0,1,1,0,0
5857,175471,5,0,0,0,5,0,2025,10,31,9,44,18,6,0,0,1,1,0,0
5858,175471,8,0,0,0,8,0,2025,10,31,10,2,1,6,0,0,1,1,0,0
5859,175471,8,2,0,0,10,0,2025,10,31,10,19,44,6,0,0,1,1,0,0
5860,175471,5,0,0,0,5,0,2025,10,31,10,37,23,6,0,0,1,1,0,0
5861,175471,8,0,0,0,8,1,2025,10,31,15,3,49,6,0,0,1,0,0,1
5862,175471,11,0,0,0,11,1,2025,10,31,15,21,42,6,0,0,1,0,0,1
5863,175471,5,1,0,0,6,1,2025,10,31,15,39,32,6,0,0,1,0,0,1
5864,175471,7,0,0,0,7,1,2025,10,31,15,57,22,6,0,0,1,0,0,1
5865,175471,3,0,1,0,4,1,2025,11,1,8,55,2,6,0,0,1,1,0,0
5866,175471,2,0,0,0,2,0,2025,11,1,9,12,53,6,0,0,1,1,0,0
5867,175471,1,1,1,0,3,0,2025,11,1,9,30,39,6,0,0,1,1,0,0
5868,175471,1,0,0,0,1,0,2025,11,1,9,48,33,6,0,0,1,1,0,0
5869,175471,2,0,1,0,3,0,2025,11,1,10,6,16,6,0,0,1,1,0,0
5870,175471,1,1,1,0,3,0,2025,11,1,10,24,0,6,0,0,1,1,0,0
5871,175471,6,1,0,0,7,1,2025,11,1,10,41,56,6,0,0,1,1,0,0
5872,175471,8,0,0,0,8,1,2025,11,1,10,59,42,6,0,0,1,1,0,0
5873,175471,2,0,0,0,2,0,2025,11,1,11,17,29,6,0,0,1,1,0,0
5874,175471,2,0,0,0,2,1,2025,11,1,11,35,6,6,0,0,1,1,0,0
5875,175471,9,0,0,0,9,0,2025,11,1,11,53,0,6,0,0,1,1,0,0
5876,175471,7,0,0,0,7,0,2025,11,1,12,10,47,6,0,0,1,0,0,1
5877,175471,12,0,0,0,12,2,2025,11,1,12,28,40,6,0,0,1,0,0,1
5878,175471,6,0,0,0,6,0,2025,11,1,12,46,35,6,0,0,1,0,0,1
5879,175471,6,0,0,0,6,0,2025,11,1,13,4,22,6,0,0,1,0,0,1
5880,175471,8,0,1,0,9,1,2025,11,1,13,22,11,6,0,0,1,0,0,1
5881,175471,7,2,0,0,9,0,2025,11,1,13,39,57,6,0,0,1,0,0,1
5882,175471,9,1,0,0,10,1,2025,11,1,13,57,48,6,0,0,1,0,0,1
5883,175471,2,0,0,0,2,1,2025,11,1,14,15,37,6,0,0,1,0,0,1
5884,175471,6,0,0,0,6,1,2025,11,1,14,33,56,6,0,0,1,0,0,1
5885,175471,6,0,0,0,6,1,2025,11,1,14,51,53,6,0,0,1,0,0,1
5886,175471,3,0,0,0,3,0,2025,11,1,15,9,42,6,0,0,1,0,0,1
5887,175471,3,0,0,0,3,0,2025,11,1,15,27,28,6,0,0,1,0,0,1
5888,175471,2,0,0,0,2,0,2025,11,1,15,45,27,6,0,0,1,0,0,1
5889,175471,8,0,0,0,8,0,2025,11,1,16,3,16,6,0,0,1,0,0,1
5890,175471,4,0,0,0,4,1,2025,11,1,16,21,5,6,0,0,1,0,0,1
5891,175471,3,0,0,0,3,0,2025,11,1,16,38,58,6,0,0,1,0,0,1
5892,175471,2,0,1,0,3,0,2025,11,1,16,56,58,6,0,0,1,0,0,1
5893,175471,2,0,0,0,2,0,2025,11,1,17,14,52,6,0,0,1,0,0,1
5894,175471,1,0,0,0,1,0,2025,11,1,17,32,36,6,0,0,1,0,0,1
5895,175471,5,0,0,0,5,0,2025,11,1,17,50,31,6,0,0,1,0,0,1
5896,175471,6,1,0,0,7,1,2025,11,1,18,8,25,6,0,0,1,0,1,0
5897,175471,3,0,2,0,5,0,2025,11,1,18,27,14,6,0,0,1,0,1,0
5898,175471,3,0,0,0,3,1,2025,11,1,18,45,5,6,0,0,1,0,1,0
5899,175471,5,0,0,0,5,0,2025,11,1,19,2,50,6,0,0,1,0,1,0
5900,175471,2,0,0,0,2,0,2025,11,1,19,37,24,6,0,0,1,0,1,0
5901,175471,3,0,0,0,3,0,2025,11,2,10,16,58,6,0,0,1,1,0,0
5902,175471,5,0,0,0,5,1,2025,11,2,10,34,51,6,0,0,1,1,0,0
5903,175471,0,0,0,0,0,0,2025,11,2,10,52,35,6,0,0,1,1,0,0
5904,175471,8,0,0,0,8,0,2025,11,2,11,10,29,6,0,0,1,1,0,0
5905,175471,3,0,0,0,3,0,2025,11,2,11,28,18,6,0,0,1,1,0,0
5906,175471,3,0,0,0,3,0,2025,11,2,12,11,34,6,0,0,1,0,0,1
5907,175471,0,0,0,0,0,0,2025,11,2,12,29,19,6,0,0,1,0,0,1
5908,175471,3,0,0,0,3,0,2025,11,2,12,47,8,6,0,0,1,0,0,1
5909,175471,3,0,0,0,3,1,2025,11,2,13,4,50,6,0,0,1,0,0,1
5910,175471,3,0,0,0,3,0,2025,11,2,13,22,28,6,0,0,1,0,0,1
5911,175471,5,0,0,0,5,1,2025,11,2,13,40,7,6,0,0,1,0,0,1
5912,175471,3,0,0,0,3,0,2025,11,2,13,57,46,6,0,0,1,0,0,1
5913,175471,4,0,0,0,4,1,2025,11,2,14,15,25,6,0,0,1,0,0,1
5914,175471,4,0,1,0,5,1,2025,11,2,14,33,0,6,0,0,1,0,0,1
5915,175471,1,0,0,0,1,0,2025,11,2,14,50,36,6,0,0,1,0,0,1
5916,175471,3,0,0,0,3,0,2025,11,2,15,51,8,6,0,0,1,0,0,1
5917,175471,4,0,0,0,4,0,2025,11,2,16,8,47,6,0,0,1,0,0,1
5918,175471,0,0,0,0,0,0,2025,11,2,16,26,27,6,0,0,1,0,0,1
5919,175471,3,1,0,0,4,1,2025,11,2,16,44,6,6,0,0,1,0,0,1
5920,175471,2,0,1,0,3,0,2025,11,3,8,9,21,6,0,0,1,1,0,0
5921,175471,2,0,0,0,2,0,2025,11,3,8,26,58,6,0,0,1,1,0,0
5922,175471,5,1,1,0,7,2,2025,11,3,8,44,37,6,0,0,1,1,0,0
5923,175471,7,2,0,0,9,1,2025,11,3,9,2,12,6,0,0,1,1,0,0
5924,175471,0,0,0,0,0,0,2025,11,3,9,19,49,6,0,0,1,1,0,0
5925,175471,3,0,0,0,3,1,2025,11,3,9,37,28,6,0,0,1,1,0,0
5926,175471,9,2,0,0,11,1,2025,11,4,8,9,39,6,0,0,1,1,0,0
5927,175471,8,0,0,0,8,0,2025,11,4,8,27,15,6,0,0,1,1,0,0
5928,175471,7,0,0,0,7,0,2025,11,4,8,44,52,6,0,0,1,1,0,0
5929,175471,1,0,0,0,1,0,2025,11,4,9,2,27,6,0,0,1,1,0,0
5930,175471,4,1,0,0,5,0,2025,11,4,9,20,6,6,0,0,1,1,0,0
5931,175471,5,2,0,0,7,1,2025,11,4,9,37,45,6,0,0,1,1,0,0
5932,175471,5,2,0,0,7,2,2025,11,4,12,8,59,6,0,0,1,0,0,1
5933,175471,4,2,1,0,7,1,2025,11,4,12,37,19,6,0,0,1,0,0,1
5934,175471,1,0,0,0,1,0,2025,11,4,12,55,0,6,0,0,1,0,0,1
5935,175471,5,0,0,0,5,0,2025,11,4,13,4,25,6,0,0,1,0,0,1
5936,175471,3,0,0,0,3,0,2025,11,4,13,22,5,6,0,0,1,0,0,1
5937,175471,8,0,0,0,8,0,2025,11,4,13,39,44,6,0,0,1,0,0,1
5938,175471,3,0,0,0,3,0,2025,11,4,14,34,6,6,0,0,1,0,0,1
5939,175471,4,2,0,0,6,1,2025,11,4,14,51,45,6,0,0,1,0,0,1
5940,175471,4,1,0,0,5,1,2025,11,4,15,9,33,6,0,0,1,0,0,1
5941,175471,6,0,1,0,7,1,2025,11,4,15,27,19,6,0,0,1,0,0,1
5942,175471,7,2,0,0,9,1,2025,11,4,15,45,18,6,0,0,1,0,0,1
5943,175471,3,0,0,0,3,1,2025,11,4,16,2,59,6,0,0,1,0,0,1
5944,175471,7,0,1,0,8,1,2025,11,4,18,0,13,6,0,0,1,0,1,0
5945,175471,3,0,0,0,3,0,2025,11,4,18,17,49,6,0,0,1,0,1,0
5946,175471,6,0,0,0,6,0,2025,11,4,18,35,28,6,0,0,1,0,1,0
5947,175471,1,0,0,0,1,0,2025,11,4,18,53,7,6,0,0,1,0,1,0
5948,175471,3,0,0,0,3,0,2025,11,4,19,10,44,6,0,0,1,0,1,0
5949,175471,6,2,0,0,8,1,2025,11,4,19,28,24,6,0,0,1,0,1,0
5950,175471,7,0,0,0,7,1,2025,11,4,19,46,1,6,0,0,1,0,1,0
5951,175471,1,0,0,0,1,0,2025,11,4,20,3,37,6,0,0,1,0,1,0
5952,175471,3,0,0,0,3,0,2025,11,4,20,21,14,6,0,0,1,0,1,0
5953,175471,3,0,0,0,3,0,2025,11,4,20,38,54,6,0,0,1,0,1,0
5954,175471,0,0,0,0,0,0,2025,11,5,7,51,26,6,0,0,1,1,0,0
5955,175471,6,1,1,0,8,2,2025,11,5,8,9,4,6,0,0,1,1,0,0
5956,175471,7,1,0,0,8,1,2025,11,5,8,26,41,6,0,0,1,1,0,0
5957,175471,4,0,0,0,4,0,2025,11,5,8,44,16,6,0,0,1,1,0,0
5958,175471,5,1,1,0,7,2,2025,11,5,9,1,53,6,0,0,1,1,0,0
5959,175471,7,1,0,0,8,1,2025,11,5,9,19,29,6,0,0,1,1,0,0
5960,175471,0,0,0,0,0,0,2025,11,5,9,37,6,6,0,0,1,1,0,0
5961,175471,3,0,0,0,3,1,2025,11,5,9,54,42,6,0,0,1,1,0,0
5962,175471,5,0,0,0,5,0,2025,11,5,10,12,20,6,0,0,1,1,0,0
5963,175471,5,0,0,0,5,0,2025,11,5,10,29,57,6,0,0,1,1,0,0
5964,175471,2,0,0,0,2,0,2025,11,5,10,47,32,6,0,0,1,1,0,0
5965,175471,3,0,0,0,3,0,2025,11,5,12,44,14,6,0,0,1,0,0,1
5966,175471,3,0,0,0,3,0,2025,11,5,13,1,54,6,0,0,1,0,0,1
5967,175471,9,0,0,0,9,1,2025,11,5,13,19,34,6,0,0,1,0,0,1
5968,175471,5,0,0,0,5,0,2025,11,5,13,37,18,6,0,0,1,0,0,1
5969,175471,3,0,0,0,3,0,2025,11,5,13,54,59,6,0,0,1,0,0,1
5970,175471,5,0,0,0,5,0,2025,11,5,14,46,50,6,0,0,1,0,0,1
5971,175471,7,0,0,0,7,0,2025,11,5,15,4,29,6,0,0,1,0,0,1
5972,175471,1,0,0,0,1,0,2025,11,5,15,22,10,6,0,0,1,0,0,1
5973,175471,6,1,0,0,7,1,2025,11,5,15,39,53,6,0,0,1,0,0,1
5974,175471,2,0,0,0,2,0,2025,11,5,15,57,37,6,0,0,1,0,0,1
5975,175471,8,0,0,0,8,1,2025,11,6,7,50,55,6,0,0,1,1,0,0
5976,175471,3,0,0,0,3,0,2025,11,6,8,8,39,6,0,0,1,1,0,0
5977,175471,4,0,0,0,4,1,2025,11,6,8,27,10,6,0,0,1,1,0,0
5978,175471,5,0,0,0,5,0,2025,11,6,8,44,49,6,0,0,1,1,0,0
5979,175471,0,0,0,0,0,0,2025,11,6,9,2,33,6,0,0,1,1,0,0
5980,175471,6,0,0,0,6,0,2025,11,6,9,20,13,6,0,0,1,1,0,0
5981,175471,4,0,0,0,4,0,2025,11,6,9,38,1,6,0,0,1,1,0,0
5982,175471,4,0,0,0,4,0,2025,11,6,9,55,51,6,0,0,1,1,0,0
5983,175471,3,1,0,0,4,0,2025,11,6,10,13,39,6,0,0,1,1,0,0
5984,175471,8,0,0,0,8,0,2025,11,6,10,31,22,6,0,0,1,1,0,0
5985,175471,2,0,0,0,2,0,2025,11,6,12,31,14,6,0,0,1,0,0,1
5986,175471,1,1,0,0,2,0,2025,11,6,12,48,54,6,0,0,1,0,0,1
5987,175471,0,0,0,0,0,0,2025,11,6,13,6,34,6,0,0,1,0,0,1
5988,175471,2,0,0,0,2,0,2025,11,6,13,39,55,6,0,0,1,0,0,1
5989,175471,2,0,1,0,3,1,2025,11,6,13,57,37,6,0,0,1,0,0,1
5990,175471,4,1,0,0,5,1,2025,11,7,9,38,47,6,0,0,1,1,0,0
5991,175471,1,1,0,0,2,0,2025,11,7,10,14,4,6,0,0,1,1,0,0
5992,175471,5,0,0,0,5,0,2025,11,7,10,31,41,6,0,0,1,1,0,0
5993,175471,8,0,0,0,8,0,2025,11,7,13,14,35,6,0,0,1,0,0,1
5994,175471,2,1,0,0,3,0,2025,11,7,13,32,12,6,0,0,1,0,0,1
5995,175471,9,0,0,0,9,1,2025,11,7,13,49,51,6,0,0,1,0,0,1
5996,175471,7,1,0,0,8,1,2025,11,7,15,37,24,6,0,0,1,0,0,1
5997,175471,9,0,0,0,9,0,2025,11,7,15,55,5,6,0,0,1,0,0,1
5998,175471,1,0,0,0,1,1,2025,11,8,7,54,56,6,0,0,1,1,0,0
5999,175471,0,0,0,0,0,0,2025,11,8,8,12,36,6,0,0,1,1,0,0
6000,175471,2,0,0,0,2,0,2025,11,8,8,30,15,6,0,0,1,1,0,0
6001,175471,2,0,0,0,2,0,2025,11,8,8,47,50,6,0,0,1,1,0,0
6002,175471,1,0,0,0,1,0,2025,11,8,9,52,30,6,0,0,1,1,0,0
6003,175471,0,1,0,0,1,0,2025,11,8,10,31,57,6,0,0,1,1,0,0
6004,175471,3,0,0,0,3,0,2025,11,8,10,49,34,6,0,0,1,1,0,0
6005,175471,1,0,0,0,1,0,2025,11,8,11,7,14,6,0,0,1,1,0,0
6006,175471,3,0,0,0,3,1,2025,11,8,11,24,54,6,0,0,1,1,0,0
6007,175471,3,0,0,0,3,1,2025,11,8,11,42,33,6,0,0,1,1,0,0
6008,175471,7,0,0,0,7,0,2025,11,8,12,0,12,6,0,0,1,0,0,1
6009,175471,5,0,0,0,5,0,2025,11,8,12,17,46,6,0,0,1,0,0,1
6010,175471,6,0,0,0,6,1,2025,11,8,12,35,22,6,0,0,1,0,0,1
6011,175471,5,0,0,0,5,0,2025,11,8,12,52,59,6,0,0,1,0,0,1
6012,175471,3,0,0,0,3,0,2025,11,8,13,10,35,6,0,0,1,0,0,1
6013,175471,3,0,2,0,5,1,2025,11,8,13,28,13,6,0,0,1,0,0,1
6014,175471,1,0,0,0,1,0,2025,11,8,13,45,51,6,0,0,1,0,0,1
6015,175471,1,0,0,0,1,0,2025,11,8,14,3,27,6,0,0,1,0,0,1
6016,175471,3,0,0,0,3,0,2025,11,8,14,21,4,6,0,0,1,0,0,1
6017,175471,3,0,0,0,3,1,2025,11,8,14,38,42,6,0,0,1,0,0,1
6018,175471,6,0,0,0,6,1,2025,11,8,15,34,26,6,0,0,1,0,0,1
6019,175471,1,0,0,0,1,0,2025,11,8,15,52,5,6,0,0,1,0,0,1
6020,175471,4,0,0,0,4,0,2025,11,8,16,9,44,6,0,0,1,0,0,1
6021,175471,2,0,0,0,2,0,2025,11,8,16,27,25,6,0,0,1,0,0,1
6022,175471,1,0,0,0,1,0,2025,11,8,16,45,5,6,0,0,1,0,0,1
6023,175471,3,0,0,0,3,0,2025,11,8,17,2,40,6,0,0,1,0,0,1
6024,175471,2,0,0,0,2,0,2025,11,8,18,55,29,6,0,0,1,0,1,0
6025,175471,2,0,0,0,2,0,2025,11,8,19,13,8,6,0,0,1,0,1,0
6026,175471,0,0,0,0,0,0,2025,11,8,19,30,47,6,0,0,1,0,1,0
6027,175471,7,0,0,0,7,0,2025,11,8,19,48,21,6,0,0,1,0,1,0
6028,175471,0,0,0,0,0,0,2025,11,9,8,29,53,6,0,0,1,1,0,0
6029,175471,0,0,0,0,0,0,2025,11,9,8,47,29,6,0,0,1,1,0,0
6030,175471,0,0,0,0,0,0,2025,11,9,9,5,7,6,0,0,1,1,0,0
6031,175471,3,0,0,0,3,1,2025,11,9,9,22,43,6,0,0,1,1,0,0
6032,175471,1,0,1,0,2,0,2025,11,9,9,40,22,6,0,0,1,1,0,0
6033,175471,2,0,0,0,2,0,2025,11,9,9,58,1,6,0,0,1,1,0,0
6034,175471,2,0,0,0,2,0,2025,11,9,10,15,40,6,0,0,1,1,0,0
6035,175471,0,0,0,0,0,0,2025,11,9,10,33,15,6,0,0,1,1,0,0
6036,175471,3,0,0,0,3,0,2025,11,9,10,50,51,6,0,0,1,1,0,0
6037,175471,4,0,0,0,4,0,2025,11,9,11,8,28,6,0,0,1,1,0,0
6038,175471,4,0,0,0,4,0,2025,11,9,11,26,8,6,0,0,1,1,0,0
6039,175471,7,0,0,0,7,0,2025,11,9,11,43,52,6,0,0,1,1,0,0
6040,175471,3,0,0,0,3,0,2025,11,9,12,1,30,6,0,0,1,0,0,1
6041,175471,4,0,0,0,4,0,2025,11,9,12,19,8,6,0,0,1,0,0,1
6042,175471,2,0,0,0,2,0,2025,11,9,12,36,49,6,0,0,1,0,0,1
6043,175471,4,0,0,0,4,0,2025,11,9,12,54,29,6,0,0,1,0,0,1
6044,175471,0,0,1,0,1,0,2025,11,9,15,20,21,6,0,0,1,0,0,1
6045,175471,5,0,0,0,5,1,2025,11,9,15,38,1,6,0,0,1,0,0,1
6046,175471,4,1,0,0,5,0,2025,11,9,15,55,40,6,0,0,1,0,0,1
6047,175471,3,0,0,0,3,0,2025,11,9,16,13,20,6,0,0,1,0,0,1
6048,175471,0,1,0,0,1,0,2025,11,9,16,30,58,6,0,0,1,0,0,1
6049,175471,5,0,0,0,5,1,2025,11,9,16,48,33,6,0,0,1,0,0,1
6050,175471,5,0,0,0,5,0,2025,11,9,17,6,11,6,0,0,1,0,0,1
6051,175471,6,0,0,0,6,0,2025,11,9,17,23,50,6,0,0,1,0,0,1
6052,175471,2,0,0,0,2,0,2025,11,9,17,41,29,6,0,0,1,0,0,1
6053,175471,4,0,0,0,4,0,2025,11,9,17,59,8,6,0,0,1,0,0,1
6054,175471,5,0,0,0,5,0,2025,11,9,18,16,44,6,0,0,1,0,1,0
6055,175471,2,0,0,0,2,0,2025,11,9,18,34,23,6,0,0,1,0,1,0
6056,175471,0,0,0,0,0,0,2025,11,9,18,51,59,6,0,0,1,0,1,0
6057,175471,0,0,0,0,0,0,2025,11,9,19,9,37,6,0,0,1,0,1,0
6058,175471,3,0,0,0,3,0,2025,11,9,19,27,14,6,0,0,1,0,1,0
6059,175471,4,0,0,0,4,0,2025,11,9,19,44,49,6,0,0,1,0,1,0
6060,175471,6,0,0,0,6,0,2025,11,11,7,59,38,6,0,0,1,1,0,0
6061,175471,1,0,0,0,1,0,2025,11,11,8,17,12,6,0,0,1,1,0,0
6062,175471,10,1,0,0,11,0,2025,11,11,8,34,47,6,0,0,1,1,0,0
6063,175471,2,0,0,0,2,0,2025,11,11,8,52,22,6,0,0,1,1,0,0
6064,175471,5,0,0,0,5,1,2025,11,11,9,9,58,6,0,0,1,1,0,0
6065,175471,3,0,0,0,3,0,2025,11,11,9,27,34,6,0,0,1,1,0,0
6066,175471,2,0,1,0,3,0,2025,11,11,14,34,57,6,0,0,1,0,0,1
6067,175471,9,0,0,0,9,0,2025,11,11,14,52,37,6,0,0,1,0,0,1
6068,175471,2,0,1,0,3,0,2025,11,11,15,10,17,6,0,0,1,0,0,1
6069,175471,3,0,0,0,3,0,2025,11,11,15,27,59,6,0,0,1,0,0,1
6070,175471,6,0,1,0,7,1,2025,11,11,15,45,41,6,0,0,1,0,0,1
6071,175471,5,0,0,0,5,1,2025,11,11,16,3,20,6,0,0,1,0,0,1
6072,175471,5,0,0,0,5,0,2025,11,11,17,48,3,6,0,0,1,0,0,1
6073,175471,8,1,0,0,9,3,2025,11,11,18,5,40,6,0,0,1,0,1,0
6074,175471,10,1,0,0,11,1,2025,11,11,18,23,15,6,0,0,1,0,1,0
6075,175471,4,0,0,0,4,0,2025,11,11,18,40,54,6,0,0,1,0,1,0
6076,175471,7,0,0,0,7,0,2025,11,11,18,58,32,6,0,0,1,0,1,0
6077,175471,7,0,0,0,7,0,2025,11,11,19,16,9,6,0,0,1,0,1,0
6078,175471,5,0,0,0,5,0,2025,11,11,19,33,45,6,0,0,1,0,1,0
6079,175471,0,0,0,0,0,0,2025,11,11,19,51,27,6,0,0,1,0,1,0
6080,175471,2,0,0,0,2,0,2025,11,12,8,37,23,6,0,0,1,1,0,0
6081,175471,7,3,0,0,10,1,2025,11,12,8,55,6,6,0,0,1,1,0,0
6082,175471,3,1,0,0,4,0,2025,11,12,9,12,55,6,0,0,1,1,0,0
6083,175471,2,1,0,0,3,1,2025,11,12,9,30,47,6,0,0,1,1,0,0
6084,175471,6,1,0,0,7,1,2025,11,12,12,35,19,6,0,0,1,0,0,1
6085,175471,1,1,0,0,2,0,2025,11,14,9,7,18,6,0,0,1,1,0,0
6086,175471,3,0,0,0,3,0,2025,11,14,9,42,40,6,0,0,1,1,0,0
6087,175471,6,0,0,0,6,0,2025,11,14,10,0,18,6,0,0,1,1,0,0
6088,175471,4,1,0,0,5,1,2025,11,14,10,18,1,6,0,0,1,1,0,0
6089,175471,5,1,0,0,6,1,2025,11,14,10,35,38,6,0,0,1,1,0,0
6090,175471,3,0,0,0,3,0,2025,11,15,9,51,33,6,0,0,1,1,0,0
6091,175471,1,0,0,0,1,0,2025,11,15,10,9,14,6,0,0,1,1,0,0
6092,175471,6,0,0,0,6,1,2025,11,15,10,26,56,6,0,0,1,1,0,0
6093,175471,2,0,0,0,2,0,2025,11,15,10,44,48,6,0,0,1,1,0,0
6094,175471,1,1,0,0,2,0,2025,11,15,11,2,25,6,0,0,1,1,0,0
6095,175471,4,0,0,0,4,0,2025,11,15,11,20,6,6,0,0,1,1,0,0
6096,175471,5,1,0,0,6,0,2025,11,15,11,37,47,6,0,0,1,1,0,0
6097,175471,7,0,0,0,7,0,2025,11,15,11,55,27,6,0,0,1,1,0,0
6098,175471,3,1,0,0,4,0,2025,11,15,12,13,8,6,0,0,1,0,0,1
6099,175471,2,1,0,0,3,0,2025,11,15,12,30,46,6,0,0,1,0,0,1
6100,175471,2,1,0,0,3,0,2025,11,15,12,48,28,6,0,0,1,0,0,1
6101,175471,3,1,0,0,4,0,2025,11,15,13,6,7,6,0,0,1,0,0,1
6102,175471,1,0,0,0,1,0,2025,11,16,8,9,30,6,0,0,1,1,0,0
6103,175471,0,0,0,0,0,0,2025,11,16,8,27,14,6,0,0,1,1,0,0
6104,175471,1,0,0,0,1,0,2025,11,16,8,45,0,6,0,0,1,1,0,0
6105,175471,0,0,0,0,0,0,2025,11,16,9,2,40,6,0,0,1,1,0,0
6106,175471,1,0,0,0,1,0,2025,11,16,9,20,22,6,0,0,1,1,0,0
6107,175471,0,0,0,0,0,0,2025,11,16,9,38,4,6,0,0,1,1,0,0
6108,175471,3,0,0,0,3,1,2025,11,16,9,55,45,6,0,0,1,1,0,0
6109,175471,2,0,0,0,2,0,2025,11,16,10,13,35,6,0,0,1,1,0,0
6110,175471,1,0,0,0,1,0,2025,11,16,10,31,20,6,0,0,1,1,0,0
6111,175471,5,0,0,0,5,0,2025,11,16,10,49,23,6,0,0,1,1,0,0
6112,175471,6,0,0,0,6,1,2025,11,16,11,7,7,6,0,0,1,1,0,0
6113,175471,5,1,0,0,6,1,2025,11,17,8,23,57,6,0,0,1,1,0,0
6114,175471,4,0,0,0,4,0,2025,11,17,8,41,40,6,0,0,1,1,0,0
6115,175471,8,0,0,0,8,0,2025,11,17,8,59,19,6,0,0,1,1,0,0
6116,175471,4,0,0,0,4,0,2025,11,17,9,16,58,6,0,0,1,1,0,0
6117,175471,4,0,0,0,4,0,2025,11,17,9,34,37,6,0,0,1,1,0,0
6118,175471,6,0,0,0,6,0,2025,11,17,9,52,16,6,0,0,1,1,0,0
6119,175471,4,0,0,0,4,0,2025,11,17,10,9,53,6,0,0,1,1,0,0
6120,175471,5,0,1,0,6,1,2025,11,17,10,27,36,6,0,0,1,1,0,0
6121,175471,1,0,0,0,1,0,2025,11,17,12,34,35,6,0,0,1,0,0,1
6122,175471,6,1,0,0,7,0,2025,11,17,12,52,13,6,0,0,1,0,0,1
6123,175471,5,0,0,0,5,0,2025,11,17,13,9,54,6,0,0,1,0,0,1
6124,598,21,0,1,0,22,1,2025,10,27,8,27,10,1,1,0,0,1,0,0
6125,598,15,1,0,0,16,1,2025,10,27,8,44,52,1,1,0,0,1,0,0
6126,598,15,1,0,0,16,1,2025,10,27,9,2,36,1,1,0,0,1,0,0
6127,598,14,2,0,0,16,1,2025,10,27,9,20,14,1,1,0,0,1,0,0
6128,598,8,3,0,0,11,1,2025,10,27,9,37,56,1,1,0,0,1,0,0
6129,598,15,1,0,0,16,1,2025,10,27,9,55,36,1,1,0,0,1,0,0
6130,598,10,3,0,0,13,1,2025,10,27,10,13,22,1,1,0,0,1,0,0
6131,598,21,1,0,0,22,1,2025,10,27,10,31,11,1,1,0,0,1,0,0
6132,598,12,2,0,0,14,0,2025,10,27,12,40,13,1,1,0,0,0,0,1
6133,598,18,0,0,0,18,0,2025,10,27,12,57,56,1,1,0,0,0,0,1
6134,598,21,0,0,0,21,1,2025,10,27,13,15,41,1,1,0,0,0,0,1
6135,598,21,0,0,0,21,1,2025,10,27,13,20,49,1,1,0,0,0,0,1
6136,598,11,3,0,0,14,1,2025,10,27,13,57,13,1,1,0,0,0,0,1
6137,598,16,2,0,0,18,1,2025,10,27,14,55,33,1,1,0,0,0,0,1
6138,598,21,0,0,0,21,1,2025,10,27,15,13,19,1,1,0,0,0,0,1
6139,598,18,2,0,0,20,1,2025,10,27,15,31,5,1,1,0,0,0,0,1
6140,598,26,0,1,0,27,1,2025,10,27,15,48,53,1,1,0,0,0,0,1
6141,598,28,0,1,0,29,1,2025,10,27,18,2,57,1,1,0,0,0,1,0
6142,598,33,2,0,0,35,1,2025,10,27,18,20,33,1,1,0,0,0,1,0
6143,598,29,1,0,0,30,1,2025,10,27,18,38,9,1,1,0,0,0,1,0
6144,598,19,1,0,0,20,1,2025,10,28,7,56,24,1,1,0,0,1,0,0
6145,598,16,1,0,0,17,1,2025,10,28,8,14,1,1,1,0,0,1,0,0
6146,598,13,1,0,0,14,1,2025,10,28,8,31,38,1,1,0,0,1,0,0
6147,598,10,2,0,0,12,1,2025,10,28,8,49,13,1,1,0,0,1,0,0
6148,598,6,0,0,0,6,0,2025,10,28,9,6,49,1,1,0,0,1,0,0
6149,598,7,2,0,0,9,0,2025,10,28,9,24,25,1,1,0,0,1,0,0
6150,598,10,2,0,0,12,0,2025,10,28,9,42,3,1,1,0,0,1,0,0
6151,598,17,3,0,0,20,1,2025,10,28,13,27,48,1,1,0,0,0,0,1
6152,598,21,3,0,0,24,1,2025,10,28,14,45,41,1,1,0,0,0,0,1
6153,598,19,0,0,0,19,1,2025,10,28,15,3,23,1,1,0,0,0,0,1
6154,598,20,3,1,0,24,1,2025,10,28,15,21,6,1,1,0,0,0,0,1
6155,598,19,2,0,0,21,2,2025,10,28,15,38,57,1,1,0,0,0,0,1
6156,598,16,0,1,0,17,1,2025,10,28,15,56,41,1,1,0,0,0,0,1
6157,598,20,0,2,0,22,1,2025,10,28,17,49,4,1,1,0,0,0,0,1
6158,598,28,0,0,0,28,1,2025,10,28,18,6,40,1,1,0,0,0,1,0
6159,598,19,2,0,0,21,1,2025,10,28,18,24,19,1,1,0,0,0,1,0
6160,598,27,0,0,0,27,2,2025,10,28,18,42,0,1,1,0,0,0,1,0
6161,598,15,0,0,0,15,1,2025,10,28,18,59,37,1,1,0,0,0,1,0
6162,598,22,1,0,0,23,1,2025,10,28,19,17,15,1,1,0,0,0,1,0
6163,598,16,1,0,0,17,1,2025,10,28,19,34,52,1,1,0,0,0,1,0
6164,598,16,1,0,0,17,0,2025,10,28,19,52,32,1,1,0,0,0,1,0
6165,598,23,4,0,0,27,2,2025,10,29,8,23,43,1,1,0,0,1,0,0
6166,598,21,1,1,0,23,2,2025,10,29,8,41,20,1,1,0,0,1,0,0
6167,598,16,3,0,0,19,1,2025,10,29,8,58,56,1,1,0,0,1,0,0
6168,598,20,4,1,0,25,2,2025,10,29,9,16,31,1,1,0,0,1,0,0
6169,598,21,1,0,0,22,1,2025,10,29,9,34,7,1,1,0,0,1,0,0
6170,598,20,2,0,0,22,2,2025,10,29,9,51,44,1,1,0,0,1,0,0
6171,598,20,1,0,0,21,1,2025,10,29,10,9,20,1,1,0,0,1,0,0
6172,598,16,3,0,0,19,1,2025,10,29,10,27,0,1,1,0,0,1,0,0
6173,598,13,5,0,0,18,2,2025,10,29,10,44,38,1,1,0,0,1,0,0
6174,598,12,4,0,0,16,2,2025,10,29,12,33,29,1,1,0,0,0,0,1
6175,598,16,4,0,0,20,1,2025,10,29,12,51,11,1,1,0,0,0,0,1
6176,598,16,3,0,0,19,1,2025,10,29,13,8,52,1,1,0,0,0,0,1
6177,598,6,1,0,0,7,0,2025,10,29,13,26,41,1,1,0,0,0,0,1
6178,598,15,1,0,0,16,1,2025,10,29,13,44,22,1,1,0,0,0,0,1
6179,598,19,1,0,0,20,2,2025,10,29,14,44,8,1,1,0,0,0,0,1
6180,598,14,0,0,0,14,1,2025,10,29,15,1,50,1,1,0,0,0,0,1
6181,598,20,2,0,0,22,2,2025,10,29,15,19,36,1,1,0,0,0,0,1
6182,598,24,1,0,0,25,2,2025,10,29,15,37,17,1,1,0,0,0,0,1
6183,598,16,0,0,0,16,1,2025,10,29,15,54,56,1,1,0,0,0,0,1
6184,598,12,0,0,0,12,0,2025,10,30,8,20,32,1,1,0,0,1,0,0
6185,598,23,1,2,0,26,1,2025,10,30,8,38,15,1,1,0,0,1,0,0
6186,598,27,3,0,0,30,1,2025,10,30,8,55,58,1,1,0,0,1,0,0
6187,598,32,0,0,0,32,1,2025,10,30,9,13,41,1,1,0,0,1,0,0
6188,598,21,0,0,0,21,1,2025,10,30,9,31,35,1,1,0,0,1,0,0
6189,598,18,1,0,0,19,1,2025,10,30,9,49,48,1,1,0,0,1,0,0
6190,598,18,2,1,0,21,1,2025,10,30,10,7,34,1,1,0,0,1,0,0
6191,598,14,2,0,0,16,1,2025,10,30,10,25,29,1,1,0,0,1,0,0
6192,598,15,1,0,0,16,1,2025,10,30,10,43,12,1,1,0,0,1,0,0
6193,598,16,2,0,0,18,1,2025,10,30,12,29,44,1,1,0,0,0,0,1
6194,598,23,1,0,0,24,1,2025,10,30,12,47,15,1,1,0,0,0,0,1
6195,598,23,2,0,0,25,1,2025,10,30,13,5,0,1,1,0,0,0,0,1
6196,598,18,0,0,0,18,1,2025,10,30,13,22,44,1,1,0,0,0,0,1
6197,598,20,1,1,0,22,1,2025,10,30,13,40,31,1,1,0,0,0,0,1
6198,598,11,3,1,0,15,1,2025,10,30,13,58,16,1,1,0,0,0,0,1
6199,598,16,1,0,0,17,1,2025,10,30,14,57,19,1,1,0,0,0,0,1
6200,598,23,1,0,0,24,1,2025,10,30,15,15,12,1,1,0,0,0,0,1
6201,598,30,1,0,0,31,2,2025,10,30,15,32,56,1,1,0,0,0,0,1
6202,598,21,1,0,0,22,1,2025,10,30,15,57,40,1,1,0,0,0,0,1
6203,598,20,0,1,0,21,1,2025,10,30,16,15,27,1,1,0,0,0,0,1
6204,598,4,0,0,0,4,0,2025,10,30,22,45,45,1,1,0,0,0,1,0
6205,598,17,2,0,0,19,0,2025,10,31,8,25,14,1,1,0,0,1,0,0
6206,598,18,4,0,0,22,1,2025,10,31,8,42,57,1,1,0,0,1,0,0
6207,598,19,4,1,0,24,1,2025,10,31,9,0,43,1,1,0,0,1,0,0
6208,598,18,2,0,0,20,1,2025,10,31,9,18,31,1,1,0,0,1,0,0
6209,598,14,1,1,0,16,1,2025,10,31,9,44,10,1,1,0,0,1,0,0
6210,598,22,1,0,0,23,1,2025,10,31,10,1,52,1,1,0,0,1,0,0
6211,598,12,3,0,0,15,0,2025,10,31,10,19,34,1,1,0,0,1,0,0
6212,598,21,2,0,0,23,1,2025,10,31,10,37,16,1,1,0,0,1,0,0
6213,598,24,1,0,0,25,1,2025,10,31,15,3,35,1,1,0,0,0,0,1
6214,598,28,0,1,0,29,1,2025,10,31,15,21,29,1,1,0,0,0,0,1
6215,598,24,2,0,0,26,1,2025,10,31,15,39,22,1,1,0,0,0,0,1
6216,598,17,2,0,0,19,1,2025,10,31,15,57,11,1,1,0,0,0,0,1
6217,598,5,0,0,0,5,0,2025,11,1,8,54,48,1,1,0,0,1,0,0
6218,598,2,1,0,0,3,0,2025,11,1,9,12,35,1,1,0,0,1,0,0
6219,598,13,0,0,0,13,0,2025,11,1,9,30,28,1,1,0,0,1,0,0
6220,598,15,0,0,0,15,0,2025,11,1,9,48,16,1,1,0,0,1,0,0
6221,598,14,1,0,0,15,0,2025,11,1,10,6,5,1,1,0,0,1,0,0
6222,598,6,0,1,0,7,0,2025,11,1,10,23,50,1,1,0,0,1,0,0
6223,598,16,1,0,0,17,1,2025,11,1,10,41,34,1,1,0,0,1,0,0
6224,598,16,2,0,0,18,1,2025,11,1,10,59,30,1,1,0,0,1,0,0
6225,598,18,1,0,0,19,1,2025,11,1,11,17,17,1,1,0,0,1,0,0
6226,598,17,2,0,0,19,1,2025,11,1,11,35,0,1,1,0,0,1,0,0
6227,598,21,0,0,0,21,1,2025,11,1,11,52,42,1,1,0,0,1,0,0
6228,598,26,0,1,0,27,1,2025,11,1,12,10,37,1,1,0,0,0,0,1
6229,598,16,2,0,0,18,1,2025,11,1,12,28,23,1,1,0,0,0,0,1
6230,598,20,0,2,0,22,1,2025,11,1,12,46,15,1,1,0,0,0,0,1
6231,598,23,1,0,0,24,1,2025,11,1,13,4,10,1,1,0,0,0,0,1
6232,598,26,0,0,0,26,1,2025,11,1,13,21,57,1,1,0,0,0,0,1
6233,598,25,0,0,0,25,1,2025,11,1,13,39,44,1,1,0,0,0,0,1
6234,598,19,3,1,0,23,1,2025,11,1,13,57,33,1,1,0,0,0,0,1
6235,598,28,0,0,0,28,1,2025,11,1,14,15,24,1,1,0,0,0,0,1
6236,598,21,1,0,0,22,1,2025,11,1,14,33,17,1,1,0,0,0,0,1
6237,598,18,1,0,0,19,1,2025,11,1,14,51,32,1,1,0,0,0,0,1
6238,598,17,0,0,0,17,1,2025,11,1,15,9,29,1,1,0,0,0,0,1
6239,598,16,1,1,0,18,1,2025,11,1,15,27,16,1,1,0,0,0,0,1
6240,598,20,0,0,0,20,1,2025,11,1,15,45,6,1,1,0,0,0,0,1
6241,598,16,0,0,0,16,0,2025,11,1,16,3,4,1,1,0,0,0,0,1
6242,598,19,2,0,0,21,1,2025,11,1,16,20,51,1,1,0,0,0,0,1
6243,598,18,0,0,0,18,0,2025,11,1,16,38,41,1,1,0,0,0,0,1
6244,598,19,1,0,0,20,1,2025,11,1,16,56,37,1,1,0,0,0,0,1
6245,598,17,0,0,0,17,1,2025,11,1,17,14,33,1,1,0,0,0,0,1
6246,598,26,1,0,0,27,2,2025,11,1,17,32,24,1,1,0,0,0,0,1
6247,598,25,1,0,0,26,2,2025,11,1,17,50,12,1,1,0,0,0,0,1
6248,598,23,1,0,0,24,2,2025,11,1,18,8,8,1,1,0,0,0,1,0
6249,598,6,0,0,0,6,1,2025,11,1,18,26,58,1,1,0,0,0,1,0
6250,598,15,0,1,0,16,0,2025,11,1,18,44,48,1,1,0,0,0,1,0
6251,598,16,0,1,0,17,1,2025,11,1,19,2,39,1,1,0,0,0,1,0
6252,598,14,0,0,0,14,1,2025,11,1,19,37,16,1,1,0,0,0,1,0
6253,598,11,0,0,0,11,0,2025,11,2,10,16,47,1,1,0,0,1,0,0
6254,598,12,0,0,0,12,1,2025,11,2,10,34,31,1,1,0,0,1,0,0
6255,598,23,0,0,0,23,1,2025,11,2,10,52,25,1,1,0,0,1,0,0
6256,598,19,1,0,0,20,1,2025,11,2,11,10,9,1,1,0,0,1,0,0
6257,598,17,1,0,0,18,1,2025,11,2,11,28,5,1,1,0,0,1,0,0
6258,598,22,0,0,0,22,1,2025,11,2,12,11,19,1,1,0,0,0,0,1
6259,598,12,0,0,0,12,0,2025,11,2,12,29,8,1,1,0,0,0,0,1
6260,598,22,2,0,0,24,1,2025,11,2,12,46,57,1,1,0,0,0,0,1
6261,598,21,0,0,0,21,1,2025,11,2,13,4,41,1,1,0,0,0,0,1
6262,598,25,0,0,0,25,1,2025,11,2,13,22,21,1,1,0,0,0,0,1
6263,598,19,0,0,0,19,1,2025,11,2,13,40,0,1,1,0,0,0,0,1
6264,598,20,0,0,0,20,1,2025,11,2,13,57,39,1,1,0,0,0,0,1
6265,598,18,0,0,0,18,1,2025,11,2,14,15,17,1,1,0,0,0,0,1
6266,598,23,0,0,0,23,1,2025,11,2,14,32,56,1,1,0,0,0,0,1
6267,598,20,1,0,0,21,1,2025,11,2,14,50,31,1,1,0,0,0,0,1
6268,598,18,0,0,0,18,0,2025,11,2,15,51,3,1,1,0,0,0,0,1
6269,598,25,0,0,0,25,1,2025,11,2,16,8,40,1,1,0,0,0,0,1
6270,598,18,0,1,0,19,1,2025,11,2,16,26,20,1,1,0,0,0,0,1
6271,598,16,0,0,0,16,0,2025,11,2,16,43,59,1,1,0,0,0,0,1
6272,598,28,1,0,0,29,2,2025,11,3,8,9,17,1,1,0,0,1,0,0
6273,598,27,1,2,0,30,1,2025,11,3,8,26,53,1,1,0,0,1,0,0
6274,598,23,1,0,0,24,1,2025,11,3,8,44,30,1,1,0,0,1,0,0
6275,598,24,0,3,0,27,2,2025,11,3,9,2,9,1,1,0,0,1,0,0
6276,598,7,2,1,0,10,1,2025,11,3,9,19,44,1,1,0,0,1,0,0
6277,598,4,4,1,0,9,0,2025,11,3,9,37,21,1,1,0,0,1,0,0
6278,598,18,2,1,0,21,1,2025,11,4,8,9,33,1,1,0,0,1,0,0
6279,598,17,3,0,0,20,1,2025,11,4,8,27,10,1,1,0,0,1,0,0
6280,598,23,2,2,0,27,2,2025,11,4,8,44,47,1,1,0,0,1,0,0
6281,598,19,2,0,0,21,1,2025,11,4,9,2,23,1,1,0,0,1,0,0
6282,598,17,2,0,0,19,1,2025,11,4,9,19,59,1,1,0,0,1,0,0
6283,598,20,3,0,0,23,1,2025,11,4,9,37,38,1,1,0,0,1,0,0
6284,598,21,3,0,0,24,1,2025,11,4,12,8,51,1,1,0,0,0,0,1
6285,598,36,3,2,0,41,2,2025,11,4,12,37,13,1,1,0,0,0,0,1
6286,598,18,4,0,0,22,1,2025,11,4,12,54,52,1,1,0,0,0,0,1
6287,598,18,4,0,0,22,1,2025,11,4,13,4,18,1,1,0,0,0,0,1
6288,598,21,0,0,0,21,1,2025,11,4,13,21,57,1,1,0,0,0,0,1
6289,598,11,1,0,0,12,1,2025,11,4,13,39,37,1,1,0,0,0,0,1
6290,598,19,0,0,0,19,1,2025,11,4,14,33,59,1,1,0,0,0,0,1
6291,598,20,1,1,0,22,2,2025,11,4,14,51,38,1,1,0,0,0,0,1
6292,598,32,0,1,0,33,2,2025,11,4,15,9,18,1,1,0,0,0,0,1
6293,598,27,0,0,0,27,1,2025,11,4,15,27,7,1,1,0,0,0,0,1
6294,598,13,0,0,0,13,0,2025,11,4,15,44,57,1,1,0,0,0,0,1
6295,598,13,2,0,0,15,0,2025,11,4,16,2,50,1,1,0,0,0,0,1
6296,598,17,1,0,0,18,1,2025,11,4,18,0,6,1,1,0,0,0,1,0
6297,598,13,2,1,0,16,1,2025,11,4,18,17,44,1,1,0,0,0,1,0
6298,598,0,0,0,0,0,0,2025,11,4,18,35,21,1,1,0,0,0,1,0
6299,598,10,0,0,0,10,0,2025,11,4,18,53,0,1,1,0,0,0,1,0
6300,598,7,2,0,0,9,1,2025,11,4,19,10,38,1,1,0,0,0,1,0
6301,598,12,1,0,0,13,0,2025,11,4,19,28,16,1,1,0,0,0,1,0
6302,598,8,0,0,0,8,0,2025,11,4,19,45,55,1,1,0,0,0,1,0
6303,598,8,1,0,0,9,0,2025,11,4,20,3,33,1,1,0,0,0,1,0
6304,598,11,1,0,0,12,0,2025,11,4,20,21,8,1,1,0,0,0,1,0
6305,598,15,0,0,0,15,0,2025,11,4,20,38,47,1,1,0,0,0,1,0
6306,598,21,1,0,0,22,1,2025,11,5,7,51,22,1,1,0,0,1,0,0
6307,598,27,2,0,0,29,1,2025,11,5,8,8,58,1,1,0,0,1,0,0
6308,598,28,2,2,0,32,1,2025,11,5,8,26,36,1,1,0,0,1,0,0
6309,598,22,0,0,0,22,1,2025,11,5,8,44,12,1,1,0,0,1,0,0
6310,598,25,3,0,0,28,1,2025,11,5,9,1,49,1,1,0,0,1,0,0
6311,598,25,1,0,0,26,1,2025,11,5,9,19,24,1,1,0,0,1,0,0
6312,598,27,2,0,0,29,1,2025,11,5,9,37,1,1,1,0,0,1,0,0
6313,598,6,1,2,0,9,2,2025,11,5,9,54,38,1,1,0,0,1,0,0
6314,598,2,2,1,0,5,2,2025,11,5,10,12,14,1,1,0,0,1,0,0
6315,598,1,2,1,0,4,2,2025,11,5,10,29,52,1,1,0,0,1,0,0
6316,598,3,2,1,0,6,2,2025,11,5,10,47,29,1,1,0,0,1,0,0
6317,598,13,3,0,0,16,0,2025,11,5,12,44,5,1,1,0,0,0,0,1
6318,598,10,1,0,0,11,0,2025,11,5,13,1,46,1,1,0,0,0,0,1
6319,598,14,1,0,0,15,1,2025,11,5,13,19,26,1,1,0,0,0,0,1
6320,598,14,1,2,0,17,1,2025,11,5,13,37,6,1,1,0,0,0,0,1
6321,598,9,1,0,0,10,0,2025,11,5,13,54,50,1,1,0,0,0,0,1
6322,598,19,2,0,0,21,1,2025,11,5,14,46,42,1,1,0,0,0,0,1
6323,598,21,0,0,0,21,1,2025,11,5,15,4,21,1,1,0,0,0,0,1
6324,598,27,0,0,0,27,1,2025,11,5,15,22,2,1,1,0,0,0,0,1
6325,598,21,2,0,0,23,1,2025,11,5,15,39,43,1,1,0,0,0,0,1
6326,598,27,1,1,0,29,1,2025,11,5,15,57,25,1,1,0,0,0,0,1
6327,598,15,1,0,0,16,1,2025,11,6,7,50,48,1,1,0,0,1,0,0
6328,598,15,1,1,0,17,2,2025,11,6,8,8,28,1,1,0,0,1,0,0
6329,598,22,1,1,0,24,2,2025,11,6,8,26,12,1,1,0,0,1,0,0
6330,598,20,2,0,0,22,1,2025,11,6,8,44,43,1,1,0,0,1,0,0
6331,598,25,3,0,0,28,2,2025,11,6,9,2,24,1,1,0,0,1,0,0
6332,598,24,0,1,0,25,1,2025,11,6,9,20,6,1,1,0,0,1,0,0
6333,598,13,1,0,0,14,1,2025,11,6,9,37,46,1,1,0,0,1,0,0
6334,598,23,1,0,0,24,2,2025,11,6,9,55,33,1,1,0,0,1,0,0
6335,598,17,2,1,0,20,1,2025,11,6,10,13,24,1,1,0,0,1,0,0
6336,598,22,2,1,0,25,2,2025,11,6,10,31,13,1,1,0,0,1,0,0
6337,598,18,2,0,0,20,1,2025,11,6,12,11,35,1,1,0,0,0,0,1
6338,598,16,7,1,0,24,1,2025,11,6,12,31,5,1,1,0,0,0,0,1
6339,598,14,5,1,0,20,1,2025,11,6,12,48,46,1,1,0,0,0,0,1
6340,598,16,4,0,0,20,1,2025,11,6,13,6,26,1,1,0,0,0,0,1
6341,598,18,1,0,0,19,1,2025,11,6,13,39,44,1,1,0,0,0,0,1
6342,598,24,2,0,0,26,1,2025,11,6,13,57,27,1,1,0,0,0,0,1
6343,598,20,7,1,0,28,1,2025,11,7,9,38,42,1,1,0,0,1,0,0
6344,598,28,0,0,0,28,1,2025,11,7,10,13,56,1,1,0,0,1,0,0
6345,598,27,4,2,0,33,1,2025,11,7,10,31,36,1,1,0,0,1,0,0
6346,598,29,2,0,0,31,1,2025,11,7,13,14,27,1,1,0,0,0,0,1
6347,598,24,1,2,0,27,2,2025,11,7,13,32,7,1,1,0,0,0,0,1
6348,598,20,0,2,0,22,1,2025,11,7,13,49,44,1,1,0,0,0,0,1
6349,598,20,2,1,0,23,2,2025,11,7,15,37,19,1,1,0,0,0,0,1
6350,598,23,0,1,0,24,2,2025,11,7,15,55,2,1,1,0,0,0,0,1
6351,598,8,1,0,0,9,1,2025,11,8,7,54,48,1,1,0,0,1,0,0
6352,598,7,0,0,0,7,0,2025,11,8,8,12,28,1,1,0,0,1,0,0
6353,598,11,0,0,0,11,1,2025,11,8,8,30,8,1,1,0,0,1,0,0
6354,598,8,0,0,0,8,0,2025,11,8,8,47,46,1,1,0,0,1,0,0
6355,598,9,0,0,0,9,1,2025,11,8,9,52,24,1,1,0,0,1,0,0
6356,598,12,0,0,0,12,1,2025,11,8,10,31,52,1,1,0,0,1,0,0
6357,598,6,1,0,0,7,0,2025,11,8,10,49,29,1,1,0,0,1,0,0
6358,598,11,3,0,0,14,1,2025,11,8,11,7,6,1,1,0,0,1,0,0
6359,598,13,1,0,0,14,1,2025,11,8,11,24,46,1,1,0,0,1,0,0
6360,598,14,0,0,0,14,0,2025,11,8,11,42,25,1,1,0,0,1,0,0
6361,598,10,2,0,0,12,0,2025,11,8,12,0,6,1,1,0,0,0,0,1
6362,598,20,2,2,0,24,1,2025,11,8,12,17,43,1,1,0,0,0,0,1
6363,598,20,0,0,0,20,1,2025,11,8,12,35,17,1,1,0,0,0,0,1
6364,598,15,0,0,0,15,1,2025,11,8,12,52,53,1,1,0,0,0,0,1
6365,598,15,0,0,0,15,1,2025,11,8,13,10,31,1,1,0,0,0,0,1
6366,598,14,0,0,0,14,1,2025,11,8,13,28,6,1,1,0,0,0,0,1
6367,598,16,0,0,0,16,1,2025,11,8,13,45,45,1,1,0,0,0,0,1
6368,598,15,1,0,0,16,0,2025,11,8,14,3,22,1,1,0,0,0,0,1
6369,598,20,0,0,0,20,1,2025,11,8,14,20,59,1,1,0,0,0,0,1
6370,598,15,1,0,0,16,1,2025,11,8,14,38,35,1,1,0,0,0,0,1
6371,598,18,1,0,0,19,1,2025,11,8,15,34,20,1,1,0,0,0,0,1
6372,598,9,1,0,0,10,0,2025,11,8,15,51,58,1,1,0,0,0,0,1
6373,598,21,0,0,0,21,1,2025,11,8,16,9,37,1,1,0,0,0,0,1
6374,598,17,2,0,0,19,1,2025,11,8,16,27,16,1,1,0,0,0,0,1
6375,598,23,0,0,0,23,1,2025,11,8,16,44,57,1,1,0,0,0,0,1
6376,598,24,0,0,0,24,1,2025,11,8,17,2,36,1,1,0,0,0,0,1
6377,598,17,0,0,0,17,1,2025,11,8,18,55,23,1,1,0,0,0,1,0
6378,598,12,0,0,0,12,1,2025,11,8,19,13,1,1,1,0,0,0,1,0
6379,598,14,0,0,0,14,1,2025,11,8,19,30,40,1,1,0,0,0,1,0
6380,598,12,0,0,0,12,1,2025,11,8,19,48,18,1,1,0,0,0,1,0
6381,598,7,0,0,0,7,0,2025,11,9,8,29,47,1,1,0,0,1,0,0
6382,598,9,0,0,0,9,0,2025,11,9,8,47,25,1,1,0,0,1,0,0
6383,598,17,0,0,0,17,1,2025,11,9,9,5,0,1,1,0,0,1,0,0
6384,598,15,0,0,0,15,1,2025,11,9,9,22,38,1,1,0,0,1,0,0
6385,598,15,0,0,0,15,1,2025,11,9,9,40,15,1,1,0,0,1,0,0
6386,598,8,0,1,0,9,1,2025,11,9,9,57,54,1,1,0,0,1,0,0
6387,598,5,0,0,0,5,0,2025,11,9,10,15,33,1,1,0,0,1,0,0
6388,598,8,0,0,0,8,0,2025,11,9,10,33,12,1,1,0,0,1,0,0
6389,598,11,0,0,0,11,1,2025,11,9,10,50,46,1,1,0,0,1,0,0
6390,598,5,0,0,0,5,0,2025,11,9,11,8,22,1,1,0,0,1,0,0
6391,598,9,0,0,0,9,0,2025,11,9,11,26,0,1,1,0,0,1,0,0
6392,598,18,1,0,0,19,1,2025,11,9,11,43,44,1,1,0,0,1,0,0
6393,598,20,0,0,0,20,2,2025,11,9,12,1,24,1,1,0,0,0,0,1
6394,598,12,1,0,0,13,3,2025,11,9,12,19,2,1,1,0,0,0,0,1
6395,598,25,0,0,0,25,2,2025,11,9,12,36,40,1,1,0,0,0,0,1
6396,598,28,1,0,0,29,2,2025,11,9,12,54,21,1,1,0,0,0,0,1
6397,598,12,0,0,0,12,0,2025,11,9,15,20,15,1,1,0,0,0,0,1
6398,598,7,0,0,0,7,0,2025,11,9,15,37,53,1,1,0,0,0,0,1
6399,598,5,0,0,0,5,0,2025,11,9,15,55,33,1,1,0,0,0,0,1
6400,598,8,0,0,0,8,0,2025,11,9,16,13,12,1,1,0,0,0,0,1
6401,598,10,1,0,0,11,0,2025,11,9,16,30,52,1,1,0,0,0,0,1
6402,598,8,0,0,0,8,0,2025,11,9,16,48,30,1,1,0,0,0,0,1
6403,598,11,0,0,0,11,0,2025,11,9,17,6,4,1,1,0,0,0,0,1
6404,598,9,0,0,0,9,0,2025,11,9,17,23,43,1,1,0,0,0,0,1
6405,598,4,0,0,0,4,0,2025,11,9,17,41,21,1,1,0,0,0,0,1
6406,598,14,0,0,0,14,0,2025,11,9,17,59,1,1,1,0,0,0,0,1
6407,598,10,1,0,0,11,0,2025,11,9,18,16,39,1,1,0,0,0,1,0
6408,598,11,0,0,0,11,0,2025,11,9,18,34,17,1,1,0,0,0,1,0
6409,598,11,0,0,0,11,1,2025,11,9,18,51,54,1,1,0,0,0,1,0
6410,598,10,0,0,0,10,0,2025,11,9,19,9,31,1,1,0,0,0,1,0
6411,598,6,0,0,0,6,0,2025,11,9,19,27,8,1,1,0,0,0,1,0
6412,598,6,1,0,0,7,0,2025,11,9,19,44,45,1,1,0,0,0,1,0
6413,598,14,4,0,0,18,1,2025,11,11,7,59,35,1,1,0,0,1,0,0
6414,598,21,1,0,0,22,1,2025,11,11,8,17,9,1,1,0,0,1,0,0
6415,598,27,3,0,0,30,2,2025,11,11,8,34,43,1,1,0,0,1,0,0
6416,598,25,0,0,0,25,1,2025,11,11,8,52,18,1,1,0,0,1,0,0
6417,598,24,1,0,0,25,1,2025,11,11,9,9,54,1,1,0,0,1,0,0
6418,598,20,2,0,0,22,1,2025,11,11,9,27,30,1,1,0,0,1,0,0
6419,598,23,3,0,0,26,1,2025,11,11,14,34,50,1,1,0,0,0,0,1
6420,598,25,2,2,0,29,1,2025,11,11,14,52,29,1,1,0,0,0,0,1
6421,598,22,2,0,0,24,1,2025,11,11,15,10,8,1,1,0,0,0,0,1
6422,598,27,1,1,0,29,1,2025,11,11,15,27,49,1,1,0,0,0,0,1
6423,598,25,3,0,0,28,1,2025,11,11,15,45,32,1,1,0,0,0,0,1
6424,598,20,3,0,0,23,1,2025,11,11,16,3,13,1,1,0,0,0,0,1
6425,598,25,1,0,0,26,1,2025,11,11,17,47,59,1,1,0,0,0,0,1
6426,598,28,0,0,0,28,2,2025,11,11,18,5,34,1,1,0,0,0,1,0
6427,598,22,1,0,0,23,2,2025,11,11,18,23,11,1,1,0,0,0,1,0
6428,598,23,0,0,0,23,1,2025,11,11,18,40,47,1,1,0,0,0,1,0
6429,598,23,1,0,0,24,1,2025,11,11,18,58,25,1,1,0,0,0,1,0
6430,598,20,0,0,0,20,1,2025,11,11,19,16,3,1,1,0,0,0,1,0
6431,598,15,0,0,0,15,1,2025,11,11,19,33,40,1,1,0,0,0,1,0
6432,598,19,1,0,0,20,1,2025,11,11,19,51,22,1,1,0,0,0,1,0
6433,598,21,2,0,0,23,1,2025,11,12,8,37,13,1,1,0,0,1,0,0
6434,598,20,5,0,0,25,1,2025,11,12,8,54,56,1,1,0,0,1,0,0
6435,598,24,2,0,0,26,1,2025,11,12,9,12,40,1,1,0,0,1,0,0
6436,598,11,2,0,0,13,0,2025,11,12,9,30,33,1,1,0,0,1,0,0
6437,598,8,1,0,0,9,1,2025,11,12,12,35,8,1,1,0,0,0,0,1
6438,598,11,2,0,0,13,1,2025,11,14,9,7,14,1,1,0,0,1,0,0
6439,598,21,2,0,0,23,1,2025,11,14,9,24,51,1,1,0,0,1,0,0
6440,598,17,0,0,0,17,1,2025,11,14,9,42,34,1,1,0,0,1,0,0
6441,598,13,0,1,0,14,1,2025,11,14,10,0,11,1,1,0,0,1,0,0
6442,598,13,1,0,0,14,1,2025,11,14,10,17,50,1,1,0,0,1,0,0
6443,598,25,6,0,0,31,2,2025,11,14,10,35,32,1,1,0,0,1,0,0
6444,598,24,1,0,0,25,1,2025,11,15,9,51,26,1,1,0,0,1,0,0
6445,598,24,1,0,0,25,1,2025,11,15,10,9,7,1,1,0,0,1,0,0
6446,598,22,0,1,0,23,1,2025,11,15,10,26,47,1,1,0,0,1,0,0
6447,598,24,2,0,0,26,1,2025,11,15,10,44,30,1,1,0,0,1,0,0
6448,598,12,0,0,0,12,1,2025,11,15,11,2,19,1,1,0,0,1,0,0
6449,598,19,1,0,0,20,1,2025,11,15,11,19,58,1,1,0,0,1,0,0
6450,598,23,0,0,0,23,1,2025,11,15,11,37,39,1,1,0,0,1,0,0
6451,598,21,0,0,0,21,1,2025,11,15,11,55,19,1,1,0,0,1,0,0
6452,598,10,0,0,0,10,1,2025,11,15,12,13,1,1,1,0,0,0,0,1
6453,598,8,0,0,0,8,0,2025,11,15,12,30,40,1,1,0,0,0,0,1
6454,598,23,0,0,0,23,1,2025,11,15,12,48,22,1,1,0,0,0,0,1
6455,598,27,1,0,0,28,1,2025,11,15,13,6,0,1,1,0,0,0,0,1
6456,598,4,0,0,0,4,0,2025,11,16,8,9,24,1,1,0,0,1,0,0
6457,598,6,0,0,0,6,0,2025,11,16,8,27,4,1,1,0,0,1,0,0
6458,598,4,0,0,0,4,0,2025,11,16,8,44,52,1,1,0,0,1,0,0
6459,598,2,0,0,0,2,0,2025,11,16,9,2,34,1,1,0,0,1,0,0
6460,598,7,0,0,0,7,0,2025,11,16,9,20,14,1,1,0,0,1,0,0
6461,598,9,0,0,0,9,0,2025,11,16,9,37,56,1,1,0,0,1,0,0
6462,598,8,1,0,0,9,0,2025,11,16,9,55,37,1,1,0,0,1,0,0
6463,598,9,0,0,0,9,0,2025,11,16,10,13,25,1,1,0,0,1,0,0
6464,598,16,0,0,0,16,1,2025,11,16,10,31,11,1,1,0,0,1,0,0
6465,598,22,0,0,0,22,1,2025,11,16,10,48,55,1,1,0,0,1,0,0
6466,598,22,2,0,0,24,0,2025,11,16,11,6,56,1,1,0,0,1,0,0
6467,598,23,0,0,0,23,1,2025,11,17,8,23,51,1,1,0,0,1,0,0
6468,598,25,0,0,0,25,1,2025,11,17,8,41,34,1,1,0,0,1,0,0
6469,598,24,1,0,0,25,1,2025,11,17,8,59,12,1,1,0,0,1,0,0
6470,598,24,1,2,0,27,1,2025,11,17,9,16,51,1,1,0,0,1,0,0
6471,598,23,3,1,0,27,1,2025,11,17,9,34,30,1,1,0,0,1,0,0
6472,598,28,1,0,0,29,1,2025,11,17,9,52,9,1,1,0,0,1,0,0
6473,598,21,3,1,0,25,1,2025,11,17,10,9,48,1,1,0,0,1,0,0
6474,598,31,4,0,0,35,1,2025,11,17,10,27,29,1,1,0,0,1,0,0
6475,598,29,0,0,0,29,2,2025,11,17,12,34,28,1,1,0,0,0,0,1
6476,598,23,3,0,0,26,1,2025,11,17,12,52,7,1,1,0,0,0,0,1
6477,598,23,4,0,0,27,2,2025,11,17,13,9,46,1,1,0,0,0,0,1
6478,634,11,0,1,0,12,1,2025,10,27,8,27,14,2,1,0,0,1,0,0
6479,634,16,3,1,0,20,2,2025,10,27,8,44,59,2,1,0,0,1,0,0
6480,634,14,0,0,0,14,1,2025,10,27,9,2,38,2,1,0,0,1,0,0
6481,634,16,1,0,0,17,2,2025,10,27,9,20,18,2,1,0,0,1,0,0
6482,634,13,3,1,0,17,1,2025,10,27,9,38,0,2,1,0,0,1,0,0
6483,634,14,2,1,0,17,2,2025,10,27,9,55,43,2,1,0,0,1,0,0
6484,634,10,2,0,0,12,1,2025,10,27,10,13,29,2,1,0,0,1,0,0
6485,634,6,2,0,0,8,1,2025,10,27,10,31,16,2,1,0,0,1,0,0
6486,634,5,0,0,0,5,1,2025,10,27,12,40,18,2,1,0,0,0,0,1
6487,634,7,0,1,0,8,2,2025,10,27,12,58,2,2,1,0,0,0,0,1
6488,634,7,0,0,0,7,1,2025,10,27,13,15,49,2,1,0,0,0,0,1
6489,634,11,0,0,0,11,1,2025,10,27,13,20,55,2,1,0,0,0,0,1
6490,634,7,1,1,0,9,1,2025,10,27,13,57,19,2,1,0,0,0,0,1
6491,634,12,1,0,0,13,2,2025,10,27,14,55,37,2,1,0,0,0,0,1
6492,634,4,2,0,0,6,1,2025,10,27,15,13,22,2,1,0,0,0,0,1
6493,634,4,0,1,0,5,1,2025,10,27,15,31,9,2,1,0,0,0,0,1
6494,634,2,3,0,0,5,0,2025,10,27,15,48,56,2,1,0,0,0,0,1
6495,634,3,0,0,0,3,1,2025,10,27,18,2,59,2,1,0,0,0,1,0
6496,634,15,0,0,0,15,1,2025,10,27,18,20,36,2,1,0,0,0,1,0
6497,634,14,1,0,0,15,1,2025,10,27,18,38,13,2,1,0,0,0,1,0
6498,634,14,2,1,0,17,2,2025,10,28,7,56,27,2,1,0,0,1,0,0
6499,634,17,0,1,0,18,2,2025,10,28,8,14,3,2,1,0,0,1,0,0
6500,634,18,1,0,0,19,1,2025,10,28,8,31,39,2,1,0,0,1,0,0
6501,634,17,1,0,0,18,1,2025,10,28,8,49,16,2,1,0,0,1,0,0
6502,634,17,2,0,0,19,2,2025,10,28,9,6,51,2,1,0,0,1,0,0
6503,634,17,1,0,0,18,2,2025,10,28,9,24,27,2,1,0,0,1,0,0
6504,634,17,1,0,0,18,1,2025,10,28,9,42,7,2,1,0,0,1,0,0
6505,634,10,1,0,0,11,1,2025,10,28,13,27,54,2,1,0,0,0,0,1
6506,634,18,1,1,0,20,2,2025,10,28,14,45,46,2,1,0,0,0,0,1
6507,634,14,0,0,0,14,1,2025,10,28,15,3,28,2,1,0,0,0,0,1
6508,634,7,2,0,0,9,1,2025,10,28,15,21,15,2,1,0,0,0,0,1
6509,634,5,2,0,0,7,0,2025,10,28,15,39,2,2,1,0,0,0,0,1
6510,634,9,1,0,0,10,1,2025,10,28,15,56,47,2,1,0,0,0,0,1
6511,634,13,0,1,0,14,2,2025,10,28,17,49,7,2,1,0,0,0,0,1
6512,634,16,1,0,0,17,2,2025,10,28,18,6,43,2,1,0,0,0,1,0
6513,634,15,1,1,0,17,3,2025,10,28,18,24,23,2,1,0,0,0,1,0
6514,634,17,0,0,0,17,2,2025,10,28,18,42,3,2,1,0,0,0,1,0
6515,634,10,0,0,0,10,1,2025,10,28,18,59,41,2,1,0,0,0,1,0
6516,634,14,0,0,0,14,1,2025,10,28,19,17,18,2,1,0,0,0,1,0
6517,634,9,1,1,0,11,1,2025,10,28,19,34,57,2,1,0,0,0,1,0
6518,634,8,0,1,0,9,1,2025,10,28,19,52,35,2,1,0,0,0,1,0
6519,634,15,0,0,0,15,2,2025,10,29,8,23,46,2,1,0,0,1,0,0
6520,634,19,3,0,0,22,2,2025,10,29,8,41,22,2,1,0,0,1,0,0
6521,634,20,0,0,0,20,2,2025,10,29,8,58,59,2,1,0,0,1,0,0
6522,634,12,3,1,0,16,2,2025,10,29,9,16,33,2,1,0,0,1,0,0
6523,634,20,2,0,0,22,2,2025,10,29,9,34,10,2,1,0,0,1,0,0
6524,634,19,3,0,0,22,2,2025,10,29,9,51,46,2,1,0,0,1,0,0
6525,634,18,3,0,0,21,2,2025,10,29,10,9,24,2,1,0,0,1,0,0
6526,634,17,4,0,0,21,2,2025,10,29,10,27,3,2,1,0,0,1,0,0
6527,634,14,3,0,0,17,2,2025,10,29,10,44,41,2,1,0,0,1,0,0
6528,634,8,1,0,0,9,1,2025,10,29,12,33,34,2,1,0,0,0,0,1
6529,634,12,1,0,0,13,1,2025,10,29,12,51,15,2,1,0,0,0,0,1
6530,634,12,2,0,0,14,1,2025,10,29,13,9,2,2,1,0,0,0,0,1
6531,634,7,3,1,0,11,2,2025,10,29,13,26,46,2,1,0,0,0,0,1
6532,634,9,1,2,0,12,1,2025,10,29,13,44,30,2,1,0,0,0,0,1
6533,634,15,1,2,0,18,2,2025,10,29,14,44,13,2,1,0,0,0,0,1
6534,634,15,3,0,0,18,1,2025,10,29,15,1,56,2,1,0,0,0,0,1
6535,634,17,3,0,0,20,2,2025,10,29,15,19,40,2,1,0,0,0,0,1
6536,634,18,1,0,0,19,1,2025,10,29,15,37,21,2,1,0,0,0,0,1
6537,634,16,1,1,0,18,2,2025,10,29,15,55,1,2,1,0,0,0,0,1
6538,634,15,1,0,0,16,1,2025,10,30,8,20,37,2,1,0,0,1,0,0
6539,634,17,0,0,0,17,1,2025,10,30,8,38,20,2,1,0,0,1,0,0
6540,634,17,0,1,0,18,1,2025,10,30,8,56,2,2,1,0,0,1,0,0
6541,634,13,1,1,0,15,1,2025,10,30,9,13,55,2,1,0,0,1,0,0
6542,634,16,0,0,0,16,1,2025,10,30,9,32,0,2,1,0,0,1,0,0
6543,634,12,3,0,0,15,1,2025,10,30,9,49,55,2,1,0,0,1,0,0
6544,634,11,2,0,0,13,1,2025,10,30,10,7,45,2,1,0,0,1,0,0
6545,634,14,2,1,0,17,1,2025,10,30,10,25,34,2,1,0,0,1,0,0
6546,634,11,4,0,0,15,1,2025,10,30,10,43,16,2,1,0,0,1,0,0
6547,634,16,1,0,0,17,1,2025,10,30,12,29,50,2,1,0,0,0,0,1
6548,634,17,0,0,0,17,1,2025,10,30,12,47,21,2,1,0,0,0,0,1
6549,634,16,0,0,0,16,1,2025,10,30,13,5,5,2,1,0,0,0,0,1
6550,634,10,0,0,0,10,0,2025,10,30,13,22,51,2,1,0,0,0,0,1
6551,634,16,0,0,0,16,1,2025,10,30,13,40,37,2,1,0,0,0,0,1
6552,634,16,1,2,0,19,1,2025,10,30,13,58,23,2,1,0,0,0,0,1
6553,634,17,2,0,0,19,1,2025,10,30,14,57,24,2,1,0,0,0,0,1
6554,634,13,0,0,0,13,1,2025,10,30,15,15,18,2,1,0,0,0,0,1
6555,634,11,1,0,0,12,1,2025,10,30,15,33,2,2,1,0,0,0,0,1
6556,634,7,1,0,0,8,0,2025,10,30,15,57,47,2,1,0,0,0,0,1
6557,634,4,1,0,0,5,1,2025,10,30,16,15,35,2,1,0,0,0,0,1
6558,634,6,0,0,0,6,1,2025,10,30,22,45,49,2,1,0,0,0,1,0
6559,634,11,1,0,0,12,1,2025,10,31,8,25,18,2,1,0,0,1,0,0
6560,634,16,0,0,0,16,1,2025,10,31,8,43,5,2,1,0,0,1,0,0
6561,634,16,0,1,0,17,2,2025,10,31,9,0,52,2,1,0,0,1,0,0
6562,634,14,0,0,0,14,1,2025,10,31,9,18,37,2,1,0,0,1,0,0
6563,634,11,0,1,0,12,1,2025,10,31,9,44,14,2,1,0,0,1,0,0
6564,634,10,1,0,0,11,1,2025,10,31,10,1,55,2,1,0,0,1,0,0
6565,634,10,1,2,0,13,2,2025,10,31,10,19,40,2,1,0,0,1,0,0
6566,634,12,0,0,0,12,1,2025,10,31,10,37,20,2,1,0,0,1,0,0
6567,634,21,0,0,0,21,2,2025,10,31,15,3,42,2,1,0,0,0,0,1
6568,634,17,0,2,0,19,2,2025,10,31,15,21,34,2,1,0,0,0,0,1
6569,634,20,0,0,0,20,2,2025,10,31,15,39,27,2,1,0,0,0,0,1
6570,634,12,0,2,0,14,1,2025,10,31,15,57,16,2,1,0,0,0,0,1
6571,634,4,1,0,0,5,0,2025,11,1,8,54,56,2,1,0,0,1,0,0
6572,634,6,1,0,0,7,1,2025,11,1,9,12,40,2,1,0,0,1,0,0
6573,634,4,0,0,0,4,0,2025,11,1,9,30,34,2,1,0,0,1,0,0
6574,634,4,0,0,0,4,0,2025,11,1,9,48,22,2,1,0,0,1,0,0
6575,634,4,0,0,0,4,0,2025,11,1,10,6,12,2,1,0,0,1,0,0
6576,634,4,0,0,0,4,0,2025,11,1,10,23,55,2,1,0,0,1,0,0
6577,634,5,0,0,0,5,0,2025,11,1,10,41,41,2,1,0,0,1,0,0
6578,634,9,0,0,0,9,0,2025,11,1,10,59,37,2,1,0,0,1,0,0
6579,634,9,0,0,0,9,0,2025,11,1,11,17,23,2,1,0,0,1,0,0
6580,634,8,0,1,0,9,0,2025,11,1,11,35,3,2,1,0,0,1,0,0
6581,634,9,1,0,0,10,0,2025,11,1,11,52,49,2,1,0,0,1,0,0
6582,634,9,0,0,0,9,1,2025,11,1,12,10,42,2,1,0,0,0,0,1
6583,634,12,0,0,0,12,1,2025,11,1,12,28,34,2,1,0,0,0,0,1
6584,634,10,0,0,0,10,0,2025,11,1,12,46,31,2,1,0,0,0,0,1
6585,634,7,1,0,0,8,1,2025,11,1,13,4,17,2,1,0,0,0,0,1
6586,634,12,0,0,0,12,1,2025,11,1,13,22,5,2,1,0,0,0,0,1
6587,634,8,1,0,0,9,1,2025,11,1,13,39,50,2,1,0,0,0,0,1
6588,634,9,1,2,0,12,1,2025,11,1,13,57,41,2,1,0,0,0,0,1
6589,634,9,0,1,0,10,1,2025,11,1,14,15,32,2,1,0,0,0,0,1
6590,634,5,0,0,0,5,0,2025,11,1,14,33,41,2,1,0,0,0,0,1
6591,634,6,0,0,0,6,0,2025,11,1,14,51,44,2,1,0,0,0,0,1
6592,634,8,0,0,0,8,0,2025,11,1,15,9,36,2,1,0,0,0,0,1
6593,634,8,0,0,0,8,0,2025,11,1,15,27,23,2,1,0,0,0,0,1
6594,634,6,0,0,0,6,1,2025,11,1,15,45,15,2,1,0,0,0,0,1
6595,634,11,0,0,0,11,1,2025,11,1,16,3,12,2,1,0,0,0,0,1
6596,634,3,0,1,0,4,0,2025,11,1,16,20,59,2,1,0,0,0,0,1
6597,634,7,0,1,0,8,0,2025,11,1,16,38,47,2,1,0,0,0,0,1
6598,634,8,0,0,0,8,1,2025,11,1,16,56,45,2,1,0,0,0,0,1
6599,634,8,0,0,0,8,1,2025,11,1,17,14,45,2,1,0,0,0,0,1
6600,634,10,0,0,0,10,1,2025,11,1,17,32,30,2,1,0,0,0,0,1
6601,634,10,2,1,0,13,1,2025,11,1,17,50,25,2,1,0,0,0,0,1
6602,634,7,0,0,0,7,0,2025,11,1,18,8,14,2,1,0,0,0,1,0
6603,634,14,0,0,0,14,1,2025,11,1,18,27,3,2,1,0,0,0,1,0
6604,634,6,0,0,0,6,1,2025,11,1,18,44,59,2,1,0,0,0,1,0
6605,634,14,0,1,0,15,2,2025,11,1,19,2,46,2,1,0,0,0,1,0
6606,634,12,0,0,0,12,1,2025,11,1,19,37,21,2,1,0,0,0,1,0
6607,634,6,0,0,0,6,0,2025,11,2,10,16,52,2,1,0,0,1,0,0
6608,634,7,0,0,0,7,1,2025,11,2,10,34,37,2,1,0,0,1,0,0
6609,634,6,1,0,0,7,0,2025,11,2,10,52,31,2,1,0,0,1,0,0
6610,634,8,0,1,0,9,1,2025,11,2,11,10,19,2,1,0,0,1,0,0
6611,634,11,0,0,0,11,1,2025,11,2,11,28,12,2,1,0,0,1,0,0
6612,634,8,0,0,0,8,1,2025,11,2,12,11,28,2,1,0,0,0,0,1
6613,634,5,0,1,0,6,1,2025,11,2,12,29,13,2,1,0,0,0,0,1
6614,634,9,0,0,0,9,1,2025,11,2,12,47,3,2,1,0,0,0,0,1
6615,634,8,1,0,0,9,1,2025,11,2,13,4,46,2,1,0,0,0,0,1
6616,634,9,0,1,0,10,1,2025,11,2,13,22,25,2,1,0,0,0,0,1
6617,634,3,0,0,0,3,1,2025,11,2,13,40,4,2,1,0,0,0,0,1
6618,634,10,0,0,0,10,1,2025,11,2,13,57,42,2,1,0,0,0,0,1
6619,634,6,0,0,0,6,1,2025,11,2,14,15,21,2,1,0,0,0,0,1
6620,634,10,0,0,0,10,1,2025,11,2,14,32,58,2,1,0,0,0,0,1
6621,634,3,0,0,0,3,0,2025,11,2,14,50,34,2,1,0,0,0,0,1
6622,634,5,0,0,0,5,0,2025,11,2,15,51,6,2,1,0,0,0,0,1
6623,634,3,0,0,0,3,0,2025,11,2,16,8,44,2,1,0,0,0,0,1
6624,634,6,0,0,0,6,1,2025,11,2,16,26,23,2,1,0,0,0,0,1
6625,634,7,1,0,0,8,1,2025,11,2,16,44,2,2,1,0,0,0,0,1
6626,634,17,0,0,0,17,2,2025,11,3,8,9,19,2,1,0,0,1,0,0
6627,634,12,1,2,0,15,2,2025,11,3,8,26,55,2,1,0,0,1,0,0
6628,634,12,1,0,0,13,1,2025,11,3,8,44,34,2,1,0,0,1,0,0
6629,634,12,1,0,0,13,1,2025,11,3,9,2,10,2,1,0,0,1,0,0
6630,634,11,1,0,0,12,1,2025,11,3,9,19,47,2,1,0,0,1,0,0
6631,634,13,1,1,0,15,1,2025,11,3,9,37,25,2,1,0,0,1,0,0
6632,634,15,1,0,0,16,1,2025,11,4,8,9,36,2,1,0,0,1,0,0
6633,634,12,1,0,0,13,1,2025,11,4,8,27,12,2,1,0,0,1,0,0
6634,634,14,2,0,0,16,2,2025,11,4,8,44,49,2,1,0,0,1,0,0
6635,634,16,0,0,0,16,1,2025,11,4,9,2,25,2,1,0,0,1,0,0
6636,634,15,0,0,0,15,2,2025,11,4,9,20,2,2,1,0,0,1,0,0
6637,634,13,1,0,0,14,2,2025,11,4,9,37,42,2,1,0,0,1,0,0
6638,634,3,0,0,0,3,0,2025,11,4,12,8,55,2,1,0,0,0,0,1
6639,634,9,0,0,0,9,1,2025,11,4,12,37,16,2,1,0,0,0,0,1
6640,634,8,1,1,0,10,0,2025,11,4,12,54,56,2,1,0,0,0,0,1
6641,634,8,1,1,0,10,0,2025,11,4,13,4,22,2,1,0,0,0,0,1
6642,634,11,0,0,0,11,1,2025,11,4,13,22,1,2,1,0,0,0,0,1
6643,634,9,1,0,0,10,1,2025,11,4,13,39,41,2,1,0,0,0,0,1
6644,634,8,2,0,0,10,1,2025,11,4,14,34,2,2,1,0,0,0,0,1
6645,634,13,0,0,0,13,1,2025,11,4,14,51,42,2,1,0,0,0,0,1
6646,634,7,1,0,0,8,0,2025,11,4,15,9,27,2,1,0,0,0,0,1
6647,634,5,2,1,0,8,1,2025,11,4,15,27,13,2,1,0,0,0,0,1
6648,634,7,0,0,0,7,0,2025,11,4,15,45,13,2,1,0,0,0,0,1
6649,634,10,0,0,0,10,1,2025,11,4,16,2,55,2,1,0,0,0,0,1
6650,634,17,3,0,0,20,2,2025,11,4,18,0,9,2,1,0,0,0,1,0
6651,634,18,0,1,0,19,2,2025,11,4,18,17,47,2,1,0,0,0,1,0
6652,634,14,1,0,0,15,2,2025,11,4,18,35,25,2,1,0,0,0,1,0
6653,634,19,1,0,0,20,2,2025,11,4,18,53,3,2,1,0,0,0,1,0
6654,634,16,0,0,0,16,1,2025,11,4,19,10,41,2,1,0,0,0,1,0
6655,634,7,0,0,0,7,1,2025,11,4,19,28,20,2,1,0,0,0,1,0
6656,634,11,0,0,0,11,1,2025,11,4,19,45,58,2,1,0,0,0,1,0
6657,634,9,1,0,0,10,1,2025,11,4,20,3,34,2,1,0,0,0,1,0
6658,634,10,0,0,0,10,1,2025,11,4,20,21,11,2,1,0,0,0,1,0
6659,634,11,1,1,0,13,2,2025,11,4,20,38,51,2,1,0,0,0,1,0
6660,634,15,0,0,0,15,1,2025,11,5,7,51,24,2,1,0,0,1,0,0
6661,634,16,0,0,0,16,1,2025,11,5,8,9,1,2,1,0,0,1,0,0
6662,634,15,2,0,0,17,1,2025,11,5,8,26,38,2,1,0,0,1,0,0
6663,634,14,1,1,0,16,1,2025,11,5,8,44,14,2,1,0,0,1,0,0
6664,634,13,2,0,0,15,2,2025,11,5,9,1,51,2,1,0,0,1,0,0
6665,634,16,1,0,0,17,2,2025,11,5,9,19,27,2,1,0,0,1,0,0
6666,634,16,1,1,0,18,1,2025,11,5,9,37,3,2,1,0,0,1,0,0
6667,634,14,0,0,0,14,1,2025,11,5,9,54,40,2,1,0,0,1,0,0
6668,634,10,1,0,0,11,0,2025,11,5,10,12,17,2,1,0,0,1,0,0
6669,634,10,1,0,0,11,0,2025,11,5,10,29,55,2,1,0,0,1,0,0
6670,634,5,1,0,0,6,1,2025,11,5,10,47,30,2,1,0,0,1,0,0
6671,634,10,1,0,0,11,1,2025,11,5,12,44,10,2,1,0,0,0,0,1
6672,634,14,0,1,0,15,2,2025,11,5,13,1,50,2,1,0,0,0,0,1
6673,634,15,1,0,0,16,2,2025,11,5,13,19,30,2,1,0,0,0,0,1
6674,634,12,0,1,0,13,1,2025,11,5,13,37,11,2,1,0,0,0,0,1
6675,634,8,1,0,0,9,1,2025,11,5,13,54,55,2,1,0,0,0,0,1
6676,634,14,2,1,0,17,1,2025,11,5,14,46,45,2,1,0,0,0,0,1
6677,634,12,1,1,0,14,1,2025,11,5,15,4,25,2,1,0,0,0,0,1
6678,634,11,1,0,0,12,1,2025,11,5,15,22,5,2,1,0,0,0,0,1
6679,634,12,2,0,0,14,2,2025,11,5,15,39,48,2,1,0,0,0,0,1
6680,634,13,0,0,0,13,1,2025,11,5,15,57,31,2,1,0,0,0,0,1
6681,634,21,1,0,0,22,2,2025,11,6,7,50,51,2,1,0,0,1,0,0
6682,634,18,1,3,0,22,2,2025,11,6,8,8,32,2,1,0,0,1,0,0
6683,634,17,4,1,0,22,2,2025,11,6,8,26,32,2,1,0,0,1,0,0
6684,634,16,2,1,0,19,2,2025,11,6,8,44,46,2,1,0,0,1,0,0
6685,634,15,1,1,0,17,2,2025,11,6,9,2,29,2,1,0,0,1,0,0
6686,634,17,1,3,0,21,2,2025,11,6,9,20,10,2,1,0,0,1,0,0
6687,634,16,3,1,0,20,3,2025,11,6,9,37,51,2,1,0,0,1,0,0
6688,634,15,1,0,0,16,1,2025,11,6,9,55,39,2,1,0,0,1,0,0
6689,634,17,3,2,0,22,2,2025,11,6,10,13,34,2,1,0,0,1,0,0
6690,634,10,1,0,0,11,1,2025,11,6,10,31,18,2,1,0,0,1,0,0
6691,634,9,0,0,0,9,1,2025,11,6,12,31,9,2,1,0,0,0,0,1
6692,634,7,3,1,0,11,1,2025,11,6,12,48,49,2,1,0,0,0,0,1
6693,634,9,4,1,0,14,1,2025,11,6,13,6,30,2,1,0,0,0,0,1
6694,634,10,0,1,0,11,2,2025,11,6,13,39,50,2,1,0,0,0,0,1
6695,634,11,0,0,0,11,1,2025,11,6,13,57,32,2,1,0,0,0,0,1
6696,634,10,3,0,0,13,1,2025,11,7,9,38,43,2,1,0,0,1,0,0
6697,634,7,2,2,0,11,1,2025,11,7,10,14,0,2,1,0,0,1,0,0
6698,634,16,1,0,0,17,2,2025,11,7,10,31,39,2,1,0,0,1,0,0
6699,634,7,0,2,0,9,1,2025,11,7,13,14,30,2,1,0,0,0,0,1
6700,634,15,1,0,0,16,1,2025,11,7,13,32,9,2,1,0,0,0,0,1
6701,634,14,0,0,0,14,1,2025,11,7,13,49,48,2,1,0,0,0,0,1
6702,634,20,1,0,0,21,2,2025,11,7,15,37,22,2,1,0,0,0,0,1
6703,634,21,0,1,0,22,2,2025,11,7,15,55,3,2,1,0,0,0,0,1
6704,634,4,0,0,0,4,0,2025,11,8,7,54,52,2,1,0,0,1,0,0
6705,634,2,1,0,0,3,0,2025,11,8,8,12,32,2,1,0,0,1,0,0
6706,634,6,0,1,0,7,1,2025,11,8,8,30,11,2,1,0,0,1,0,0
6707,634,13,1,0,0,14,3,2025,11,8,8,47,48,2,1,0,0,1,0,0
6708,634,5,0,0,0,5,0,2025,11,8,9,52,27,2,1,0,0,1,0,0
6709,634,8,0,0,0,8,1,2025,11,8,10,31,55,2,1,0,0,1,0,0
6710,634,13,1,0,0,14,1,2025,11,8,10,49,32,2,1,0,0,1,0,0
6711,634,6,1,0,0,7,1,2025,11,8,11,7,10,2,1,0,0,1,0,0
6712,634,6,0,0,0,6,0,2025,11,8,11,24,50,2,1,0,0,1,0,0
6713,634,4,0,0,0,4,0,2025,11,8,11,42,29,2,1,0,0,1,0,0
6714,634,7,0,0,0,7,0,2025,11,8,12,0,9,2,1,0,0,0,0,1
6715,634,8,0,0,0,8,1,2025,11,8,12,17,45,2,1,0,0,0,0,1
6716,634,9,2,0,0,11,1,2025,11,8,12,35,20,2,1,0,0,0,0,1
6717,634,6,0,0,0,6,0,2025,11,8,12,52,57,2,1,0,0,0,0,1
6718,634,13,0,0,0,13,1,2025,11,8,13,10,33,2,1,0,0,0,0,1
6719,634,3,0,1,0,4,1,2025,11,8,13,28,10,2,1,0,0,0,0,1
6720,634,11,0,0,0,11,0,2025,11,8,13,45,47,2,1,0,0,0,0,1
6721,634,7,1,1,0,9,1,2025,11,8,14,3,25,2,1,0,0,0,0,1
6722,634,6,0,0,0,6,1,2025,11,8,14,21,2,2,1,0,0,0,0,1
6723,634,10,0,0,0,10,1,2025,11,8,14,38,38,2,1,0,0,0,0,1
6724,634,3,1,0,0,4,1,2025,11,8,15,34,23,2,1,0,0,0,0,1
6725,634,3,0,0,0,3,0,2025,11,8,15,52,2,2,1,0,0,0,0,1
6726,634,4,0,0,0,4,0,2025,11,8,16,9,41,2,1,0,0,0,0,1
6727,634,3,3,1,0,7,1,2025,11,8,16,27,21,2,1,0,0,0,0,1
6728,634,4,0,0,0,4,0,2025,11,8,16,45,1,2,1,0,0,0,0,1
6729,634,3,0,1,0,4,0,2025,11,8,17,2,38,2,1,0,0,0,0,1
6730,634,12,0,0,0,12,1,2025,11,8,18,55,26,2,1,0,0,0,1,0
6731,634,9,0,0,0,9,1,2025,11,8,19,13,5,2,1,0,0,0,1,0
6732,634,9,0,0,0,9,1,2025,11,8,19,30,44,2,1,0,0,0,1,0
6733,634,9,0,0,0,9,1,2025,11,8,19,48,19,2,1,0,0,0,1,0
6734,634,2,0,0,0,2,0,2025,11,9,8,29,49,2,1,0,0,1,0,0
6735,634,6,0,0,0,6,0,2025,11,9,8,47,27,2,1,0,0,1,0,0
6736,634,3,0,0,0,3,1,2025,11,9,9,5,3,2,1,0,0,1,0,0
6737,634,8,1,0,0,9,1,2025,11,9,9,22,40,2,1,0,0,1,0,0
6738,634,10,1,2,0,13,1,2025,11,9,9,40,19,2,1,0,0,1,0,0
6739,634,9,2,0,0,11,1,2025,11,9,9,57,58,2,1,0,0,1,0,0
6740,634,7,0,1,0,8,1,2025,11,9,10,15,37,2,1,0,0,1,0,0
6741,634,6,1,1,0,8,1,2025,11,9,10,33,14,2,1,0,0,1,0,0
6742,634,13,0,0,0,13,1,2025,11,9,10,50,49,2,1,0,0,1,0,0
6743,634,10,0,0,0,10,1,2025,11,9,11,8,26,2,1,0,0,1,0,0
6744,634,5,1,0,0,6,1,2025,11,9,11,26,4,2,1,0,0,1,0,0
6745,634,12,0,0,0,12,1,2025,11,9,11,43,49,2,1,0,0,1,0,0
6746,634,15,0,0,0,15,1,2025,11,9,12,1,27,2,1,0,0,0,0,1
6747,634,11,1,0,0,12,1,2025,11,9,12,19,5,2,1,0,0,0,0,1
6748,634,10,0,0,0,10,1,2025,11,9,12,36,44,2,1,0,0,0,0,1
6749,634,14,0,0,0,14,1,2025,11,9,12,54,25,2,1,0,0,0,0,1
6750,634,9,1,1,0,11,1,2025,11,9,15,20,18,2,1,0,0,0,0,1
6751,634,2,1,0,0,3,0,2025,11,9,15,37,57,2,1,0,0,0,0,1
6752,634,6,0,0,0,6,0,2025,11,9,15,55,37,2,1,0,0,0,0,1
6753,634,5,2,0,0,7,1,2025,11,9,16,13,16,2,1,0,0,0,0,1
6754,634,5,2,0,0,7,1,2025,11,9,16,30,56,2,1,0,0,0,0,1
6755,634,4,3,0,0,7,1,2025,11,9,16,48,31,2,1,0,0,0,0,1
6756,634,1,1,1,0,3,1,2025,11,9,17,6,8,2,1,0,0,0,0,1
6757,634,9,3,0,0,12,1,2025,11,9,17,23,47,2,1,0,0,0,0,1
6758,634,9,0,0,0,9,0,2025,11,9,17,41,25,2,1,0,0,0,0,1
6759,634,15,0,0,0,15,1,2025,11,9,17,59,5,2,1,0,0,0,0,1
6760,634,13,0,0,0,13,1,2025,11,9,18,16,42,2,1,0,0,0,1,0
6761,634,10,0,1,0,11,1,2025,11,9,18,34,21,2,1,0,0,0,1,0
6762,634,9,0,0,0,9,1,2025,11,9,18,51,57,2,1,0,0,0,1,0
6763,634,13,0,1,0,14,1,2025,11,9,19,9,34,2,1,0,0,0,1,0
6764,634,11,0,0,0,11,1,2025,11,11,7,59,37,2,1,0,0,1,0,0
6765,634,11,0,0,0,11,1,2025,11,11,8,17,11,2,1,0,0,1,0,0
6766,634,16,0,1,0,17,2,2025,11,11,8,52,21,2,1,0,0,1,0,0
6767,634,14,2,2,0,18,2,2025,11,11,9,9,56,2,1,0,0,1,0,0
6768,634,20,0,1,0,21,2,2025,11,11,9,27,32,2,1,0,0,1,0,0
6769,634,14,1,0,0,15,1,2025,11,11,14,34,54,2,1,0,0,0,0,1
6770,634,17,0,0,0,17,1,2025,11,11,14,52,34,2,1,0,0,0,0,1
6771,634,9,0,1,0,10,1,2025,11,11,15,10,13,2,1,0,0,0,0,1
6772,634,9,0,0,0,9,1,2025,11,11,15,27,55,2,1,0,0,0,0,1
6773,634,14,3,1,0,18,2,2025,11,11,15,45,38,2,1,0,0,0,0,1
6774,634,8,2,0,0,10,1,2025,11,11,16,3,16,2,1,0,0,0,0,1
6775,634,12,0,0,0,12,1,2025,11,11,17,48,1,2,1,0,0,0,0,1
6776,634,16,0,0,0,16,1,2025,11,11,18,5,37,2,1,0,0,0,1,0
6777,634,15,2,0,0,17,2,2025,11,11,18,23,12,2,1,0,0,0,1,0
6778,634,16,1,1,0,18,2,2025,11,11,18,40,51,2,1,0,0,0,1,0
6779,634,17,0,0,0,17,1,2025,11,11,18,58,29,2,1,0,0,0,1,0
6780,634,11,0,0,0,11,1,2025,11,11,19,16,7,2,1,0,0,0,1,0
6781,634,12,0,0,0,12,1,2025,11,11,19,33,43,2,1,0,0,0,1,0
6782,634,7,0,0,0,7,0,2025,11,11,19,51,25,2,1,0,0,0,1,0
6783,634,15,2,0,0,17,1,2025,11,12,8,37,18,2,1,0,0,1,0,0
6784,634,12,2,0,0,14,1,2025,11,12,8,55,2,2,1,0,0,1,0,0
6785,634,15,0,1,0,16,1,2025,11,12,9,12,47,2,1,0,0,1,0,0
6786,634,13,1,1,0,15,1,2025,11,12,9,30,41,2,1,0,0,1,0,0
6787,634,6,0,0,0,6,0,2025,11,12,12,35,15,2,1,0,0,0,0,1
6788,634,6,0,0,0,6,1,2025,11,14,9,7,16,2,1,0,0,1,0,0
6789,634,16,0,0,0,16,2,2025,11,14,9,24,55,2,1,0,0,1,0,0
6790,634,14,0,0,0,14,0,2025,11,14,9,42,37,2,1,0,0,1,0,0
6791,634,13,1,0,0,14,1,2025,11,14,10,0,15,2,1,0,0,1,0,0
6792,634,12,1,1,0,14,1,2025,11,14,10,17,53,2,1,0,0,1,0,0
6793,634,7,1,0,0,8,1,2025,11,14,10,35,35,2,1,0,0,1,0,0
6794,634,11,0,0,0,11,0,2025,11,15,9,51,30,2,1,0,0,1,0,0
6795,634,11,1,0,0,12,1,2025,11,15,10,9,11,2,1,0,0,1,0,0
6796,634,8,0,0,0,8,1,2025,11,15,10,26,52,2,1,0,0,1,0,0
6797,634,9,1,0,0,10,1,2025,11,15,10,44,41,2,1,0,0,1,0,0
6798,634,5,0,0,0,5,0,2025,11,15,11,2,22,2,1,0,0,1,0,0
6799,634,9,0,1,0,10,0,2025,11,15,11,20,2,2,1,0,0,1,0,0
6800,634,4,0,1,0,5,1,2025,11,15,11,37,43,2,1,0,0,1,0,0
6801,634,5,0,0,0,5,0,2025,11,15,11,55,23,2,1,0,0,1,0,0
6802,634,12,0,1,0,13,1,2025,11,15,12,13,5,2,1,0,0,0,0,1
6803,634,14,0,0,0,14,1,2025,11,15,12,30,44,2,1,0,0,0,0,1
6804,634,12,0,0,0,12,1,2025,11,15,12,48,25,2,1,0,0,0,0,1
6805,634,8,0,1,0,9,1,2025,11,15,13,6,4,2,1,0,0,0,0,1
6806,634,5,0,0,0,5,1,2025,11,16,8,9,27,2,1,0,0,1,0,0
6807,634,2,0,0,0,2,0,2025,11,16,8,27,8,2,1,0,0,1,0,0
6808,634,2,0,0,0,2,0,2025,11,16,8,44,56,2,1,0,0,1,0,0
6809,634,3,0,0,0,3,0,2025,11,16,9,2,38,2,1,0,0,1,0,0
6810,634,6,0,0,0,6,1,2025,11,16,9,20,18,2,1,0,0,1,0,0
6811,634,5,2,0,0,7,1,2025,11,16,9,38,0,2,1,0,0,1,0,0
6812,634,10,0,0,0,10,1,2025,11,16,9,55,41,2,1,0,0,1,0,0
6813,634,7,1,0,0,8,1,2025,11,16,10,13,29,2,1,0,0,1,0,0
6814,634,7,0,0,0,7,0,2025,11,16,10,31,16,2,1,0,0,1,0,0
6815,634,9,2,0,0,11,1,2025,11,16,10,49,8,2,1,0,0,1,0,0
6816,634,7,0,1,0,8,1,2025,11,16,11,7,1,2,1,0,0,1,0,0
6817,634,8,0,1,0,9,1,2025,11,17,8,23,54,2,1,0,0,1,0,0
6818,634,10,1,1,0,12,2,2025,11,17,8,41,38,2,1,0,0,1,0,0
6819,634,16,1,0,0,17,1,2025,11,17,8,59,15,2,1,0,0,1,0,0
6820,634,12,1,0,0,13,1,2025,11,17,9,16,54,2,1,0,0,1,0,0
6821,634,16,1,0,0,17,1,2025,11,17,9,34,34,2,1,0,0,1,0,0
6822,634,10,1,1,0,12,1,2025,11,17,9,52,13,2,1,0,0,1,0,0
6823,634,7,1,0,0,8,1,2025,11,17,10,9,51,2,1,0,0,1,0,0
6824,634,9,2,1,0,12,1,2025,11,17,10,27,33,2,1,0,0,1,0,0
6825,634,10,0,0,0,10,1,2025,11,17,12,34,31,2,1,0,0,0,0,1
6826,634,8,0,1,0,9,1,2025,11,17,12,52,10,2,1,0,0,0,0,1
6827,634,14,0,0,0,14,1,2025,11,17,13,9,50,2,1,0,0,0,0,1
6828,651,5,0,0,0,5,0,2025,10,27,8,27,11,40,0,1,0,1,0,0
6829,651,7,0,0,0,7,0,2025,10,27,8,44,55,40,0,1,0,1,0,0
6830,651,7,0,0,0,7,0,2025,10,27,9,2,37,40,0,1,0,1,0,0
6831,651,5,0,0,0,5,0,2025,10,27,9,20,16,40,0,1,0,1,0,0
6832,651,1,0,0,0,1,0,2025,10,27,9,37,58,40,0,1,0,1,0,0
6833,651,5,0,0,0,5,0,2025,10,27,9,55,40,40,0,1,0,1,0,0
6834,651,4,0,0,0,4,0,2025,10,27,10,13,26,40,0,1,0,1,0,0
6835,651,2,1,0,0,3,0,2025,10,27,10,31,13,40,0,1,0,1,0,0
6836,651,1,0,0,0,1,0,2025,10,27,12,40,15,40,0,1,0,0,0,1
6837,651,2,0,0,0,2,0,2025,10,27,12,57,58,40,0,1,0,0,0,1
6838,651,1,0,0,0,1,0,2025,10,27,13,15,45,40,0,1,0,0,0,1
6839,651,1,0,0,0,1,0,2025,10,27,13,20,51,40,0,1,0,0,0,1
6840,651,1,1,0,0,2,0,2025,10,27,13,57,15,40,0,1,0,0,0,1
6841,651,0,0,0,0,0,0,2025,10,27,14,55,35,40,0,1,0,0,0,1
6842,651,2,0,0,0,2,0,2025,10,27,15,13,20,40,0,1,0,0,0,1
6843,651,2,1,0,0,3,1,2025,10,27,15,31,7,40,0,1,0,0,0,1
6844,651,2,1,0,0,3,1,2025,10,27,15,48,54,40,0,1,0,0,0,1
6845,651,4,0,0,0,4,0,2025,10,27,18,2,58,40,0,1,0,0,1,0
6846,651,8,1,0,0,9,0,2025,10,27,18,20,34,40,0,1,0,0,1,0
6847,651,4,0,0,0,4,0,2025,10,27,18,38,11,40,0,1,0,0,1,0
6848,651,12,2,0,0,14,1,2025,10,28,7,56,25,40,0,1,0,1,0,0
6849,651,12,1,0,0,13,0,2025,10,28,8,14,2,40,0,1,0,1,0,0
6850,651,9,0,0,0,9,0,2025,10,28,8,31,38,40,0,1,0,1,0,0
6851,651,4,0,0,0,4,0,2025,10,28,8,49,14,40,0,1,0,1,0,0
6852,651,10,2,0,0,12,0,2025,10,28,9,6,50,40,0,1,0,1,0,0
6853,651,13,0,0,0,13,0,2025,10,28,9,24,26,40,0,1,0,1,0,0
6854,651,7,0,0,0,7,0,2025,10,28,9,42,4,40,0,1,0,1,0,0
6855,651,5,0,0,0,5,0,2025,10,28,13,27,51,40,0,1,0,0,0,1
6856,651,5,0,0,0,5,0,2025,10,28,14,45,43,40,0,1,0,0,0,1
6857,651,7,0,0,0,7,0,2025,10,28,15,3,25,40,0,1,0,0,0,1
6858,651,8,0,0,0,8,0,2025,10,28,15,21,10,40,0,1,0,0,0,1
6859,651,3,1,0,0,4,0,2025,10,28,15,38,59,40,0,1,0,0,0,1
6860,651,4,0,0,0,4,0,2025,10,28,15,56,44,40,0,1,0,0,0,1
6861,651,10,0,0,0,10,0,2025,10,28,17,49,5,40,0,1,0,0,0,1
6862,651,11,1,0,0,12,0,2025,10,28,18,6,41,40,0,1,0,0,1,0
6863,651,10,0,0,0,10,0,2025,10,28,18,24,21,40,0,1,0,0,1,0
6864,651,6,0,0,0,6,0,2025,10,28,18,42,1,40,0,1,0,0,1,0
6865,651,0,0,0,0,0,0,2025,10,28,18,59,38,40,0,1,0,0,1,0
6866,651,0,0,0,0,0,0,2025,10,28,19,17,17,40,0,1,0,0,1,0
6867,651,3,0,0,0,3,0,2025,10,28,19,34,54,40,0,1,0,0,1,0
6868,651,2,0,0,0,2,0,2025,10,28,19,52,33,40,0,1,0,0,1,0
6869,651,5,2,0,0,7,0,2025,10,29,8,23,44,40,0,1,0,1,0,0
6870,651,12,0,1,0,13,0,2025,10,29,8,41,21,40,0,1,0,1,0,0
6871,651,5,1,0,0,6,0,2025,10,29,8,58,57,40,0,1,0,1,0,0
6872,651,3,0,0,0,3,0,2025,10,29,9,16,32,40,0,1,0,1,0,0
6873,651,6,1,0,0,7,0,2025,10,29,9,34,8,40,0,1,0,1,0,0
6874,651,0,0,0,0,0,0,2025,10,29,9,51,45,40,0,1,0,1,0,0
6875,651,2,1,0,0,3,0,2025,10,29,10,9,22,40,0,1,0,1,0,0
6876,651,0,0,0,0,0,0,2025,10,29,10,27,1,40,0,1,0,1,0,0
6877,651,1,0,0,0,1,0,2025,10,29,10,44,39,40,0,1,0,1,0,0
6878,651,1,0,0,0,1,0,2025,10,29,12,33,31,40,0,1,0,0,0,1
6879,651,0,0,0,0,0,0,2025,10,29,12,51,12,40,0,1,0,0,0,1
6880,651,1,0,0,0,1,0,2025,10,29,13,8,56,40,0,1,0,0,0,1
6881,651,8,0,0,0,8,0,2025,10,29,13,26,43,40,0,1,0,0,0,1
6882,651,2,0,0,0,2,0,2025,10,29,13,44,24,40,0,1,0,0,0,1
6883,651,3,0,0,0,3,0,2025,10,29,14,44,10,40,0,1,0,0,0,1
6884,651,2,0,0,0,2,0,2025,10,29,15,1,52,40,0,1,0,0,0,1
6885,651,9,0,0,0,9,1,2025,10,29,15,19,38,40,0,1,0,0,0,1
6886,651,5,0,0,0,5,0,2025,10,29,15,37,18,40,0,1,0,0,0,1
6887,651,6,0,0,0,6,1,2025,10,29,15,54,58,40,0,1,0,0,0,1
6888,651,10,1,0,0,11,1,2025,10,30,8,20,34,40,0,1,0,1,0,0
6889,651,16,2,0,0,18,1,2025,10,30,8,38,17,40,0,1,0,1,0,0
6890,651,12,2,0,0,14,1,2025,10,30,8,56,0,40,0,1,0,1,0,0
6891,651,11,0,0,0,11,0,2025,10,30,9,13,52,40,0,1,0,1,0,0
6892,651,5,0,0,0,5,0,2025,10,30,9,31,53,40,0,1,0,1,0,0
6893,651,7,0,0,0,7,0,2025,10,30,9,49,52,40,0,1,0,1,0,0
6894,651,5,1,0,0,6,0,2025,10,30,10,7,37,40,0,1,0,1,0,0
6895,651,2,1,0,0,3,0,2025,10,30,10,25,31,40,0,1,0,1,0,0
6896,651,4,0,0,0,4,0,2025,10,30,10,43,13,40,0,1,0,1,0,0
6897,651,0,2,0,0,2,1,2025,10,30,12,29,46,40,0,1,0,0,0,1
6898,651,7,1,0,0,8,0,2025,10,30,12,47,17,40,0,1,0,0,0,1
6899,651,0,0,0,0,0,0,2025,10,30,13,5,2,40,0,1,0,0,0,1
6900,651,9,0,0,0,9,0,2025,10,30,13,22,47,40,0,1,0,0,0,1
6901,651,3,0,0,0,3,0,2025,10,30,13,40,34,40,0,1,0,0,0,1
6902,651,1,0,0,0,1,0,2025,10,30,13,58,19,40,0,1,0,0,0,1
6903,651,8,0,0,0,8,0,2025,10,30,14,57,20,40,0,1,0,0,0,1
6904,651,8,3,0,0,11,0,2025,10,30,15,15,15,40,0,1,0,0,0,1
6905,651,6,0,0,0,6,0,2025,10,30,15,32,59,40,0,1,0,0,0,1
6906,651,4,0,0,0,4,0,2025,10,30,15,57,43,40,0,1,0,0,0,1
6907,651,4,0,0,0,4,0,2025,10,30,16,15,30,40,0,1,0,0,0,1
6908,651,2,0,0,0,2,0,2025,10,30,22,45,47,40,0,1,0,0,1,0
6909,651,0,1,0,0,1,0,2025,10,31,8,25,15,40,0,1,0,1,0,0
6910,651,8,1,0,0,9,0,2025,10,31,8,43,0,40,0,1,0,1,0,0
6911,651,3,0,0,0,3,0,2025,10,31,9,0,47,40,0,1,0,1,0,0
6912,651,1,1,1,0,3,0,2025,10,31,9,18,34,40,0,1,0,1,0,0
6913,651,4,0,1,0,5,0,2025,10,31,9,44,12,40,0,1,0,1,0,0
6914,651,6,0,0,0,6,0,2025,10,31,10,1,53,40,0,1,0,1,0,0
6915,651,2,0,0,0,2,0,2025,10,31,10,19,37,40,0,1,0,1,0,0
6916,651,2,0,0,0,2,0,2025,10,31,10,37,18,40,0,1,0,1,0,0
6917,651,16,4,0,0,20,1,2025,10,31,15,3,38,40,0,1,0,0,0,1
6918,651,17,1,0,0,18,1,2025,10,31,15,21,31,40,0,1,0,0,0,1
6919,651,11,2,0,0,13,1,2025,10,31,15,39,24,40,0,1,0,0,0,1
6920,651,10,1,0,0,11,1,2025,10,31,15,57,13,40,0,1,0,0,0,1
6921,651,2,0,0,0,2,0,2025,11,1,8,54,51,40,0,1,0,1,0,0
6922,651,3,1,0,0,4,0,2025,11,1,9,12,36,40,0,1,0,1,0,0
6923,651,7,0,0,0,7,0,2025,11,1,9,30,31,40,0,1,0,1,0,0
6924,651,7,1,0,0,8,0,2025,11,1,9,48,18,40,0,1,0,1,0,0
6925,651,9,0,0,0,9,0,2025,11,1,10,6,8,40,0,1,0,1,0,0
6926,651,8,0,0,0,8,0,2025,11,1,10,23,52,40,0,1,0,1,0,0
6927,651,7,0,0,0,7,0,2025,11,1,10,41,38,40,0,1,0,1,0,0
6928,651,10,0,0,0,10,0,2025,11,1,10,59,33,40,0,1,0,1,0,0
6929,651,6,1,0,0,7,0,2025,11,1,11,17,20,40,0,1,0,1,0,0
6930,651,10,0,0,0,10,0,2025,11,1,11,35,2,40,0,1,0,1,0,0
6931,651,12,1,0,0,13,0,2025,11,1,11,52,45,40,0,1,0,1,0,0
6932,651,8,1,0,0,9,0,2025,11,1,12,10,39,40,0,1,0,0,0,1
6933,651,8,0,0,0,8,0,2025,11,1,12,28,26,40,0,1,0,0,0,1
6934,651,12,0,0,0,12,0,2025,11,1,12,46,17,40,0,1,0,0,0,1
6935,651,17,1,0,0,18,1,2025,11,1,13,4,14,40,0,1,0,0,0,1
6936,651,12,1,0,0,13,0,2025,11,1,13,22,0,40,0,1,0,0,0,1
6937,651,9,0,0,0,9,0,2025,11,1,13,39,46,40,0,1,0,0,0,1
6938,651,11,0,0,0,11,0,2025,11,1,13,57,37,40,0,1,0,0,0,1
6939,651,15,0,0,0,15,0,2025,11,1,14,15,27,40,0,1,0,0,0,1
6940,651,14,1,0,0,15,0,2025,11,1,14,33,29,40,0,1,0,0,0,1
6941,651,14,0,0,0,14,0,2025,11,1,14,51,36,40,0,1,0,0,0,1
6942,651,11,1,0,0,12,0,2025,11,1,15,9,32,40,0,1,0,0,0,1
6943,651,4,0,0,0,4,0,2025,11,1,15,27,19,40,0,1,0,0,0,1
6944,651,10,0,0,0,10,0,2025,11,1,15,45,10,40,0,1,0,0,0,1
6945,651,9,0,0,0,9,0,2025,11,1,16,3,6,40,0,1,0,0,0,1
6946,651,3,0,0,0,3,0,2025,11,1,16,20,54,40,0,1,0,0,0,1
6947,651,7,0,0,0,7,0,2025,11,1,16,38,44,40,0,1,0,0,0,1
6948,651,7,0,0,0,7,0,2025,11,1,16,56,41,40,0,1,0,0,0,1
6949,651,7,1,0,0,8,0,2025,11,1,17,14,38,40,0,1,0,0,0,1
6950,651,7,1,0,0,8,0,2025,11,1,17,32,26,40,0,1,0,0,0,1
6951,651,11,0,0,0,11,0,2025,11,1,17,50,16,40,0,1,0,0,0,1
6952,651,6,1,0,0,7,0,2025,11,1,18,8,10,40,0,1,0,0,1,0
6953,651,5,0,0,0,5,0,2025,11,1,18,27,0,40,0,1,0,0,1,0
6954,651,2,0,0,0,2,0,2025,11,1,18,44,53,40,0,1,0,0,1,0
6955,651,3,0,0,0,3,0,2025,11,1,19,2,42,40,0,1,0,0,1,0
6956,651,2,0,0,0,2,0,2025,11,1,19,37,18,40,0,1,0,0,1,0
6957,651,3,0,0,0,3,0,2025,11,2,11,10,11,40,0,1,0,1,0,0
6958,651,3,0,0,0,3,0,2025,11,2,11,28,8,40,0,1,0,1,0,0
6959,651,11,1,0,0,12,0,2025,11,2,12,11,23,40,0,1,0,0,0,1
6960,651,6,0,0,0,6,0,2025,11,2,12,29,10,40,0,1,0,0,0,1
6961,651,11,0,0,0,11,0,2025,11,2,12,46,59,40,0,1,0,0,0,1
6962,651,11,0,0,0,11,0,2025,11,2,13,4,43,40,0,1,0,0,0,1
6963,651,16,0,0,0,16,0,2025,11,2,13,22,23,40,0,1,0,0,0,1
6964,651,7,0,0,0,7,0,2025,11,2,13,40,2,40,0,1,0,0,0,1
6965,651,6,0,0,0,6,0,2025,11,2,13,57,41,40,0,1,0,0,0,1
6966,651,9,0,0,0,9,0,2025,11,2,14,15,20,40,0,1,0,0,0,1
6967,651,10,2,0,0,12,0,2025,11,2,14,32,57,40,0,1,0,0,0,1
6968,651,6,0,0,0,6,0,2025,11,2,14,50,32,40,0,1,0,0,0,1
6969,651,4,1,0,0,5,0,2025,11,2,15,51,4,40,0,1,0,0,0,1
6970,651,10,0,0,0,10,0,2025,11,2,16,8,42,40,0,1,0,0,0,1
6971,651,4,0,0,0,4,0,2025,11,2,16,26,21,40,0,1,0,0,0,1
6972,651,10,1,0,0,11,0,2025,11,2,16,44,0,40,0,1,0,0,0,1
6973,651,14,1,0,0,15,1,2025,11,6,7,50,49,40,0,1,0,1,0,0
6974,651,21,2,0,0,23,1,2025,11,6,8,8,30,40,0,1,0,1,0,0
6975,651,20,0,0,0,20,1,2025,11,6,8,26,14,40,0,1,0,1,0,0
6976,651,15,0,0,0,15,0,2025,11,6,8,44,45,40,0,1,0,1,0,0
6977,651,13,0,0,0,13,1,2025,11,6,9,2,26,40,0,1,0,1,0,0
6978,651,14,5,0,0,19,1,2025,11,6,9,20,7,40,0,1,0,1,0,0
6979,651,14,2,0,0,16,1,2025,11,6,9,37,49,40,0,1,0,1,0,0
6980,651,15,1,0,0,16,1,2025,11,6,9,55,36,40,0,1,0,1,0,0
6981,651,14,0,0,0,14,0,2025,11,6,10,13,27,40,0,1,0,1,0,0
6982,651,15,2,1,0,18,1,2025,11,6,10,31,15,40,0,1,0,1,0,0
6983,651,16,1,0,0,17,1,2025,11,6,12,11,37,40,0,1,0,0,0,1
6984,651,7,0,0,0,7,0,2025,11,6,12,31,7,40,0,1,0,0,0,1
6985,651,14,1,0,0,15,0,2025,11,6,12,48,47,40,0,1,0,0,0,1
6986,651,5,2,0,0,7,0,2025,11,6,13,6,28,40,0,1,0,0,0,1
6987,651,10,4,0,0,14,1,2025,11,6,13,39,47,40,0,1,0,0,0,1
6988,651,5,1,0,0,6,0,2025,11,6,13,57,30,40,0,1,0,0,0,1
6989,651,4,0,0,0,4,0,2025,11,7,9,38,43,40,0,1,0,1,0,0
6990,651,2,0,0,0,2,0,2025,11,7,10,13,58,40,0,1,0,1,0,0
6991,651,8,0,0,0,8,1,2025,11,7,10,31,37,40,0,1,0,1,0,0
6992,651,2,0,0,0,2,0,2025,11,7,13,14,28,40,0,1,0,0,0,1
6993,651,6,0,0,0,6,0,2025,11,7,13,32,8,40,0,1,0,0,0,1
6994,651,7,0,0,0,7,0,2025,11,7,13,49,46,40,0,1,0,0,0,1
6995,651,10,3,0,0,13,1,2025,11,7,15,37,20,40,0,1,0,0,0,1
6996,651,11,1,0,0,12,1,2025,11,7,15,55,2,40,0,1,0,0,0,1
6997,651,3,0,1,0,4,0,2025,11,8,7,54,50,40,0,1,0,1,0,0
6998,651,3,0,0,0,3,0,2025,11,8,8,12,30,40,0,1,0,1,0,0
6999,651,2,0,0,0,2,0,2025,11,8,8,30,10,40,0,1,0,1,0,0
7000,651,3,0,0,0,3,0,2025,11,8,8,47,47,40,0,1,0,1,0,0
7001,651,8,2,1,0,11,1,2025,11,8,9,52,26,40,0,1,0,1,0,0
7002,651,3,0,0,0,3,0,2025,11,8,10,31,53,40,0,1,0,1,0,0
7003,651,5,0,0,0,5,0,2025,11,8,10,49,30,40,0,1,0,1,0,0
7004,651,2,0,0,0,2,0,2025,11,8,11,7,8,40,0,1,0,1,0,0
7005,651,1,0,0,0,1,0,2025,11,8,11,24,48,40,0,1,0,1,0,0
7006,651,2,0,0,0,2,0,2025,11,8,11,42,27,40,0,1,0,1,0,0
7007,651,0,0,0,0,0,0,2025,11,8,12,0,8,40,0,1,0,0,0,1
7008,651,4,0,0,0,4,0,2025,11,8,12,17,44,40,0,1,0,0,0,1
7009,651,0,0,0,0,0,0,2025,11,8,12,35,18,40,0,1,0,0,0,1
7010,651,0,0,0,0,0,0,2025,11,8,12,52,55,40,0,1,0,0,0,1
7011,651,2,0,0,0,2,0,2025,11,8,13,10,32,40,0,1,0,0,0,1
7012,651,3,0,0,0,3,0,2025,11,8,13,28,8,40,0,1,0,0,0,1
7013,651,1,0,1,0,2,0,2025,11,8,13,45,46,40,0,1,0,0,0,1
7014,651,2,0,0,0,2,0,2025,11,8,14,3,24,40,0,1,0,0,0,1
7015,651,0,0,0,0,0,0,2025,11,8,14,21,0,40,0,1,0,0,0,1
7016,651,0,0,0,0,0,0,2025,11,8,14,38,36,40,0,1,0,0,0,1
7017,651,2,0,0,0,2,0,2025,11,8,15,34,21,40,0,1,0,0,0,1
7018,651,0,0,0,0,0,0,2025,11,8,15,51,59,40,0,1,0,0,0,1
7019,651,0,0,0,0,0,0,2025,11,8,16,9,39,40,0,1,0,0,0,1
7020,651,2,0,0,0,2,0,2025,11,8,16,27,18,40,0,1,0,0,0,1
7021,651,0,0,0,0,0,0,2025,11,8,16,44,59,40,0,1,0,0,0,1
7022,651,2,0,0,0,2,0,2025,11,8,17,2,37,40,0,1,0,0,0,1
7023,651,0,0,0,0,0,0,2025,11,8,18,55,24,40,0,1,0,0,1,0
7024,651,2,0,0,0,2,0,2025,11,8,19,13,3,40,0,1,0,0,1,0
7025,651,1,0,0,0,1,0,2025,11,8,19,30,42,40,0,1,0,0,1,0
7026,651,0,0,0,0,0,0,2025,11,8,19,48,19,40,0,1,0,0,1,0
7027,651,1,0,0,0,1,0,2025,11,9,8,29,48,40,0,1,0,1,0,0
7028,651,1,0,0,0,1,0,2025,11,9,8,47,26,40,0,1,0,1,0,0
7029,651,0,0,0,0,0,0,2025,11,9,9,5,2,40,0,1,0,1,0,0
7030,651,0,0,0,0,0,0,2025,11,9,9,22,39,40,0,1,0,1,0,0
7031,651,0,0,0,0,0,0,2025,11,9,9,40,17,40,0,1,0,1,0,0
7032,651,2,0,0,0,2,0,2025,11,9,9,57,56,40,0,1,0,1,0,0
7033,651,1,0,0,0,1,0,2025,11,9,10,15,35,40,0,1,0,1,0,0
7034,651,0,0,0,0,0,0,2025,11,9,10,33,13,40,0,1,0,1,0,0
7035,651,1,0,0,0,1,0,2025,11,9,10,50,48,40,0,1,0,1,0,0
7036,651,0,0,0,0,0,0,2025,11,9,11,8,24,40,0,1,0,1,0,0
7037,651,1,0,0,0,1,0,2025,11,9,11,26,2,40,0,1,0,1,0,0
7038,651,3,0,0,0,3,0,2025,11,9,11,43,46,40,0,1,0,1,0,0
7039,651,1,1,0,0,2,0,2025,11,9,12,1,25,40,0,1,0,0,0,1
7040,651,0,0,0,0,0,0,2025,11,9,12,19,3,40,0,1,0,0,0,1
7041,651,1,0,0,0,1,0,2025,11,9,12,36,42,40,0,1,0,0,0,1
7042,651,2,0,0,0,2,0,2025,11,9,12,54,23,40,0,1,0,0,0,1
7043,651,0,0,0,0,0,0,2025,11,9,15,20,16,40,0,1,0,0,0,1
7044,651,0,0,0,0,0,0,2025,11,9,15,37,55,40,0,1,0,0,0,1
7045,651,0,0,0,0,0,0,2025,11,9,15,55,35,40,0,1,0,0,0,1
7046,651,0,0,0,0,0,0,2025,11,9,16,13,14,40,0,1,0,0,0,1
7047,651,0,0,0,0,0,0,2025,11,9,16,30,53,40,0,1,0,0,0,1
7048,651,0,0,0,0,0,0,2025,11,9,16,48,30,40,0,1,0,0,0,1
7049,651,0,0,0,0,0,0,2025,11,9,17,6,5,40,0,1,0,0,0,1
7050,651,1,0,0,0,1,0,2025,11,9,17,23,44,40,0,1,0,0,0,1
7051,651,0,0,0,0,0,0,2025,11,9,17,41,23,40,0,1,0,0,0,1
7052,651,0,0,0,0,0,0,2025,11,9,17,59,2,40,0,1,0,0,0,1
7053,651,0,0,0,0,0,0,2025,11,9,18,16,40,40,0,1,0,0,1,0
7054,651,0,0,0,0,0,0,2025,11,9,18,34,18,40,0,1,0,0,1,0
7055,651,9,3,0,0,12,1,2025,11,11,7,59,36,40,0,1,0,1,0,0
7056,651,14,0,0,0,14,1,2025,11,11,8,17,10,40,0,1,0,1,0,0
7057,651,11,1,0,0,12,0,2025,11,11,8,34,44,40,0,1,0,1,0,0
7058,651,3,1,0,0,4,0,2025,11,11,8,52,19,40,0,1,0,1,0,0
7059,651,6,0,0,0,6,0,2025,11,11,9,9,55,40,0,1,0,1,0,0
7060,651,5,0,0,0,5,0,2025,11,11,9,27,31,40,0,1,0,1,0,0
7061,651,13,1,0,0,14,0,2025,11,11,14,34,52,40,0,1,0,0,0,1
7062,651,4,1,0,0,5,0,2025,11,11,14,52,31,40,0,1,0,0,0,1
7063,651,9,3,0,0,12,1,2025,11,11,15,10,11,40,0,1,0,0,0,1
7064,651,3,0,0,0,3,0,2025,11,11,15,27,52,40,0,1,0,0,0,1
7065,651,1,1,0,0,2,0,2025,11,11,15,45,36,40,0,1,0,0,0,1
7066,651,4,0,0,0,4,0,2025,11,11,16,3,14,40,0,1,0,0,0,1
7067,651,4,0,0,0,4,0,2025,11,11,17,48,0,40,0,1,0,0,0,1
7068,651,3,0,0,0,3,0,2025,11,11,18,5,36,40,0,1,0,0,1,0
7069,651,3,0,0,0,3,0,2025,11,11,18,23,11,40,0,1,0,0,1,0
7070,651,3,0,0,0,3,0,2025,11,11,18,40,49,40,0,1,0,0,1,0
7071,651,5,0,0,0,5,0,2025,11,11,18,58,27,40,0,1,0,0,1,0
7072,651,2,1,0,0,3,0,2025,11,11,19,16,5,40,0,1,0,0,1,0
7073,651,2,0,0,0,2,0,2025,11,11,19,33,41,40,0,1,0,0,1,0
7074,651,4,0,0,0,4,0,2025,11,11,19,51,24,40,0,1,0,0,1,0
7075,651,30,2,0,0,32,2,2025,11,12,8,37,15,40,0,1,0,1,0,0
7076,651,28,4,1,0,33,2,2025,11,12,8,54,59,40,0,1,0,1,0,0
7077,651,20,4,0,0,24,2,2025,11,12,9,12,42,40,0,1,0,1,0,0
7078,651,7,1,0,0,8,0,2025,11,12,9,30,35,40,0,1,0,1,0,0
7079,651,2,0,0,0,2,0,2025,11,12,12,35,11,40,0,1,0,0,0,1
7080,651,5,2,0,0,7,1,2025,11,14,10,35,33,40,0,1,0,1,0,0
7081,651,12,0,0,0,12,0,2025,11,17,8,23,52,40,0,1,0,1,0,0
7082,651,17,2,1,0,20,1,2025,11,17,8,41,36,40,0,1,0,1,0,0
7083,651,14,2,0,0,16,1,2025,11,17,8,59,13,40,0,1,0,1,0,0
7084,651,8,0,0,0,8,0,2025,11,17,9,16,52,40,0,1,0,1,0,0
7085,651,9,0,0,0,9,0,2025,11,17,9,34,32,40,0,1,0,1,0,0
7086,651,10,1,0,0,11,0,2025,11,17,9,52,10,40,0,1,0,1,0,0
7087,651,5,1,0,0,6,0,2025,11,17,10,9,49,40,0,1,0,1,0,0
7088,651,4,2,0,0,6,0,2025,11,17,10,27,31,40,0,1,0,1,0,0
7089,651,9,0,1,0,10,1,2025,11,17,12,34,30,40,0,1,0,0,0,1
7090,651,8,0,0,0,8,0,2025,11,17,12,52,8,40,0,1,0,0,0,1
7091,651,7,0,0,0,7,0,2025,11,17,13,9,47,40,0,1,0,0,0,1
7092,660,14,1,1,0,16,2,2025,10,27,8,27,14,2,1,0,0,1,0,0
7093,660,12,2,1,0,15,2,2025,10,27,8,44,59,2,1,0,0,1,0,0
7094,660,8,0,1,0,9,1,2025,10,27,9,2,38,2,1,0,0,1,0,0
7095,660,15,0,1,0,16,1,2025,10,27,9,20,19,2,1,0,0,1,0,0
7096,660,10,2,1,0,13,1,2025,10,27,9,38,0,2,1,0,0,1,0,0
7097,660,9,1,0,0,10,1,2025,10,27,9,55,44,2,1,0,0,1,0,0
7098,660,11,1,0,0,12,1,2025,10,27,10,13,29,2,1,0,0,1,0,0
7099,660,10,2,1,0,13,1,2025,10,27,10,31,16,2,1,0,0,1,0,0
7100,660,7,2,0,0,9,1,2025,10,27,12,40,18,2,1,0,0,0,0,1
7101,660,7,1,0,0,8,1,2025,10,27,12,58,2,2,1,0,0,0,0,1
7102,660,7,1,0,0,8,0,2025,10,27,13,15,49,2,1,0,0,0,0,1
7103,660,7,0,1,0,8,1,2025,10,27,13,20,55,2,1,0,0,0,0,1
7104,660,10,0,0,0,10,0,2025,10,27,13,57,19,2,1,0,0,0,0,1
7105,660,8,2,0,0,10,1,2025,10,27,14,55,37,2,1,0,0,0,0,1
7106,660,9,0,0,0,9,1,2025,10,27,15,13,22,2,1,0,0,0,0,1
7107,660,8,1,0,0,9,1,2025,10,27,15,31,9,2,1,0,0,0,0,1
7108,660,9,0,0,0,9,1,2025,10,27,15,48,56,2,1,0,0,0,0,1
7109,660,13,2,0,0,15,1,2025,10,27,18,2,59,2,1,0,0,0,1,0
7110,660,17,1,0,0,18,1,2025,10,27,18,20,36,2,1,0,0,0,1,0
7111,660,13,0,0,0,13,1,2025,10,27,18,38,13,2,1,0,0,0,1,0
7112,660,20,0,1,0,21,2,2025,10,28,7,56,27,2,1,0,0,1,0,0
7113,660,21,1,1,0,23,2,2025,10,28,8,14,3,2,1,0,0,1,0,0
7114,660,21,0,0,0,21,2,2025,10,28,8,31,40,2,1,0,0,1,0,0
7115,660,24,2,0,0,26,2,2025,10,28,8,49,16,2,1,0,0,1,0,0
7116,660,22,1,0,0,23,2,2025,10,28,9,6,51,2,1,0,0,1,0,0
7117,660,23,1,0,0,24,2,2025,10,28,9,24,28,2,1,0,0,1,0,0
7118,660,21,0,0,0,21,2,2025,10,28,9,42,7,2,1,0,0,1,0,0
7119,660,11,2,0,0,13,1,2025,10,28,13,27,54,2,1,0,0,0,0,1
7120,660,14,0,0,0,14,1,2025,10,28,14,45,46,2,1,0,0,0,0,1
7121,660,13,0,1,0,14,1,2025,10,28,15,3,29,2,1,0,0,0,0,1
7122,660,14,0,0,0,14,1,2025,10,28,15,21,16,2,1,0,0,0,0,1
7123,660,6,2,0,0,8,1,2025,10,28,15,39,3,2,1,0,0,0,0,1
7124,660,8,0,0,0,8,1,2025,10,28,15,56,47,2,1,0,0,0,0,1
7125,660,13,0,0,0,13,1,2025,10,28,17,49,7,2,1,0,0,0,0,1
7126,660,13,1,0,0,14,1,2025,10,28,18,6,44,2,1,0,0,0,1,0
7127,660,19,0,0,0,19,1,2025,10,28,18,24,24,2,1,0,0,0,1,0
7128,660,9,0,1,0,10,1,2025,10,28,18,42,3,2,1,0,0,0,1,0
7129,660,12,0,0,0,12,1,2025,10,28,18,59,41,2,1,0,0,0,1,0
7130,660,11,0,2,0,13,2,2025,10,28,19,17,18,2,1,0,0,0,1,0
7131,660,11,0,0,0,11,1,2025,10,28,19,34,57,2,1,0,0,0,1,0
7132,660,12,0,0,0,12,1,2025,10,28,19,52,35,2,1,0,0,0,1,0
7133,660,15,2,2,0,19,2,2025,10,29,8,23,46,2,1,0,0,1,0,0
7134,660,13,5,3,0,21,2,2025,10,29,8,41,22,2,1,0,0,1,0,0
7135,660,13,4,3,0,20,2,2025,10,29,8,58,59,2,1,0,0,1,0,0
7136,660,16,2,0,0,18,1,2025,10,29,9,16,33,2,1,0,0,1,0,0
7137,660,20,2,1,0,23,1,2025,10,29,9,34,10,2,1,0,0,1,0,0
7138,660,18,1,2,0,21,1,2025,10,29,9,51,46,2,1,0,0,1,0,0
7139,660,15,3,0,0,18,1,2025,10,29,10,9,24,2,1,0,0,1,0,0
7140,660,16,4,4,0,24,1,2025,10,29,10,27,3,2,1,0,0,1,0,0
7141,660,13,1,1,0,15,1,2025,10,29,10,44,42,2,1,0,0,1,0,0
7142,660,14,1,0,0,15,1,2025,10,29,14,44,13,2,1,0,0,0,0,1
7143,660,13,3,0,0,16,1,2025,10,29,15,1,56,2,1,0,0,0,0,1
7144,660,20,0,1,0,21,1,2025,10,29,15,19,41,2,1,0,0,0,0,1
7145,660,18,1,1,0,20,1,2025,10,29,15,37,21,2,1,0,0,0,0,1
7146,660,13,1,2,0,16,1,2025,10,29,15,55,1,2,1,0,0,0,0,1
7147,660,20,1,4,0,25,2,2025,10,30,8,20,38,2,1,0,0,1,0,0
7148,660,15,3,5,0,23,2,2025,10,30,8,38,20,2,1,0,0,1,0,0
7149,660,17,2,4,0,23,2,2025,10,30,8,56,3,2,1,0,0,1,0,0
7150,660,13,3,3,0,19,2,2025,10,30,9,13,55,2,1,0,0,1,0,0
7151,660,13,3,2,0,18,2,2025,10,30,9,32,0,2,1,0,0,1,0,0
7152,660,13,1,0,0,14,1,2025,10,30,12,29,50,2,1,0,0,0,0,1
7153,660,19,0,0,0,19,1,2025,10,30,12,47,21,2,1,0,0,0,0,1
7154,660,14,2,0,0,16,1,2025,10,30,13,5,6,2,1,0,0,0,0,1
7155,660,18,2,0,0,20,1,2025,10,30,13,22,51,2,1,0,0,0,0,1
7156,660,14,1,0,0,15,0,2025,10,30,13,40,37,2,1,0,0,0,0,1
7157,660,21,1,0,0,22,1,2025,10,30,13,58,23,2,1,0,0,0,0,1
7158,660,15,0,0,0,15,1,2025,10,30,14,57,25,2,1,0,0,0,0,1
7159,660,18,1,0,0,19,2,2025,10,30,15,15,18,2,1,0,0,0,0,1
7160,660,10,2,0,0,12,1,2025,10,30,15,33,2,2,1,0,0,0,0,1
7161,660,15,0,0,0,15,1,2025,10,30,15,57,47,2,1,0,0,0,0,1
7162,660,13,0,0,0,13,1,2025,10,30,16,15,35,2,1,0,0,0,0,1
7163,660,7,0,0,0,7,0,2025,10,30,22,45,49,2,1,0,0,0,1,0
7164,660,21,0,0,0,21,1,2025,10,31,8,25,18,2,1,0,0,1,0,0
7165,660,17,1,1,0,19,2,2025,10,31,8,43,5,2,1,0,0,1,0,0
7166,660,20,0,0,0,20,1,2025,10,31,9,0,53,2,1,0,0,1,0,0
7167,660,20,0,1,0,21,2,2025,10,31,9,18,37,2,1,0,0,1,0,0
7168,660,14,2,0,0,16,1,2025,10,31,9,44,14,2,1,0,0,1,0,0
7169,660,10,3,0,0,13,1,2025,10,31,10,1,56,2,1,0,0,1,0,0
7170,660,19,2,0,0,21,1,2025,10,31,10,19,40,2,1,0,0,1,0,0
7171,660,16,3,0,0,19,1,2025,10,31,10,37,20,2,1,0,0,1,0,0
7172,660,24,0,0,0,24,1,2025,10,31,15,3,42,2,1,0,0,0,0,1
7173,660,24,0,0,0,24,2,2025,10,31,15,21,34,2,1,0,0,0,0,1
7174,660,11,0,0,0,11,1,2025,10,31,15,39,27,2,1,0,0,0,0,1
7175,660,13,1,0,0,14,1,2025,10,31,15,57,17,2,1,0,0,0,0,1
7176,660,9,0,0,0,9,1,2025,11,1,12,46,31,2,1,0,0,0,0,1
7177,660,15,1,0,0,16,1,2025,11,1,13,4,17,2,1,0,0,0,0,1
7178,660,12,1,0,0,13,1,2025,11,1,13,22,5,2,1,0,0,0,0,1
7179,660,9,1,0,0,10,1,2025,11,1,13,39,50,2,1,0,0,0,0,1
7180,660,11,0,0,0,11,0,2025,11,1,13,57,41,2,1,0,0,0,0,1
7181,660,4,1,0,0,5,0,2025,11,1,14,15,32,2,1,0,0,0,0,1
7182,660,5,0,1,0,6,0,2025,11,1,14,33,41,2,1,0,0,0,0,1
7183,660,10,0,1,0,11,1,2025,11,1,14,51,44,2,1,0,0,0,0,1
7184,660,15,1,1,0,17,1,2025,11,1,15,9,36,2,1,0,0,0,0,1
7185,660,7,1,0,0,8,1,2025,11,1,15,27,23,2,1,0,0,0,0,1
7186,660,14,0,0,0,14,1,2025,11,1,15,45,15,2,1,0,0,0,0,1
7187,660,12,0,0,0,12,1,2025,11,1,16,3,12,2,1,0,0,0,0,1
7188,660,13,0,0,0,13,1,2025,11,1,16,20,59,2,1,0,0,0,0,1
7189,660,10,0,0,0,10,1,2025,11,1,16,38,47,2,1,0,0,0,0,1
7190,660,8,0,0,0,8,1,2025,11,1,16,56,46,2,1,0,0,0,0,1
7191,660,13,1,0,0,14,1,2025,11,1,17,14,45,2,1,0,0,0,0,1
7192,660,11,0,1,0,12,1,2025,11,1,17,32,30,2,1,0,0,0,0,1
7193,660,15,0,0,0,15,1,2025,11,1,17,50,25,2,1,0,0,0,0,1
7194,660,13,0,0,0,13,1,2025,11,1,18,8,18,2,1,0,0,0,1,0
7195,660,14,0,1,0,15,1,2025,11,1,18,27,3,2,1,0,0,0,1,0
7196,660,17,0,0,0,17,1,2025,11,1,18,45,0,2,1,0,0,0,1,0
7197,660,9,0,0,0,9,1,2025,11,1,19,2,46,2,1,0,0,0,1,0
7198,660,7,0,0,0,7,1,2025,11,1,19,37,21,2,1,0,0,0,1,0
7199,660,10,0,0,0,10,0,2025,11,2,10,16,52,2,1,0,0,1,0,0
7200,660,13,0,0,0,13,1,2025,11,2,10,34,37,2,1,0,0,1,0,0
7201,660,11,2,0,0,13,1,2025,11,2,10,52,31,2,1,0,0,1,0,0
7202,660,13,0,0,0,13,0,2025,11,2,11,10,20,2,1,0,0,1,0,0
7203,660,9,0,0,0,9,0,2025,11,2,11,28,12,2,1,0,0,1,0,0
7204,660,7,2,0,0,9,0,2025,11,2,12,11,28,2,1,0,0,0,0,1
7205,660,9,1,0,0,10,0,2025,11,2,12,29,13,2,1,0,0,0,0,1
7206,660,12,0,1,0,13,1,2025,11,2,12,47,3,2,1,0,0,0,0,1
7207,660,15,0,0,0,15,1,2025,11,2,13,4,46,2,1,0,0,0,0,1
7208,660,6,1,0,0,7,0,2025,11,2,13,22,25,2,1,0,0,0,0,1
7209,660,9,0,0,0,9,0,2025,11,2,13,40,4,2,1,0,0,0,0,1
7210,660,9,1,0,0,10,1,2025,11,2,13,57,43,2,1,0,0,0,0,1
7211,660,11,0,0,0,11,1,2025,11,2,14,15,21,2,1,0,0,0,0,1
7212,660,13,0,0,0,13,1,2025,11,2,14,32,58,2,1,0,0,0,0,1
7213,660,14,0,0,0,14,1,2025,11,2,14,50,34,2,1,0,0,0,0,1
7214,660,7,0,0,0,7,0,2025,11,2,15,51,6,2,1,0,0,0,0,1
7215,660,9,1,0,0,10,0,2025,11,2,16,8,44,2,1,0,0,0,0,1
7216,660,7,1,0,0,8,1,2025,11,2,16,26,23,2,1,0,0,0,0,1
7217,660,8,2,1,0,11,1,2025,11,2,16,44,2,2,1,0,0,0,0,1
7218,660,17,0,1,0,18,1,2025,11,3,8,9,19,2,1,0,0,1,0,0
7219,660,0,0,0,0,0,0,2025,11,3,8,26,55,2,1,0,0,1,0,0
7220,660,4,0,0,0,4,0,2025,11,3,8,44,34,2,1,0,0,1,0,0
7221,660,8,2,0,0,10,1,2025,11,3,9,2,10,2,1,0,0,1,0,0
7222,660,15,1,0,0,16,1,2025,11,3,9,19,47,2,1,0,0,1,0,0
7223,660,8,1,0,0,9,1,2025,11,3,9,37,25,2,1,0,0,1,0,0
7224,660,16,1,1,0,18,2,2025,11,4,8,9,36,2,1,0,0,1,0,0
7225,660,17,2,2,0,21,3,2025,11,4,8,27,13,2,1,0,0,1,0,0
7226,660,20,1,0,0,21,3,2025,11,4,8,44,49,2,1,0,0,1,0,0
7227,660,20,5,0,0,25,3,2025,11,4,9,2,25,2,1,0,0,1,0,0
7228,660,21,4,4,0,29,3,2025,11,4,9,20,2,2,1,0,0,1,0,0
7229,660,15,7,1,0,23,3,2025,11,4,9,37,42,2,1,0,0,1,0,0
7230,660,10,0,0,0,10,1,2025,11,4,12,8,55,2,1,0,0,0,0,1
7231,660,5,2,0,0,7,1,2025,11,4,12,37,16,2,1,0,0,0,0,1
7232,660,11,0,0,0,11,1,2025,11,4,12,54,57,2,1,0,0,0,0,1
7233,660,7,0,1,0,8,1,2025,11,4,13,4,22,2,1,0,0,0,0,1
7234,660,4,2,1,0,7,0,2025,11,4,13,22,1,2,1,0,0,0,0,1
7235,660,13,3,0,0,16,1,2025,11,4,13,39,41,2,1,0,0,0,0,1
7236,660,9,1,2,0,12,1,2025,11,4,14,34,3,2,1,0,0,0,0,1
7237,660,13,0,0,0,13,1,2025,11,4,14,51,42,2,1,0,0,0,0,1
7238,660,13,1,0,0,14,1,2025,11,4,15,9,28,2,1,0,0,0,0,1
7239,660,10,1,0,0,11,1,2025,11,4,15,27,14,2,1,0,0,0,0,1
7240,660,10,2,0,0,12,1,2025,11,4,15,45,13,2,1,0,0,0,0,1
7241,660,10,2,0,0,12,1,2025,11,4,16,2,55,2,1,0,0,0,0,1
7242,660,14,1,0,0,15,1,2025,11,4,18,0,9,2,1,0,0,0,1,0
7243,660,20,1,1,0,22,2,2025,11,4,18,17,47,2,1,0,0,0,1,0
7244,660,15,0,1,0,16,2,2025,11,4,18,35,25,2,1,0,0,0,1,0
7245,660,13,1,1,0,15,2,2025,11,4,18,53,4,2,1,0,0,0,1,0
7246,660,12,0,1,0,13,2,2025,11,4,19,10,41,2,1,0,0,0,1,0
7247,660,10,0,0,0,10,1,2025,11,4,19,28,20,2,1,0,0,0,1,0
7248,660,18,1,0,0,19,2,2025,11,4,19,45,58,2,1,0,0,0,1,0
7249,660,12,0,0,0,12,1,2025,11,4,20,3,35,2,1,0,0,0,1,0
7250,660,9,0,0,0,9,0,2025,11,4,20,21,11,2,1,0,0,0,1,0
7251,660,11,1,1,0,13,1,2025,11,4,20,38,51,2,1,0,0,0,1,0
7252,660,23,1,0,0,24,2,2025,11,5,7,51,24,2,1,0,0,1,0,0
7253,660,20,2,1,0,23,2,2025,11,5,8,9,1,2,1,0,0,1,0,0
7254,660,14,3,2,0,19,2,2025,11,5,8,26,39,2,1,0,0,1,0,0
7255,660,15,4,1,0,20,2,2025,11,5,8,44,14,2,1,0,0,1,0,0
7256,660,19,1,3,0,23,2,2025,11,5,9,1,51,2,1,0,0,1,0,0
7257,660,14,3,3,0,20,2,2025,11,5,9,19,27,2,1,0,0,1,0,0
7258,660,14,4,2,0,20,2,2025,11,5,9,37,4,2,1,0,0,1,0,0
7259,660,16,2,1,0,19,1,2025,11,5,9,54,40,2,1,0,0,1,0,0
7260,660,16,2,1,0,19,1,2025,11,5,10,12,17,2,1,0,0,1,0,0
7261,660,16,2,1,0,19,1,2025,11,5,10,29,55,2,1,0,0,1,0,0
7262,660,23,1,0,0,24,1,2025,11,5,10,47,30,2,1,0,0,1,0,0
7263,660,19,1,0,0,20,1,2025,11,5,12,44,10,2,1,0,0,0,0,1
7264,660,13,1,1,0,15,1,2025,11,5,13,1,50,2,1,0,0,0,0,1
7265,660,15,0,1,0,16,1,2025,11,5,13,19,30,2,1,0,0,0,0,1
7266,660,12,1,4,0,17,1,2025,11,5,13,37,11,2,1,0,0,0,0,1
7267,660,20,1,1,0,22,1,2025,11,5,13,54,55,2,1,0,0,0,0,1
7268,660,23,1,0,0,24,1,2025,11,5,14,46,46,2,1,0,0,0,0,1
7269,660,20,1,0,0,21,1,2025,11,5,15,4,26,2,1,0,0,0,0,1
7270,660,23,2,2,0,27,1,2025,11,5,15,22,5,2,1,0,0,0,0,1
7271,660,24,1,1,0,26,1,2025,11,5,15,39,48,2,1,0,0,0,0,1
7272,660,17,0,1,0,18,1,2025,11,5,15,57,32,2,1,0,0,0,0,1
7273,660,16,0,0,0,16,1,2025,11,6,7,50,51,2,1,0,0,1,0,0
7274,660,14,2,1,0,17,2,2025,11,6,8,8,33,2,1,0,0,1,0,0
7275,660,19,2,1,0,22,2,2025,11,6,8,26,40,2,1,0,0,1,0,0
7276,660,19,2,2,0,23,2,2025,11,6,8,44,46,2,1,0,0,1,0,0
7277,660,13,2,0,0,15,2,2025,11,6,9,2,29,2,1,0,0,1,0,0
7278,660,8,3,0,0,11,1,2025,11,6,9,20,10,2,1,0,0,1,0,0
7279,660,17,2,1,0,20,2,2025,11,6,9,37,52,2,1,0,0,1,0,0
7280,660,15,1,1,0,17,2,2025,11,6,9,55,40,2,1,0,0,1,0,0
7281,660,20,2,1,0,23,1,2025,11,6,10,13,35,2,1,0,0,1,0,0
7282,660,14,3,0,0,17,1,2025,11,6,10,31,18,2,1,0,0,1,0,0
7283,660,17,2,0,0,19,1,2025,11,6,12,31,9,2,1,0,0,0,0,1
7284,660,13,1,1,0,15,2,2025,11,6,12,48,50,2,1,0,0,0,0,1
7285,660,12,0,2,0,14,1,2025,11,6,13,6,30,2,1,0,0,0,0,1
7286,660,16,2,0,0,18,1,2025,11,6,13,39,50,2,1,0,0,0,0,1
7287,660,7,2,1,0,10,1,2025,11,6,13,57,33,2,1,0,0,0,0,1
7288,660,8,1,0,0,9,1,2025,11,7,9,38,44,2,1,0,0,1,0,0
7289,660,7,3,2,0,12,1,2025,11,7,10,14,0,2,1,0,0,1,0,0
7290,660,12,1,0,0,13,1,2025,11,7,10,31,39,2,1,0,0,1,0,0
7291,660,12,0,0,0,12,0,2025,11,7,13,14,31,2,1,0,0,0,0,1
7292,660,17,1,1,0,19,2,2025,11,7,13,32,9,2,1,0,0,0,0,1
7293,660,13,0,1,0,14,1,2025,11,7,13,49,48,2,1,0,0,0,0,1
7294,660,14,2,1,0,17,1,2025,11,7,15,37,22,2,1,0,0,0,0,1
7295,660,21,2,1,0,24,2,2025,11,7,15,55,3,2,1,0,0,0,0,1
7296,660,8,0,0,0,8,0,2025,11,8,7,54,52,2,1,0,0,1,0,0
7297,660,9,0,0,0,9,0,2025,11,8,8,12,32,2,1,0,0,1,0,0
7298,660,9,0,1,0,10,0,2025,11,8,8,30,12,2,1,0,0,1,0,0
7299,660,8,1,0,0,9,0,2025,11,8,8,47,48,2,1,0,0,1,0,0
7300,660,5,0,0,0,5,0,2025,11,8,9,52,28,2,1,0,0,1,0,0
7301,660,8,1,0,0,9,0,2025,11,8,10,31,55,2,1,0,0,1,0,0
7302,660,9,0,0,0,9,1,2025,11,8,10,49,32,2,1,0,0,1,0,0
7303,660,7,1,0,0,8,0,2025,11,8,11,7,10,2,1,0,0,1,0,0
7304,660,7,0,0,0,7,1,2025,11,8,11,24,50,2,1,0,0,1,0,0
7305,660,15,0,0,0,15,1,2025,11,8,11,42,29,2,1,0,0,1,0,0
7306,660,10,0,0,0,10,1,2025,11,8,12,0,9,2,1,0,0,0,0,1
7307,660,6,6,0,0,12,1,2025,11,8,12,17,45,2,1,0,0,0,0,1
7308,660,7,2,0,0,9,1,2025,11,8,12,35,20,2,1,0,0,0,0,1
7309,660,7,1,0,0,8,1,2025,11,8,12,52,57,2,1,0,0,0,0,1
7310,660,10,1,0,0,11,1,2025,11,8,13,10,33,2,1,0,0,0,0,1
7311,660,11,1,1,0,13,1,2025,11,8,13,28,10,2,1,0,0,0,0,1
7312,660,11,2,0,0,13,2,2025,11,8,13,45,48,2,1,0,0,0,0,1
7313,660,3,3,0,0,6,1,2025,11,8,14,3,25,2,1,0,0,0,0,1
7314,660,4,0,0,0,4,1,2025,11,8,14,21,2,2,1,0,0,0,0,1
7315,660,4,0,0,0,4,0,2025,11,8,14,38,39,2,1,0,0,0,0,1
7316,660,11,0,0,0,11,1,2025,11,8,15,34,23,2,1,0,0,0,0,1
7317,660,6,1,0,0,7,1,2025,11,8,15,52,2,2,1,0,0,0,0,1
7318,660,7,1,0,0,8,1,2025,11,8,16,9,41,2,1,0,0,0,0,1
7319,660,8,1,0,0,9,0,2025,11,8,16,27,21,2,1,0,0,0,0,1
7320,660,7,0,0,0,7,0,2025,11,8,16,45,1,2,1,0,0,0,0,1
7321,660,11,2,0,0,13,1,2025,11,8,17,2,38,2,1,0,0,0,0,1
7322,660,9,0,0,0,9,1,2025,11,8,18,55,26,2,1,0,0,0,1,0
7323,660,7,0,0,0,7,1,2025,11,8,19,13,5,2,1,0,0,0,1,0
7324,660,3,0,0,0,3,0,2025,11,8,19,30,44,2,1,0,0,0,1,0
7325,660,5,0,0,0,5,0,2025,11,8,19,48,20,2,1,0,0,0,1,0
7326,660,10,0,0,0,10,0,2025,11,9,8,29,50,2,1,0,0,1,0,0
7327,660,11,0,0,0,11,0,2025,11,9,8,47,27,2,1,0,0,1,0,0
7328,660,7,3,0,0,10,0,2025,11,9,9,5,4,2,1,0,0,1,0,0
7329,660,10,0,0,0,10,0,2025,11,9,9,22,41,2,1,0,0,1,0,0
7330,660,10,0,0,0,10,0,2025,11,9,9,40,19,2,1,0,0,1,0,0
7331,660,12,1,1,0,14,0,2025,11,9,9,57,58,2,1,0,0,1,0,0
7332,660,16,0,0,0,16,0,2025,11,9,10,15,37,2,1,0,0,1,0,0
7333,660,14,0,0,0,14,1,2025,11,9,10,33,14,2,1,0,0,1,0,0
7334,660,11,1,1,0,13,1,2025,11,9,10,50,49,2,1,0,0,1,0,0
7335,660,11,2,0,0,13,1,2025,11,9,11,8,26,2,1,0,0,1,0,0
7336,660,11,0,1,0,12,1,2025,11,9,11,26,4,2,1,0,0,1,0,0
7337,660,17,0,0,0,17,0,2025,11,9,11,43,49,2,1,0,0,1,0,0
7338,660,11,0,0,0,11,1,2025,11,9,12,1,27,2,1,0,0,0,0,1
7339,660,16,0,0,0,16,1,2025,11,9,12,19,5,2,1,0,0,0,0,1
7340,660,11,0,0,0,11,1,2025,11,9,12,36,45,2,1,0,0,0,0,1
7341,660,13,0,0,0,13,1,2025,11,9,12,54,25,2,1,0,0,0,0,1
7342,660,13,0,0,0,13,1,2025,11,9,15,20,18,2,1,0,0,0,0,1
7343,660,8,0,0,0,8,0,2025,11,9,15,37,57,2,1,0,0,0,0,1
7344,660,9,0,0,0,9,1,2025,11,9,15,55,37,2,1,0,0,0,0,1
7345,660,11,0,0,0,11,0,2025,11,9,16,13,16,2,1,0,0,0,0,1
7346,660,11,0,0,0,11,1,2025,11,9,16,30,56,2,1,0,0,0,0,1
7347,660,9,1,1,0,11,1,2025,11,9,16,48,31,2,1,0,0,0,0,1
7348,660,8,1,1,0,10,1,2025,11,9,17,6,8,2,1,0,0,0,0,1
7349,660,12,1,0,0,13,0,2025,11,9,17,23,47,2,1,0,0,0,0,1
7350,660,15,1,0,0,16,0,2025,11,9,17,41,25,2,1,0,0,0,0,1
7351,660,17,0,1,0,18,1,2025,11,9,17,59,5,2,1,0,0,0,0,1
7352,660,17,0,0,0,17,1,2025,11,9,18,16,42,2,1,0,0,0,1,0
7353,660,10,0,0,0,10,1,2025,11,9,18,34,21,2,1,0,0,0,1,0
7354,660,8,0,0,0,8,1,2025,11,9,18,51,57,2,1,0,0,0,1,0
7355,660,10,0,0,0,10,1,2025,11,9,19,9,34,2,1,0,0,0,1,0
7356,660,7,1,0,0,8,1,2025,11,9,19,27,11,2,1,0,0,0,1,0
7357,660,10,0,0,0,10,1,2025,11,9,19,44,47,2,1,0,0,0,1,0
7358,660,12,1,2,0,15,1,2025,11,11,7,59,37,2,1,0,0,1,0,0
7359,660,12,1,2,0,15,1,2025,11,11,8,17,11,2,1,0,0,1,0,0
7360,660,18,4,2,0,24,2,2025,11,11,8,34,45,2,1,0,0,1,0,0
7361,660,18,2,0,0,20,2,2025,11,11,8,52,21,2,1,0,0,1,0,0
7362,660,21,2,2,0,25,2,2025,11,11,9,9,56,2,1,0,0,1,0,0
7363,660,22,2,2,0,26,2,2025,11,11,9,27,33,2,1,0,0,1,0,0
7364,660,13,2,1,0,16,1,2025,11,11,14,34,54,2,1,0,0,0,0,1
7365,660,16,1,0,0,17,1,2025,11,11,14,52,34,2,1,0,0,0,0,1
7366,660,13,1,0,0,14,1,2025,11,11,15,10,13,2,1,0,0,0,0,1
7367,660,16,0,2,0,18,2,2025,11,11,15,27,55,2,1,0,0,0,0,1
7368,660,14,1,1,0,16,1,2025,11,11,15,45,38,2,1,0,0,0,0,1
7369,660,11,0,1,0,12,1,2025,11,11,16,3,16,2,1,0,0,0,0,1
7370,660,18,1,0,0,19,1,2025,11,11,17,48,1,2,1,0,0,0,0,1
7371,660,16,1,0,0,17,1,2025,11,11,18,5,37,2,1,0,0,0,1,0
7372,660,12,2,1,0,15,1,2025,11,11,18,23,13,2,1,0,0,0,1,0
7373,660,11,0,0,0,11,1,2025,11,11,18,40,51,2,1,0,0,0,1,0
7374,660,8,0,0,0,8,1,2025,11,11,18,58,29,2,1,0,0,0,1,0
7375,660,11,0,0,0,11,1,2025,11,11,19,16,7,2,1,0,0,0,1,0
7376,660,11,0,1,0,12,1,2025,11,11,19,33,43,2,1,0,0,0,1,0
7377,660,11,0,0,0,11,1,2025,11,11,19,51,25,2,1,0,0,0,1,0
7378,660,8,2,0,0,10,1,2025,11,12,8,37,18,2,1,0,0,1,0,0
7379,660,12,3,0,0,15,1,2025,11,12,8,55,2,2,1,0,0,1,0,0
7380,660,13,2,0,0,15,1,2025,11,12,9,12,47,2,1,0,0,1,0,0
7381,660,12,0,0,0,12,1,2025,11,12,9,30,41,2,1,0,0,1,0,0
7382,660,9,2,0,0,11,0,2025,11,12,12,35,15,2,1,0,0,0,0,1
7383,660,19,1,0,0,20,1,2025,11,14,9,7,16,2,1,0,0,1,0,0
7384,660,13,1,0,0,14,1,2025,11,14,9,24,55,2,1,0,0,1,0,0
7385,660,15,3,2,0,20,1,2025,11,14,9,42,37,2,1,0,0,1,0,0
7386,660,10,3,0,0,13,1,2025,11,14,10,0,15,2,1,0,0,1,0,0
7387,660,9,1,1,0,11,1,2025,11,14,10,17,54,2,1,0,0,1,0,0
7388,660,14,3,0,0,17,1,2025,11,14,10,35,35,2,1,0,0,1,0,0
7389,660,7,2,0,0,9,1,2025,11,15,9,51,30,2,1,0,0,1,0,0
7390,660,9,1,0,0,10,0,2025,11,15,10,9,11,2,1,0,0,1,0,0
7391,660,12,1,0,0,13,1,2025,11,15,10,26,52,2,1,0,0,1,0,0
7392,660,4,0,0,0,4,0,2025,11,15,10,44,42,2,1,0,0,1,0,0
7393,660,11,0,0,0,11,1,2025,11,15,11,2,22,2,1,0,0,1,0,0
7394,660,12,0,0,0,12,1,2025,11,15,11,20,2,2,1,0,0,1,0,0
7395,660,10,2,0,0,12,1,2025,11,15,11,37,43,2,1,0,0,1,0,0
7396,660,7,2,0,0,9,1,2025,11,15,11,55,24,2,1,0,0,1,0,0
7397,660,10,0,0,0,10,0,2025,11,15,12,13,5,2,1,0,0,0,0,1
7398,660,17,0,0,0,17,1,2025,11,15,12,30,44,2,1,0,0,0,0,1
7399,660,11,2,0,0,13,1,2025,11,15,12,48,25,2,1,0,0,0,0,1
7400,660,13,0,0,0,13,1,2025,11,15,13,6,4,2,1,0,0,0,0,1
7401,660,5,0,0,0,5,0,2025,11,16,8,9,27,2,1,0,0,1,0,0
7402,660,3,0,0,0,3,0,2025,11,16,8,27,8,2,1,0,0,1,0,0
7403,660,4,0,0,0,4,0,2025,11,16,8,44,56,2,1,0,0,1,0,0
7404,660,3,0,0,0,3,0,2025,11,16,9,2,38,2,1,0,0,1,0,0
7405,660,5,1,0,0,6,0,2025,11,16,9,20,19,2,1,0,0,1,0,0
7406,660,8,0,0,0,8,0,2025,11,16,9,38,0,2,1,0,0,1,0,0
7407,660,6,0,0,0,6,0,2025,11,16,9,55,41,2,1,0,0,1,0,0
7408,660,7,1,1,0,9,0,2025,11,16,10,13,30,2,1,0,0,1,0,0
7409,660,5,0,0,0,5,1,2025,11,16,10,31,16,2,1,0,0,1,0,0
7410,660,5,1,0,0,6,0,2025,11,16,10,49,8,2,1,0,0,1,0,0
7411,660,10,1,0,0,11,1,2025,11,16,11,7,2,2,1,0,0,1,0,0
7412,660,22,1,0,0,23,1,2025,11,17,8,23,54,2,1,0,0,1,0,0
7413,660,20,3,0,0,23,1,2025,11,17,8,41,38,2,1,0,0,1,0,0
7414,660,19,2,1,0,22,2,2025,11,17,8,59,15,2,1,0,0,1,0,0
7415,660,13,3,1,0,17,2,2025,11,17,9,16,54,2,1,0,0,1,0,0
7416,660,18,3,4,0,25,2,2025,11,17,9,34,34,2,1,0,0,1,0,0
7417,660,16,0,0,0,16,1,2025,11,17,9,52,13,2,1,0,0,1,0,0
7418,660,13,1,1,0,15,1,2025,11,17,10,9,51,2,1,0,0,1,0,0
7419,660,12,2,0,0,14,1,2025,11,17,10,27,33,2,1,0,0,1,0,0
7420,660,16,1,0,0,17,1,2025,11,17,12,34,32,2,1,0,0,0,0,1
7421,660,20,1,0,0,21,1,2025,11,17,12,52,10,2,1,0,0,0,0,1
7422,660,16,0,1,0,17,1,2025,11,17,13,9,50,2,1,0,0,0,0,1
7423,668,15,7,0,0,22,2,2025,10,27,8,27,14,2,1,0,0,1,0,0
7424,668,10,10,0,0,20,2,2025,10,27,8,45,0,2,1,0,0,1,0,0
7425,668,15,3,0,0,18,1,2025,10,27,9,2,38,2,1,0,0,1,0,0
7426,668,12,5,0,0,17,1,2025,10,27,9,20,19,2,1,0,0,1,0,0
7427,668,15,3,0,0,18,1,2025,10,27,9,38,1,2,1,0,0,1,0,0
7428,668,7,2,1,0,10,1,2025,10,27,9,55,44,2,1,0,0,1,0,0
7429,668,7,6,0,0,13,1,2025,10,27,10,13,29,2,1,0,0,1,0,0
7430,668,7,2,0,0,9,1,2025,10,27,10,31,16,2,1,0,0,1,0,0
7431,668,13,1,0,0,14,0,2025,10,27,12,40,18,2,1,0,0,0,0,1
7432,668,10,6,0,0,16,1,2025,10,27,12,58,3,2,1,0,0,0,0,1
7433,668,6,3,0,0,9,1,2025,10,27,13,15,49,2,1,0,0,0,0,1
7434,668,11,4,1,0,16,1,2025,10,27,13,20,56,2,1,0,0,0,0,1
7435,668,10,1,0,0,11,1,2025,10,27,13,57,19,2,1,0,0,0,0,1
7436,668,13,5,0,0,18,2,2025,10,27,14,55,37,2,1,0,0,0,0,1
7437,668,7,1,0,0,8,0,2025,10,27,15,13,22,2,1,0,0,0,0,1
7438,668,6,1,1,0,8,1,2025,10,27,15,31,9,2,1,0,0,0,0,1
7439,668,13,0,1,0,14,1,2025,10,27,15,48,56,2,1,0,0,0,0,1
7440,668,18,3,1,0,22,2,2025,10,27,18,3,0,2,1,0,0,0,1,0
7441,668,22,6,0,0,28,2,2025,10,27,18,20,36,2,1,0,0,0,1,0
7442,668,23,5,0,0,28,1,2025,10,27,18,38,13,2,1,0,0,0,1,0
7443,668,19,4,3,0,26,2,2025,10,28,7,56,27,2,1,0,0,1,0,0
7444,668,15,6,0,0,21,1,2025,10,28,8,14,3,2,1,0,0,1,0,0
7445,668,20,4,0,0,24,1,2025,10,28,8,31,40,2,1,0,0,1,0,0
7446,668,13,4,0,0,17,1,2025,10,28,8,49,16,2,1,0,0,1,0,0
7447,668,13,5,0,0,18,1,2025,10,28,9,6,51,2,1,0,0,1,0,0
7448,668,14,2,1,0,17,2,2025,10,28,9,24,28,2,1,0,0,1,0,0
7449,668,20,6,0,0,26,2,2025,10,28,9,42,7,2,1,0,0,1,0,0
7450,668,15,4,0,0,19,1,2025,10,28,13,27,54,2,1,0,0,0,0,1
7451,668,17,8,0,0,25,2,2025,10,28,14,45,47,2,1,0,0,0,0,1
7452,668,10,2,0,0,12,1,2025,10,28,15,3,29,2,1,0,0,0,0,1
7453,668,14,0,1,0,15,3,2025,10,28,15,21,16,2,1,0,0,0,0,1
7454,668,11,1,1,0,13,1,2025,10,28,15,39,3,2,1,0,0,0,0,1
7455,668,12,7,1,0,20,2,2025,10,28,15,56,47,2,1,0,0,0,0,1
7456,668,23,3,2,0,28,2,2025,10,28,17,49,7,2,1,0,0,0,0,1
7457,668,21,6,1,0,28,3,2025,10,28,18,6,44,2,1,0,0,0,1,0
7458,668,22,6,0,0,28,2,2025,10,28,18,24,24,2,1,0,0,0,1,0
7459,668,19,6,2,0,27,2,2025,10,28,18,42,3,2,1,0,0,0,1,0
7460,668,18,4,0,0,22,2,2025,10,28,18,59,41,2,1,0,0,0,1,0
7461,668,11,5,0,0,16,2,2025,10,28,19,17,19,2,1,0,0,0,1,0
7462,668,13,0,0,0,13,1,2025,10,28,19,34,57,2,1,0,0,0,1,0
7463,668,9,3,0,0,12,1,2025,10,28,19,52,35,2,1,0,0,0,1,0
7464,668,21,3,0,0,24,2,2025,10,29,8,23,46,2,1,0,0,1,0,0
7465,668,23,6,1,0,30,2,2025,10,29,8,41,22,2,1,0,0,1,0,0
7466,668,17,8,3,0,28,3,2025,10,29,8,58,59,2,1,0,0,1,0,0
7467,668,16,5,0,0,21,2,2025,10,29,9,16,33,2,1,0,0,1,0,0
7468,668,18,6,0,0,24,3,2025,10,29,9,34,10,2,1,0,0,1,0,0
7469,668,14,6,1,0,21,3,2025,10,29,9,51,46,2,1,0,0,1,0,0
7470,668,15,12,0,0,27,3,2025,10,29,10,9,24,2,1,0,0,1,0,0
7471,668,4,6,0,0,10,1,2025,10,29,10,27,3,2,1,0,0,1,0,0
7472,668,8,1,0,0,9,0,2025,10,29,10,44,42,2,1,0,0,1,0,0
7473,668,12,18,0,0,30,3,2025,10,29,12,33,34,2,1,0,0,0,0,1
7474,668,12,15,1,0,28,2,2025,10,29,12,51,15,2,1,0,0,0,0,1
7475,668,13,10,0,0,23,2,2025,10,29,13,9,2,2,1,0,0,0,0,1
7476,668,19,9,0,0,28,2,2025,10,29,13,26,46,2,1,0,0,0,0,1
7477,668,19,8,2,0,29,2,2025,10,29,13,44,31,2,1,0,0,0,0,1
7478,668,19,6,0,0,25,2,2025,10,29,14,44,13,2,1,0,0,0,0,1
7479,668,22,8,0,0,30,2,2025,10,29,15,1,56,2,1,0,0,0,0,1
7480,668,19,9,2,0,30,2,2025,10,29,15,19,41,2,1,0,0,0,0,1
7481,668,14,4,6,0,24,1,2025,10,29,15,37,21,2,1,0,0,0,0,1
7482,668,10,5,0,0,15,1,2025,10,29,15,55,1,2,1,0,0,0,0,1
7483,668,16,4,1,0,21,2,2025,10,30,8,20,38,2,1,0,0,1,0,0
7484,668,22,5,1,0,28,3,2025,10,30,8,38,20,2,1,0,0,1,0,0
7485,668,16,13,1,0,30,3,2025,10,30,8,56,3,2,1,0,0,1,0,0
7486,668,13,7,0,0,20,3,2025,10,30,9,13,55,2,1,0,0,1,0,0
7487,668,18,8,3,0,29,3,2025,10,30,9,32,0,2,1,0,0,1,0,0
7488,668,14,3,0,0,17,1,2025,10,30,9,49,55,2,1,0,0,1,0,0
7489,668,9,8,2,0,19,2,2025,10,30,10,7,46,2,1,0,0,1,0,0
7490,668,28,10,1,0,39,2,2025,10,30,10,25,34,2,1,0,0,1,0,0
7491,668,26,8,1,0,35,2,2025,10,30,10,43,17,2,1,0,0,1,0,0
7492,668,26,9,2,0,37,3,2025,10,30,12,29,50,2,1,0,0,0,0,1
7493,668,23,6,2,0,31,3,2025,10,30,12,47,21,2,1,0,0,0,0,1
7494,668,20,7,0,0,27,2,2025,10,30,13,5,6,2,1,0,0,0,0,1
7495,668,28,1,2,0,31,2,2025,10,30,13,22,52,2,1,0,0,0,0,1
7496,668,28,12,0,0,40,2,2025,10,30,13,40,38,2,1,0,0,0,0,1
7497,668,24,6,1,0,31,3,2025,10,30,13,58,23,2,1,0,0,0,0,1
7498,668,14,1,0,0,15,0,2025,10,30,14,57,25,2,1,0,0,0,0,1
7499,668,12,1,1,0,14,1,2025,10,30,15,15,19,2,1,0,0,0,0,1
7500,668,18,3,0,0,21,1,2025,10,30,15,33,2,2,1,0,0,0,0,1
7501,668,15,3,0,0,18,1,2025,10,30,15,57,48,2,1,0,0,0,0,1
7502,668,15,1,0,0,16,1,2025,10,30,16,15,35,2,1,0,0,0,0,1
7503,668,0,1,0,0,1,1,2025,10,30,22,45,50,2,1,0,0,0,1,0
7504,668,7,3,0,0,10,1,2025,10,31,8,25,18,2,1,0,0,1,0,0
7505,668,15,2,0,0,17,1,2025,10,31,8,43,6,2,1,0,0,1,0,0
7506,668,13,4,2,0,19,1,2025,10,31,9,0,53,2,1,0,0,1,0,0
7507,668,11,3,0,0,14,1,2025,10,31,9,18,37,2,1,0,0,1,0,0
7508,668,10,5,0,0,15,1,2025,10,31,9,44,14,2,1,0,0,1,0,0
7509,668,8,6,1,0,15,1,2025,10,31,10,1,56,2,1,0,0,1,0,0
7510,668,10,3,0,0,13,1,2025,10,31,10,19,40,2,1,0,0,1,0,0
7511,668,9,7,0,0,16,1,2025,10,31,10,37,20,2,1,0,0,1,0,0
7512,668,21,3,1,0,25,1,2025,10,31,15,3,43,2,1,0,0,0,0,1
7513,668,22,7,0,0,29,2,2025,10,31,15,21,35,2,1,0,0,0,0,1
7514,668,22,4,0,0,26,1,2025,10,31,15,39,27,2,1,0,0,0,0,1
7515,668,13,1,0,0,14,0,2025,10,31,15,57,17,2,1,0,0,0,0,1
7516,668,12,2,0,0,14,1,2025,11,1,8,54,56,2,1,0,0,1,0,0
7517,668,13,2,0,0,15,1,2025,11,1,9,12,41,2,1,0,0,1,0,0
7518,668,18,3,0,0,21,1,2025,11,1,9,30,35,2,1,0,0,1,0,0
7519,668,13,0,0,0,13,1,2025,11,1,9,48,23,2,1,0,0,1,0,0
7520,668,17,2,0,0,19,1,2025,11,1,10,6,12,2,1,0,0,1,0,0
7521,668,15,0,0,0,15,1,2025,11,1,10,23,55,2,1,0,0,1,0,0
7522,668,13,1,0,0,14,1,2025,11,1,10,41,41,2,1,0,0,1,0,0
7523,668,20,0,0,0,20,1,2025,11,1,10,59,37,2,1,0,0,1,0,0
7524,668,26,2,0,0,28,1,2025,11,1,11,17,23,2,1,0,0,1,0,0
7525,668,20,0,0,0,20,1,2025,11,1,11,35,3,2,1,0,0,1,0,0
7526,668,18,0,1,0,19,1,2025,11,1,11,52,49,2,1,0,0,1,0,0
7527,668,21,0,0,0,21,1,2025,11,1,12,10,43,2,1,0,0,0,0,1
7528,668,18,2,1,0,21,1,2025,11,1,12,28,34,2,1,0,0,0,0,1
7529,668,20,2,0,0,22,1,2025,11,1,12,46,31,2,1,0,0,0,0,1
7530,668,29,2,0,0,31,1,2025,11,1,13,4,17,2,1,0,0,0,0,1
7531,668,23,0,0,0,23,1,2025,11,1,13,22,5,2,1,0,0,0,0,1
7532,668,24,3,0,0,27,1,2025,11,1,13,39,50,2,1,0,0,0,0,1
7533,668,23,0,0,0,23,1,2025,11,1,13,57,41,2,1,0,0,0,0,1
7534,668,15,1,0,0,16,1,2025,11,1,14,15,32,2,1,0,0,0,0,1
7535,668,22,1,0,0,23,1,2025,11,1,14,33,41,2,1,0,0,0,0,1
7536,668,20,1,1,0,22,1,2025,11,1,14,51,44,2,1,0,0,0,0,1
7537,668,20,1,0,0,21,1,2025,11,1,15,9,36,2,1,0,0,0,0,1
7538,668,19,0,0,0,19,1,2025,11,1,15,27,24,2,1,0,0,0,0,1
7539,668,17,1,0,0,18,1,2025,11,1,15,45,16,2,1,0,0,0,0,1
7540,668,12,1,0,0,13,1,2025,11,1,16,3,12,2,1,0,0,0,0,1
7541,668,15,0,0,0,15,1,2025,11,1,16,21,0,2,1,0,0,0,0,1
7542,668,16,1,0,0,17,1,2025,11,1,16,38,47,2,1,0,0,0,0,1
7543,668,16,1,0,0,17,1,2025,11,1,16,56,46,2,1,0,0,0,0,1
7544,668,18,1,0,0,19,1,2025,11,1,17,14,46,2,1,0,0,0,0,1
7545,668,17,1,0,0,18,1,2025,11,1,17,32,32,2,1,0,0,0,0,1
7546,668,18,0,1,0,19,1,2025,11,1,17,50,25,2,1,0,0,0,0,1
7547,668,24,0,0,0,24,1,2025,11,1,18,8,19,2,1,0,0,0,1,0
7548,668,19,1,0,0,20,1,2025,11,1,18,27,4,2,1,0,0,0,1,0
7549,668,18,1,0,0,19,1,2025,11,1,18,45,0,2,1,0,0,0,1,0
7550,668,15,0,1,0,16,1,2025,11,1,19,2,46,2,1,0,0,0,1,0
7551,668,12,1,0,0,13,1,2025,11,1,19,37,21,2,1,0,0,0,1,0
7552,668,3,1,0,0,4,0,2025,11,2,10,16,53,2,1,0,0,1,0,0
7553,668,5,0,0,0,5,0,2025,11,2,10,34,37,2,1,0,0,1,0,0
7554,668,9,1,0,0,10,0,2025,11,2,10,52,31,2,1,0,0,1,0,0
7555,668,9,1,0,0,10,0,2025,11,2,11,10,20,2,1,0,0,1,0,0
7556,668,10,0,0,0,10,0,2025,11,2,11,28,12,2,1,0,0,1,0,0
7557,668,8,0,0,0,8,0,2025,11,2,12,11,28,2,1,0,0,0,0,1
7558,668,14,0,0,0,14,1,2025,11,2,12,29,14,2,1,0,0,0,0,1
7559,668,18,0,1,0,19,1,2025,11,2,12,47,3,2,1,0,0,0,0,1
7560,668,11,0,0,0,11,1,2025,11,2,13,4,46,2,1,0,0,0,0,1
7561,668,12,0,0,0,12,1,2025,11,2,13,22,25,2,1,0,0,0,0,1
7562,668,12,3,0,0,15,1,2025,11,2,13,40,4,2,1,0,0,0,0,1
7563,668,11,3,0,0,14,1,2025,11,2,13,57,43,2,1,0,0,0,0,1
7564,668,6,0,0,0,6,0,2025,11,2,14,15,21,2,1,0,0,0,0,1
7565,668,6,1,0,0,7,1,2025,11,2,14,32,58,2,1,0,0,0,0,1
7566,668,7,2,0,0,9,0,2025,11,2,14,50,34,2,1,0,0,0,0,1
7567,668,13,0,0,0,13,1,2025,11,2,15,51,6,2,1,0,0,0,0,1
7568,668,13,1,0,0,14,1,2025,11,2,16,8,44,2,1,0,0,0,0,1
7569,668,15,0,0,0,15,1,2025,11,2,16,26,23,2,1,0,0,0,0,1
7570,668,15,1,0,0,16,1,2025,11,2,16,44,3,2,1,0,0,0,0,1
7571,668,19,9,0,0,28,2,2025,11,3,8,9,19,2,1,0,0,1,0,0
7572,668,6,0,0,0,6,0,2025,11,3,8,26,56,2,1,0,0,1,0,0
7573,668,5,2,0,0,7,0,2025,11,3,8,44,34,2,1,0,0,1,0,0
7574,668,7,1,1,0,9,0,2025,11,3,9,2,10,2,1,0,0,1,0,0
7575,668,0,0,0,0,0,2,2025,11,3,9,19,47,2,1,0,0,1,0,0
7576,668,5,0,0,0,5,0,2025,11,3,9,37,25,2,1,0,0,1,0,0
7577,668,18,5,1,0,24,1,2025,11,4,8,9,37,2,1,0,0,1,0,0
7578,668,26,2,2,0,30,1,2025,11,4,8,27,13,2,1,0,0,1,0,0
7579,668,15,8,0,0,23,2,2025,11,4,8,44,49,2,1,0,0,1,0,0
7580,668,11,0,0,0,11,1,2025,11,4,9,2,25,2,1,0,0,1,0,0
7581,668,3,3,3,0,9,0,2025,11,4,9,20,2,2,1,0,0,1,0,0
7582,668,12,6,0,0,18,1,2025,11,4,9,37,42,2,1,0,0,1,0,0
7583,668,7,2,1,0,10,0,2025,11,4,12,8,55,2,1,0,0,0,0,1
7584,668,4,3,1,0,8,0,2025,11,4,12,37,16,2,1,0,0,0,0,1
7585,668,8,2,0,0,10,0,2025,11,4,12,54,57,2,1,0,0,0,0,1
7586,668,11,6,0,0,17,1,2025,11,4,13,4,22,2,1,0,0,0,0,1
7587,668,10,2,0,0,12,1,2025,11,4,13,22,1,2,1,0,0,0,0,1
7588,668,5,2,0,0,7,0,2025,11,4,13,39,41,2,1,0,0,0,0,1
7589,668,12,1,0,0,13,1,2025,11,4,14,34,3,2,1,0,0,0,0,1
7590,668,25,5,1,0,31,2,2025,11,4,14,51,42,2,1,0,0,0,0,1
7591,668,22,4,1,0,27,2,2025,11,4,15,9,28,2,1,0,0,0,0,1
7592,668,17,5,0,0,22,1,2025,11,4,15,27,14,2,1,0,0,0,0,1
7593,668,24,2,0,0,26,2,2025,11,4,15,45,13,2,1,0,0,0,0,1
7594,668,16,4,0,0,20,1,2025,11,4,16,2,55,2,1,0,0,0,0,1
7595,668,17,4,0,0,21,2,2025,11,4,18,0,10,2,1,0,0,0,1,0
7596,668,26,2,0,0,28,1,2025,11,4,18,17,47,2,1,0,0,0,1,0
7597,668,22,0,0,0,22,1,2025,11,4,18,35,25,2,1,0,0,0,1,0
7598,668,10,2,1,0,13,2,2025,11,4,18,53,4,2,1,0,0,0,1,0
7599,668,10,5,1,0,16,2,2025,11,4,19,10,41,2,1,0,0,0,1,0
7600,668,17,2,0,0,19,1,2025,11,4,19,28,20,2,1,0,0,0,1,0
7601,668,7,1,0,0,8,0,2025,11,4,19,45,58,2,1,0,0,0,1,0
7602,668,9,0,0,0,9,1,2025,11,4,20,3,35,2,1,0,0,0,1,0
7603,668,14,1,0,0,15,1,2025,11,4,20,21,11,2,1,0,0,0,1,0
7604,668,9,0,0,0,9,0,2025,11,4,20,38,51,2,1,0,0,0,1,0
7605,668,23,2,0,0,25,2,2025,11,5,7,51,24,2,1,0,0,1,0,0
7606,668,20,10,0,0,30,2,2025,11,5,8,9,1,2,1,0,0,1,0,0
7607,668,20,6,0,0,26,2,2025,11,5,8,26,39,2,1,0,0,1,0,0
7608,668,15,2,1,0,18,1,2025,11,5,8,44,14,2,1,0,0,1,0,0
7609,668,13,4,0,0,17,1,2025,11,5,9,1,51,2,1,0,0,1,0,0
7610,668,10,6,0,0,16,1,2025,11,5,9,19,27,2,1,0,0,1,0,0
7611,668,9,5,0,0,14,1,2025,11,5,9,37,4,2,1,0,0,1,0,0
7612,668,15,6,0,0,21,2,2025,11,5,9,54,40,2,1,0,0,1,0,0
7613,668,14,1,0,0,15,1,2025,11,5,10,12,17,2,1,0,0,1,0,0
7614,668,14,1,0,0,15,1,2025,11,5,10,29,55,2,1,0,0,1,0,0
7615,668,21,2,1,0,24,1,2025,11,5,10,47,30,2,1,0,0,1,0,0
7616,668,16,3,0,0,19,1,2025,11,5,12,44,10,2,1,0,0,0,0,1
7617,668,13,4,0,0,17,1,2025,11,5,13,1,51,2,1,0,0,0,0,1
7618,668,20,6,0,0,26,1,2025,11,5,13,19,30,2,1,0,0,0,0,1
7619,668,21,1,0,0,22,1,2025,11,5,13,37,12,2,1,0,0,0,0,1
7620,668,23,2,0,0,25,1,2025,11,5,13,54,55,2,1,0,0,0,0,1
7621,668,17,6,0,0,23,2,2025,11,5,14,46,46,2,1,0,0,0,0,1
7622,668,14,3,1,0,18,1,2025,11,5,15,4,26,2,1,0,0,0,0,1
7623,668,12,12,0,0,24,2,2025,11,5,15,22,6,2,1,0,0,0,0,1
7624,668,16,3,0,0,19,2,2025,11,5,15,39,48,2,1,0,0,0,0,1
7625,668,19,4,0,0,23,1,2025,11,5,15,57,32,2,1,0,0,0,0,1
7626,668,17,3,0,0,20,2,2025,11,6,7,50,51,2,1,0,0,1,0,0
7627,668,25,5,0,0,30,2,2025,11,6,8,8,33,2,1,0,0,1,0,0
7628,668,27,7,1,0,35,2,2025,11,6,8,26,41,2,1,0,0,1,0,0
7629,668,6,5,1,0,12,1,2025,11,6,8,44,47,2,1,0,0,1,0,0
7630,668,9,3,0,0,12,1,2025,11,6,9,2,29,2,1,0,0,1,0,0
7631,668,10,3,0,0,13,1,2025,11,6,9,20,10,2,1,0,0,1,0,0
7632,668,16,7,1,0,24,2,2025,11,6,9,37,52,2,1,0,0,1,0,0
7633,668,19,7,1,0,27,2,2025,11,6,9,55,40,2,1,0,0,1,0,0
7634,668,21,7,0,0,28,2,2025,11,6,10,13,35,2,1,0,0,1,0,0
7635,668,16,4,1,0,21,2,2025,11,6,10,31,18,2,1,0,0,1,0,0
7636,668,17,5,0,0,22,1,2025,11,6,12,31,10,2,1,0,0,0,0,1
7637,668,13,6,0,0,19,1,2025,11,6,12,48,50,2,1,0,0,0,0,1
7638,668,20,6,0,0,26,2,2025,11,6,13,6,30,2,1,0,0,0,0,1
7639,668,12,4,0,0,16,2,2025,11,6,13,39,50,2,1,0,0,0,0,1
7640,668,10,1,0,0,11,0,2025,11,6,13,57,33,2,1,0,0,0,0,1
7641,668,21,6,0,0,27,2,2025,11,7,9,38,44,2,1,0,0,1,0,0
7642,668,17,4,1,0,22,1,2025,11,7,10,14,1,2,1,0,0,1,0,0
7643,668,11,5,0,0,16,1,2025,11,7,10,31,39,2,1,0,0,1,0,0
7644,668,21,3,1,0,25,2,2025,11,7,13,14,31,2,1,0,0,0,0,1
7645,668,20,3,0,0,23,1,2025,11,7,13,32,9,2,1,0,0,0,0,1
7646,668,14,4,1,0,19,1,2025,11,7,13,49,48,2,1,0,0,0,0,1
7647,668,22,3,0,0,25,2,2025,11,7,15,37,22,2,1,0,0,0,0,1
7648,668,19,2,0,0,21,2,2025,11,7,15,55,3,2,1,0,0,0,0,1
7649,668,4,2,0,0,6,0,2025,11,8,7,54,52,2,1,0,0,1,0,0
7650,668,5,0,0,0,5,0,2025,11,8,8,12,32,2,1,0,0,1,0,0
7651,668,5,1,0,0,6,0,2025,11,8,8,30,12,2,1,0,0,1,0,0
7652,668,7,1,0,0,8,1,2025,11,8,8,47,49,2,1,0,0,1,0,0
7653,668,14,1,0,0,15,1,2025,11,8,9,52,28,2,1,0,0,1,0,0
7654,668,11,1,0,0,12,1,2025,11,8,10,31,55,2,1,0,0,1,0,0
7655,668,6,1,0,0,7,0,2025,11,8,10,49,32,2,1,0,0,1,0,0
7656,668,7,0,0,0,7,0,2025,11,8,11,7,10,2,1,0,0,1,0,0
7657,668,9,1,0,0,10,1,2025,11,8,11,24,50,2,1,0,0,1,0,0
7658,668,5,2,0,0,7,1,2025,11,8,11,42,30,2,1,0,0,1,0,0
7659,668,9,0,0,0,9,0,2025,11,8,12,0,9,2,1,0,0,0,0,1
7660,668,10,1,0,0,11,1,2025,11,8,12,17,45,2,1,0,0,0,0,1
7661,668,10,0,0,0,10,0,2025,11,8,12,35,20,2,1,0,0,0,0,1
7662,668,9,0,0,0,9,0,2025,11,8,12,52,57,2,1,0,0,0,0,1
7663,668,13,0,0,0,13,0,2025,11,8,13,10,34,2,1,0,0,0,0,1
7664,668,11,1,0,0,12,1,2025,11,8,13,28,10,2,1,0,0,0,0,1
7665,668,20,2,0,0,22,2,2025,11,8,13,45,48,2,1,0,0,0,0,1
7666,668,17,0,0,0,17,2,2025,11,8,14,3,25,2,1,0,0,0,0,1
7667,668,14,1,1,0,16,1,2025,11,8,14,21,2,2,1,0,0,0,0,1
7668,668,20,0,0,0,20,1,2025,11,8,14,38,39,2,1,0,0,0,0,1
7669,668,12,2,0,0,14,2,2025,11,8,15,34,23,2,1,0,0,0,0,1
7670,668,3,0,0,0,3,0,2025,11,8,15,52,2,2,1,0,0,0,0,1
7671,668,8,2,0,0,10,1,2025,11,8,16,9,41,2,1,0,0,0,0,1
7672,668,25,1,0,0,26,1,2025,11,8,16,27,21,2,1,0,0,0,0,1
7673,668,24,0,0,0,24,1,2025,11,8,16,45,1,2,1,0,0,0,0,1
7674,668,21,0,0,0,21,1,2025,11,8,17,2,38,2,1,0,0,0,0,1
7675,668,13,0,0,0,13,0,2025,11,8,18,55,27,2,1,0,0,0,1,0
7676,668,13,0,0,0,13,0,2025,11,8,19,13,5,2,1,0,0,0,1,0
7677,668,5,0,0,0,5,0,2025,11,8,19,30,44,2,1,0,0,0,1,0
7678,668,5,0,0,0,5,0,2025,11,8,19,48,20,2,1,0,0,0,1,0
7679,668,5,0,0,0,5,0,2025,11,9,8,29,50,2,1,0,0,1,0,0
7680,668,1,0,0,0,1,0,2025,11,9,8,47,27,2,1,0,0,1,0,0
7681,668,3,0,0,0,3,0,2025,11,9,9,5,4,2,1,0,0,1,0,0
7682,668,8,0,0,0,8,0,2025,11,9,9,22,41,2,1,0,0,1,0,0
7683,668,5,0,0,0,5,0,2025,11,9,9,40,19,2,1,0,0,1,0,0
7684,668,5,0,0,0,5,0,2025,11,9,9,57,58,2,1,0,0,1,0,0
7685,668,6,1,0,0,7,1,2025,11,9,10,15,37,2,1,0,0,1,0,0
7686,668,5,0,0,0,5,0,2025,11,9,10,33,14,2,1,0,0,1,0,0
7687,668,10,0,0,0,10,0,2025,11,9,10,50,49,2,1,0,0,1,0,0
7688,668,2,1,0,0,3,0,2025,11,9,11,8,26,2,1,0,0,1,0,0
7689,668,7,0,0,0,7,0,2025,11,9,11,26,4,2,1,0,0,1,0,0
7690,668,8,0,0,0,8,0,2025,11,9,11,43,49,2,1,0,0,1,0,0
7691,668,8,0,0,0,8,0,2025,11,9,12,1,27,2,1,0,0,0,0,1
7692,668,6,0,0,0,6,0,2025,11,9,12,19,5,2,1,0,0,0,0,1
7693,668,7,0,0,0,7,0,2025,11,9,12,36,45,2,1,0,0,0,0,1
7694,668,7,1,1,0,9,0,2025,11,9,12,54,25,2,1,0,0,0,0,1
7695,668,7,0,0,0,7,0,2025,11,9,15,20,18,2,1,0,0,0,0,1
7696,668,5,0,0,0,5,0,2025,11,9,15,37,58,2,1,0,0,0,0,1
7697,668,2,1,0,0,3,0,2025,11,9,15,55,37,2,1,0,0,0,0,1
7698,668,6,0,0,0,6,0,2025,11,9,16,13,17,2,1,0,0,0,0,1
7699,668,11,0,0,0,11,0,2025,11,9,16,30,56,2,1,0,0,0,0,1
7700,668,12,1,0,0,13,1,2025,11,9,16,48,31,2,1,0,0,0,0,1
7701,668,11,2,0,0,13,0,2025,11,9,17,6,9,2,1,0,0,0,0,1
7702,668,10,1,0,0,11,0,2025,11,9,17,23,47,2,1,0,0,0,0,1
7703,668,15,0,0,0,15,0,2025,11,9,17,41,26,2,1,0,0,0,0,1
7704,668,11,0,0,0,11,1,2025,11,9,17,59,5,2,1,0,0,0,0,1
7705,668,11,1,0,0,12,0,2025,11,9,18,16,42,2,1,0,0,0,1,0
7706,668,9,0,0,0,9,0,2025,11,9,18,34,21,2,1,0,0,0,1,0
7707,668,10,0,0,0,10,0,2025,11,9,18,51,57,2,1,0,0,0,1,0
7708,668,11,1,1,0,13,1,2025,11,9,19,9,34,2,1,0,0,0,1,0
7709,668,14,0,0,0,14,1,2025,11,9,19,27,11,2,1,0,0,0,1,0
7710,668,9,0,0,0,9,0,2025,11,9,19,44,47,2,1,0,0,0,1,0
7711,668,17,2,1,0,20,1,2025,11,11,7,59,37,2,1,0,0,1,0,0
7712,668,16,2,0,0,18,1,2025,11,11,8,17,11,2,1,0,0,1,0,0
7713,668,14,10,0,0,24,2,2025,11,11,8,34,45,2,1,0,0,1,0,0
7714,668,9,5,0,0,14,2,2025,11,11,8,52,21,2,1,0,0,1,0,0
7715,668,17,7,1,0,25,2,2025,11,11,9,9,56,2,1,0,0,1,0,0
7716,668,22,7,1,0,30,2,2025,11,11,9,27,33,2,1,0,0,1,0,0
7717,668,13,4,0,0,17,1,2025,11,11,14,34,54,2,1,0,0,0,0,1
7718,668,9,4,2,0,15,1,2025,11,11,14,52,34,2,1,0,0,0,0,1
7719,668,21,1,0,0,22,1,2025,11,11,15,10,13,2,1,0,0,0,0,1
7720,668,17,3,0,0,20,1,2025,11,11,15,27,55,2,1,0,0,0,0,1
7721,668,15,3,1,0,19,1,2025,11,11,15,45,38,2,1,0,0,0,0,1
7722,668,23,4,0,0,27,1,2025,11,11,16,3,16,2,1,0,0,0,0,1
7723,668,19,6,0,0,25,2,2025,11,11,17,48,1,2,1,0,0,0,0,1
7724,668,20,3,1,0,24,2,2025,11,11,18,5,37,2,1,0,0,0,1,0
7725,668,28,4,0,0,32,2,2025,11,11,18,23,13,2,1,0,0,0,1,0
7726,668,15,3,2,0,20,2,2025,11,11,18,40,51,2,1,0,0,0,1,0
7727,668,12,5,0,0,17,2,2025,11,11,18,58,29,2,1,0,0,0,1,0
7728,668,18,0,3,0,21,1,2025,11,11,19,16,7,2,1,0,0,0,1,0
7729,668,14,1,2,0,17,1,2025,11,11,19,33,43,2,1,0,0,0,1,0
7730,668,14,0,0,0,14,1,2025,11,11,19,51,25,2,1,0,0,0,1,0
7731,668,20,3,0,0,23,1,2025,11,12,8,37,18,2,1,0,0,1,0,0
7732,668,11,7,0,0,18,2,2025,11,12,8,55,2,2,1,0,0,1,0,0
7733,668,14,6,0,0,20,2,2025,11,12,9,12,47,2,1,0,0,1,0,0
7734,668,15,5,0,0,20,2,2025,11,12,9,30,41,2,1,0,0,1,0,0
7735,668,7,7,0,0,14,1,2025,11,12,12,35,15,2,1,0,0,0,0,1
7736,668,16,7,0,0,23,1,2025,11,14,9,7,16,2,1,0,0,1,0,0
7737,668,15,7,0,0,22,2,2025,11,14,9,24,56,2,1,0,0,1,0,0
7738,668,18,3,0,0,21,2,2025,11,14,9,42,37,2,1,0,0,1,0,0
7739,668,17,6,1,0,24,2,2025,11,14,10,0,15,2,1,0,0,1,0,0
7740,668,20,8,1,0,29,2,2025,11,14,10,17,54,2,1,0,0,1,0,0
7741,668,7,5,1,0,13,2,2025,11,14,10,35,35,2,1,0,0,1,0,0
7742,668,16,3,0,0,19,1,2025,11,15,9,51,30,2,1,0,0,1,0,0
7743,668,6,1,0,0,7,0,2025,11,15,10,9,11,2,1,0,0,1,0,0
7744,668,13,0,0,0,13,0,2025,11,15,10,26,52,2,1,0,0,1,0,0
7745,668,10,3,1,0,14,1,2025,11,15,10,44,42,2,1,0,0,1,0,0
7746,668,11,1,0,0,12,0,2025,11,15,11,2,22,2,1,0,0,1,0,0
7747,668,17,1,0,0,18,1,2025,11,15,11,20,2,2,1,0,0,1,0,0
7748,668,22,1,1,0,24,1,2025,11,15,11,37,43,2,1,0,0,1,0,0
7749,668,23,1,0,0,24,1,2025,11,15,11,55,24,2,1,0,0,1,0,0
7750,668,14,1,1,0,16,0,2025,11,15,12,13,5,2,1,0,0,0,0,1
7751,668,22,0,0,0,22,1,2025,11,15,12,30,44,2,1,0,0,0,0,1
7752,668,21,1,1,0,23,1,2025,11,15,12,48,26,2,1,0,0,0,0,1
7753,668,31,2,0,0,33,1,2025,11,15,13,6,4,2,1,0,0,0,0,1
7754,668,3,1,0,0,4,0,2025,11,16,8,9,28,2,1,0,0,1,0,0
7755,668,3,0,0,0,3,0,2025,11,16,8,27,9,2,1,0,0,1,0,0
7756,668,5,2,0,0,7,0,2025,11,16,8,44,56,2,1,0,0,1,0,0
7757,668,7,0,0,0,7,0,2025,11,16,9,2,38,2,1,0,0,1,0,0
7758,668,6,1,0,0,7,0,2025,11,16,9,20,19,2,1,0,0,1,0,0
7759,668,9,1,0,0,10,0,2025,11,16,9,38,0,2,1,0,0,1,0,0
7760,668,8,0,0,0,8,0,2025,11,16,9,55,41,2,1,0,0,1,0,0
7761,668,5,0,0,0,5,0,2025,11,16,10,13,30,2,1,0,0,1,0,0
7762,668,7,0,0,0,7,0,2025,11,16,10,31,16,2,1,0,0,1,0,0
7763,668,5,2,0,0,7,0,2025,11,16,10,49,9,2,1,0,0,1,0,0
7764,668,10,0,1,0,11,0,2025,11,16,11,7,2,2,1,0,0,1,0,0
7765,668,19,3,1,0,23,2,2025,11,17,8,23,54,2,1,0,0,1,0,0
7766,668,17,3,1,0,21,2,2025,11,17,8,41,38,2,1,0,0,1,0,0
7767,668,18,7,0,0,25,2,2025,11,17,8,59,16,2,1,0,0,1,0,0
7768,668,12,2,0,0,14,1,2025,11,17,9,16,55,2,1,0,0,1,0,0
7769,668,18,1,0,0,19,1,2025,11,17,9,34,35,2,1,0,0,1,0,0
7770,668,4,2,0,0,6,1,2025,11,17,9,52,13,2,1,0,0,1,0,0
7771,668,8,6,0,0,14,2,2025,11,17,10,9,51,2,1,0,0,1,0,0
7772,668,9,3,1,0,13,1,2025,11,17,10,27,33,2,1,0,0,1,0,0
7773,668,6,4,0,0,10,1,2025,11,17,12,34,32,2,1,0,0,0,0,1
7774,668,2,5,0,0,7,3,2025,11,17,12,52,11,2,1,0,0,0,0,1
7775,668,5,6,0,0,11,1,2025,11,17,13,9,50,2,1,0,0,0,0,1
7776,673,13,4,0,0,17,1,2025,10,27,8,27,16,2,1,0,0,1,0,0
7777,673,6,1,0,0,7,0,2025,10,27,8,45,2,2,1,0,0,1,0,0
7778,673,2,0,0,0,2,0,2025,10,27,9,2,40,2,1,0,0,1,0,0
7779,673,11,2,0,0,13,1,2025,10,27,9,20,20,2,1,0,0,1,0,0
7780,673,16,4,2,0,22,1,2025,10,27,9,38,2,2,1,0,0,1,0,0
7781,673,19,5,1,0,25,1,2025,10,27,9,55,46,2,1,0,0,1,0,0
7782,673,13,9,2,0,24,2,2025,10,27,10,13,32,2,1,0,0,1,0,0
7783,673,17,6,0,0,23,2,2025,10,27,10,31,19,2,1,0,0,1,0,0
7784,673,12,5,0,0,17,1,2025,10,27,12,40,21,2,1,0,0,0,0,1
7785,673,7,2,1,0,10,0,2025,10,27,12,58,6,2,1,0,0,0,0,1
7786,673,7,3,3,0,13,0,2025,10,27,13,15,53,2,1,0,0,0,0,1
7787,673,4,0,2,0,6,0,2025,10,27,13,20,59,2,1,0,0,0,0,1
7788,673,9,3,0,0,12,1,2025,10,27,13,57,22,2,1,0,0,0,0,1
7789,673,8,1,1,0,10,1,2025,10,27,14,55,40,2,1,0,0,0,0,1
7790,673,16,3,0,0,19,1,2025,10,27,15,13,25,2,1,0,0,0,0,1
7791,673,12,1,1,0,14,1,2025,10,27,15,31,14,2,1,0,0,0,0,1
7792,673,9,1,1,0,11,1,2025,10,27,15,48,57,2,1,0,0,0,0,1
7793,673,6,4,0,0,10,0,2025,10,27,18,3,1,2,1,0,0,0,1,0
7794,673,15,5,0,0,20,1,2025,10,27,18,20,37,2,1,0,0,0,1,0
7795,673,10,0,0,0,10,0,2025,10,27,18,38,14,2,1,0,0,0,1,0
7796,673,8,0,0,0,8,1,2025,10,28,7,56,28,2,1,0,0,1,0,0
7797,673,2,1,2,0,5,0,2025,10,28,8,14,5,2,1,0,0,1,0,0
7798,673,6,0,2,0,8,1,2025,10,28,8,31,41,2,1,0,0,1,0,0
7799,673,10,0,1,0,11,1,2025,10,28,8,49,17,2,1,0,0,1,0,0
7800,673,12,1,4,0,17,1,2025,10,28,9,6,52,2,1,0,0,1,0,0
7801,673,18,3,1,0,22,1,2025,10,28,9,24,30,2,1,0,0,1,0,0
7802,673,13,2,2,0,17,1,2025,10,28,9,42,9,2,1,0,0,1,0,0
7803,673,17,0,4,0,21,1,2025,10,28,13,27,57,2,1,0,0,0,0,1
7804,673,17,6,4,0,27,2,2025,10,28,14,45,50,2,1,0,0,0,0,1
7805,673,19,2,5,0,26,1,2025,10,28,15,3,32,2,1,0,0,0,0,1
7806,673,16,2,0,0,18,1,2025,10,28,15,21,21,2,1,0,0,0,0,1
7807,673,12,2,1,0,15,1,2025,10,28,15,39,6,2,1,0,0,0,0,1
7808,673,13,1,0,0,14,1,2025,10,28,15,56,51,2,1,0,0,0,0,1
7809,673,14,1,2,0,17,1,2025,10,28,17,49,8,2,1,0,0,0,0,1
7810,673,14,3,2,0,19,1,2025,10,28,18,6,46,2,1,0,0,0,1,0
7811,673,25,1,3,0,29,1,2025,10,28,18,24,27,2,1,0,0,0,1,0
7812,673,17,0,1,0,18,1,2025,10,28,18,42,4,2,1,0,0,0,1,0
7813,673,12,0,0,0,12,1,2025,10,28,18,59,43,2,1,0,0,0,1,0
7814,673,5,0,1,0,6,1,2025,10,28,19,17,20,2,1,0,0,0,1,0
7815,673,0,0,0,0,0,0,2025,10,28,19,34,59,2,1,0,0,0,1,0
7816,673,0,0,0,0,0,0,2025,10,28,19,52,37,2,1,0,0,0,1,0
7817,673,11,2,0,0,13,1,2025,10,29,8,23,47,2,1,0,0,1,0,0
7818,673,12,5,1,0,18,1,2025,10,29,8,41,24,2,1,0,0,1,0,0
7819,673,11,4,0,0,15,1,2025,10,29,8,59,0,2,1,0,0,1,0,0
7820,673,10,6,0,0,16,1,2025,10,29,9,16,35,2,1,0,0,1,0,0
7821,673,11,4,0,0,15,1,2025,10,29,9,34,11,2,1,0,0,1,0,0
7822,673,10,2,2,0,14,1,2025,10,29,9,51,48,2,1,0,0,1,0,0
7823,673,10,6,1,0,17,1,2025,10,29,10,9,27,2,1,0,0,1,0,0
7824,673,10,4,1,0,15,1,2025,10,29,10,27,5,2,1,0,0,1,0,0
7825,673,9,6,1,0,16,1,2025,10,29,10,44,44,2,1,0,0,1,0,0
7826,673,12,3,2,0,17,1,2025,10,29,12,33,37,2,1,0,0,0,0,1
7827,673,7,7,0,0,14,1,2025,10,29,12,51,17,2,1,0,0,0,0,1
7828,673,9,2,0,0,11,1,2025,10,29,13,9,7,2,1,0,0,0,0,1
7829,673,9,3,1,0,13,1,2025,10,29,13,26,49,2,1,0,0,0,0,1
7830,673,10,3,1,0,14,1,2025,10,29,13,44,34,2,1,0,0,0,0,1
7831,673,13,3,1,0,17,1,2025,10,29,14,44,16,2,1,0,0,0,0,1
7832,673,12,1,0,0,13,1,2025,10,29,15,2,2,2,1,0,0,0,0,1
7833,673,15,3,0,0,18,1,2025,10,29,15,19,43,2,1,0,0,0,0,1
7834,673,16,1,2,0,19,1,2025,10,29,15,37,23,2,1,0,0,0,0,1
7835,673,12,4,1,0,17,1,2025,10,29,15,55,4,2,1,0,0,0,0,1
7836,673,8,3,0,0,11,0,2025,10,30,8,20,41,2,1,0,0,1,0,0
7837,673,12,2,0,0,14,0,2025,10,30,8,38,23,2,1,0,0,1,0,0
7838,673,7,1,1,0,9,0,2025,10,30,8,56,6,2,1,0,0,1,0,0
7839,673,11,1,0,0,12,1,2025,10,30,9,13,58,2,1,0,0,1,0,0
7840,673,4,5,1,0,10,1,2025,10,30,9,32,8,2,1,0,0,1,0,0
7841,673,4,1,0,0,5,0,2025,10,30,9,49,57,2,1,0,0,1,0,0
7842,673,4,2,0,0,6,0,2025,10,30,10,7,55,2,1,0,0,1,0,0
7843,673,3,0,0,0,3,0,2025,10,30,10,25,38,2,1,0,0,1,0,0
7844,673,3,6,0,0,9,1,2025,10,30,10,43,20,2,1,0,0,1,0,0
7845,673,9,3,1,0,13,1,2025,10,30,12,29,54,2,1,0,0,0,0,1
7846,673,2,1,0,0,3,0,2025,10,30,12,47,25,2,1,0,0,0,0,1
7847,673,6,2,0,0,8,1,2025,10,30,13,5,8,2,1,0,0,0,0,1
7848,673,7,4,0,0,11,1,2025,10,30,13,22,55,2,1,0,0,0,0,1
7849,673,5,2,1,0,8,1,2025,10,30,13,40,42,2,1,0,0,0,0,1
7850,673,9,0,0,0,9,0,2025,10,30,13,58,26,2,1,0,0,0,0,1
7851,673,7,0,0,0,7,0,2025,10,30,14,57,28,2,1,0,0,0,0,1
7852,673,7,6,0,0,13,1,2025,10,30,15,15,22,2,1,0,0,0,0,1
7853,673,7,0,1,0,8,0,2025,10,30,15,33,5,2,1,0,0,0,0,1
7854,673,11,1,0,0,12,0,2025,10,30,15,57,52,2,1,0,0,0,0,1
7855,673,7,3,1,0,11,1,2025,10,30,16,15,39,2,1,0,0,0,0,1
7856,673,4,1,0,0,5,0,2025,10,30,22,45,52,2,1,0,0,0,1,0
7857,673,5,4,0,0,9,1,2025,10,31,8,25,20,2,1,0,0,1,0,0
7858,673,6,1,0,0,7,0,2025,10,31,8,43,9,2,1,0,0,1,0,0
7859,673,3,1,0,0,4,0,2025,10,31,9,0,55,2,1,0,0,1,0,0
7860,673,10,3,1,0,14,1,2025,10,31,9,18,39,2,1,0,0,1,0,0
7861,673,4,2,0,0,6,0,2025,10,31,9,44,17,2,1,0,0,1,0,0
7862,673,1,0,0,0,1,0,2025,10,31,10,1,59,2,1,0,0,1,0,0
7863,673,3,0,0,0,3,0,2025,10,31,10,19,43,2,1,0,0,1,0,0
7864,673,2,0,0,0,2,0,2025,10,31,10,37,22,2,1,0,0,1,0,0
7865,673,3,0,0,0,3,0,2025,10,31,15,3,47,2,1,0,0,0,0,1
7866,673,7,0,0,0,7,0,2025,10,31,15,21,41,2,1,0,0,0,0,1
7867,673,6,1,0,0,7,0,2025,10,31,15,39,31,2,1,0,0,0,0,1
7868,673,8,2,0,0,10,1,2025,10,31,15,57,20,2,1,0,0,0,0,1
7869,673,2,0,0,0,2,0,2025,11,1,8,55,0,2,1,0,0,1,0,0
7870,673,2,0,0,0,2,0,2025,11,1,9,12,46,2,1,0,0,1,0,0
7871,673,3,0,0,0,3,0,2025,11,1,9,30,37,2,1,0,0,1,0,0
7872,673,2,0,0,0,2,0,2025,11,1,9,48,26,2,1,0,0,1,0,0
7873,673,8,0,0,0,8,0,2025,11,1,10,6,14,2,1,0,0,1,0,0
7874,673,4,0,0,0,4,0,2025,11,1,10,23,59,2,1,0,0,1,0,0
7875,673,9,1,0,0,10,0,2025,11,1,10,41,53,2,1,0,0,1,0,0
7876,673,22,3,0,0,25,1,2025,11,1,10,59,41,2,1,0,0,1,0,0
7877,673,4,2,3,0,9,1,2025,11,1,11,17,25,2,1,0,0,1,0,0
7878,673,10,1,1,0,12,1,2025,11,1,11,35,6,2,1,0,0,1,0,0
7879,673,9,2,1,0,12,0,2025,11,1,11,52,57,2,1,0,0,1,0,0
7880,673,22,2,0,0,24,1,2025,11,1,12,10,46,2,1,0,0,0,0,1
7881,673,23,0,0,0,23,1,2025,11,1,12,28,38,2,1,0,0,0,0,1
7882,673,18,3,0,0,21,1,2025,11,1,12,46,34,2,1,0,0,0,0,1
7883,673,19,1,0,0,20,1,2025,11,1,13,4,20,2,1,0,0,0,0,1
7884,673,21,1,0,0,22,1,2025,11,1,13,22,9,2,1,0,0,0,0,1
7885,673,22,0,1,0,23,1,2025,11,1,13,39,55,2,1,0,0,0,0,1
7886,673,17,1,1,0,19,1,2025,11,1,13,57,46,2,1,0,0,0,0,1
7887,673,19,0,1,0,20,1,2025,11,1,14,15,36,2,1,0,0,0,0,1
7888,673,18,0,0,0,18,0,2025,11,1,14,33,55,2,1,0,0,0,0,1
7889,673,20,0,0,0,20,1,2025,11,1,14,51,51,2,1,0,0,0,0,1
7890,673,20,3,0,0,23,1,2025,11,1,15,9,40,2,1,0,0,0,0,1
7891,673,17,4,0,0,21,1,2025,11,1,15,27,27,2,1,0,0,0,0,1
7892,673,14,0,0,0,14,0,2025,11,1,15,45,24,2,1,0,0,0,0,1
7893,673,17,1,0,0,18,1,2025,11,1,16,3,15,2,1,0,0,0,0,1
7894,673,23,0,0,0,23,1,2025,11,1,16,21,3,2,1,0,0,0,0,1
7895,673,16,0,0,0,16,1,2025,11,1,16,38,50,2,1,0,0,0,0,1
7896,673,14,3,1,0,18,1,2025,11,1,16,56,56,2,1,0,0,0,0,1
7897,673,18,1,1,0,20,1,2025,11,1,17,14,50,2,1,0,0,0,0,1
7898,673,24,0,0,0,24,1,2025,11,1,17,32,35,2,1,0,0,0,0,1
7899,673,20,1,1,0,22,1,2025,11,1,17,50,29,2,1,0,0,0,0,1
7900,673,16,0,0,0,16,1,2025,11,1,18,8,23,2,1,0,0,0,1,0
7901,673,16,0,0,0,16,1,2025,11,1,18,27,8,2,1,0,0,0,1,0
7902,673,13,1,0,0,14,1,2025,11,1,18,45,3,2,1,0,0,0,1,0
7903,673,14,1,0,0,15,1,2025,11,1,19,2,49,2,1,0,0,0,1,0
7904,673,11,1,0,0,12,1,2025,11,1,19,37,23,2,1,0,0,0,1,0
7905,673,12,1,0,0,13,1,2025,11,2,10,16,56,2,1,0,0,1,0,0
7906,673,10,1,0,0,11,0,2025,11,2,10,34,50,2,1,0,0,1,0,0
7907,673,19,0,0,0,19,1,2025,11,2,10,52,34,2,1,0,0,1,0,0
7908,673,17,3,0,0,20,1,2025,11,2,11,10,27,2,1,0,0,1,0,0
7909,673,13,1,1,0,15,0,2025,11,2,11,28,16,2,1,0,0,1,0,0
7910,673,16,1,0,0,17,1,2025,11,2,12,11,32,2,1,0,0,0,0,1
7911,673,14,0,1,0,15,1,2025,11,2,12,29,16,2,1,0,0,0,0,1
7912,673,18,4,0,0,22,1,2025,11,2,12,47,6,2,1,0,0,0,0,1
7913,673,28,2,0,0,30,1,2025,11,2,13,4,49,2,1,0,0,0,0,1
7914,673,24,0,0,0,24,1,2025,11,2,13,22,27,2,1,0,0,0,0,1
7915,673,19,1,0,0,20,1,2025,11,2,13,40,6,2,1,0,0,0,0,1
7916,673,15,5,1,0,21,1,2025,11,2,13,57,45,2,1,0,0,0,0,1
7917,673,27,2,1,0,30,1,2025,11,2,14,15,24,2,1,0,0,0,0,1
7918,673,18,2,0,0,20,1,2025,11,2,14,32,59,2,1,0,0,0,0,1
7919,673,20,0,1,0,21,1,2025,11,2,14,50,35,2,1,0,0,0,0,1
7920,673,11,3,1,0,15,2,2025,11,2,15,51,8,2,1,0,0,0,0,1
7921,673,15,2,0,0,17,1,2025,11,2,16,8,46,2,1,0,0,0,0,1
7922,673,22,2,0,0,24,1,2025,11,2,16,26,26,2,1,0,0,0,0,1
7923,673,13,4,2,0,19,2,2025,11,2,16,44,5,2,1,0,0,0,0,1
7924,673,13,2,0,0,15,1,2025,11,3,8,9,21,2,1,0,0,1,0,0
7925,673,14,7,1,0,22,2,2025,11,3,8,26,57,2,1,0,0,1,0,0
7926,673,12,3,2,0,17,1,2025,11,3,8,44,36,2,1,0,0,1,0,0
7927,673,4,2,0,0,6,0,2025,11,3,9,2,11,2,1,0,0,1,0,0
7928,673,4,1,0,0,5,0,2025,11,3,9,19,49,2,1,0,0,1,0,0
7929,673,5,1,0,0,6,0,2025,11,3,9,37,27,2,1,0,0,1,0,0
7930,673,11,1,0,0,12,1,2025,11,4,8,9,38,2,1,0,0,1,0,0
7931,673,12,3,0,0,15,1,2025,11,4,8,27,14,2,1,0,0,1,0,0
7932,673,12,3,1,0,16,1,2025,11,4,8,44,50,2,1,0,0,1,0,0
7933,673,8,5,0,0,13,1,2025,11,4,9,2,26,2,1,0,0,1,0,0
7934,673,8,1,1,0,10,1,2025,11,4,9,20,5,2,1,0,0,1,0,0
7935,673,8,2,0,0,10,1,2025,11,4,9,37,44,2,1,0,0,1,0,0
7936,673,5,3,0,0,8,1,2025,11,4,12,8,57,2,1,0,0,0,0,1
7937,673,4,3,0,0,7,0,2025,11,4,12,37,18,2,1,0,0,0,0,1
7938,673,5,5,1,0,11,1,2025,11,4,12,54,59,2,1,0,0,0,0,1
7939,673,5,5,1,0,11,1,2025,11,4,13,4,24,2,1,0,0,0,0,1
7940,673,7,1,3,0,11,1,2025,11,4,13,22,4,2,1,0,0,0,0,1
7941,673,7,4,0,0,11,1,2025,11,4,13,39,43,2,1,0,0,0,0,1
7942,673,4,0,1,0,5,0,2025,11,4,14,34,5,2,1,0,0,0,0,1
7943,673,8,5,2,0,15,1,2025,11,4,14,51,45,2,1,0,0,0,0,1
7944,673,8,3,0,0,11,1,2025,11,4,15,9,32,2,1,0,0,0,0,1
7945,673,9,2,0,0,11,1,2025,11,4,15,27,18,2,1,0,0,0,0,1
7946,673,4,2,0,0,6,0,2025,11,4,15,45,16,2,1,0,0,0,0,1
7947,673,8,6,1,0,15,2,2025,11,4,16,2,58,2,1,0,0,0,0,1
7948,673,9,1,0,0,10,0,2025,11,4,18,0,12,2,1,0,0,0,1,0
7949,673,8,2,0,0,10,1,2025,11,4,18,17,49,2,1,0,0,0,1,0
7950,673,7,1,0,0,8,1,2025,11,4,18,35,27,2,1,0,0,0,1,0
7951,673,8,1,1,0,10,0,2025,11,4,18,53,6,2,1,0,0,0,1,0
7952,673,2,0,0,0,2,0,2025,11,4,19,10,43,2,1,0,0,0,1,0
7953,673,7,0,0,0,7,0,2025,11,4,19,28,23,2,1,0,0,0,1,0
7954,673,8,0,0,0,8,0,2025,11,4,19,46,0,2,1,0,0,0,1,0
7955,673,7,0,0,0,7,0,2025,11,4,20,3,36,2,1,0,0,0,1,0
7956,673,4,1,0,0,5,0,2025,11,4,20,21,13,2,1,0,0,0,1,0
7957,673,9,0,0,0,9,0,2025,11,4,20,38,53,2,1,0,0,0,1,0
7958,673,14,1,1,0,16,1,2025,11,5,7,51,26,2,1,0,0,1,0,0
7959,673,10,1,0,0,11,0,2025,11,5,8,9,3,2,1,0,0,1,0,0
7960,673,14,4,0,0,18,1,2025,11,5,8,26,40,2,1,0,0,1,0,0
7961,673,18,2,1,0,21,1,2025,11,5,8,44,16,2,1,0,0,1,0,0
7962,673,12,0,0,0,12,0,2025,11,5,9,1,52,2,1,0,0,1,0,0
7963,673,11,2,0,0,13,1,2025,11,5,9,19,29,2,1,0,0,1,0,0
7964,673,10,2,1,0,13,1,2025,11,5,9,37,5,2,1,0,0,1,0,0
7965,673,7,3,0,0,10,0,2025,11,5,9,54,42,2,1,0,0,1,0,0
7966,673,8,4,0,0,12,1,2025,11,5,10,12,19,2,1,0,0,1,0,0
7967,673,3,1,2,0,6,0,2025,11,5,10,29,57,2,1,0,0,1,0,0
7968,673,5,2,0,0,7,1,2025,11,5,10,47,31,2,1,0,0,1,0,0
7969,673,23,7,2,0,32,2,2025,11,5,12,44,13,2,1,0,0,0,0,1
7970,673,12,11,1,0,24,2,2025,11,5,13,1,52,2,1,0,0,0,0,1
7971,673,20,6,2,0,28,2,2025,11,5,13,19,33,2,1,0,0,0,0,1
7972,673,20,9,1,0,30,2,2025,11,5,13,37,16,2,1,0,0,0,0,1
7973,673,23,10,3,0,36,2,2025,11,5,13,54,58,2,1,0,0,0,0,1
7974,673,2,4,0,0,6,1,2025,11,5,14,46,48,2,1,0,0,0,0,1
7975,673,5,1,0,0,6,0,2025,11,5,15,4,28,2,1,0,0,0,0,1
7976,673,7,3,1,0,11,1,2025,11,5,15,22,9,2,1,0,0,0,0,1
7977,673,3,0,0,0,3,0,2025,11,5,15,39,51,2,1,0,0,0,0,1
7978,673,3,2,0,0,5,0,2025,11,5,15,57,36,2,1,0,0,0,0,1
7979,673,20,5,2,0,27,2,2025,11,6,7,50,54,2,1,0,0,1,0,0
7980,673,20,1,1,0,22,1,2025,11,6,8,8,37,2,1,0,0,1,0,0
7981,673,17,2,2,0,21,1,2025,11,6,8,27,9,2,1,0,0,1,0,0
7982,673,17,3,0,0,20,1,2025,11,6,8,44,49,2,1,0,0,1,0,0
7983,673,19,1,1,0,21,1,2025,11,6,9,2,32,2,1,0,0,1,0,0
7984,673,14,3,1,0,18,1,2025,11,6,9,20,12,2,1,0,0,1,0,0
7985,673,16,2,3,0,21,2,2025,11,6,9,37,59,2,1,0,0,1,0,0
7986,673,21,7,3,0,31,2,2025,11,6,9,55,47,2,1,0,0,1,0,0
7987,673,12,6,0,0,18,2,2025,11,6,10,13,37,2,1,0,0,1,0,0
7988,673,13,5,0,0,18,1,2025,11,6,10,31,21,2,1,0,0,1,0,0
7989,673,21,3,7,0,31,2,2025,11,6,12,31,12,2,1,0,0,0,0,1
7990,673,14,2,4,0,20,1,2025,11,6,12,48,53,2,1,0,0,0,0,1
7991,673,17,7,4,0,28,2,2025,11,6,13,6,33,2,1,0,0,0,0,1
7992,673,15,6,2,0,23,2,2025,11,6,13,39,53,2,1,0,0,0,0,1
7993,673,28,2,3,0,33,1,2025,11,6,13,57,36,2,1,0,0,0,0,1
7994,673,18,3,1,0,22,1,2025,11,7,9,38,46,2,1,0,0,1,0,0
7995,673,14,5,4,0,23,1,2025,11,7,10,14,3,2,1,0,0,1,0,0
7996,673,12,3,1,0,16,1,2025,11,7,10,31,41,2,1,0,0,1,0,0
7997,673,16,3,2,0,21,1,2025,11,7,13,14,34,2,1,0,0,0,0,1
7998,673,24,4,2,0,30,1,2025,11,7,13,32,11,2,1,0,0,0,0,1
7999,673,8,1,1,0,10,1,2025,11,7,13,49,50,2,1,0,0,0,0,1
8000,673,15,2,1,0,18,1,2025,11,7,15,37,23,2,1,0,0,0,0,1
8001,673,0,0,0,0,0,0,2025,11,7,15,55,4,2,1,0,0,0,0,1
8002,673,15,1,0,0,16,1,2025,11,8,7,54,55,2,1,0,0,1,0,0
8003,673,10,2,1,0,13,1,2025,11,8,8,12,35,2,1,0,0,1,0,0
8004,673,8,1,1,0,10,0,2025,11,8,8,30,14,2,1,0,0,1,0,0
8005,673,6,0,0,0,6,0,2025,11,8,8,47,49,2,1,0,0,1,0,0
8006,673,13,2,0,0,15,1,2025,11,8,9,52,30,2,1,0,0,1,0,0
8007,673,14,2,1,0,17,1,2025,11,8,10,31,57,2,1,0,0,1,0,0
8008,673,15,0,0,0,15,1,2025,11,8,10,49,33,2,1,0,0,1,0,0
8009,673,19,3,0,0,22,2,2025,11,8,11,7,13,2,1,0,0,1,0,0
8010,673,19,1,2,0,22,2,2025,11,8,11,24,53,2,1,0,0,1,0,0
8011,673,27,2,1,0,30,2,2025,11,8,11,42,32,2,1,0,0,1,0,0
8012,673,23,2,1,0,26,2,2025,11,8,12,0,11,2,1,0,0,0,0,1
8013,673,19,1,0,0,20,1,2025,11,8,12,17,46,2,1,0,0,0,0,1
8014,673,25,1,2,0,28,1,2025,11,8,12,35,21,2,1,0,0,0,0,1
8015,673,23,2,0,0,25,2,2025,11,8,12,52,58,2,1,0,0,0,0,1
8016,673,24,1,1,0,26,1,2025,11,8,13,10,35,2,1,0,0,0,0,1
8017,673,13,4,0,0,17,0,2025,11,8,13,28,12,2,1,0,0,0,0,1
8018,673,17,1,0,0,18,0,2025,11,8,13,45,50,2,1,0,0,0,0,1
8019,673,18,1,2,0,21,1,2025,11,8,14,3,26,2,1,0,0,0,0,1
8020,673,19,3,2,0,24,1,2025,11,8,14,21,3,2,1,0,0,0,0,1
8021,673,14,4,0,0,18,1,2025,11,8,14,38,40,2,1,0,0,0,0,1
8022,673,14,3,0,0,17,1,2025,11,8,15,34,25,2,1,0,0,0,0,1
8023,673,9,2,0,0,11,1,2025,11,8,15,52,4,2,1,0,0,0,0,1
8024,673,17,1,1,0,19,1,2025,11,8,16,9,43,2,1,0,0,0,0,1
8025,673,13,2,0,0,15,1,2025,11,8,16,27,24,2,1,0,0,0,0,1
8026,673,23,3,0,0,26,1,2025,11,8,16,45,4,2,1,0,0,0,0,1
8027,673,24,1,0,0,25,1,2025,11,8,17,2,39,2,1,0,0,0,0,1
8028,673,11,2,0,0,13,0,2025,11,8,18,55,29,2,1,0,0,0,1,0
8029,673,16,0,0,0,16,1,2025,11,8,19,13,8,2,1,0,0,0,1,0
8030,673,12,1,0,0,13,1,2025,11,8,19,30,46,2,1,0,0,0,1,0
8031,673,15,0,0,0,15,1,2025,11,8,19,48,21,2,1,0,0,0,1,0
8032,673,1,0,0,0,1,0,2025,11,9,8,29,52,2,1,0,0,1,0,0
8033,673,5,1,0,0,6,0,2025,11,9,8,47,28,2,1,0,0,1,0,0
8034,673,1,0,0,0,1,0,2025,11,9,9,5,6,2,1,0,0,1,0,0
8035,673,7,1,1,0,9,0,2025,11,9,9,22,42,2,1,0,0,1,0,0
8036,673,6,0,0,0,6,0,2025,11,9,9,40,21,2,1,0,0,1,0,0
8037,673,1,0,0,0,1,0,2025,11,9,9,58,0,2,1,0,0,1,0,0
8038,673,0,0,0,0,0,0,2025,11,9,10,15,39,2,1,0,0,1,0,0
8039,673,2,0,0,0,2,0,2025,11,9,10,33,15,2,1,0,0,1,0,0
8040,673,1,0,0,0,1,0,2025,11,9,10,50,50,2,1,0,0,1,0,0
8041,673,1,0,0,0,1,0,2025,11,9,11,8,27,2,1,0,0,1,0,0
8042,673,5,0,0,0,5,0,2025,11,9,11,26,7,2,1,0,0,1,0,0
8043,673,1,0,0,0,1,0,2025,11,9,11,43,51,2,1,0,0,1,0,0
8044,673,2,1,0,0,3,0,2025,11,9,12,1,30,2,1,0,0,0,0,1
8045,673,0,0,0,0,0,0,2025,11,9,12,19,7,2,1,0,0,0,0,1
8046,673,2,0,1,0,3,0,2025,11,9,12,36,48,2,1,0,0,0,0,1
8047,673,0,0,0,0,0,0,2025,11,9,12,54,28,2,1,0,0,0,0,1
8048,673,17,1,1,0,19,1,2025,11,9,15,20,20,2,1,0,0,0,0,1
8049,673,26,0,0,0,26,1,2025,11,9,15,38,0,2,1,0,0,0,0,1
8050,673,18,1,2,0,21,1,2025,11,9,15,55,39,2,1,0,0,0,0,1
8051,673,10,1,0,0,11,1,2025,11,9,16,13,19,2,1,0,0,0,0,1
8052,673,17,1,0,0,18,1,2025,11,9,16,30,58,2,1,0,0,0,0,1
8053,673,21,0,0,0,21,1,2025,11,9,16,48,32,2,1,0,0,0,0,1
8054,673,19,4,1,0,24,1,2025,11,9,17,6,10,2,1,0,0,0,0,1
8055,673,23,2,0,0,25,2,2025,11,9,17,23,49,2,1,0,0,0,0,1
8056,673,21,3,0,0,24,1,2025,11,9,17,41,28,2,1,0,0,0,0,1
8057,673,25,0,0,0,25,1,2025,11,9,17,59,7,2,1,0,0,0,0,1
8058,673,25,2,0,0,27,2,2025,11,9,18,16,44,2,1,0,0,0,1,0
8059,673,20,0,1,0,21,1,2025,11,9,18,34,22,2,1,0,0,0,1,0
8060,673,22,0,0,0,22,1,2025,11,9,18,51,58,2,1,0,0,0,1,0
8061,673,13,0,0,0,13,1,2025,11,9,19,9,36,2,1,0,0,0,1,0
8062,673,17,1,0,0,18,1,2025,11,9,19,27,13,2,1,0,0,0,1,0
8063,673,11,1,0,0,12,1,2025,11,9,19,44,48,2,1,0,0,0,1,0
8064,673,11,3,0,0,14,1,2025,11,11,7,59,38,2,1,0,0,1,0,0
8065,673,17,2,0,0,19,1,2025,11,11,8,17,11,2,1,0,0,1,0,0
8066,673,13,6,1,0,20,1,2025,11,11,8,34,46,2,1,0,0,1,0,0
8067,673,17,1,5,0,23,1,2025,11,11,8,52,22,2,1,0,0,1,0,0
8068,673,18,3,1,0,22,1,2025,11,11,9,9,57,2,1,0,0,1,0,0
8069,673,11,6,1,0,18,2,2025,11,11,9,27,33,2,1,0,0,1,0,0
8070,673,8,1,0,0,9,0,2025,11,11,14,34,56,2,1,0,0,0,0,1
8071,673,7,0,0,0,7,0,2025,11,11,14,52,36,2,1,0,0,0,0,1
8072,673,1,0,0,0,1,0,2025,11,11,15,10,16,2,1,0,0,0,0,1
8073,673,7,1,0,0,8,0,2025,11,11,15,27,58,2,1,0,0,0,0,1
8074,673,12,3,0,0,15,1,2025,11,11,15,45,40,2,1,0,0,0,0,1
8075,673,7,5,5,0,17,1,2025,11,11,16,3,19,2,1,0,0,0,0,1
8076,673,21,3,0,0,24,1,2025,11,11,17,48,2,2,1,0,0,0,0,1
8077,673,17,4,0,0,21,1,2025,11,11,18,5,39,2,1,0,0,0,1,0
8078,673,17,1,0,0,18,1,2025,11,11,18,23,14,2,1,0,0,0,1,0
8079,673,10,1,0,0,11,1,2025,11,12,8,37,22,2,1,0,0,1,0,0
8080,673,18,1,0,0,19,1,2025,11,12,8,55,5,2,1,0,0,1,0,0
8081,673,5,6,0,0,11,0,2025,11,12,9,12,52,2,1,0,0,1,0,0
8082,673,9,3,1,0,13,1,2025,11,12,9,30,46,2,1,0,0,1,0,0
8083,673,4,2,0,0,6,1,2025,11,12,12,35,18,2,1,0,0,0,0,1
8084,673,3,3,0,0,6,0,2025,11,14,9,7,18,2,1,0,0,1,0,0
8085,673,8,2,1,0,11,1,2025,11,14,9,24,58,2,1,0,0,1,0,0
8086,673,3,0,2,0,5,1,2025,11,14,9,42,39,2,1,0,0,1,0,0
8087,673,1,1,2,0,4,0,2025,11,14,10,0,17,2,1,0,0,1,0,0
8088,673,2,1,0,0,3,0,2025,11,14,10,18,0,2,1,0,0,1,0,0
8089,673,5,5,0,0,10,0,2025,11,14,10,35,37,2,1,0,0,1,0,0
8090,673,13,2,0,0,15,1,2025,11,15,9,51,32,2,1,0,0,1,0,0
8091,673,6,1,0,0,7,0,2025,11,15,10,9,13,2,1,0,0,1,0,0
8092,673,5,0,0,0,5,0,2025,11,15,10,26,55,2,1,0,0,1,0,0
8093,673,4,0,0,0,4,0,2025,11,15,10,44,47,2,1,0,0,1,0,0
8094,673,8,0,0,0,8,0,2025,11,15,11,2,24,2,1,0,0,1,0,0
8095,673,18,0,0,0,18,1,2025,11,15,11,20,6,2,1,0,0,1,0,0
8096,673,15,1,0,0,16,0,2025,11,15,11,37,46,2,1,0,0,1,0,0
8097,673,10,3,1,0,14,1,2025,11,15,11,55,26,2,1,0,0,1,0,0
8098,673,15,0,0,0,15,1,2025,11,15,12,13,7,2,1,0,0,0,0,1
8099,673,10,1,0,0,11,0,2025,11,15,12,30,46,2,1,0,0,0,0,1
8100,673,7,3,0,0,10,0,2025,11,15,12,48,27,2,1,0,0,0,0,1
8101,673,11,0,0,0,11,0,2025,11,15,13,6,6,2,1,0,0,0,0,1
8102,673,3,1,0,0,4,0,2025,11,16,8,9,29,2,1,0,0,1,0,0
8103,673,2,0,0,0,2,0,2025,11,16,8,27,12,2,1,0,0,1,0,0
8104,673,0,0,0,0,0,0,2025,11,16,8,44,59,2,1,0,0,1,0,0
8105,673,1,0,0,0,1,0,2025,11,16,9,2,40,2,1,0,0,1,0,0
8106,673,0,0,0,0,0,0,2025,11,16,9,20,21,2,1,0,0,1,0,0
8107,673,3,0,0,0,3,0,2025,11,16,9,38,3,2,1,0,0,1,0,0
8108,673,4,1,0,0,5,0,2025,11,16,9,55,44,2,1,0,0,1,0,0
8109,673,1,0,0,0,1,0,2025,11,16,10,13,33,2,1,0,0,1,0,0
8110,673,11,1,0,0,12,0,2025,11,16,10,31,19,2,1,0,0,1,0,0
8111,673,2,0,0,0,2,0,2025,11,16,10,49,12,2,1,0,0,1,0,0
8112,673,0,0,0,0,0,0,2025,11,16,11,7,5,2,1,0,0,1,0,0
8113,673,5,1,0,0,6,0,2025,11,17,8,23,56,2,1,0,0,1,0,0
8114,673,5,1,1,0,7,0,2025,11,17,8,41,39,2,1,0,0,1,0,0
8115,673,10,3,0,0,13,1,2025,11,17,8,59,17,2,1,0,0,1,0,0
8116,673,8,4,0,0,12,1,2025,11,17,9,16,57,2,1,0,0,1,0,0
8117,673,9,2,0,0,11,0,2025,11,17,9,34,36,2,1,0,0,1,0,0
8118,673,4,3,0,0,7,0,2025,11,17,9,52,15,2,1,0,0,1,0,0
8119,673,7,0,0,0,7,0,2025,11,17,10,9,52,2,1,0,0,1,0,0
8120,673,6,2,0,0,8,0,2025,11,17,10,27,35,2,1,0,0,1,0,0
8121,673,3,2,1,0,6,0,2025,11,17,12,34,34,2,1,0,0,0,0,1
8122,673,7,1,1,0,9,0,2025,11,17,12,52,13,2,1,0,0,0,0,1
8123,673,6,2,0,0,8,0,2025,11,17,13,9,53,2,1,0,0,0,0,1
8124,677,7,2,0,0,9,1,2025,10,27,8,27,16,2,1,0,0,1,0,0
8125,677,5,2,0,0,7,0,2025,10,27,8,45,2,2,1,0,0,1,0,0
8126,677,7,0,0,0,7,1,2025,10,27,9,2,40,2,1,0,0,1,0,0
8127,677,6,1,0,0,7,0,2025,10,27,9,20,21,2,1,0,0,1,0,0
8128,677,0,0,0,0,0,0,2025,10,27,9,38,2,2,1,0,0,1,0,0
8129,677,5,2,0,0,7,0,2025,10,27,9,55,46,2,1,0,0,1,0,0
8130,677,8,3,0,0,11,1,2025,10,27,10,13,32,2,1,0,0,1,0,0
8131,677,5,4,0,0,9,1,2025,10,27,10,31,19,2,1,0,0,1,0,0
8132,677,8,4,0,0,12,1,2025,10,27,12,40,22,2,1,0,0,0,0,1
8133,677,4,2,0,0,6,0,2025,10,27,12,58,6,2,1,0,0,0,0,1
8134,677,7,1,0,0,8,0,2025,10,27,13,15,53,2,1,0,0,0,0,1
8135,677,6,1,1,0,8,0,2025,10,27,13,20,59,2,1,0,0,0,0,1
8136,677,9,2,0,0,11,0,2025,10,27,13,57,22,2,1,0,0,0,0,1
8137,677,15,2,0,0,17,1,2025,10,27,14,55,40,2,1,0,0,0,0,1
8138,677,27,2,1,0,30,2,2025,10,27,15,13,25,2,1,0,0,0,0,1
8139,677,20,3,0,0,23,2,2025,10,27,15,31,15,2,1,0,0,0,0,1
8140,677,14,6,1,0,21,2,2025,10,27,15,48,58,2,1,0,0,0,0,1
8141,677,21,1,1,0,23,1,2025,10,27,18,3,1,2,1,0,0,0,1,0
8142,677,21,2,1,0,24,2,2025,10,27,18,20,37,2,1,0,0,0,1,0
8143,677,19,2,0,0,21,2,2025,10,27,18,38,14,2,1,0,0,0,1,0
8144,677,14,4,0,0,18,1,2025,10,28,7,56,28,2,1,0,0,1,0,0
8145,677,20,1,1,0,22,1,2025,10,28,8,14,5,2,1,0,0,1,0,0
8146,677,21,2,0,0,23,1,2025,10,28,8,31,41,2,1,0,0,1,0,0
8147,677,17,0,1,0,18,1,2025,10,28,8,49,17,2,1,0,0,1,0,0
8148,677,14,4,0,0,18,1,2025,10,28,9,6,53,2,1,0,0,1,0,0
8149,677,11,6,1,0,18,1,2025,10,28,9,24,30,2,1,0,0,1,0,0
8150,677,19,3,0,0,22,1,2025,10,28,9,42,9,2,1,0,0,1,0,0
8151,677,12,10,0,0,22,2,2025,10,28,13,27,57,2,1,0,0,0,0,1
8152,677,24,4,1,0,29,2,2025,10,28,14,45,50,2,1,0,0,0,0,1
8153,677,20,4,1,0,25,2,2025,10,28,15,3,32,2,1,0,0,0,0,1
8154,677,21,3,1,0,25,1,2025,10,28,15,21,22,2,1,0,0,0,0,1
8155,677,22,1,0,0,23,1,2025,10,28,15,39,7,2,1,0,0,0,0,1
8156,677,20,6,0,0,26,2,2025,10,28,15,56,52,2,1,0,0,0,0,1
8157,677,18,4,0,0,22,1,2025,10,28,17,49,8,2,1,0,0,0,0,1
8158,677,13,3,0,0,16,1,2025,10,28,18,6,46,2,1,0,0,0,1,0
8159,677,20,2,0,0,22,1,2025,10,28,18,24,27,2,1,0,0,0,1,0
8160,677,22,0,1,0,23,1,2025,10,28,18,42,4,2,1,0,0,0,1,0
8161,677,15,3,1,0,19,1,2025,10,29,8,23,48,2,1,0,0,1,0,0
8162,677,11,2,0,0,13,1,2025,10,29,8,41,24,2,1,0,0,1,0,0
8163,677,5,1,3,0,9,1,2025,10,29,8,59,0,2,1,0,0,1,0,0
8164,677,11,5,3,0,19,1,2025,10,29,9,16,35,2,1,0,0,1,0,0
8165,677,14,9,0,0,23,2,2025,10,29,9,34,12,2,1,0,0,1,0,0
8166,677,15,5,2,0,22,2,2025,10,29,9,51,48,2,1,0,0,1,0,0
8167,677,17,6,0,0,23,1,2025,10,29,10,9,27,2,1,0,0,1,0,0
8168,677,14,5,2,0,21,1,2025,10,29,10,27,5,2,1,0,0,1,0,0
8169,677,13,6,1,0,20,1,2025,10,29,10,44,44,2,1,0,0,1,0,0
8170,677,1,0,0,0,1,0,2025,10,29,12,33,37,2,1,0,0,0,0,1
8171,677,0,0,1,0,1,1,2025,10,29,12,51,18,2,1,0,0,0,0,1
8172,677,0,0,0,0,0,0,2025,10,29,13,9,8,2,1,0,0,0,0,1
8173,677,0,0,0,0,0,0,2025,10,29,13,26,49,2,1,0,0,0,0,1
8174,677,1,0,0,0,1,0,2025,10,29,13,44,34,2,1,0,0,0,0,1
8175,677,2,0,0,0,2,0,2025,10,29,14,44,16,2,1,0,0,0,0,1
8176,677,8,2,0,0,10,1,2025,10,29,15,2,2,2,1,0,0,0,0,1
8177,677,10,1,0,0,11,2,2025,10,29,15,19,44,2,1,0,0,0,0,1
8178,677,4,1,0,0,5,1,2025,10,29,15,37,23,2,1,0,0,0,0,1
8179,677,14,5,2,0,21,2,2025,10,29,15,55,4,2,1,0,0,0,0,1
8180,677,9,2,0,0,11,1,2025,10,30,8,20,41,2,1,0,0,1,0,0
8181,677,19,2,1,0,22,2,2025,10,30,8,38,23,2,1,0,0,1,0,0
8182,677,6,4,0,0,10,2,2025,10,30,8,56,6,2,1,0,0,1,0,0
8183,677,4,5,0,0,9,1,2025,10,30,9,13,58,2,1,0,0,1,0,0
8184,677,10,7,0,0,17,1,2025,10,30,9,32,8,2,1,0,0,1,0,0
8185,677,11,1,1,0,13,1,2025,10,30,9,49,57,2,1,0,0,1,0,0
8186,677,10,3,0,0,13,1,2025,10,30,10,7,55,2,1,0,0,1,0,0
8187,677,13,4,0,0,17,1,2025,10,30,10,25,39,2,1,0,0,1,0,0
8188,677,10,2,0,0,12,1,2025,10,30,10,43,20,2,1,0,0,1,0,0
8189,677,20,6,1,0,27,2,2025,10,30,12,29,54,2,1,0,0,0,0,1
8190,677,12,5,0,0,17,2,2025,10,30,12,47,25,2,1,0,0,0,0,1
8191,677,8,7,0,0,15,2,2025,10,30,13,5,9,2,1,0,0,0,0,1
8192,677,13,4,2,0,19,2,2025,10,30,13,22,55,2,1,0,0,0,0,1
8193,677,18,4,0,0,22,2,2025,10,30,13,40,42,2,1,0,0,0,0,1
8194,677,18,4,1,0,23,2,2025,10,30,13,58,27,2,1,0,0,0,0,1
8195,677,10,4,0,0,14,1,2025,10,30,14,57,28,2,1,0,0,0,0,1
8196,677,11,3,2,0,16,0,2025,10,30,15,15,22,2,1,0,0,0,0,1
8197,677,9,1,1,0,11,0,2025,10,30,15,33,6,2,1,0,0,0,0,1
8198,677,11,2,0,0,13,0,2025,10,30,15,57,52,2,1,0,0,0,0,1
8199,677,6,4,0,0,10,1,2025,10,30,16,15,39,2,1,0,0,0,0,1
8200,677,1,1,0,0,2,0,2025,10,30,22,45,52,2,1,0,0,0,1,0
8201,677,14,4,0,0,18,1,2025,10,31,8,25,20,2,1,0,0,1,0,0
8202,677,13,4,0,0,17,2,2025,10,31,8,43,9,2,1,0,0,1,0,0
8203,677,21,2,0,0,23,1,2025,10,31,9,0,55,2,1,0,0,1,0,0
8204,677,9,8,0,0,17,1,2025,10,31,9,18,39,2,1,0,0,1,0,0
8205,677,15,6,1,0,22,2,2025,10,31,9,44,17,2,1,0,0,1,0,0
8206,677,17,6,0,0,23,1,2025,10,31,10,1,59,2,1,0,0,1,0,0
8207,677,15,5,0,0,20,1,2025,10,31,10,19,43,2,1,0,0,1,0,0
8208,677,14,2,3,0,19,1,2025,10,31,10,37,22,2,1,0,0,1,0,0
8209,677,2,3,0,0,5,3,2025,10,31,15,3,47,2,1,0,0,0,0,1
8210,677,9,1,0,0,10,1,2025,10,31,15,21,41,2,1,0,0,0,0,1
8211,677,26,1,0,0,27,1,2025,10,31,15,39,31,2,1,0,0,0,0,1
8212,677,23,5,1,0,29,2,2025,10,31,15,57,20,2,1,0,0,0,0,1
8213,677,11,3,0,0,14,1,2025,11,1,8,55,1,2,1,0,0,1,0,0
8214,677,10,3,0,0,13,2,2025,11,1,9,12,47,2,1,0,0,1,0,0
8215,677,13,3,0,0,16,1,2025,11,1,9,30,38,2,1,0,0,1,0,0
8216,677,16,2,0,0,18,1,2025,11,1,9,48,30,2,1,0,0,1,0,0
8217,677,15,2,0,0,17,2,2025,11,1,10,6,14,2,1,0,0,1,0,0
8218,677,18,1,0,0,19,2,2025,11,1,10,23,59,2,1,0,0,1,0,0
8219,677,17,0,0,0,17,1,2025,11,1,10,41,53,2,1,0,0,1,0,0
8220,677,24,1,0,0,25,1,2025,11,1,10,59,41,2,1,0,0,1,0,0
8221,677,25,3,0,0,28,2,2025,11,1,11,17,26,2,1,0,0,1,0,0
8222,677,14,3,0,0,17,2,2025,11,1,11,35,6,2,1,0,0,1,0,0
8223,677,25,0,0,0,25,2,2025,11,1,11,52,58,2,1,0,0,1,0,0
8224,677,21,0,0,0,21,2,2025,11,1,12,10,46,2,1,0,0,0,0,1
8225,677,22,5,0,0,27,2,2025,11,1,12,28,39,2,1,0,0,0,0,1
8226,677,28,0,0,0,28,2,2025,11,1,12,46,34,2,1,0,0,0,0,1
8227,677,25,0,0,0,25,1,2025,11,1,13,4,20,2,1,0,0,0,0,1
8228,677,28,3,1,0,32,2,2025,11,1,13,22,10,2,1,0,0,0,0,1
8229,677,23,2,1,0,26,2,2025,11,1,13,39,56,2,1,0,0,0,0,1
8230,677,15,1,0,0,16,1,2025,11,1,13,57,46,2,1,0,0,0,0,1
8231,677,11,1,0,0,12,1,2025,11,1,14,15,36,2,1,0,0,0,0,1
8232,677,16,1,0,0,17,0,2025,11,1,14,33,55,2,1,0,0,0,0,1
8233,677,22,2,0,0,24,1,2025,11,1,14,51,51,2,1,0,0,0,0,1
8234,677,10,1,0,0,11,0,2025,11,1,15,9,40,2,1,0,0,0,0,1
8235,677,17,0,0,0,17,1,2025,11,1,15,27,27,2,1,0,0,0,0,1
8236,677,13,2,0,0,15,1,2025,11,1,15,45,25,2,1,0,0,0,0,1
8237,677,4,2,0,0,6,0,2025,11,1,16,3,15,2,1,0,0,0,0,1
8238,677,14,1,0,0,15,1,2025,11,1,16,21,3,2,1,0,0,0,0,1
8239,677,11,1,0,0,12,1,2025,11,1,16,38,51,2,1,0,0,0,0,1
8240,677,13,0,0,0,13,0,2025,11,1,16,56,56,2,1,0,0,0,0,1
8241,677,13,1,0,0,14,1,2025,11,1,17,14,50,2,1,0,0,0,0,1
8242,677,22,0,1,0,23,1,2025,11,1,17,32,35,2,1,0,0,0,0,1
8243,677,25,0,0,0,25,1,2025,11,1,17,50,30,2,1,0,0,0,0,1
8244,677,18,0,1,0,19,1,2025,11,1,18,8,23,2,1,0,0,0,1,0
8245,677,13,0,0,0,13,0,2025,11,1,18,27,8,2,1,0,0,0,1,0
8246,677,13,0,0,0,13,1,2025,11,1,18,45,4,2,1,0,0,0,1,0
8247,677,6,0,0,0,6,0,2025,11,1,19,2,49,2,1,0,0,0,1,0
8248,677,9,0,0,0,9,1,2025,11,1,19,37,24,2,1,0,0,0,1,0
8249,677,7,0,1,0,8,0,2025,11,2,10,16,57,2,1,0,0,1,0,0
8250,677,14,1,0,0,15,1,2025,11,2,10,34,51,2,1,0,0,1,0,0
8251,677,19,1,0,0,20,1,2025,11,2,10,52,34,2,1,0,0,1,0,0
8252,677,15,1,0,0,16,1,2025,11,2,11,10,27,2,1,0,0,1,0,0
8253,677,18,2,1,0,21,1,2025,11,2,11,28,16,2,1,0,0,1,0,0
8254,677,19,0,1,0,20,1,2025,11,2,12,11,32,2,1,0,0,0,0,1
8255,677,15,1,0,0,16,1,2025,11,2,12,29,17,2,1,0,0,0,0,1
8256,677,19,0,0,0,19,1,2025,11,2,12,47,6,2,1,0,0,0,0,1
8257,677,19,0,0,0,19,1,2025,11,2,13,4,49,2,1,0,0,0,0,1
8258,677,17,0,0,0,17,1,2025,11,2,13,22,27,2,1,0,0,0,0,1
8259,677,15,2,0,0,17,1,2025,11,2,13,40,6,2,1,0,0,0,0,1
8260,677,17,3,0,0,20,1,2025,11,2,13,57,45,2,1,0,0,0,0,1
8261,677,19,2,0,0,21,1,2025,11,2,14,15,24,2,1,0,0,0,0,1
8262,677,17,2,1,0,20,1,2025,11,2,14,32,59,2,1,0,0,0,0,1
8263,677,16,1,0,0,17,1,2025,11,2,14,50,35,2,1,0,0,0,0,1
8264,677,14,1,0,0,15,1,2025,11,2,15,51,8,2,1,0,0,0,0,1
8265,677,16,4,0,0,20,1,2025,11,2,16,8,46,2,1,0,0,0,0,1
8266,677,22,2,0,0,24,1,2025,11,2,16,26,26,2,1,0,0,0,0,1
8267,677,20,2,0,0,22,1,2025,11,2,16,44,5,2,1,0,0,0,0,1
8268,677,29,3,2,0,34,2,2025,11,3,8,9,21,2,1,0,0,1,0,0
8269,677,20,4,1,0,25,1,2025,11,3,8,26,57,2,1,0,0,1,0,0
8270,677,17,5,0,0,22,2,2025,11,3,8,44,36,2,1,0,0,1,0,0
8271,677,12,4,0,0,16,2,2025,11,3,9,2,11,2,1,0,0,1,0,0
8272,677,6,6,0,0,12,1,2025,11,3,9,19,49,2,1,0,0,1,0,0
8273,677,2,1,0,0,3,1,2025,11,3,9,37,27,2,1,0,0,1,0,0
8274,677,5,0,0,0,5,1,2025,11,4,8,9,38,2,1,0,0,1,0,0
8275,677,1,1,0,0,2,1,2025,11,4,8,27,14,2,1,0,0,1,0,0
8276,677,3,1,0,0,4,1,2025,11,4,8,44,51,2,1,0,0,1,0,0
8277,677,6,0,0,0,6,0,2025,11,4,9,2,26,2,1,0,0,1,0,0
8278,677,3,3,0,0,6,1,2025,11,4,9,20,5,2,1,0,0,1,0,0
8279,677,2,2,1,0,5,1,2025,11,4,9,37,44,2,1,0,0,1,0,0
8280,677,7,2,0,0,9,1,2025,11,4,12,8,58,2,1,0,0,0,0,1
8281,677,5,0,0,0,5,0,2025,11,4,12,37,18,2,1,0,0,0,0,1
8282,677,11,3,0,0,14,0,2025,11,4,12,55,0,2,1,0,0,0,0,1
8283,677,6,5,1,0,12,1,2025,11,4,13,4,24,2,1,0,0,0,0,1
8284,677,6,3,0,0,9,1,2025,11,4,13,22,4,2,1,0,0,0,0,1
8285,677,5,2,0,0,7,1,2025,11,4,13,39,43,2,1,0,0,0,0,1
8286,677,5,0,0,0,5,0,2025,11,4,14,34,5,2,1,0,0,0,0,1
8287,677,6,2,0,0,8,1,2025,11,4,14,51,45,2,1,0,0,0,0,1
8288,677,12,4,0,0,16,2,2025,11,4,15,9,32,2,1,0,0,0,0,1
8289,677,9,1,0,0,10,0,2025,11,4,15,27,18,2,1,0,0,0,0,1
8290,677,12,2,0,0,14,1,2025,11,4,15,45,17,2,1,0,0,0,0,1
8291,677,11,0,0,0,11,1,2025,11,4,16,2,58,2,1,0,0,0,0,1
8292,677,9,1,0,0,10,1,2025,11,4,18,35,27,2,1,0,0,0,1,0
8293,677,11,4,0,0,15,1,2025,11,5,7,51,26,2,1,0,0,1,0,0
8294,677,8,1,0,0,9,0,2025,11,5,8,9,3,2,1,0,0,1,0,0
8295,677,12,1,0,0,13,1,2025,11,5,8,26,41,2,1,0,0,1,0,0
8296,677,8,0,0,0,8,1,2025,11,5,8,44,16,2,1,0,0,1,0,0
8297,677,5,1,0,0,6,0,2025,11,5,9,1,52,2,1,0,0,1,0,0
8298,677,5,2,0,0,7,0,2025,11,5,9,19,29,2,1,0,0,1,0,0
8299,677,10,0,0,0,10,0,2025,11,5,9,37,6,2,1,0,0,1,0,0
8300,677,7,2,0,0,9,1,2025,11,5,9,54,42,2,1,0,0,1,0,0
8301,677,10,1,1,0,12,0,2025,11,5,10,12,19,2,1,0,0,1,0,0
8302,677,10,1,1,0,12,0,2025,11,5,10,29,57,2,1,0,0,1,0,0
8303,677,9,2,0,0,11,0,2025,11,5,10,47,31,2,1,0,0,1,0,0
8304,677,9,6,2,0,17,1,2025,11,5,12,44,13,2,1,0,0,0,0,1
8305,677,7,3,0,0,10,2,2025,11,5,13,1,53,2,1,0,0,0,0,1
8306,677,6,5,0,0,11,1,2025,11,5,13,19,33,2,1,0,0,0,0,1
8307,677,11,1,0,0,12,0,2025,11,5,13,37,16,2,1,0,0,0,0,1
8308,677,7,3,0,0,10,0,2025,11,5,13,54,58,2,1,0,0,0,0,1
8309,677,15,4,0,0,19,1,2025,11,5,14,46,48,2,1,0,0,0,0,1
8310,677,14,4,0,0,18,1,2025,11,5,15,4,28,2,1,0,0,0,0,1
8311,677,16,3,2,0,21,1,2025,11,5,15,22,9,2,1,0,0,0,0,1
8312,677,21,3,0,0,24,1,2025,11,5,15,39,51,2,1,0,0,0,0,1
8313,677,10,4,1,0,15,1,2025,11,5,15,57,36,2,1,0,0,0,0,1
8314,677,20,1,1,0,22,1,2025,11,6,7,50,55,2,1,0,0,1,0,0
8315,677,17,5,0,0,22,1,2025,11,6,8,8,38,2,1,0,0,1,0,0
8316,677,20,7,1,0,28,2,2025,11,6,8,27,9,2,1,0,0,1,0,0
8317,677,13,4,0,0,17,1,2025,11,6,8,44,49,2,1,0,0,1,0,0
8318,677,12,2,0,0,14,1,2025,11,6,9,2,32,2,1,0,0,1,0,0
8319,677,12,5,0,0,17,1,2025,11,6,9,20,12,2,1,0,0,1,0,0
8320,677,10,5,1,0,16,1,2025,11,6,9,37,59,2,1,0,0,1,0,0
8321,677,12,8,1,0,21,1,2025,11,6,9,55,47,2,1,0,0,1,0,0
8322,677,12,8,1,0,21,1,2025,11,6,10,13,37,2,1,0,0,1,0,0
8323,677,11,5,1,0,17,1,2025,11,6,10,31,21,2,1,0,0,1,0,0
8324,677,21,5,3,0,29,2,2025,11,6,12,31,12,2,1,0,0,0,0,1
8325,677,12,4,0,0,16,1,2025,11,6,12,48,53,2,1,0,0,0,0,1
8326,677,9,3,0,0,12,1,2025,11,6,13,6,33,2,1,0,0,0,0,1
8327,677,14,6,1,0,21,2,2025,11,6,13,39,54,2,1,0,0,0,0,1
8328,677,15,4,1,0,20,2,2025,11,6,13,57,36,2,1,0,0,0,0,1
8329,677,8,2,1,0,11,1,2025,11,7,9,38,46,2,1,0,0,1,0,0
8330,677,11,4,0,0,15,1,2025,11,7,10,14,3,2,1,0,0,1,0,0
8331,677,5,8,0,0,13,1,2025,11,7,10,31,41,2,1,0,0,1,0,0
8332,677,12,0,0,0,12,1,2025,11,7,13,14,34,2,1,0,0,0,0,1
8333,677,14,4,2,0,20,1,2025,11,7,13,32,11,2,1,0,0,0,0,1
8334,677,13,2,0,0,15,1,2025,11,7,13,49,50,2,1,0,0,0,0,1
8335,677,11,0,0,0,11,0,2025,11,7,15,37,23,2,1,0,0,0,0,1
8336,677,16,3,1,0,20,1,2025,11,7,15,55,5,2,1,0,0,0,0,1
8337,677,1,1,0,0,2,0,2025,11,8,7,54,55,2,1,0,0,1,0,0
8338,677,8,1,0,0,9,1,2025,11,8,8,12,35,2,1,0,0,1,0,0
8339,677,10,1,0,0,11,0,2025,11,8,8,30,14,2,1,0,0,1,0,0
8340,677,8,1,0,0,9,0,2025,11,8,8,47,49,2,1,0,0,1,0,0
8341,677,16,1,0,0,17,1,2025,11,8,9,52,30,2,1,0,0,1,0,0
8342,677,13,3,0,0,16,1,2025,11,8,10,31,57,2,1,0,0,1,0,0
8343,677,13,0,0,0,13,1,2025,11,8,10,49,33,2,1,0,0,1,0,0
8344,677,14,2,0,0,16,1,2025,11,8,11,7,13,2,1,0,0,1,0,0
8345,677,17,0,0,0,17,1,2025,11,8,11,24,53,2,1,0,0,1,0,0
8346,677,14,2,0,0,16,1,2025,11,8,11,42,32,2,1,0,0,1,0,0
8347,677,10,0,1,0,11,1,2025,11,8,12,0,11,2,1,0,0,0,0,1
8348,677,13,3,0,0,16,1,2025,11,8,12,17,46,2,1,0,0,0,0,1
8349,677,12,0,0,0,12,1,2025,11,8,12,35,21,2,1,0,0,0,0,1
8350,677,17,1,0,0,18,1,2025,11,8,12,52,59,2,1,0,0,0,0,1
8351,677,16,1,0,0,17,1,2025,11,8,13,10,35,2,1,0,0,0,0,1
8352,677,18,0,0,0,18,1,2025,11,8,13,28,12,2,1,0,0,0,0,1
8353,677,23,1,0,0,24,1,2025,11,8,13,45,50,2,1,0,0,0,0,1
8354,677,14,4,0,0,18,1,2025,11,8,14,3,27,2,1,0,0,0,0,1
8355,677,24,0,0,0,24,1,2025,11,8,14,21,3,2,1,0,0,0,0,1
8356,677,7,0,0,0,7,0,2025,11,8,14,38,41,2,1,0,0,0,0,1
8357,677,5,0,0,0,5,0,2025,11,8,15,34,25,2,1,0,0,0,0,1
8358,677,6,0,0,0,6,0,2025,11,8,15,52,5,2,1,0,0,0,0,1
8359,677,2,1,0,0,3,0,2025,11,8,16,9,43,2,1,0,0,0,0,1
8360,677,3,0,0,0,3,0,2025,11,8,16,27,24,2,1,0,0,0,0,1
8361,677,3,0,0,0,3,0,2025,11,8,16,45,4,2,1,0,0,0,0,1
8362,677,5,0,0,0,5,0,2025,11,8,17,2,40,2,1,0,0,0,0,1
8363,677,5,1,0,0,6,0,2025,11,9,8,29,52,2,1,0,0,1,0,0
8364,677,4,0,0,0,4,0,2025,11,9,8,47,28,2,1,0,0,1,0,0
8365,677,3,2,0,0,5,0,2025,11,9,9,5,6,2,1,0,0,1,0,0
8366,677,4,1,0,0,5,0,2025,11,9,9,22,42,2,1,0,0,1,0,0
8367,677,3,1,0,0,4,0,2025,11,9,9,40,22,2,1,0,0,1,0,0
8368,677,1,1,0,0,2,0,2025,11,9,9,58,1,2,1,0,0,1,0,0
8369,677,5,0,0,0,5,0,2025,11,9,10,15,39,2,1,0,0,1,0,0
8370,677,5,1,0,0,6,0,2025,11,9,10,33,15,2,1,0,0,1,0,0
8371,677,11,1,0,0,12,1,2025,11,9,10,50,50,2,1,0,0,1,0,0
8372,677,7,1,0,0,8,0,2025,11,9,11,8,27,2,1,0,0,1,0,0
8373,677,8,1,0,0,9,0,2025,11,9,11,26,7,2,1,0,0,1,0,0
8374,677,9,0,0,0,9,0,2025,11,9,11,43,51,2,1,0,0,1,0,0
8375,677,9,0,0,0,9,0,2025,11,9,12,1,30,2,1,0,0,0,0,1
8376,677,8,0,0,0,8,0,2025,11,9,12,19,8,2,1,0,0,0,0,1
8377,677,8,1,0,0,9,0,2025,11,9,12,36,48,2,1,0,0,0,0,1
8378,677,7,0,0,0,7,0,2025,11,9,12,54,28,2,1,0,0,0,0,1
8379,677,10,3,0,0,13,0,2025,11,9,15,20,20,2,1,0,0,0,0,1
8380,677,9,0,0,0,9,0,2025,11,9,15,38,1,2,1,0,0,0,0,1
8381,677,8,2,0,0,10,0,2025,11,9,15,55,39,2,1,0,0,0,0,1
8382,677,7,0,0,0,7,0,2025,11,9,16,13,19,2,1,0,0,0,0,1
8383,677,11,1,0,0,12,0,2025,11,9,16,30,58,2,1,0,0,0,0,1
8384,677,16,1,0,0,17,1,2025,11,9,16,48,32,2,1,0,0,0,0,1
8385,677,16,0,0,0,16,0,2025,11,9,17,6,10,2,1,0,0,0,0,1
8386,677,19,0,0,0,19,0,2025,11,9,17,23,49,2,1,0,0,0,0,1
8387,677,13,1,0,0,14,1,2025,11,9,17,41,28,2,1,0,0,0,0,1
8388,677,10,0,0,0,10,0,2025,11,9,17,59,8,2,1,0,0,0,0,1
8389,677,13,0,0,0,13,1,2025,11,9,18,34,22,2,1,0,0,0,1,0
8390,677,16,1,1,0,18,1,2025,11,11,7,59,38,2,1,0,0,1,0,0
8391,677,16,1,1,0,18,1,2025,11,11,8,17,11,2,1,0,0,1,0,0
8392,677,15,1,1,0,17,1,2025,11,11,8,34,46,2,1,0,0,1,0,0
8393,677,19,0,0,0,19,1,2025,11,11,8,52,22,2,1,0,0,1,0,0
8394,677,12,9,0,0,21,1,2025,11,11,9,9,57,2,1,0,0,1,0,0
8395,677,10,6,0,0,16,1,2025,11,11,9,27,34,2,1,0,0,1,0,0
8396,677,18,4,0,0,22,1,2025,11,11,14,34,56,2,1,0,0,0,0,1
8397,677,17,2,1,0,20,1,2025,11,11,14,52,36,2,1,0,0,0,0,1
8398,677,23,3,1,0,27,1,2025,11,11,15,10,16,2,1,0,0,0,0,1
8399,677,18,1,0,0,19,1,2025,11,11,15,27,58,2,1,0,0,0,0,1
8400,677,23,5,0,0,28,1,2025,11,11,15,45,40,2,1,0,0,0,0,1
8401,677,22,5,0,0,27,2,2025,11,11,16,3,19,2,1,0,0,0,0,1
8402,677,15,8,0,0,23,1,2025,11,11,17,48,2,2,1,0,0,0,0,1
8403,677,6,1,0,0,7,0,2025,11,11,18,5,39,2,1,0,0,0,1,0
8404,677,10,4,1,0,15,1,2025,11,11,18,23,14,2,1,0,0,0,1,0
8405,677,8,2,0,0,10,1,2025,11,12,8,37,22,2,1,0,0,1,0,0
8406,677,6,0,1,0,7,0,2025,11,12,8,55,5,2,1,0,0,1,0,0
8407,677,3,2,0,0,5,0,2025,11,12,9,12,53,2,1,0,0,1,0,0
8408,677,5,1,0,0,6,0,2025,11,12,9,30,46,2,1,0,0,1,0,0
8409,677,15,4,0,0,19,2,2025,11,12,12,35,18,2,1,0,0,0,0,1
8410,677,9,5,0,0,14,1,2025,11,14,9,7,18,2,1,0,0,1,0,0
8411,677,12,2,0,0,14,1,2025,11,14,9,24,59,2,1,0,0,1,0,0
8412,677,12,2,0,0,14,1,2025,11,14,9,42,39,2,1,0,0,1,0,0
8413,677,3,4,1,0,8,1,2025,11,14,10,0,18,2,1,0,0,1,0,0
8414,677,14,7,0,0,21,1,2025,11,14,10,18,0,2,1,0,0,1,0,0
8415,677,2,3,0,0,5,0,2025,11,14,10,35,37,2,1,0,0,1,0,0
8416,677,7,1,0,0,8,0,2025,11,15,9,51,32,2,1,0,0,1,0,0
8417,677,13,1,0,0,14,0,2025,11,15,10,9,13,2,1,0,0,1,0,0
8418,677,10,2,0,0,12,1,2025,11,15,10,26,55,2,1,0,0,1,0,0
8419,677,12,2,0,0,14,1,2025,11,15,10,44,47,2,1,0,0,1,0,0
8420,677,17,2,0,0,19,1,2025,11,15,11,2,24,2,1,0,0,1,0,0
8421,677,10,1,1,0,12,0,2025,11,15,11,20,6,2,1,0,0,1,0,0
8422,677,13,2,0,0,15,1,2025,11,15,11,37,46,2,1,0,0,1,0,0
8423,677,20,0,0,0,20,1,2025,11,15,11,55,26,2,1,0,0,1,0,0
8424,677,13,0,0,0,13,1,2025,11,15,12,13,7,2,1,0,0,0,0,1
8425,677,14,1,0,0,15,0,2025,11,15,12,30,46,2,1,0,0,0,0,1
8426,677,14,0,1,0,15,1,2025,11,15,12,48,27,2,1,0,0,0,0,1
8427,677,16,2,0,0,18,1,2025,11,15,13,6,6,2,1,0,0,0,0,1
8428,677,5,1,1,0,7,0,2025,11,16,8,9,29,2,1,0,0,1,0,0
8429,677,3,3,1,0,7,0,2025,11,16,8,27,13,2,1,0,0,1,0,0
8430,677,6,0,0,0,6,0,2025,11,16,8,45,0,2,1,0,0,1,0,0
8431,677,10,1,0,0,11,0,2025,11,16,9,2,40,2,1,0,0,1,0,0
8432,677,7,0,0,0,7,0,2025,11,16,9,20,21,2,1,0,0,1,0,0
8433,677,0,0,0,0,0,0,2025,11,16,9,38,3,2,1,0,0,1,0,0
8434,677,9,0,0,0,9,0,2025,11,16,9,55,44,2,1,0,0,1,0,0
8435,677,10,1,0,0,11,0,2025,11,16,10,13,33,2,1,0,0,1,0,0
8436,677,15,0,0,0,15,0,2025,11,16,10,31,19,2,1,0,0,1,0,0
8437,677,9,0,0,0,9,0,2025,11,16,10,49,12,2,1,0,0,1,0,0
8438,677,8,2,0,0,10,0,2025,11,16,11,7,5,2,1,0,0,1,0,0
8439,677,11,2,0,0,13,1,2025,11,17,8,23,57,2,1,0,0,1,0,0
8440,677,15,1,0,0,16,1,2025,11,17,8,41,40,2,1,0,0,1,0,0
8441,677,8,3,0,0,11,1,2025,11,17,8,59,18,2,1,0,0,1,0,0
8442,677,11,2,0,0,13,1,2025,11,17,9,16,57,2,1,0,0,1,0,0
8443,677,9,3,0,0,12,1,2025,11,17,9,34,36,2,1,0,0,1,0,0
8444,677,9,2,0,0,11,1,2025,11,17,9,52,15,2,1,0,0,1,0,0
8445,677,4,2,0,0,6,0,2025,11,17,10,9,53,2,1,0,0,1,0,0
8446,677,7,1,0,0,8,0,2025,11,17,10,27,35,2,1,0,0,1,0,0
8447,677,2,1,0,0,3,0,2025,11,17,12,34,34,2,1,0,0,0,0,1
8448,677,2,0,0,0,2,0,2025,11,17,12,52,13,2,1,0,0,0,0,1
8449,677,3,1,1,0,5,3,2025,11,17,13,9,53,2,1,0,0,0,0,1
8450,696,15,1,0,0,16,1,2025,10,27,8,27,10,3,1,0,0,1,0,0
8451,696,15,1,1,0,17,1,2025,10,27,8,44,52,3,1,0,0,1,0,0
8452,696,9,0,0,0,9,1,2025,10,27,9,2,36,3,1,0,0,1,0,0
8453,696,10,1,0,0,11,1,2025,10,27,9,20,14,3,1,0,0,1,0,0
8454,696,12,2,1,0,15,1,2025,10,27,9,37,56,3,1,0,0,1,0,0
8455,696,11,1,0,0,12,1,2025,10,27,9,55,36,3,1,0,0,1,0,0
8456,696,7,1,0,0,8,0,2025,10,27,10,13,22,3,1,0,0,1,0,0
8457,696,4,0,0,0,4,0,2025,10,27,10,31,11,3,1,0,0,1,0,0
8458,696,7,1,0,0,8,0,2025,10,27,12,40,13,3,1,0,0,0,0,1
8459,696,7,0,0,0,7,0,2025,10,27,12,57,56,3,1,0,0,0,0,1
8460,696,15,0,0,0,15,1,2025,10,27,13,15,41,3,1,0,0,0,0,1
8461,696,7,1,0,0,8,1,2025,10,27,13,20,48,3,1,0,0,0,0,1
8462,696,5,1,0,0,6,0,2025,10,27,13,57,13,3,1,0,0,0,0,1
8463,696,12,1,0,0,13,1,2025,10,27,14,55,33,3,1,0,0,0,0,1
8464,696,10,2,0,0,12,0,2025,10,27,15,13,19,3,1,0,0,0,0,1
8465,696,11,1,0,0,12,1,2025,10,27,15,31,5,3,1,0,0,0,0,1
8466,696,14,0,0,0,14,1,2025,10,27,15,48,53,3,1,0,0,0,0,1
8467,696,12,3,0,0,15,1,2025,10,27,18,2,57,3,1,0,0,0,1,0
8468,696,20,1,1,0,22,1,2025,10,27,18,20,33,3,1,0,0,0,1,0
8469,696,19,0,0,0,19,1,2025,10,27,18,38,9,3,1,0,0,0,1,0
8470,696,15,2,1,0,18,1,2025,10,28,7,56,24,3,1,0,0,1,0,0
8471,696,19,5,0,0,24,2,2025,10,28,8,14,1,3,1,0,0,1,0,0
8472,696,20,1,1,0,22,2,2025,10,28,8,31,37,3,1,0,0,1,0,0
8473,696,14,1,2,0,17,2,2025,10,28,8,49,13,3,1,0,0,1,0,0
8474,696,21,1,3,0,25,2,2025,10,28,9,6,49,3,1,0,0,1,0,0
8475,696,18,1,1,0,20,2,2025,10,28,9,24,25,3,1,0,0,1,0,0
8476,696,10,2,0,0,12,0,2025,10,28,9,42,3,3,1,0,0,1,0,0
8477,696,15,0,0,0,15,1,2025,10,28,13,27,48,3,1,0,0,0,0,1
8478,696,14,2,0,0,16,1,2025,10,28,14,45,41,3,1,0,0,0,0,1
8479,696,22,1,0,0,23,1,2025,10,28,15,3,23,3,1,0,0,0,0,1
8480,696,15,1,0,0,16,1,2025,10,28,15,21,6,3,1,0,0,0,0,1
8481,696,13,1,0,0,14,1,2025,10,28,15,38,56,3,1,0,0,0,0,1
8482,696,12,2,0,0,14,1,2025,10,28,15,56,40,3,1,0,0,0,0,1
8483,696,19,0,1,0,20,1,2025,10,28,17,49,4,3,1,0,0,0,0,1
8484,696,18,2,1,0,21,1,2025,10,28,18,6,40,3,1,0,0,0,1,0
8485,696,22,1,0,0,23,1,2025,10,28,18,24,19,3,1,0,0,0,1,0
8486,696,26,0,0,0,26,2,2025,10,28,18,42,0,3,1,0,0,0,1,0
8487,696,14,0,0,0,14,1,2025,10,28,18,59,37,3,1,0,0,0,1,0
8488,696,19,0,1,0,20,1,2025,10,28,19,17,15,3,1,0,0,0,1,0
8489,696,15,0,0,0,15,1,2025,10,28,19,34,52,3,1,0,0,0,1,0
8490,696,15,1,1,0,17,1,2025,10,28,19,52,32,3,1,0,0,0,1,0
8491,696,19,2,1,0,22,2,2025,10,29,8,23,43,3,1,0,0,1,0,0
8492,696,23,0,0,0,23,1,2025,10,29,8,41,20,3,1,0,0,1,0,0
8493,696,19,2,0,0,21,1,2025,10,29,8,58,56,3,1,0,0,1,0,0
8494,696,9,3,0,0,12,1,2025,10,29,9,16,31,3,1,0,0,1,0,0
8495,696,0,0,0,0,0,0,2025,10,29,9,34,7,3,1,0,0,1,0,0
8496,696,13,1,0,0,14,1,2025,10,29,9,51,44,3,1,0,0,1,0,0
8497,696,10,0,0,0,10,1,2025,10,29,10,9,20,3,1,0,0,1,0,0
8498,696,14,1,1,0,16,1,2025,10,29,10,27,0,3,1,0,0,1,0,0
8499,696,10,2,0,0,12,1,2025,10,29,10,44,38,3,1,0,0,1,0,0
8500,696,13,1,0,0,14,1,2025,10,29,12,33,28,3,1,0,0,0,0,1
8501,696,11,3,0,0,14,1,2025,10,29,12,51,10,3,1,0,0,0,0,1
8502,696,15,0,0,0,15,1,2025,10,29,13,8,52,3,1,0,0,0,0,1
8503,696,10,4,0,0,14,1,2025,10,29,13,26,41,3,1,0,0,0,0,1
8504,696,9,5,0,0,14,1,2025,10,29,13,44,22,3,1,0,0,0,0,1
8505,696,13,3,0,0,16,0,2025,10,29,14,44,8,3,1,0,0,0,0,1
8506,696,14,2,0,0,16,1,2025,10,29,15,1,49,3,1,0,0,0,0,1
8507,696,18,0,0,0,18,1,2025,10,29,15,19,36,3,1,0,0,0,0,1
8508,696,14,1,2,0,17,1,2025,10,29,15,37,16,3,1,0,0,0,0,1
8509,696,15,3,0,0,18,1,2025,10,29,15,54,56,3,1,0,0,0,0,1
8510,696,23,5,1,0,29,2,2025,10,30,8,20,32,3,1,0,0,1,0,0
8511,696,15,6,2,0,23,2,2025,10,30,8,38,15,3,1,0,0,1,0,0
8512,696,26,5,1,0,32,2,2025,10,30,8,55,58,3,1,0,0,1,0,0
8513,696,17,3,0,0,20,1,2025,10,30,9,13,41,3,1,0,0,1,0,0
8514,696,19,1,2,0,22,2,2025,10,30,9,31,34,3,1,0,0,1,0,0
8515,696,24,2,0,0,26,2,2025,10,30,9,49,44,3,1,0,0,1,0,0
8516,696,20,6,1,0,27,2,2025,10,30,10,7,33,3,1,0,0,1,0,0
8517,696,19,0,1,0,20,1,2025,10,30,10,25,29,3,1,0,0,1,0,0
8518,696,19,2,0,0,21,1,2025,10,30,10,43,12,3,1,0,0,1,0,0
8519,696,22,0,1,0,23,1,2025,10,30,12,29,44,3,1,0,0,0,0,1
8520,696,13,3,0,0,16,1,2025,10,30,12,47,15,3,1,0,0,0,0,1
8521,696,9,3,0,0,12,1,2025,10,30,13,5,0,3,1,0,0,0,0,1
8522,696,14,2,0,0,16,1,2025,10,30,13,22,44,3,1,0,0,0,0,1
8523,696,16,5,0,0,21,1,2025,10,30,13,40,30,3,1,0,0,0,0,1
8524,696,16,1,0,0,17,1,2025,10,30,13,58,16,3,1,0,0,0,0,1
8525,696,23,0,0,0,23,1,2025,10,30,14,57,18,3,1,0,0,0,0,1
8526,696,14,1,1,0,16,1,2025,10,30,15,15,11,3,1,0,0,0,0,1
8527,696,20,2,0,0,22,1,2025,10,30,15,32,56,3,1,0,0,0,0,1
8528,696,14,3,0,0,17,1,2025,10,30,15,57,39,3,1,0,0,0,0,1
8529,696,20,0,2,0,22,1,2025,10,30,16,15,27,3,1,0,0,0,0,1
8530,696,3,0,0,0,3,0,2025,10,30,22,45,45,3,1,0,0,0,1,0
8531,696,14,1,0,0,15,1,2025,10,31,8,25,13,3,1,0,0,1,0,0
8532,696,15,0,0,0,15,1,2025,10,31,8,42,56,3,1,0,0,1,0,0
8533,696,15,1,2,0,18,1,2025,10,31,9,0,43,3,1,0,0,1,0,0
8534,696,10,3,4,0,17,2,2025,10,31,9,18,31,3,1,0,0,1,0,0
8535,696,9,1,0,0,10,1,2025,10,31,9,44,9,3,1,0,0,1,0,0
8536,696,4,2,0,0,6,0,2025,10,31,10,1,52,3,1,0,0,1,0,0
8537,696,10,1,2,0,13,1,2025,10,31,10,19,34,3,1,0,0,1,0,0
8538,696,12,0,0,0,12,1,2025,10,31,10,37,15,3,1,0,0,1,0,0
8539,696,22,1,1,0,24,1,2025,10,31,15,3,35,3,1,0,0,0,0,1
8540,696,24,0,0,0,24,1,2025,10,31,15,21,28,3,1,0,0,0,0,1
8541,696,23,0,0,0,23,1,2025,10,31,15,39,22,3,1,0,0,0,0,1
8542,696,23,3,0,0,26,1,2025,10,31,15,57,11,3,1,0,0,0,0,1
8543,696,4,1,1,0,6,0,2025,11,1,8,54,47,3,1,0,0,1,0,0
8544,696,2,1,0,0,3,0,2025,11,1,9,12,35,3,1,0,0,1,0,0
8545,696,5,0,0,0,5,0,2025,11,1,9,30,27,3,1,0,0,1,0,0
8546,696,14,0,0,0,14,0,2025,11,1,9,48,16,3,1,0,0,1,0,0
8547,696,6,1,0,0,7,1,2025,11,1,10,6,5,3,1,0,0,1,0,0
8548,696,9,0,0,0,9,0,2025,11,1,10,23,50,3,1,0,0,1,0,0
8549,696,9,1,0,0,10,1,2025,11,1,10,41,34,3,1,0,0,1,0,0
8550,696,11,1,0,0,12,1,2025,11,1,10,59,30,3,1,0,0,1,0,0
8551,696,10,0,0,0,10,1,2025,11,1,11,17,17,3,1,0,0,1,0,0
8552,696,14,1,0,0,15,0,2025,11,1,11,35,0,3,1,0,0,1,0,0
8553,696,12,1,0,0,13,1,2025,11,1,11,52,42,3,1,0,0,1,0,0
8554,696,14,0,0,0,14,1,2025,11,1,12,10,37,3,1,0,0,0,0,1
8555,696,16,1,0,0,17,1,2025,11,1,12,28,22,3,1,0,0,0,0,1
8556,696,14,0,0,0,14,0,2025,11,1,12,46,15,3,1,0,0,0,0,1
8557,696,15,0,0,0,15,1,2025,11,1,13,4,9,3,1,0,0,0,0,1
8558,696,16,0,0,0,16,1,2025,11,1,13,21,57,3,1,0,0,0,0,1
8559,696,18,0,0,0,18,1,2025,11,1,13,39,43,3,1,0,0,0,0,1
8560,696,11,0,0,0,11,1,2025,11,1,13,57,32,3,1,0,0,0,0,1
8561,696,8,0,0,0,8,0,2025,11,1,14,15,24,3,1,0,0,0,0,1
8562,696,12,1,0,0,13,1,2025,11,1,14,33,17,3,1,0,0,0,0,1
8563,696,11,2,1,0,14,1,2025,11,1,14,51,31,3,1,0,0,0,0,1
8564,696,12,1,1,0,14,1,2025,11,1,15,9,28,3,1,0,0,0,0,1
8565,696,7,1,0,0,8,0,2025,11,1,15,27,16,3,1,0,0,0,0,1
8566,696,8,0,1,0,9,1,2025,11,1,15,45,5,3,1,0,0,0,0,1
8567,696,8,0,0,0,8,0,2025,11,1,16,3,4,3,1,0,0,0,0,1
8568,696,1,1,0,0,2,0,2025,11,1,16,20,51,3,1,0,0,0,0,1
8569,696,8,0,0,0,8,0,2025,11,1,16,38,41,3,1,0,0,0,0,1
8570,696,7,1,0,0,8,0,2025,11,1,16,56,36,3,1,0,0,0,0,1
8571,696,11,0,1,0,12,1,2025,11,1,17,14,32,3,1,0,0,0,0,1
8572,696,16,2,0,0,18,1,2025,11,1,17,32,24,3,1,0,0,0,0,1
8573,696,16,0,0,0,16,1,2025,11,1,17,50,11,3,1,0,0,0,0,1
8574,696,15,0,0,0,15,1,2025,11,1,18,8,7,3,1,0,0,0,1,0
8575,696,13,0,0,0,13,1,2025,11,1,18,26,57,3,1,0,0,0,1,0
8576,696,18,0,0,0,18,1,2025,11,1,18,44,48,3,1,0,0,0,1,0
8577,696,10,1,0,0,11,1,2025,11,1,19,2,38,3,1,0,0,0,1,0
8578,696,19,0,0,0,19,1,2025,11,1,19,37,16,3,1,0,0,0,1,0
8579,696,11,0,0,0,11,0,2025,11,2,10,16,47,3,1,0,0,1,0,0
8580,696,17,0,0,0,17,1,2025,11,2,10,34,31,3,1,0,0,1,0,0
8581,696,16,1,1,0,18,1,2025,11,2,10,52,25,3,1,0,0,1,0,0
8582,696,14,1,0,0,15,1,2025,11,2,11,10,9,3,1,0,0,1,0,0
8583,696,16,0,0,0,16,1,2025,11,2,11,28,4,3,1,0,0,1,0,0
8584,696,23,1,0,0,24,1,2025,11,2,12,11,15,3,1,0,0,0,0,1
8585,696,22,0,0,0,22,1,2025,11,2,12,29,8,3,1,0,0,0,0,1
8586,696,15,0,1,0,16,1,2025,11,2,12,46,57,3,1,0,0,0,0,1
8587,696,17,0,0,0,17,1,2025,11,2,13,4,41,3,1,0,0,0,0,1
8588,696,17,2,0,0,19,1,2025,11,2,13,22,21,3,1,0,0,0,0,1
8589,696,15,1,0,0,16,1,2025,11,2,13,40,0,3,1,0,0,0,0,1
8590,696,21,0,0,0,21,2,2025,11,2,13,57,39,3,1,0,0,0,0,1
8591,696,17,0,0,0,17,1,2025,11,2,14,15,17,3,1,0,0,0,0,1
8592,696,15,2,0,0,17,1,2025,11,2,14,32,56,3,1,0,0,0,0,1
8593,696,14,1,0,0,15,1,2025,11,2,14,50,31,3,1,0,0,0,0,1
8594,696,10,0,0,0,10,1,2025,11,2,15,51,3,3,1,0,0,0,0,1
8595,696,9,0,0,0,9,0,2025,11,2,16,8,40,3,1,0,0,0,0,1
8596,696,13,1,0,0,14,1,2025,11,2,16,26,19,3,1,0,0,0,0,1
8597,696,16,1,3,0,20,1,2025,11,2,16,43,58,3,1,0,0,0,0,1
8598,696,12,0,0,0,12,0,2025,11,3,8,9,16,3,1,0,0,1,0,0
8599,696,10,1,0,0,11,0,2025,11,3,8,26,53,3,1,0,0,1,0,0
8600,696,14,0,0,0,14,0,2025,11,3,8,44,30,3,1,0,0,1,0,0
8601,696,9,0,0,0,9,0,2025,11,3,9,2,9,3,1,0,0,1,0,0
8602,696,6,0,0,0,6,0,2025,11,3,9,19,44,3,1,0,0,1,0,0
8603,696,4,1,0,0,5,0,2025,11,3,9,37,21,3,1,0,0,1,0,0
8604,696,16,2,0,0,18,1,2025,11,4,8,9,33,3,1,0,0,1,0,0
8605,696,18,2,0,0,20,2,2025,11,4,8,27,10,3,1,0,0,1,0,0
8606,696,13,1,0,0,14,1,2025,11,4,8,44,46,3,1,0,0,1,0,0
8607,696,17,0,0,0,17,1,2025,11,4,9,2,23,3,1,0,0,1,0,0
8608,696,13,3,0,0,16,1,2025,11,4,9,19,59,3,1,0,0,1,0,0
8609,696,23,1,1,0,25,2,2025,11,4,9,37,37,3,1,0,0,1,0,0
8610,696,14,1,0,0,15,1,2025,11,4,12,8,50,3,1,0,0,0,0,1
8611,696,12,1,0,0,13,1,2025,11,4,12,37,12,3,1,0,0,0,0,1
8612,696,14,1,0,0,15,1,2025,11,4,12,54,52,3,1,0,0,0,0,1
8613,696,6,3,0,0,9,1,2025,11,4,13,4,18,3,1,0,0,0,0,1
8614,696,16,0,1,0,17,1,2025,11,4,13,21,57,3,1,0,0,0,0,1
8615,696,15,0,0,0,15,1,2025,11,4,13,39,36,3,1,0,0,0,0,1
8616,696,13,0,0,0,13,1,2025,11,4,14,33,59,3,1,0,0,0,0,1
8617,696,15,0,0,0,15,1,2025,11,4,14,51,38,3,1,0,0,0,0,1
8618,696,12,1,0,0,13,1,2025,11,4,15,9,18,3,1,0,0,0,0,1
8619,696,11,2,2,0,15,2,2025,11,4,15,27,6,3,1,0,0,0,0,1
8620,696,17,0,0,0,17,1,2025,11,4,15,44,56,3,1,0,0,0,0,1
8621,696,16,1,0,0,17,1,2025,11,4,16,2,50,3,1,0,0,0,0,1
8622,696,18,1,0,0,19,1,2025,11,4,18,0,6,3,1,0,0,0,1,0
8623,696,17,2,0,0,19,1,2025,11,4,18,17,44,3,1,0,0,0,1,0
8624,696,17,0,0,0,17,1,2025,11,4,18,35,21,3,1,0,0,0,1,0
8625,696,18,1,2,0,21,1,2025,11,5,7,51,22,3,1,0,0,1,0,0
8626,696,21,1,0,0,22,1,2025,11,5,8,8,58,3,1,0,0,1,0,0
8627,696,24,1,0,0,25,1,2025,11,5,8,26,36,3,1,0,0,1,0,0
8628,696,20,1,0,0,21,1,2025,11,5,8,44,12,3,1,0,0,1,0,0
8629,696,14,1,0,0,15,1,2025,11,5,9,1,49,3,1,0,0,1,0,0
8630,696,12,1,2,0,15,1,2025,11,5,9,19,24,3,1,0,0,1,0,0
8631,696,16,1,1,0,18,1,2025,11,5,9,37,1,3,1,0,0,1,0,0
8632,696,14,0,1,0,15,1,2025,11,5,9,54,38,3,1,0,0,1,0,0
8633,696,14,3,0,0,17,1,2025,11,5,10,12,14,3,1,0,0,1,0,0
8634,696,14,3,0,0,17,1,2025,11,5,10,29,52,3,1,0,0,1,0,0
8635,696,5,0,0,0,5,1,2025,11,5,10,47,29,3,1,0,0,1,0,0
8636,696,14,1,0,0,15,1,2025,11,5,12,44,5,3,1,0,0,0,0,1
8637,696,9,4,0,0,13,1,2025,11,5,13,1,46,3,1,0,0,0,0,1
8638,696,8,3,0,0,11,1,2025,11,5,13,19,25,3,1,0,0,0,0,1
8639,696,6,0,0,0,6,0,2025,11,5,13,37,6,3,1,0,0,0,0,1
8640,696,13,1,0,0,14,1,2025,11,5,13,54,50,3,1,0,0,0,0,1
8641,696,18,2,0,0,20,2,2025,11,5,14,46,41,3,1,0,0,0,0,1
8642,696,13,2,2,0,17,1,2025,11,5,15,4,21,3,1,0,0,0,0,1
8643,696,24,0,0,0,24,2,2025,11,5,15,22,1,3,1,0,0,0,0,1
8644,696,23,1,1,0,25,2,2025,11,5,15,39,43,3,1,0,0,0,0,1
8645,696,18,1,1,0,20,1,2025,11,5,15,57,25,3,1,0,0,0,0,1
8646,696,16,2,0,0,18,1,2025,11,5,16,15,12,3,1,0,0,0,0,1
8647,696,21,0,0,0,21,1,2025,11,6,7,50,48,3,1,0,0,1,0,0
8648,696,21,0,0,0,21,1,2025,11,6,8,8,28,3,1,0,0,1,0,0
8649,696,21,3,0,0,24,2,2025,11,6,8,26,12,3,1,0,0,1,0,0
8650,696,19,1,0,0,20,1,2025,11,6,8,44,43,3,1,0,0,1,0,0
8651,696,13,2,0,0,15,1,2025,11,6,9,2,23,3,1,0,0,1,0,0
8652,696,16,3,1,0,20,1,2025,11,6,9,20,6,3,1,0,0,1,0,0
8653,696,19,1,1,0,21,1,2025,11,6,9,37,46,3,1,0,0,1,0,0
8654,696,18,2,0,0,20,1,2025,11,6,9,55,33,3,1,0,0,1,0,0
8655,696,12,1,0,0,13,1,2025,11,6,10,13,24,3,1,0,0,1,0,0
8656,696,13,1,1,0,15,1,2025,11,6,10,31,13,3,1,0,0,1,0,0
8657,696,10,1,1,0,12,1,2025,11,6,12,11,35,3,1,0,0,0,0,1
8658,696,15,3,0,0,18,1,2025,11,6,12,31,5,3,1,0,0,0,0,1
8659,696,15,3,0,0,18,1,2025,11,6,12,48,45,3,1,0,0,0,0,1
8660,696,14,3,1,0,18,2,2025,11,6,13,6,25,3,1,0,0,0,0,1
8661,696,9,3,0,0,12,1,2025,11,6,13,39,44,3,1,0,0,0,0,1
8662,696,12,0,0,0,12,1,2025,11,6,13,57,27,3,1,0,0,0,0,1
8663,696,5,0,0,0,5,1,2025,11,7,9,38,42,3,1,0,0,1,0,0
8664,696,9,2,0,0,11,2,2025,11,7,9,56,18,3,1,0,0,1,0,0
8665,696,5,0,0,0,5,1,2025,11,7,10,13,56,3,1,0,0,1,0,0
8666,696,5,0,0,0,5,1,2025,11,7,10,31,36,3,1,0,0,1,0,0
8667,696,16,2,0,0,18,1,2025,11,7,13,14,26,3,1,0,0,0,0,1
8668,696,8,2,0,0,10,1,2025,11,7,13,32,7,3,1,0,0,0,0,1
8669,696,6,5,2,0,13,1,2025,11,7,13,49,44,3,1,0,0,0,0,1
8670,696,0,0,0,0,0,0,2025,11,7,15,37,19,3,1,0,0,0,0,1
8671,696,0,0,0,0,0,0,2025,11,7,15,55,2,3,1,0,0,0,0,1
8672,696,11,0,0,0,11,1,2025,11,8,7,54,48,3,1,0,0,1,0,0
8673,696,6,1,0,0,7,1,2025,11,8,8,12,28,3,1,0,0,1,0,0
8674,696,6,1,0,0,7,0,2025,11,8,8,30,8,3,1,0,0,1,0,0
8675,696,6,1,1,0,8,0,2025,11,8,8,47,46,3,1,0,0,1,0,0
8676,696,5,0,0,0,5,0,2025,11,8,9,52,24,3,1,0,0,1,0,0
8677,696,18,1,0,0,19,1,2025,11,8,10,31,52,3,1,0,0,1,0,0
8678,696,5,0,0,0,5,0,2025,11,8,10,49,29,3,1,0,0,1,0,0
8679,696,14,0,0,0,14,1,2025,11,8,11,7,6,3,1,0,0,1,0,0
8680,696,19,1,0,0,20,1,2025,11,8,11,24,46,3,1,0,0,1,0,0
8681,696,15,1,0,0,16,1,2025,11,8,11,42,25,3,1,0,0,1,0,0
8682,696,20,1,0,0,21,1,2025,11,8,12,0,6,3,1,0,0,0,0,1
8683,696,16,0,0,0,16,1,2025,11,8,12,17,43,3,1,0,0,0,0,1
8684,696,16,0,0,0,16,1,2025,11,8,12,35,17,3,1,0,0,0,0,1
8685,696,17,0,0,0,17,0,2025,11,8,12,52,53,3,1,0,0,0,0,1
8686,696,13,0,0,0,13,1,2025,11,8,13,10,30,3,1,0,0,0,0,1
8687,696,11,0,1,0,12,1,2025,11,8,13,28,6,3,1,0,0,0,0,1
8688,696,16,1,0,0,17,1,2025,11,8,13,45,44,3,1,0,0,0,0,1
8689,696,22,1,0,0,23,1,2025,11,8,14,3,22,3,1,0,0,0,0,1
8690,696,13,2,0,0,15,1,2025,11,8,14,20,59,3,1,0,0,0,0,1
8691,696,15,0,0,0,15,1,2025,11,8,14,38,35,3,1,0,0,0,0,1
8692,696,6,0,0,0,6,0,2025,11,8,15,34,20,3,1,0,0,0,0,1
8693,696,14,0,0,0,14,1,2025,11,8,15,51,57,3,1,0,0,0,0,1
8694,696,10,0,0,0,10,1,2025,11,8,16,9,37,3,1,0,0,0,0,1
8695,696,5,1,0,0,6,1,2025,11,8,16,27,16,3,1,0,0,0,0,1
8696,696,16,1,0,0,17,1,2025,11,8,16,44,57,3,1,0,0,0,0,1
8697,696,8,0,0,0,8,1,2025,11,8,17,2,36,3,1,0,0,0,0,1
8698,696,10,0,0,0,10,1,2025,11,8,18,55,23,3,1,0,0,0,1,0
8699,696,5,0,0,0,5,1,2025,11,8,19,13,1,3,1,0,0,0,1,0
8700,696,12,0,0,0,12,1,2025,11,8,19,30,40,3,1,0,0,0,1,0
8701,696,10,0,0,0,10,1,2025,11,8,19,48,18,3,1,0,0,0,1,0
8702,696,4,0,0,0,4,0,2025,11,9,8,29,47,3,1,0,0,1,0,0
8703,696,2,0,0,0,2,0,2025,11,9,8,47,25,3,1,0,0,1,0,0
8704,696,2,0,0,0,2,0,2025,11,9,9,5,0,3,1,0,0,1,0,0
8705,696,5,0,0,0,5,0,2025,11,9,9,22,37,3,1,0,0,1,0,0
8706,696,6,0,0,0,6,0,2025,11,9,9,40,15,3,1,0,0,1,0,0
8707,696,8,1,0,0,9,0,2025,11,9,9,57,54,3,1,0,0,1,0,0
8708,696,10,0,1,0,11,1,2025,11,9,10,15,33,3,1,0,0,1,0,0
8709,696,9,0,0,0,9,0,2025,11,9,10,33,12,3,1,0,0,1,0,0
8710,696,8,0,0,0,8,0,2025,11,9,10,50,46,3,1,0,0,1,0,0
8711,696,12,0,0,0,12,0,2025,11,9,11,8,22,3,1,0,0,1,0,0
8712,696,3,0,0,0,3,0,2025,11,9,11,26,0,3,1,0,0,1,0,0
8713,696,8,0,0,0,8,0,2025,11,9,11,43,44,3,1,0,0,1,0,0
8714,696,3,1,0,0,4,1,2025,11,9,12,1,24,3,1,0,0,0,0,1
8715,696,14,1,0,0,15,1,2025,11,9,12,19,1,3,1,0,0,0,0,1
8716,696,9,0,0,0,9,0,2025,11,9,12,36,39,3,1,0,0,0,0,1
8717,696,9,0,0,0,9,0,2025,11,9,12,54,21,3,1,0,0,0,0,1
8718,696,10,1,0,0,11,1,2025,11,9,15,20,15,3,1,0,0,0,0,1
8719,696,5,0,0,0,5,1,2025,11,9,15,37,53,3,1,0,0,0,0,1
8720,696,9,1,0,0,10,1,2025,11,9,15,55,33,3,1,0,0,0,0,1
8721,696,15,0,0,0,15,1,2025,11,9,16,13,12,3,1,0,0,0,0,1
8722,696,6,1,0,0,7,1,2025,11,9,16,30,52,3,1,0,0,0,0,1
8723,696,13,0,0,0,13,1,2025,11,9,16,48,30,3,1,0,0,0,0,1
8724,696,11,2,0,0,13,1,2025,11,9,17,6,4,3,1,0,0,0,0,1
8725,696,13,0,0,0,13,1,2025,11,9,17,23,42,3,1,0,0,0,0,1
8726,696,11,1,0,0,12,2,2025,11,9,17,41,21,3,1,0,0,0,0,1
8727,696,12,1,0,0,13,1,2025,11,9,17,59,1,3,1,0,0,0,0,1
8728,696,17,0,0,0,17,2,2025,11,9,18,16,39,3,1,0,0,0,1,0
8729,696,11,0,0,0,11,1,2025,11,9,18,34,16,3,1,0,0,0,1,0
8730,696,16,0,1,0,17,2,2025,11,9,18,51,54,3,1,0,0,0,1,0
8731,696,6,0,0,0,6,1,2025,11,9,19,9,31,3,1,0,0,0,1,0
8732,696,13,0,0,0,13,2,2025,11,9,19,27,8,3,1,0,0,0,1,0
8733,696,15,0,1,0,16,1,2025,11,11,7,59,35,3,1,0,0,1,0,0
8734,696,19,3,2,0,24,1,2025,11,11,8,17,9,3,1,0,0,1,0,0
8735,696,22,1,0,0,23,1,2025,11,11,8,34,43,3,1,0,0,1,0,0
8736,696,19,3,0,0,22,1,2025,11,11,8,52,18,3,1,0,0,1,0,0
8737,696,10,3,0,0,13,1,2025,11,11,9,9,54,3,1,0,0,1,0,0
8738,696,16,1,1,0,18,1,2025,11,11,9,27,30,3,1,0,0,1,0,0
8739,696,21,0,0,0,21,1,2025,11,11,14,34,50,3,1,0,0,0,0,1
8740,696,19,1,0,0,20,1,2025,11,11,14,52,29,3,1,0,0,0,0,1
8741,696,11,1,0,0,12,0,2025,11,11,15,10,8,3,1,0,0,0,0,1
8742,696,8,4,0,0,12,1,2025,11,11,15,27,49,3,1,0,0,0,0,1
8743,696,17,1,3,0,21,1,2025,11,11,15,45,32,3,1,0,0,0,0,1
8744,696,12,0,0,0,12,1,2025,11,11,16,3,13,3,1,0,0,0,0,1
8745,696,28,1,2,0,31,2,2025,11,11,17,47,59,3,1,0,0,0,0,1
8746,696,26,2,0,0,28,2,2025,11,11,18,5,34,3,1,0,0,0,1,0
8747,696,20,1,0,0,21,1,2025,11,11,18,23,10,3,1,0,0,0,1,0
8748,696,23,0,0,0,23,2,2025,11,11,18,40,47,3,1,0,0,0,1,0
8749,696,17,0,1,0,18,1,2025,11,11,18,58,25,3,1,0,0,0,1,0
8750,696,14,0,0,0,14,1,2025,11,11,19,16,3,3,1,0,0,0,1,0
8751,696,18,0,0,0,18,2,2025,11,11,19,33,40,3,1,0,0,0,1,0
8752,696,15,1,0,0,16,2,2025,11,11,19,51,22,3,1,0,0,0,1,0
8753,696,18,2,1,0,21,1,2025,11,12,8,37,13,3,1,0,0,1,0,0
8754,696,19,1,0,0,20,1,2025,11,12,8,54,56,3,1,0,0,1,0,0
8755,696,10,1,0,0,11,1,2025,11,12,9,12,40,3,1,0,0,1,0,0
8756,696,7,2,0,0,9,1,2025,11,12,9,30,33,3,1,0,0,1,0,0
8757,696,5,1,0,0,6,0,2025,11,12,12,35,8,3,1,0,0,0,0,1
8758,696,11,1,0,0,12,1,2025,11,14,9,7,14,3,1,0,0,1,0,0
8759,696,12,4,0,0,16,1,2025,11,14,9,24,51,3,1,0,0,1,0,0
8760,696,12,0,0,0,12,0,2025,11,14,9,42,33,3,1,0,0,1,0,0
8761,696,7,1,1,0,9,1,2025,11,14,10,0,11,3,1,0,0,1,0,0
8762,696,11,5,1,0,17,1,2025,11,14,10,17,50,3,1,0,0,1,0,0
8763,696,10,0,0,0,10,0,2025,11,14,10,35,32,3,1,0,0,1,0,0
8764,696,15,0,0,0,15,1,2025,11,15,9,51,26,3,1,0,0,1,0,0
8765,696,6,0,1,0,7,0,2025,11,15,10,9,6,3,1,0,0,1,0,0
8766,696,7,0,0,0,7,0,2025,11,15,10,26,47,3,1,0,0,1,0,0
8767,696,13,0,0,0,13,1,2025,11,15,10,44,30,3,1,0,0,1,0,0
8768,696,7,0,0,0,7,0,2025,11,15,11,2,19,3,1,0,0,1,0,0
8769,696,17,0,0,0,17,1,2025,11,15,11,19,58,3,1,0,0,1,0,0
8770,696,10,0,0,0,10,0,2025,11,15,11,37,39,3,1,0,0,1,0,0
8771,696,15,4,0,0,19,1,2025,11,15,11,55,19,3,1,0,0,1,0,0
8772,696,23,3,0,0,26,1,2025,11,15,12,13,1,3,1,0,0,0,0,1
8773,696,28,0,0,0,28,1,2025,11,15,12,30,40,3,1,0,0,0,0,1
8774,696,21,1,0,0,22,1,2025,11,15,12,48,22,3,1,0,0,0,0,1
8775,696,19,2,0,0,21,1,2025,11,15,13,6,0,3,1,0,0,0,0,1
8776,696,6,0,1,0,7,0,2025,11,16,8,9,24,3,1,0,0,1,0,0
8777,696,3,0,0,0,3,0,2025,11,16,8,27,4,3,1,0,0,1,0,0
8778,696,1,0,0,0,1,0,2025,11,16,8,44,51,3,1,0,0,1,0,0
8779,696,7,0,0,0,7,0,2025,11,16,9,2,34,3,1,0,0,1,0,0
8780,696,5,0,0,0,5,0,2025,11,16,9,20,14,3,1,0,0,1,0,0
8781,696,5,0,0,0,5,0,2025,11,16,9,37,55,3,1,0,0,1,0,0
8782,696,4,0,0,0,4,0,2025,11,16,9,55,37,3,1,0,0,1,0,0
8783,696,9,0,0,0,9,0,2025,11,16,10,13,24,3,1,0,0,1,0,0
8784,696,7,0,0,0,7,0,2025,11,16,10,31,11,3,1,0,0,1,0,0
8785,696,10,0,0,0,10,0,2025,11,16,10,48,54,3,1,0,0,1,0,0
8786,696,17,0,0,0,17,1,2025,11,16,11,6,56,3,1,0,0,1,0,0
8787,696,21,0,0,0,21,1,2025,11,17,8,23,51,3,1,0,0,1,0,0
8788,696,16,4,0,0,20,1,2025,11,17,8,41,34,3,1,0,0,1,0,0
8789,696,17,1,1,0,19,1,2025,11,17,8,59,12,3,1,0,0,1,0,0
8790,696,12,1,0,0,13,1,2025,11,17,9,16,51,3,1,0,0,1,0,0
8791,696,15,1,0,0,16,1,2025,11,17,9,34,30,3,1,0,0,1,0,0
8792,696,14,1,1,0,16,1,2025,11,17,9,52,9,3,1,0,0,1,0,0
8793,696,13,1,0,0,14,1,2025,11,17,10,9,47,3,1,0,0,1,0,0
8794,696,13,0,0,0,13,0,2025,11,17,10,27,29,3,1,0,0,1,0,0
8795,696,11,1,0,0,12,1,2025,11,17,12,34,28,3,1,0,0,0,0,1
8796,696,9,2,0,0,11,1,2025,11,17,12,52,7,3,1,0,0,0,0,1
8797,696,14,3,2,0,19,1,2025,11,17,13,9,46,3,1,0,0,0,0,1
8798,705,7,0,0,0,7,1,2025,10,27,8,27,17,3,1,0,0,1,0,0
8799,705,7,0,0,0,7,0,2025,10,27,8,45,2,3,1,0,0,1,0,0
8800,705,5,3,0,0,8,0,2025,10,27,9,2,40,3,1,0,0,1,0,0
8801,705,4,4,1,0,9,1,2025,10,27,9,38,3,3,1,0,0,1,0,0
8802,705,7,2,1,0,10,0,2025,10,27,9,55,47,3,1,0,0,1,0,0
8803,705,5,3,0,0,8,0,2025,10,27,10,13,33,3,1,0,0,1,0,0
8804,705,3,4,0,0,7,0,2025,10,27,10,31,20,3,1,0,0,1,0,0
8805,705,1,0,0,0,1,0,2025,10,27,12,40,22,3,1,0,0,0,0,1
8806,705,1,0,0,0,1,0,2025,10,27,12,58,6,3,1,0,0,0,0,1
8807,705,4,3,0,0,7,0,2025,10,27,13,15,54,3,1,0,0,0,0,1
8808,705,3,4,0,0,7,0,2025,10,27,13,21,0,3,1,0,0,0,0,1
8809,705,1,0,0,0,1,0,2025,10,27,13,57,23,3,1,0,0,0,0,1
8810,705,1,5,0,0,6,0,2025,10,27,14,55,40,3,1,0,0,0,0,1
8811,705,3,3,0,0,6,0,2025,10,27,15,13,26,3,1,0,0,0,0,1
8812,705,0,1,0,0,1,0,2025,10,27,15,31,15,3,1,0,0,0,0,1
8813,705,4,0,0,0,4,0,2025,10,27,15,48,58,3,1,0,0,0,0,1
8814,705,8,3,2,0,13,1,2025,10,27,18,3,1,3,1,0,0,0,1,0
8815,705,6,4,0,0,10,0,2025,10,27,18,20,38,3,1,0,0,0,1,0
8816,705,6,2,0,0,8,0,2025,10,27,18,38,14,3,1,0,0,0,1,0
8817,705,6,5,0,0,11,1,2025,10,28,7,56,29,3,1,0,0,1,0,0
8818,705,7,3,1,0,11,1,2025,10,28,8,14,5,3,1,0,0,1,0,0
8819,705,7,0,0,0,7,1,2025,10,28,8,31,41,3,1,0,0,1,0,0
8820,705,4,4,0,0,8,1,2025,10,28,8,49,18,3,1,0,0,1,0,0
8821,705,3,1,0,0,4,0,2025,10,28,9,6,53,3,1,0,0,1,0,0
8822,705,5,1,0,0,6,0,2025,10,28,9,24,30,3,1,0,0,1,0,0
8823,705,5,3,0,0,8,0,2025,10,28,9,42,10,3,1,0,0,1,0,0
8824,705,7,2,0,0,9,0,2025,10,28,13,27,58,3,1,0,0,0,0,1
8825,705,7,4,2,0,13,1,2025,10,28,14,45,50,3,1,0,0,0,0,1
8826,705,6,2,1,0,9,0,2025,10,28,15,3,32,3,1,0,0,0,0,1
8827,705,8,2,0,0,10,1,2025,10,28,15,21,22,3,1,0,0,0,0,1
8828,705,13,0,0,0,13,0,2025,10,28,15,39,7,3,1,0,0,0,0,1
8829,705,12,2,0,0,14,1,2025,10,28,15,56,52,3,1,0,0,0,0,1
8830,705,11,1,0,0,12,0,2025,10,28,17,49,9,3,1,0,0,0,0,1
8831,705,16,2,0,0,18,1,2025,10,28,18,6,47,3,1,0,0,0,1,0
8832,705,10,3,0,0,13,1,2025,10,28,18,24,27,3,1,0,0,0,1,0
8833,705,8,0,0,0,8,0,2025,10,28,18,42,5,3,1,0,0,0,1,0
8834,705,7,1,0,0,8,1,2025,10,28,18,59,43,3,1,0,0,0,1,0
8835,705,12,2,1,0,15,1,2025,10,29,8,23,48,3,1,0,0,1,0,0
8836,705,18,4,1,0,23,2,2025,10,29,8,41,24,3,1,0,0,1,0,0
8837,705,8,6,0,0,14,1,2025,10,29,8,59,0,3,1,0,0,1,0,0
8838,705,12,5,0,0,17,1,2025,10,29,9,16,35,3,1,0,0,1,0,0
8839,705,13,4,0,0,17,1,2025,10,29,9,34,12,3,1,0,0,1,0,0
8840,705,8,3,0,0,11,1,2025,10,29,9,51,48,3,1,0,0,1,0,0
8841,705,13,3,1,0,17,2,2025,10,29,10,9,28,3,1,0,0,1,0,0
8842,705,10,6,0,0,16,1,2025,10,29,10,27,5,3,1,0,0,1,0,0
8843,705,8,6,0,0,14,2,2025,10,29,10,44,44,3,1,0,0,1,0,0
8844,705,10,6,0,0,16,1,2025,10,29,12,33,38,3,1,0,0,0,0,1
8845,705,14,4,0,0,18,1,2025,10,29,12,51,18,3,1,0,0,0,0,1
8846,705,9,5,0,0,14,1,2025,10,29,13,9,8,3,1,0,0,0,0,1
8847,705,10,1,0,0,11,1,2025,10,29,13,26,49,3,1,0,0,0,0,1
8848,705,12,4,0,0,16,1,2025,10,29,13,44,34,3,1,0,0,0,0,1
8849,705,12,2,0,0,14,1,2025,10,29,14,44,16,3,1,0,0,0,0,1
8850,705,15,2,0,0,17,2,2025,10,29,15,2,3,3,1,0,0,0,0,1
8851,705,15,2,0,0,17,1,2025,10,29,15,19,44,3,1,0,0,0,0,1
8852,705,18,3,0,0,21,2,2025,10,29,15,37,24,3,1,0,0,0,0,1
8853,705,14,1,0,0,15,1,2025,10,29,15,55,5,3,1,0,0,0,0,1
8854,705,11,2,0,0,13,1,2025,10,30,8,20,41,3,1,0,0,1,0,0
8855,705,7,1,0,0,8,0,2025,10,30,8,38,24,3,1,0,0,1,0,0
8856,705,7,2,0,0,9,1,2025,10,30,8,56,6,3,1,0,0,1,0,0
8857,705,5,5,0,0,10,1,2025,10,30,9,13,59,3,1,0,0,1,0,0
8858,705,11,2,0,0,13,1,2025,10,30,9,32,8,3,1,0,0,1,0,0
8859,705,6,4,0,0,10,1,2025,10,30,9,49,58,3,1,0,0,1,0,0
8860,705,3,0,0,0,3,0,2025,10,30,10,7,56,3,1,0,0,1,0,0
8861,705,9,2,0,0,11,1,2025,10,30,10,25,39,3,1,0,0,1,0,0
8862,705,7,0,0,0,7,0,2025,10,30,10,43,20,3,1,0,0,1,0,0
8863,705,10,1,0,0,11,1,2025,10,30,12,29,55,3,1,0,0,0,0,1
8864,705,7,4,0,0,11,1,2025,10,30,12,47,26,3,1,0,0,0,0,1
8865,705,9,0,0,0,9,1,2025,10,30,13,5,9,3,1,0,0,0,0,1
8866,705,7,2,0,0,9,1,2025,10,30,13,22,56,3,1,0,0,0,0,1
8867,705,12,3,0,0,15,1,2025,10,30,13,40,42,3,1,0,0,0,0,1
8868,705,7,2,0,0,9,1,2025,10,30,13,58,27,3,1,0,0,0,0,1
8869,705,9,2,0,0,11,1,2025,10,30,14,57,30,3,1,0,0,0,0,1
8870,705,7,1,0,0,8,1,2025,10,30,15,15,23,3,1,0,0,0,0,1
8871,705,16,1,0,0,17,1,2025,10,30,15,33,6,3,1,0,0,0,0,1
8872,705,8,1,0,0,9,0,2025,10,30,15,57,53,3,1,0,0,0,0,1
8873,705,6,4,0,0,10,0,2025,10,30,16,15,40,3,1,0,0,0,0,1
8874,705,4,0,0,0,4,0,2025,10,30,22,45,53,3,1,0,0,0,1,0
8875,705,11,2,2,0,15,1,2025,10,31,8,25,21,3,1,0,0,1,0,0
8876,705,10,1,1,0,12,1,2025,10,31,8,43,10,3,1,0,0,1,0,0
8877,705,6,3,0,0,9,1,2025,10,31,9,0,56,3,1,0,0,1,0,0
8878,705,7,0,0,0,7,0,2025,10,31,9,18,39,3,1,0,0,1,0,0
8879,705,7,2,0,0,9,1,2025,10,31,9,44,17,3,1,0,0,1,0,0
8880,705,9,1,0,0,10,0,2025,10,31,10,2,0,3,1,0,0,1,0,0
8881,705,5,2,0,0,7,0,2025,10,31,10,19,43,3,1,0,0,1,0,0
8882,705,7,2,0,0,9,1,2025,10,31,10,37,23,3,1,0,0,1,0,0
8883,705,11,2,0,0,13,1,2025,10,31,15,3,48,3,1,0,0,0,0,1
8884,705,14,2,0,0,16,1,2025,10,31,15,21,41,3,1,0,0,0,0,1
8885,705,13,1,1,0,15,1,2025,10,31,15,39,31,3,1,0,0,0,0,1
8886,705,13,1,0,0,14,1,2025,10,31,15,57,21,3,1,0,0,0,0,1
8887,705,13,1,0,0,14,0,2025,11,1,8,55,1,3,1,0,0,1,0,0
8888,705,7,1,0,0,8,0,2025,11,1,9,12,51,3,1,0,0,1,0,0
8889,705,14,0,0,0,14,1,2025,11,1,9,30,38,3,1,0,0,1,0,0
8890,705,11,1,0,0,12,0,2025,11,1,9,48,32,3,1,0,0,1,0,0
8891,705,8,0,0,0,8,0,2025,11,1,10,6,15,3,1,0,0,1,0,0
8892,705,14,0,0,0,14,0,2025,11,1,10,24,0,3,1,0,0,1,0,0
8893,705,15,0,0,0,15,1,2025,11,1,10,41,55,3,1,0,0,1,0,0
8894,705,13,1,0,0,14,1,2025,11,1,10,59,41,3,1,0,0,1,0,0
8895,705,17,1,0,0,18,1,2025,11,1,11,17,28,3,1,0,0,1,0,0
8896,705,17,0,0,0,17,1,2025,11,1,11,35,6,3,1,0,0,1,0,0
8897,705,17,0,0,0,17,1,2025,11,1,11,52,59,3,1,0,0,1,0,0
8898,705,19,0,0,0,19,2,2025,11,1,12,10,47,3,1,0,0,0,0,1
8899,705,12,1,0,0,13,1,2025,11,1,12,28,39,3,1,0,0,0,0,1
8900,705,18,0,0,0,18,2,2025,11,1,12,46,34,3,1,0,0,0,0,1
8901,705,15,0,0,0,15,0,2025,11,1,13,4,21,3,1,0,0,0,0,1
8902,705,18,0,0,0,18,1,2025,11,1,13,22,10,3,1,0,0,0,0,1
8903,705,18,1,1,0,20,1,2025,11,1,13,39,56,3,1,0,0,0,0,1
8904,705,20,1,0,0,21,1,2025,11,1,13,57,47,3,1,0,0,0,0,1
8905,705,16,0,0,0,16,1,2025,11,1,14,15,36,3,1,0,0,0,0,1
8906,705,14,0,0,0,14,1,2025,11,1,14,33,56,3,1,0,0,0,0,1
8907,705,17,0,0,0,17,1,2025,11,1,14,51,52,3,1,0,0,0,0,1
8908,705,8,2,0,0,10,2,2025,11,1,15,9,41,3,1,0,0,0,0,1
8909,705,17,0,0,0,17,1,2025,11,1,15,27,28,3,1,0,0,0,0,1
8910,705,10,1,0,0,11,0,2025,11,1,15,45,26,3,1,0,0,0,0,1
8911,705,12,2,0,0,14,0,2025,11,1,16,3,15,3,1,0,0,0,0,1
8912,705,14,0,0,0,14,0,2025,11,1,16,21,4,3,1,0,0,0,0,1
8913,705,9,0,1,0,10,1,2025,11,1,16,38,57,3,1,0,0,0,0,1
8914,705,14,0,0,0,14,1,2025,11,1,16,56,57,3,1,0,0,0,0,1
8915,705,13,0,0,0,13,1,2025,11,1,17,14,51,3,1,0,0,0,0,1
8916,705,13,1,0,0,14,0,2025,11,1,17,32,36,3,1,0,0,0,0,1
8917,705,11,1,0,0,12,0,2025,11,1,17,50,30,3,1,0,0,0,0,1
8918,705,15,0,0,0,15,0,2025,11,1,18,8,24,3,1,0,0,0,1,0
8919,705,9,1,0,0,10,1,2025,11,1,18,27,9,3,1,0,0,0,1,0
8920,705,10,0,0,0,10,0,2025,11,1,18,45,4,3,1,0,0,0,1,0
8921,705,8,0,0,0,8,0,2025,11,1,19,2,50,3,1,0,0,0,1,0
8922,705,7,0,0,0,7,0,2025,11,1,19,37,24,3,1,0,0,0,1,0
8923,705,5,0,0,0,5,0,2025,11,2,10,16,57,3,1,0,0,1,0,0
8924,705,4,0,0,0,4,0,2025,11,2,10,34,51,3,1,0,0,1,0,0
8925,705,10,1,1,0,12,2,2025,11,2,10,52,35,3,1,0,0,1,0,0
8926,705,0,0,0,0,0,0,2025,11,2,11,10,28,3,1,0,0,1,0,0
8927,705,12,2,1,0,15,1,2025,11,2,11,28,17,3,1,0,0,1,0,0
8928,705,17,0,0,0,17,1,2025,11,2,12,11,33,3,1,0,0,0,0,1
8929,705,16,0,0,0,16,1,2025,11,2,12,29,18,3,1,0,0,0,0,1
8930,705,19,1,0,0,20,1,2025,11,2,12,47,7,3,1,0,0,0,0,1
8931,705,11,0,0,0,11,1,2025,11,2,13,4,49,3,1,0,0,0,0,1
8932,705,20,0,0,0,20,1,2025,11,2,13,22,27,3,1,0,0,0,0,1
8933,705,13,0,0,0,13,1,2025,11,2,13,40,7,3,1,0,0,0,0,1
8934,705,19,0,0,0,19,1,2025,11,2,13,57,45,3,1,0,0,0,0,1
8935,705,16,3,0,0,19,1,2025,11,2,14,15,24,3,1,0,0,0,0,1
8936,705,11,0,0,0,11,1,2025,11,2,14,32,59,3,1,0,0,0,0,1
8937,705,14,0,0,0,14,1,2025,11,2,14,50,36,3,1,0,0,0,0,1
8938,705,14,0,0,0,14,1,2025,11,2,15,51,8,3,1,0,0,0,0,1
8939,705,10,0,0,0,10,1,2025,11,2,16,8,47,3,1,0,0,0,0,1
8940,705,8,0,0,0,8,0,2025,11,2,16,26,26,3,1,0,0,0,0,1
8941,705,17,1,1,0,19,1,2025,11,2,16,44,6,3,1,0,0,0,0,1
8942,705,12,2,0,0,14,1,2025,11,3,8,9,21,3,1,0,0,1,0,0
8943,705,7,3,0,0,10,1,2025,11,3,8,26,58,3,1,0,0,1,0,0
8944,705,4,1,0,0,5,0,2025,11,3,8,44,36,3,1,0,0,1,0,0
8945,705,6,1,2,0,9,0,2025,11,3,9,2,12,3,1,0,0,1,0,0
8946,705,8,1,0,0,9,0,2025,11,3,9,19,49,3,1,0,0,1,0,0
8947,705,8,4,0,0,12,1,2025,11,3,9,37,27,3,1,0,0,1,0,0
8948,705,9,5,0,0,14,1,2025,11,4,8,9,38,3,1,0,0,1,0,0
8949,705,4,6,0,0,10,1,2025,11,4,8,27,14,3,1,0,0,1,0,0
8950,705,9,1,0,0,10,0,2025,11,4,8,44,51,3,1,0,0,1,0,0
8951,705,2,3,0,0,5,1,2025,11,4,9,2,26,3,1,0,0,1,0,0
8952,705,13,1,1,0,15,1,2025,11,4,9,20,5,3,1,0,0,1,0,0
8953,705,10,1,0,0,11,0,2025,11,4,9,37,44,3,1,0,0,1,0,0
8954,705,8,2,0,0,10,1,2025,11,4,12,8,58,3,1,0,0,0,0,1
8955,705,9,0,0,0,9,0,2025,11,4,12,37,19,3,1,0,0,0,0,1
8956,705,8,2,0,0,10,1,2025,11,4,12,55,0,3,1,0,0,0,0,1
8957,705,9,2,1,0,12,1,2025,11,4,13,4,24,3,1,0,0,0,0,1
8958,705,1,3,0,0,4,0,2025,11,4,13,22,4,3,1,0,0,0,0,1
8959,705,4,2,0,0,6,1,2025,11,4,13,39,44,3,1,0,0,0,0,1
8960,705,11,2,0,0,13,0,2025,11,4,14,34,6,3,1,0,0,0,0,1
8961,705,10,0,0,0,10,1,2025,11,4,14,51,45,3,1,0,0,0,0,1
8962,705,5,1,0,0,6,0,2025,11,4,15,9,33,3,1,0,0,0,0,1
8963,705,13,2,1,0,16,1,2025,11,4,15,27,18,3,1,0,0,0,0,1
8964,705,5,4,0,0,9,1,2025,11,4,15,45,17,3,1,0,0,0,0,1
8965,705,7,4,0,0,11,1,2025,11,4,16,2,59,3,1,0,0,0,0,1
8966,705,13,2,0,0,15,1,2025,11,4,18,0,12,3,1,0,0,0,1,0
8967,705,12,0,0,0,12,1,2025,11,4,18,17,49,3,1,0,0,0,1,0
8968,705,13,0,0,0,13,1,2025,11,4,18,35,27,3,1,0,0,0,1,0
8969,705,10,0,0,0,10,1,2025,11,4,18,53,7,3,1,0,0,0,1,0
8970,705,6,1,0,0,7,1,2025,11,4,19,10,43,3,1,0,0,0,1,0
8971,705,9,0,0,0,9,1,2025,11,4,19,28,23,3,1,0,0,0,1,0
8972,705,0,0,0,0,0,0,2025,11,4,19,46,1,3,1,0,0,0,1,0
8973,705,4,1,1,0,6,1,2025,11,4,20,3,36,3,1,0,0,0,1,0
8974,705,7,0,0,0,7,0,2025,11,4,20,21,14,3,1,0,0,0,1,0
8975,705,3,0,0,0,3,0,2025,11,4,20,38,53,3,1,0,0,0,1,0
8976,705,4,5,1,0,10,1,2025,11,5,7,51,26,3,1,0,0,1,0,0
8977,705,9,3,0,0,12,1,2025,11,5,8,9,4,3,1,0,0,1,0,0
8978,705,6,3,0,0,9,0,2025,11,5,8,26,41,3,1,0,0,1,0,0
8979,705,8,3,0,0,11,0,2025,11,5,8,44,16,3,1,0,0,1,0,0
8980,705,18,3,0,0,21,2,2025,11,5,9,1,53,3,1,0,0,1,0,0
8981,705,18,4,0,0,22,2,2025,11,5,9,19,29,3,1,0,0,1,0,0
8982,705,10,4,1,0,15,1,2025,11,5,9,37,6,3,1,0,0,1,0,0
8983,705,17,5,0,0,22,2,2025,11,5,9,54,42,3,1,0,0,1,0,0
8984,705,10,5,2,0,17,2,2025,11,5,10,12,20,3,1,0,0,1,0,0
8985,705,10,4,0,0,14,1,2025,11,5,10,29,57,3,1,0,0,1,0,0
8986,705,10,4,1,0,15,1,2025,11,5,10,47,32,3,1,0,0,1,0,0
8987,705,11,4,0,0,15,1,2025,11,5,12,44,14,3,1,0,0,0,0,1
8988,705,10,4,0,0,14,2,2025,11,5,13,1,53,3,1,0,0,0,0,1
8989,705,11,8,0,0,19,2,2025,11,5,13,19,33,3,1,0,0,0,0,1
8990,705,14,5,0,0,19,2,2025,11,5,13,37,17,3,1,0,0,0,0,1
8991,705,18,3,0,0,21,1,2025,11,5,13,54,59,3,1,0,0,0,0,1
8992,705,15,4,0,0,19,1,2025,11,5,14,46,49,3,1,0,0,0,0,1
8993,705,12,6,1,0,19,1,2025,11,5,15,4,29,3,1,0,0,0,0,1
8994,705,11,4,1,0,16,1,2025,11,5,15,22,10,3,1,0,0,0,0,1
8995,705,11,5,1,0,17,1,2025,11,5,15,39,52,3,1,0,0,0,0,1
8996,705,12,2,0,0,14,1,2025,11,5,15,57,37,3,1,0,0,0,0,1
8997,705,12,5,0,0,17,2,2025,11,6,9,20,13,3,1,0,0,1,0,0
8998,705,15,3,1,0,19,2,2025,11,6,9,38,0,3,1,0,0,1,0,0
8999,705,9,4,0,0,13,1,2025,11,6,9,55,48,3,1,0,0,1,0,0
9000,705,19,2,0,0,21,2,2025,11,6,10,13,38,3,1,0,0,1,0,0
9001,705,11,4,1,0,16,2,2025,11,6,10,31,21,3,1,0,0,1,0,0
9002,705,14,4,0,0,18,2,2025,11,6,12,31,13,3,1,0,0,0,0,1
9003,705,15,2,0,0,17,2,2025,11,6,12,48,53,3,1,0,0,0,0,1
9004,705,12,4,0,0,16,2,2025,11,6,13,6,34,3,1,0,0,0,0,1
9005,705,11,3,0,0,14,1,2025,11,6,13,39,54,3,1,0,0,0,0,1
9006,705,13,6,0,0,19,3,2025,11,6,13,57,36,3,1,0,0,0,0,1
9007,705,7,4,0,0,11,1,2025,11,7,9,38,47,3,1,0,0,1,0,0
9008,705,8,3,1,0,12,1,2025,11,7,9,56,24,3,1,0,0,1,0,0
9009,705,10,3,1,0,14,1,2025,11,7,10,14,4,3,1,0,0,1,0,0
9010,705,9,6,0,0,15,1,2025,11,7,10,31,41,3,1,0,0,1,0,0
9011,705,16,1,0,0,17,1,2025,11,7,13,14,34,3,1,0,0,0,0,1
9012,705,12,2,0,0,14,1,2025,11,7,13,32,12,3,1,0,0,0,0,1
9013,705,11,4,0,0,15,1,2025,11,7,13,49,51,3,1,0,0,0,0,1
9014,705,20,3,0,0,23,1,2025,11,7,15,37,23,3,1,0,0,0,0,1
9015,705,16,3,0,0,19,1,2025,11,7,15,55,5,3,1,0,0,0,0,1
9016,705,5,0,1,0,6,0,2025,11,8,7,54,55,3,1,0,0,1,0,0
9017,705,9,0,0,0,9,0,2025,11,8,8,12,35,3,1,0,0,1,0,0
9018,705,10,1,0,0,11,1,2025,11,8,8,30,14,3,1,0,0,1,0,0
9019,705,4,4,0,0,8,1,2025,11,8,8,47,50,3,1,0,0,1,0,0
9020,705,9,2,0,0,11,0,2025,11,8,9,52,30,3,1,0,0,1,0,0
9021,705,6,0,1,0,7,0,2025,11,8,10,31,57,3,1,0,0,1,0,0
9022,705,11,0,0,0,11,0,2025,11,8,10,49,34,3,1,0,0,1,0,0
9023,705,11,1,1,0,13,1,2025,11,8,11,7,13,3,1,0,0,1,0,0
9024,705,10,0,0,0,10,1,2025,11,8,11,24,53,3,1,0,0,1,0,0
9025,705,11,1,0,0,12,1,2025,11,8,11,42,33,3,1,0,0,1,0,0
9026,705,14,1,0,0,15,1,2025,11,8,12,0,12,3,1,0,0,0,0,1
9027,705,13,0,0,0,13,1,2025,11,8,12,17,46,3,1,0,0,0,0,1
9028,705,16,1,0,0,17,1,2025,11,8,12,35,22,3,1,0,0,0,0,1
9029,705,17,0,0,0,17,1,2025,11,8,12,52,59,3,1,0,0,0,0,1
9030,705,17,0,0,0,17,1,2025,11,8,13,10,35,3,1,0,0,0,0,1
9031,705,10,2,0,0,12,1,2025,11,8,13,28,12,3,1,0,0,0,0,1
9032,705,8,1,0,0,9,0,2025,11,8,13,45,50,3,1,0,0,0,0,1
9033,705,16,1,0,0,17,1,2025,11,8,14,3,27,3,1,0,0,0,0,1
9034,705,12,1,1,0,14,1,2025,11,8,14,21,3,3,1,0,0,0,0,1
9035,705,16,3,0,0,19,1,2025,11,8,14,38,41,3,1,0,0,0,0,1
9036,705,7,2,0,0,9,0,2025,11,8,15,34,26,3,1,0,0,0,0,1
9037,705,10,0,0,0,10,0,2025,11,8,15,52,5,3,1,0,0,0,0,1
9038,705,14,2,0,0,16,1,2025,11,8,16,9,43,3,1,0,0,0,0,1
9039,705,13,1,0,0,14,1,2025,11,8,16,27,24,3,1,0,0,0,0,1
9040,705,9,0,0,0,9,0,2025,11,8,16,45,5,3,1,0,0,0,0,1
9041,705,15,0,0,0,15,1,2025,11,8,17,2,40,3,1,0,0,0,0,1
9042,705,8,0,0,0,8,0,2025,11,8,18,55,29,3,1,0,0,0,1,0
9043,705,8,0,0,0,8,0,2025,11,8,19,13,8,3,1,0,0,0,1,0
9044,705,6,0,0,0,6,0,2025,11,8,19,30,46,3,1,0,0,0,1,0
9045,705,8,0,0,0,8,0,2025,11,8,19,48,21,3,1,0,0,0,1,0
9046,705,1,0,0,0,1,0,2025,11,9,8,29,53,3,1,0,0,1,0,0
9047,705,6,1,0,0,7,0,2025,11,9,8,47,28,3,1,0,0,1,0,0
9048,705,5,0,0,0,5,0,2025,11,9,9,5,6,3,1,0,0,1,0,0
9049,705,8,0,0,0,8,0,2025,11,9,9,22,43,3,1,0,0,1,0,0
9050,705,8,0,0,0,8,0,2025,11,9,9,40,22,3,1,0,0,1,0,0
9051,705,11,1,0,0,12,1,2025,11,9,9,58,1,3,1,0,0,1,0,0
9052,705,12,1,0,0,13,1,2025,11,9,10,15,40,3,1,0,0,1,0,0
9053,705,2,0,0,0,2,0,2025,11,9,10,33,15,3,1,0,0,1,0,0
9054,705,2,0,0,0,2,0,2025,11,9,10,50,51,3,1,0,0,1,0,0
9055,705,3,0,0,0,3,0,2025,11,9,11,8,28,3,1,0,0,1,0,0
9056,705,7,0,0,0,7,0,2025,11,9,11,26,8,3,1,0,0,1,0,0
9057,705,0,0,0,0,0,0,2025,11,9,11,43,52,3,1,0,0,1,0,0
9058,705,4,0,0,0,4,0,2025,11,9,12,1,30,3,1,0,0,0,0,1
9059,705,7,1,0,0,8,0,2025,11,9,12,19,8,3,1,0,0,0,0,1
9060,705,6,1,0,0,7,0,2025,11,9,12,36,49,3,1,0,0,0,0,1
9061,705,3,1,0,0,4,0,2025,11,9,12,54,29,3,1,0,0,0,0,1
9062,705,2,0,0,0,2,0,2025,11,9,15,20,21,3,1,0,0,0,0,1
9063,705,5,0,0,0,5,0,2025,11,9,15,38,1,3,1,0,0,0,0,1
9064,705,5,1,0,0,6,0,2025,11,9,15,55,40,3,1,0,0,0,0,1
9065,705,5,1,0,0,6,0,2025,11,9,16,13,19,3,1,0,0,0,0,1
9066,705,1,1,0,0,2,0,2025,11,9,16,30,58,3,1,0,0,0,0,1
9067,705,4,0,0,0,4,0,2025,11,9,16,48,32,3,1,0,0,0,0,1
9068,705,6,1,0,0,7,0,2025,11,9,17,6,10,3,1,0,0,0,0,1
9069,705,0,1,0,0,1,0,2025,11,9,17,23,49,3,1,0,0,0,0,1
9070,705,7,0,0,0,7,0,2025,11,9,17,41,28,3,1,0,0,0,0,1
9071,705,8,1,0,0,9,0,2025,11,9,17,59,8,3,1,0,0,0,0,1
9072,705,4,2,0,0,6,0,2025,11,9,18,16,44,3,1,0,0,0,1,0
9073,705,5,1,0,0,6,0,2025,11,9,18,34,22,3,1,0,0,0,1,0
9074,705,7,1,0,0,8,1,2025,11,9,18,51,58,3,1,0,0,0,1,0
9075,705,6,1,0,0,7,0,2025,11,9,19,9,37,3,1,0,0,0,1,0
9076,705,5,1,0,0,6,0,2025,11,9,19,27,13,3,1,0,0,0,1,0
9077,705,2,1,0,0,3,0,2025,11,9,19,44,49,3,1,0,0,0,1,0
9078,705,6,3,0,0,9,1,2025,11,11,7,59,38,3,1,0,0,1,0,0
9079,705,9,3,0,0,12,1,2025,11,11,8,17,11,3,1,0,0,1,0,0
9080,705,10,2,1,0,13,2,2025,11,11,8,34,47,3,1,0,0,1,0,0
9081,705,10,8,1,0,19,1,2025,11,11,8,52,22,3,1,0,0,1,0,0
9082,705,15,3,0,0,18,1,2025,11,11,9,9,58,3,1,0,0,1,0,0
9083,705,15,3,1,0,19,1,2025,11,11,9,27,34,3,1,0,0,1,0,0
9084,705,10,2,0,0,12,1,2025,11,11,14,34,57,3,1,0,0,0,0,1
9085,705,12,2,0,0,14,1,2025,11,11,14,52,36,3,1,0,0,0,0,1
9086,705,5,1,0,0,6,1,2025,11,11,15,10,16,3,1,0,0,0,0,1
9087,705,11,1,1,0,13,1,2025,11,11,15,27,59,3,1,0,0,0,0,1
9088,705,8,3,1,0,12,1,2025,11,11,15,45,41,3,1,0,0,0,0,1
9089,705,5,6,0,0,11,1,2025,11,11,16,3,19,3,1,0,0,0,0,1
9090,705,13,1,0,0,14,0,2025,11,11,17,48,3,3,1,0,0,0,0,1
9091,705,10,0,1,0,11,1,2025,11,11,18,5,39,3,1,0,0,0,1,0
9092,705,10,2,0,0,12,1,2025,11,11,18,23,14,3,1,0,0,0,1,0
9093,705,9,0,0,0,9,0,2025,11,11,18,40,53,3,1,0,0,0,1,0
9094,705,7,1,0,0,8,1,2025,11,11,18,58,32,3,1,0,0,0,1,0
9095,705,6,0,0,0,6,0,2025,11,11,19,16,8,3,1,0,0,0,1,0
9096,705,5,1,0,0,6,1,2025,11,11,19,33,45,3,1,0,0,0,1,0
9097,705,6,1,0,0,7,1,2025,11,11,19,51,27,3,1,0,0,0,1,0
9098,705,11,5,0,0,16,2,2025,11,12,8,37,22,3,1,0,0,1,0,0
9099,705,14,2,0,0,16,1,2025,11,12,8,55,6,3,1,0,0,1,0,0
9100,705,15,6,0,0,21,1,2025,11,12,9,12,55,3,1,0,0,1,0,0
9101,705,8,0,0,0,8,0,2025,11,12,9,30,46,3,1,0,0,1,0,0
9102,705,12,6,0,0,18,1,2025,11,12,12,35,18,3,1,0,0,0,0,1
9103,705,3,0,0,0,3,0,2025,11,14,9,7,18,3,1,0,0,1,0,0
9104,705,3,3,0,0,6,0,2025,11,14,9,24,59,3,1,0,0,1,0,0
9105,705,5,0,0,0,5,0,2025,11,14,9,42,39,3,1,0,0,1,0,0
9106,705,6,0,0,0,6,0,2025,11,14,10,0,18,3,1,0,0,1,0,0
9107,705,7,2,0,0,9,1,2025,11,14,10,18,1,3,1,0,0,1,0,0
9108,705,9,0,0,0,9,0,2025,11,14,10,35,37,3,1,0,0,1,0,0
9109,705,2,1,0,0,3,0,2025,11,15,9,51,33,3,1,0,0,1,0,0
9110,705,10,2,0,0,12,0,2025,11,15,10,9,13,3,1,0,0,1,0,0
9111,705,4,0,0,0,4,0,2025,11,15,10,26,56,3,1,0,0,1,0,0
9112,705,5,3,0,0,8,0,2025,11,15,10,44,47,3,1,0,0,1,0,0
9113,705,8,1,0,0,9,0,2025,11,15,11,2,24,3,1,0,0,1,0,0
9114,705,3,2,1,0,6,0,2025,11,15,11,20,6,3,1,0,0,1,0,0
9115,705,5,2,0,0,7,0,2025,11,15,11,37,46,3,1,0,0,1,0,0
9116,705,6,2,1,0,9,0,2025,11,15,11,55,27,3,1,0,0,1,0,0
9117,705,4,1,0,0,5,0,2025,11,15,12,13,8,3,1,0,0,0,0,1
9118,705,5,2,0,0,7,0,2025,11,15,12,30,46,3,1,0,0,0,0,1
9119,705,9,1,0,0,10,0,2025,11,15,12,48,27,3,1,0,0,0,0,1
9120,705,5,1,0,0,6,0,2025,11,15,13,6,7,3,1,0,0,0,0,1
9121,705,0,0,0,0,0,0,2025,11,16,8,9,30,3,1,0,0,1,0,0
9122,705,4,0,1,0,5,0,2025,11,16,8,27,13,3,1,0,0,1,0,0
9123,705,0,0,0,0,0,0,2025,11,16,8,45,0,3,1,0,0,1,0,0
9124,705,1,0,0,0,1,0,2025,11,16,9,2,40,3,1,0,0,1,0,0
9125,705,1,0,0,0,1,0,2025,11,16,9,20,21,3,1,0,0,1,0,0
9126,705,3,2,0,0,5,0,2025,11,16,9,38,4,3,1,0,0,1,0,0
9127,705,3,0,0,0,3,0,2025,11,16,9,55,45,3,1,0,0,1,0,0
9128,705,3,0,0,0,3,0,2025,11,16,10,13,35,3,1,0,0,1,0,0
9129,705,4,3,0,0,7,1,2025,11,16,10,31,20,3,1,0,0,1,0,0
9130,705,4,0,0,0,4,0,2025,11,16,11,7,7,3,1,0,0,1,0,0
9131,705,8,2,0,0,10,1,2025,11,17,8,23,57,3,1,0,0,1,0,0
9132,705,11,4,0,0,15,1,2025,11,17,8,41,40,3,1,0,0,1,0,0
9133,705,12,3,0,0,15,1,2025,11,17,8,59,18,3,1,0,0,1,0,0
9134,705,7,0,1,0,8,0,2025,11,17,9,16,57,3,1,0,0,1,0,0
9135,705,8,7,0,0,15,1,2025,11,17,9,34,36,3,1,0,0,1,0,0
9136,705,6,2,0,0,8,0,2025,11,17,9,52,16,3,1,0,0,1,0,0
9137,705,6,6,1,0,13,1,2025,11,17,10,9,53,3,1,0,0,1,0,0
9138,705,7,6,0,0,13,1,2025,11,17,10,27,35,3,1,0,0,1,0,0
9139,705,7,1,1,0,9,1,2025,11,17,12,34,35,3,1,0,0,0,0,1
9140,705,8,5,0,0,13,1,2025,11,17,12,52,13,3,1,0,0,0,0,1
9141,705,10,3,1,0,14,1,2025,11,17,13,9,53,3,1,0,0,0,0,1
9142,726,1,2,1,0,4,0,2025,10,27,8,27,17,3,1,0,0,1,0,0
9143,726,1,1,0,0,2,0,2025,10,27,8,45,2,3,1,0,0,1,0,0
9144,726,0,0,0,0,0,0,2025,10,27,9,2,40,3,1,0,0,1,0,0
9145,726,0,0,0,0,0,0,2025,10,27,9,20,21,3,1,0,0,1,0,0
9146,726,0,0,0,0,0,0,2025,10,27,9,38,3,3,1,0,0,1,0,0
9147,726,0,0,0,0,0,0,2025,10,27,9,55,47,3,1,0,0,1,0,0
9148,726,2,2,0,0,4,1,2025,10,27,10,13,34,3,1,0,0,1,0,0
9149,726,2,1,0,0,3,0,2025,10,27,10,31,20,3,1,0,0,1,0,0
9150,726,3,3,0,0,6,0,2025,10,27,12,40,22,3,1,0,0,0,0,1
9151,726,3,0,0,0,3,0,2025,10,27,12,58,7,3,1,0,0,0,0,1
9152,726,0,0,0,0,0,0,2025,10,27,13,15,54,3,1,0,0,0,0,1
9153,726,3,0,0,0,3,0,2025,10,27,13,21,0,3,1,0,0,0,0,1
9154,726,1,0,0,0,1,0,2025,10,27,13,57,23,3,1,0,0,0,0,1
9155,726,1,1,0,0,2,0,2025,10,27,14,55,40,3,1,0,0,0,0,1
9156,726,2,2,0,0,4,1,2025,10,27,15,13,26,3,1,0,0,0,0,1
9157,726,7,1,0,0,8,1,2025,10,27,15,31,16,3,1,0,0,0,0,1
9158,726,2,0,0,0,2,0,2025,10,27,15,48,58,3,1,0,0,0,0,1
9159,726,2,2,0,0,4,0,2025,10,27,18,3,1,3,1,0,0,0,1,0
9160,726,2,0,0,0,2,0,2025,10,27,18,20,38,3,1,0,0,0,1,0
9161,726,0,1,0,0,1,0,2025,10,27,18,38,15,3,1,0,0,0,1,0
9162,726,1,1,0,0,2,0,2025,10,28,7,56,29,3,1,0,0,1,0,0
9163,726,5,3,0,0,8,0,2025,10,28,8,14,6,3,1,0,0,1,0,0
9164,726,3,1,0,0,4,0,2025,10,28,8,31,41,3,1,0,0,1,0,0
9165,726,2,1,0,0,3,0,2025,10,28,8,49,18,3,1,0,0,1,0,0
9166,726,2,0,0,0,2,0,2025,10,28,9,6,53,3,1,0,0,1,0,0
9167,726,3,0,0,0,3,0,2025,10,28,9,24,31,3,1,0,0,1,0,0
9168,726,6,2,0,0,8,0,2025,10,28,9,42,10,3,1,0,0,1,0,0
9169,726,0,2,0,0,2,1,2025,10,28,13,27,58,3,1,0,0,0,0,1
9170,726,1,2,0,0,3,1,2025,10,28,14,45,51,3,1,0,0,0,0,1
9171,726,4,5,0,0,9,1,2025,10,28,15,3,33,3,1,0,0,0,0,1
9172,726,4,2,0,0,6,1,2025,10,28,15,21,24,3,1,0,0,0,0,1
9173,726,2,2,0,0,4,0,2025,10,28,15,39,8,3,1,0,0,0,0,1
9174,726,4,3,0,0,7,1,2025,10,28,15,56,53,3,1,0,0,0,0,1
9175,726,2,2,0,0,4,0,2025,10,28,17,49,9,3,1,0,0,0,0,1
9176,726,2,0,0,0,2,0,2025,10,28,18,6,47,3,1,0,0,0,1,0
9177,726,5,3,0,0,8,1,2025,10,28,18,24,28,3,1,0,0,0,1,0
9178,726,1,0,0,0,1,0,2025,10,28,18,42,5,3,1,0,0,0,1,0
9179,726,0,1,0,0,1,1,2025,10,28,18,59,44,3,1,0,0,0,1,0
9180,726,2,1,1,0,4,0,2025,10,29,8,23,48,3,1,0,0,1,0,0
9181,726,2,3,0,0,5,0,2025,10,29,8,41,25,3,1,0,0,1,0,0
9182,726,1,1,1,0,3,0,2025,10,29,8,59,0,3,1,0,0,1,0,0
9183,726,2,1,1,0,4,0,2025,10,29,9,16,35,3,1,0,0,1,0,0
9184,726,1,0,0,0,1,0,2025,10,29,9,34,12,3,1,0,0,1,0,0
9185,726,2,3,0,0,5,1,2025,10,29,9,51,48,3,1,0,0,1,0,0
9186,726,2,4,2,0,8,1,2025,10,29,10,9,28,3,1,0,0,1,0,0
9187,726,2,1,0,0,3,0,2025,10,29,10,27,6,3,1,0,0,1,0,0
9188,726,1,1,0,0,2,0,2025,10,29,10,44,45,3,1,0,0,1,0,0
9189,726,1,0,0,0,1,0,2025,10,29,12,33,38,3,1,0,0,0,0,1
9190,726,2,1,0,0,3,0,2025,10,29,12,51,18,3,1,0,0,0,0,1
9191,726,2,2,0,0,4,0,2025,10,29,13,9,9,3,1,0,0,0,0,1
9192,726,0,0,0,0,0,0,2025,10,29,13,26,50,3,1,0,0,0,0,1
9193,726,1,0,0,0,1,0,2025,10,29,13,44,35,3,1,0,0,0,0,1
9194,726,3,1,0,0,4,0,2025,10,29,14,44,16,3,1,0,0,0,0,1
9195,726,3,0,0,0,3,0,2025,10,29,15,2,3,3,1,0,0,0,0,1
9196,726,3,1,0,0,4,0,2025,10,29,15,19,44,3,1,0,0,0,0,1
9197,726,6,0,0,0,6,0,2025,10,29,15,37,24,3,1,0,0,0,0,1
9198,726,1,0,0,0,1,0,2025,10,29,15,55,6,3,1,0,0,0,0,1
9199,726,0,1,0,0,1,0,2025,10,30,8,20,42,3,1,0,0,1,0,0
9200,726,4,1,1,0,6,1,2025,10,30,8,38,25,3,1,0,0,1,0,0
9201,726,1,2,0,0,3,0,2025,10,30,8,56,6,3,1,0,0,1,0,0
9202,726,3,3,0,0,6,1,2025,10,30,9,13,59,3,1,0,0,1,0,0
9203,726,4,5,2,0,11,1,2025,10,30,9,32,8,3,1,0,0,1,0,0
9204,726,4,7,0,0,11,1,2025,10,30,9,49,58,3,1,0,0,1,0,0
9205,726,3,5,0,0,8,1,2025,10,30,10,7,56,3,1,0,0,1,0,0
9206,726,4,1,1,0,6,0,2025,10,30,10,25,39,3,1,0,0,1,0,0
9207,726,6,4,0,0,10,1,2025,10,30,10,43,21,3,1,0,0,1,0,0
9208,726,4,2,1,0,7,0,2025,10,30,12,29,55,3,1,0,0,0,0,1
9209,726,4,4,1,0,9,1,2025,10,30,12,47,26,3,1,0,0,0,0,1
9210,726,3,1,1,0,5,1,2025,10,30,13,5,10,3,1,0,0,0,0,1
9211,726,3,3,0,0,6,0,2025,10,30,13,22,57,3,1,0,0,0,0,1
9212,726,10,1,0,0,11,0,2025,10,30,13,40,43,3,1,0,0,0,0,1
9213,726,6,2,0,0,8,1,2025,10,30,13,58,28,3,1,0,0,0,0,1
9214,726,3,2,0,0,5,0,2025,10,30,14,57,30,3,1,0,0,0,0,1
9215,726,6,2,0,0,8,0,2025,10,30,15,15,24,3,1,0,0,0,0,1
9216,726,5,3,0,0,8,0,2025,10,30,15,33,7,3,1,0,0,0,0,1
9217,726,5,3,0,0,8,1,2025,10,30,15,57,53,3,1,0,0,0,0,1
9218,726,6,1,0,0,7,0,2025,10,30,16,15,41,3,1,0,0,0,0,1
9219,726,0,0,0,0,0,0,2025,10,30,22,45,53,3,1,0,0,0,1,0
9220,726,6,0,0,0,6,0,2025,10,31,8,25,21,3,1,0,0,1,0,0
9221,726,4,0,0,0,4,0,2025,10,31,8,43,10,3,1,0,0,1,0,0
9222,726,2,0,0,0,2,0,2025,10,31,9,0,56,3,1,0,0,1,0,0
9223,726,1,0,0,0,1,0,2025,10,31,9,18,40,3,1,0,0,1,0,0
9224,726,0,0,0,0,0,0,2025,10,31,9,44,18,3,1,0,0,1,0,0
9225,726,2,0,0,0,2,0,2025,10,31,10,2,0,3,1,0,0,1,0,0
9226,726,0,1,0,0,1,1,2025,10,31,10,19,43,3,1,0,0,1,0,0
9227,726,2,1,0,0,3,0,2025,10,31,10,37,23,3,1,0,0,1,0,0
9228,726,2,1,0,0,3,1,2025,10,31,15,3,48,3,1,0,0,0,0,1
9229,726,5,1,0,0,6,0,2025,10,31,15,21,42,3,1,0,0,0,0,1
9230,726,1,0,0,0,1,0,2025,10,31,15,39,32,3,1,0,0,0,0,1
9231,726,0,2,1,0,3,0,2025,10,31,15,57,21,3,1,0,0,0,0,1
9232,726,2,0,0,0,2,0,2025,11,1,8,55,1,3,1,0,0,1,0,0
9233,726,0,1,0,0,1,0,2025,11,1,9,12,52,3,1,0,0,1,0,0
9234,726,3,0,0,0,3,0,2025,11,1,9,30,38,3,1,0,0,1,0,0
9235,726,2,0,0,0,2,0,2025,11,1,9,48,32,3,1,0,0,1,0,0
9236,726,7,0,0,0,7,0,2025,11,1,10,6,15,3,1,0,0,1,0,0
9237,726,4,0,0,0,4,0,2025,11,1,10,24,0,3,1,0,0,1,0,0
9238,726,2,0,0,0,2,0,2025,11,1,10,41,56,3,1,0,0,1,0,0
9239,726,6,1,0,0,7,0,2025,11,1,10,59,42,3,1,0,0,1,0,0
9240,726,7,2,1,0,10,0,2025,11,1,11,17,29,3,1,0,0,1,0,0
9241,726,8,1,0,0,9,0,2025,11,1,11,35,6,3,1,0,0,1,0,0
9242,726,10,2,0,0,12,0,2025,11,1,11,52,59,3,1,0,0,1,0,0
9243,726,5,2,0,0,7,0,2025,11,1,12,10,47,3,1,0,0,0,0,1
9244,726,5,3,0,0,8,0,2025,11,1,12,28,40,3,1,0,0,0,0,1
9245,726,5,0,0,0,5,0,2025,11,1,12,46,35,3,1,0,0,0,0,1
9246,726,7,0,0,0,7,0,2025,11,1,13,4,21,3,1,0,0,0,0,1
9247,726,3,1,1,0,5,0,2025,11,1,13,22,11,3,1,0,0,0,0,1
9248,726,6,0,0,0,6,0,2025,11,1,13,39,57,3,1,0,0,0,0,1
9249,726,9,0,0,0,9,0,2025,11,1,13,57,47,3,1,0,0,0,0,1
9250,726,3,0,0,0,3,0,2025,11,1,14,15,37,3,1,0,0,0,0,1
9251,726,4,0,0,0,4,0,2025,11,1,14,33,56,3,1,0,0,0,0,1
9252,726,5,0,0,0,5,0,2025,11,1,14,51,53,3,1,0,0,0,0,1
9253,726,1,0,0,0,1,0,2025,11,1,15,9,41,3,1,0,0,0,0,1
9254,726,5,2,0,0,7,0,2025,11,1,15,27,28,3,1,0,0,0,0,1
9255,726,4,0,0,0,4,0,2025,11,1,15,45,27,3,1,0,0,0,0,1
9256,726,3,0,0,0,3,0,2025,11,1,16,3,16,3,1,0,0,0,0,1
9257,726,0,0,0,0,0,0,2025,11,1,16,21,5,3,1,0,0,0,0,1
9258,726,3,1,0,0,4,0,2025,11,1,16,38,57,3,1,0,0,0,0,1
9259,726,0,1,0,0,1,0,2025,11,1,16,56,58,3,1,0,0,0,0,1
9260,726,1,0,0,0,1,0,2025,11,1,17,14,51,3,1,0,0,0,0,1
9261,726,0,0,0,0,0,0,2025,11,1,17,32,36,3,1,0,0,0,0,1
9262,726,4,2,0,0,6,0,2025,11,1,17,50,30,3,1,0,0,0,0,1
9263,726,2,0,0,0,2,0,2025,11,1,18,8,24,3,1,0,0,0,1,0
9264,726,1,0,0,0,1,0,2025,11,1,18,27,13,3,1,0,0,0,1,0
9265,726,0,0,0,0,0,0,2025,11,1,18,45,4,3,1,0,0,0,1,0
9266,726,0,0,0,0,0,0,2025,11,1,19,2,50,3,1,0,0,0,1,0
9267,726,0,0,0,0,0,0,2025,11,1,19,37,24,3,1,0,0,0,1,0
9268,726,0,0,0,0,0,0,2025,11,2,10,16,58,3,1,0,0,1,0,0
9269,726,1,0,0,0,1,0,2025,11,2,10,34,51,3,1,0,0,1,0,0
9270,726,0,0,0,0,0,0,2025,11,2,10,52,35,3,1,0,0,1,0,0
9271,726,4,1,0,0,5,0,2025,11,2,11,10,28,3,1,0,0,1,0,0
9272,726,4,1,0,0,5,0,2025,11,2,11,28,18,3,1,0,0,1,0,0
9273,726,5,1,0,0,6,0,2025,11,2,12,11,33,3,1,0,0,0,0,1
9274,726,5,0,0,0,5,0,2025,11,2,12,29,18,3,1,0,0,0,0,1
9275,726,1,0,0,0,1,0,2025,11,2,12,47,7,3,1,0,0,0,0,1
9276,726,2,2,0,0,4,0,2025,11,2,13,4,49,3,1,0,0,0,0,1
9277,726,1,0,0,0,1,0,2025,11,2,13,22,28,3,1,0,0,0,0,1
9278,726,1,0,0,0,1,0,2025,11,2,13,40,7,3,1,0,0,0,0,1
9279,726,7,0,0,0,7,0,2025,11,2,13,57,45,3,1,0,0,0,0,1
9280,726,8,0,0,0,8,0,2025,11,2,14,15,24,3,1,0,0,0,0,1
9281,726,5,0,0,0,5,0,2025,11,2,14,32,59,3,1,0,0,0,0,1
9282,726,3,2,0,0,5,0,2025,11,2,14,50,36,3,1,0,0,0,0,1
9283,726,6,1,0,0,7,0,2025,11,2,15,51,8,3,1,0,0,0,0,1
9284,726,1,0,0,0,1,0,2025,11,2,16,8,47,3,1,0,0,0,0,1
9285,726,7,1,0,0,8,0,2025,11,2,16,26,26,3,1,0,0,0,0,1
9286,726,6,2,0,0,8,0,2025,11,2,16,44,6,3,1,0,0,0,0,1
9287,726,1,1,0,0,2,0,2025,11,3,8,9,21,3,1,0,0,1,0,0
9288,726,0,0,0,0,0,0,2025,11,3,8,26,58,3,1,0,0,1,0,0
9289,726,1,1,0,0,2,0,2025,11,3,8,44,37,3,1,0,0,1,0,0
9290,726,2,1,0,0,3,0,2025,11,3,9,2,12,3,1,0,0,1,0,0
9291,726,1,1,0,0,2,0,2025,11,3,9,19,49,3,1,0,0,1,0,0
9292,726,1,1,1,0,3,0,2025,11,3,9,37,28,3,1,0,0,1,0,0
9293,726,0,0,0,0,0,0,2025,11,4,8,9,38,3,1,0,0,1,0,0
9294,726,2,1,0,0,3,0,2025,11,4,8,27,14,3,1,0,0,1,0,0
9295,726,6,0,1,0,7,0,2025,11,4,8,44,51,3,1,0,0,1,0,0
9296,726,5,1,1,0,7,1,2025,11,4,9,2,27,3,1,0,0,1,0,0
9297,726,2,1,0,0,3,0,2025,11,4,9,20,5,3,1,0,0,1,0,0
9298,726,9,1,0,0,10,0,2025,11,4,9,37,45,3,1,0,0,1,0,0
9299,726,2,2,0,0,4,0,2025,11,4,12,8,58,3,1,0,0,0,0,1
9300,726,10,6,1,0,17,2,2025,11,4,12,37,19,3,1,0,0,0,0,1
9301,726,5,1,0,0,6,0,2025,11,4,12,55,0,3,1,0,0,0,0,1
9302,726,1,1,0,0,2,0,2025,11,4,13,4,25,3,1,0,0,0,0,1
9303,726,1,0,0,0,1,0,2025,11,4,13,22,5,3,1,0,0,0,0,1
9304,726,2,0,0,0,2,0,2025,11,4,13,39,44,3,1,0,0,0,0,1
9305,726,1,3,0,0,4,1,2025,11,4,14,34,6,3,1,0,0,0,0,1
9306,726,6,2,0,0,8,0,2025,11,4,14,51,45,3,1,0,0,0,0,1
9307,726,3,1,0,0,4,0,2025,11,4,15,9,33,3,1,0,0,0,0,1
9308,726,4,2,0,0,6,0,2025,11,4,15,27,19,3,1,0,0,0,0,1
9309,726,4,1,0,0,5,0,2025,11,4,15,45,17,3,1,0,0,0,0,1
9310,726,3,3,0,0,6,1,2025,11,4,16,2,59,3,1,0,0,0,0,1
9311,726,1,1,0,0,2,0,2025,11,4,18,0,13,3,1,0,0,0,1,0
9312,726,1,1,0,0,2,0,2025,11,4,18,17,49,3,1,0,0,0,1,0
9313,726,5,2,0,0,7,0,2025,11,4,18,35,28,3,1,0,0,0,1,0
9314,726,0,0,0,0,0,0,2025,11,4,18,53,7,3,1,0,0,0,1,0
9315,726,4,2,0,0,6,1,2025,11,5,7,51,26,3,1,0,0,1,0,0
9316,726,0,0,0,0,0,0,2025,11,5,8,9,4,3,1,0,0,1,0,0
9317,726,2,1,0,0,3,0,2025,11,5,8,26,41,3,1,0,0,1,0,0
9318,726,4,2,0,0,6,0,2025,11,5,8,44,16,3,1,0,0,1,0,0
9319,726,0,0,0,0,0,0,2025,11,5,9,1,53,3,1,0,0,1,0,0
9320,726,1,2,1,0,4,0,2025,11,5,9,19,29,3,1,0,0,1,0,0
9321,726,2,3,0,0,5,0,2025,11,5,9,37,6,3,1,0,0,1,0,0
9322,726,1,1,0,0,2,1,2025,11,5,9,54,42,3,1,0,0,1,0,0
9323,726,3,4,0,0,7,0,2025,11,5,10,12,20,3,1,0,0,1,0,0
9324,726,0,0,0,0,0,0,2025,11,5,10,29,57,3,1,0,0,1,0,0
9325,726,1,2,0,0,3,0,2025,11,5,10,47,32,3,1,0,0,1,0,0
9326,726,0,1,0,0,1,0,2025,11,5,12,44,14,3,1,0,0,0,0,1
9327,726,3,4,0,0,7,1,2025,11,5,13,1,53,3,1,0,0,0,0,1
9328,726,7,0,0,0,7,1,2025,11,5,13,19,33,3,1,0,0,0,0,1
9329,726,2,3,0,0,5,0,2025,11,5,13,37,17,3,1,0,0,0,0,1
9330,726,1,2,0,0,3,0,2025,11,5,13,54,59,3,1,0,0,0,0,1
9331,726,1,0,0,0,1,0,2025,11,5,14,46,49,3,1,0,0,0,0,1
9332,726,4,2,0,0,6,1,2025,11,5,15,4,29,3,1,0,0,0,0,1
9333,726,3,1,0,0,4,0,2025,11,5,15,22,10,3,1,0,0,0,0,1
9334,726,0,1,0,0,1,0,2025,11,5,15,39,52,3,1,0,0,0,0,1
9335,726,5,0,0,0,5,0,2025,11,5,15,57,37,3,1,0,0,0,0,1
9336,726,7,1,0,0,8,0,2025,11,6,7,50,55,3,1,0,0,1,0,0
9337,726,3,1,0,0,4,0,2025,11,6,8,8,39,3,1,0,0,1,0,0
9338,726,2,1,1,0,4,0,2025,11,6,8,27,10,3,1,0,0,1,0,0
9339,726,4,3,1,0,8,1,2025,11,6,8,44,49,3,1,0,0,1,0,0
9340,726,5,1,0,0,6,0,2025,11,6,9,2,33,3,1,0,0,1,0,0
9341,726,3,0,1,0,4,0,2025,11,6,9,20,13,3,1,0,0,1,0,0
9342,726,6,2,1,0,9,1,2025,11,6,9,38,1,3,1,0,0,1,0,0
9343,726,3,0,0,0,3,0,2025,11,6,9,55,51,3,1,0,0,1,0,0
9344,726,3,3,0,0,6,0,2025,11,6,10,13,38,3,1,0,0,1,0,0
9345,726,6,2,0,0,8,1,2025,11,6,10,31,22,3,1,0,0,1,0,0
9346,726,2,2,0,0,4,0,2025,11,6,12,31,13,3,1,0,0,0,0,1
9347,726,2,0,0,0,2,0,2025,11,6,12,48,54,3,1,0,0,0,0,1
9348,726,4,3,0,0,7,0,2025,11,6,13,6,34,3,1,0,0,0,0,1
9349,726,6,2,0,0,8,0,2025,11,6,13,39,54,3,1,0,0,0,0,1
9350,726,4,3,0,0,7,0,2025,11,6,13,57,37,3,1,0,0,0,0,1
9351,726,2,2,1,0,5,1,2025,11,7,9,38,47,3,1,0,0,1,0,0
9352,726,4,2,0,0,6,0,2025,11,7,10,14,4,3,1,0,0,1,0,0
9353,726,5,1,0,0,6,0,2025,11,7,10,31,41,3,1,0,0,1,0,0
9354,726,4,1,1,0,6,1,2025,11,7,13,14,34,3,1,0,0,0,0,1
9355,726,7,2,0,0,9,1,2025,11,7,13,32,12,3,1,0,0,0,0,1
9356,726,8,2,0,0,10,1,2025,11,7,13,49,51,3,1,0,0,0,0,1
9357,726,8,1,1,0,10,1,2025,11,7,15,37,23,3,1,0,0,0,0,1
9358,726,11,0,0,0,11,0,2025,11,7,15,55,5,3,1,0,0,0,0,1
9359,726,1,0,0,0,1,0,2025,11,8,7,54,55,3,1,0,0,1,0,0
9360,726,2,0,0,0,2,0,2025,11,8,8,12,36,3,1,0,0,1,0,0
9361,726,2,0,0,0,2,0,2025,11,8,8,30,15,3,1,0,0,1,0,0
9362,726,0,0,0,0,0,0,2025,11,8,8,47,50,3,1,0,0,1,0,0
9363,726,2,0,0,0,2,0,2025,11,8,9,52,30,3,1,0,0,1,0,0
9364,726,1,3,0,0,4,0,2025,11,8,10,31,57,3,1,0,0,1,0,0
9365,726,6,1,0,0,7,0,2025,11,8,10,49,34,3,1,0,0,1,0,0
9366,726,5,1,0,0,6,0,2025,11,8,11,7,14,3,1,0,0,1,0,0
9367,726,2,0,0,0,2,0,2025,11,8,11,24,54,3,1,0,0,1,0,0
9368,726,0,1,0,0,1,0,2025,11,8,11,42,33,3,1,0,0,1,0,0
9369,726,4,0,0,0,4,0,2025,11,8,12,0,12,3,1,0,0,0,0,1
9370,726,4,0,0,0,4,0,2025,11,8,12,17,46,3,1,0,0,0,0,1
9371,726,4,2,0,0,6,0,2025,11,8,12,35,22,3,1,0,0,0,0,1
9372,726,7,1,0,0,8,0,2025,11,8,12,52,59,3,1,0,0,0,0,1
9373,726,1,0,0,0,1,0,2025,11,8,13,10,35,3,1,0,0,0,0,1
9374,726,3,0,0,0,3,0,2025,11,8,13,28,13,3,1,0,0,0,0,1
9375,726,6,1,1,0,8,1,2025,11,8,13,45,50,3,1,0,0,0,0,1
9376,726,2,0,0,0,2,0,2025,11,8,14,3,27,3,1,0,0,0,0,1
9377,726,5,1,0,0,6,0,2025,11,8,14,21,4,3,1,0,0,0,0,1
9378,726,4,0,0,0,4,0,2025,11,8,14,38,42,3,1,0,0,0,0,1
9379,726,2,0,0,0,2,0,2025,11,8,15,34,26,3,1,0,0,0,0,1
9380,726,2,0,0,0,2,0,2025,11,8,15,52,5,3,1,0,0,0,0,1
9381,726,7,0,0,0,7,0,2025,11,8,16,9,44,3,1,0,0,0,0,1
9382,726,4,0,0,0,4,0,2025,11,8,16,27,25,3,1,0,0,0,0,1
9383,726,3,0,0,0,3,0,2025,11,8,16,45,5,3,1,0,0,0,0,1
9384,726,0,0,0,0,0,0,2025,11,8,17,2,40,3,1,0,0,0,0,1
9385,726,1,1,1,0,3,0,2025,11,9,8,29,53,3,1,0,0,1,0,0
9386,726,0,0,0,0,0,0,2025,11,9,8,47,28,3,1,0,0,1,0,0
9387,726,1,0,0,0,1,0,2025,11,9,9,5,6,3,1,0,0,1,0,0
9388,726,1,0,0,0,1,0,2025,11,9,9,22,43,3,1,0,0,1,0,0
9389,726,3,0,0,0,3,0,2025,11,9,9,40,22,3,1,0,0,1,0,0
9390,726,0,0,0,0,0,0,2025,11,9,9,58,1,3,1,0,0,1,0,0
9391,726,1,0,0,0,1,0,2025,11,9,10,15,40,3,1,0,0,1,0,0
9392,726,4,0,0,0,4,0,2025,11,9,10,33,15,3,1,0,0,1,0,0
9393,726,0,0,0,0,0,0,2025,11,9,10,50,51,3,1,0,0,1,0,0
9394,726,1,1,0,0,2,0,2025,11,9,11,8,28,3,1,0,0,1,0,0
9395,726,4,0,0,0,4,0,2025,11,9,11,26,8,3,1,0,0,1,0,0
9396,726,1,1,0,0,2,0,2025,11,9,11,43,52,3,1,0,0,1,0,0
9397,726,2,2,0,0,4,0,2025,11,9,12,1,30,3,1,0,0,0,0,1
9398,726,1,0,0,0,1,0,2025,11,9,12,19,8,3,1,0,0,0,0,1
9399,726,2,0,0,0,2,0,2025,11,9,12,36,49,3,1,0,0,0,0,1
9400,726,1,0,0,0,1,0,2025,11,9,12,54,29,3,1,0,0,0,0,1
9401,726,2,0,0,0,2,0,2025,11,9,15,20,21,3,1,0,0,0,0,1
9402,726,1,0,0,0,1,0,2025,11,9,15,38,1,3,1,0,0,0,0,1
9403,726,1,0,0,0,1,0,2025,11,9,15,55,40,3,1,0,0,0,0,1
9404,726,4,0,0,0,4,0,2025,11,9,16,13,19,3,1,0,0,0,0,1
9405,726,6,0,0,0,6,0,2025,11,9,16,30,58,3,1,0,0,0,0,1
9406,726,6,1,1,0,8,0,2025,11,9,16,48,32,3,1,0,0,0,0,1
9407,726,3,0,0,0,3,0,2025,11,9,17,6,11,3,1,0,0,0,0,1
9408,726,6,1,0,0,7,0,2025,11,9,17,23,49,3,1,0,0,0,0,1
9409,726,4,0,0,0,4,0,2025,11,9,17,41,29,3,1,0,0,0,0,1
9410,726,4,0,0,0,4,0,2025,11,9,17,59,8,3,1,0,0,0,0,1
9411,726,5,0,0,0,5,0,2025,11,9,18,16,44,3,1,0,0,0,1,0
9412,726,0,0,0,0,0,0,2025,11,9,18,34,23,3,1,0,0,0,1,0
9413,726,3,4,0,0,7,1,2025,11,11,7,59,38,3,1,0,0,1,0,0
9414,726,2,1,0,0,3,1,2025,11,11,8,17,12,3,1,0,0,1,0,0
9415,726,4,3,0,0,7,0,2025,11,11,8,34,47,3,1,0,0,1,0,0
9416,726,3,1,0,0,4,0,2025,11,11,8,52,22,3,1,0,0,1,0,0
9417,726,1,3,1,0,5,0,2025,11,11,9,9,58,3,1,0,0,1,0,0
9418,726,6,2,0,0,8,0,2025,11,11,9,27,34,3,1,0,0,1,0,0
9419,726,4,2,0,0,6,1,2025,11,11,14,34,57,3,1,0,0,0,0,1
9420,726,1,2,0,0,3,1,2025,11,11,14,52,37,3,1,0,0,0,0,1
9421,726,4,1,0,0,5,0,2025,11,11,15,10,17,3,1,0,0,0,0,1
9422,726,4,1,0,0,5,0,2025,11,11,15,27,59,3,1,0,0,0,0,1
9423,726,5,4,0,0,9,1,2025,11,11,15,45,41,3,1,0,0,0,0,1
9424,726,3,0,0,0,3,0,2025,11,11,16,3,19,3,1,0,0,0,0,1
9425,726,4,2,0,0,6,1,2025,11,11,17,48,3,3,1,0,0,0,0,1
9426,726,0,4,0,0,4,0,2025,11,11,18,5,39,3,1,0,0,0,1,0
9427,726,1,1,0,0,2,1,2025,11,11,18,23,14,3,1,0,0,0,1,0
9428,726,0,0,0,0,0,0,2025,11,11,18,40,53,3,1,0,0,0,1,0
9429,726,4,2,0,0,6,0,2025,11,12,8,37,22,3,1,0,0,1,0,0
9430,726,3,1,0,0,4,1,2025,11,12,8,55,6,3,1,0,0,1,0,0
9431,726,2,5,1,0,8,1,2025,11,12,9,12,55,3,1,0,0,1,0,0
9432,726,2,6,0,0,8,0,2025,11,12,9,30,46,3,1,0,0,1,0,0
9433,726,2,4,0,0,6,0,2025,11,12,12,35,19,3,1,0,0,0,0,1
9434,726,2,0,0,0,2,0,2025,11,14,9,7,18,3,1,0,0,1,0,0
9435,726,0,3,0,0,3,0,2025,11,14,9,24,59,3,1,0,0,1,0,0
9436,726,4,0,0,0,4,0,2025,11,14,9,42,39,3,1,0,0,1,0,0
9437,726,0,0,0,0,0,0,2025,11,14,10,0,18,3,1,0,0,1,0,0
9438,726,3,0,0,0,3,0,2025,11,14,10,18,1,3,1,0,0,1,0,0
9439,726,1,0,0,0,1,0,2025,11,14,10,35,38,3,1,0,0,1,0,0
9440,726,4,0,0,0,4,0,2025,11,15,9,51,33,3,1,0,0,1,0,0
9441,726,3,1,0,0,4,0,2025,11,15,10,9,14,3,1,0,0,1,0,0
9442,726,6,2,0,0,8,0,2025,11,15,10,26,56,3,1,0,0,1,0,0
9443,726,4,1,0,0,5,0,2025,11,15,10,44,48,3,1,0,0,1,0,0
9444,726,3,0,0,0,3,0,2025,11,15,11,2,25,3,1,0,0,1,0,0
9445,726,5,0,0,0,5,0,2025,11,15,11,20,6,3,1,0,0,1,0,0
9446,726,4,2,1,0,7,0,2025,11,15,11,37,46,3,1,0,0,1,0,0
9447,726,2,0,0,0,2,0,2025,11,15,11,55,27,3,1,0,0,1,0,0
9448,726,4,0,0,0,4,0,2025,11,15,12,13,8,3,1,0,0,0,0,1
9449,726,2,1,0,0,3,0,2025,11,15,12,30,46,3,1,0,0,0,0,1
9450,726,5,0,0,0,5,0,2025,11,15,12,48,27,3,1,0,0,0,0,1
9451,726,6,0,0,0,6,0,2025,11,15,13,6,7,3,1,0,0,0,0,1
9452,726,0,0,0,0,0,0,2025,11,16,8,9,30,3,1,0,0,1,0,0
9453,726,2,0,0,0,2,0,2025,11,16,8,27,14,3,1,0,0,1,0,0
9454,726,2,0,0,0,2,0,2025,11,16,8,45,0,3,1,0,0,1,0,0
9455,726,2,0,0,0,2,0,2025,11,16,9,2,40,3,1,0,0,1,0,0
9456,726,3,1,0,0,4,0,2025,11,16,9,20,22,3,1,0,0,1,0,0
9457,726,3,1,0,0,4,0,2025,11,16,9,38,4,3,1,0,0,1,0,0
9458,726,3,0,0,0,3,0,2025,11,16,9,55,45,3,1,0,0,1,0,0
9459,726,2,1,0,0,3,0,2025,11,16,10,13,35,3,1,0,0,1,0,0
9460,726,0,1,0,0,1,0,2025,11,16,10,31,20,3,1,0,0,1,0,0
9461,726,5,0,0,0,5,0,2025,11,16,10,49,23,3,1,0,0,1,0,0
9462,726,1,1,0,0,2,0,2025,11,16,11,7,7,3,1,0,0,1,0,0
9463,726,6,1,0,0,7,0,2025,11,17,8,23,57,3,1,0,0,1,0,0
9464,726,0,2,0,0,2,0,2025,11,17,8,41,40,3,1,0,0,1,0,0
9465,726,5,1,0,0,6,0,2025,11,17,8,59,19,3,1,0,0,1,0,0
9466,726,2,0,0,0,2,0,2025,11,17,9,16,57,3,1,0,0,1,0,0
9467,726,2,0,0,0,2,0,2025,11,17,9,34,37,3,1,0,0,1,0,0
9468,726,1,0,0,0,1,0,2025,11,17,9,52,16,3,1,0,0,1,0,0
9469,726,0,0,0,0,0,0,2025,11,17,10,9,53,3,1,0,0,1,0,0
9470,726,0,1,1,0,2,0,2025,11,17,10,27,35,3,1,0,0,1,0,0
9471,726,1,1,0,0,2,0,2025,11,17,12,34,35,3,1,0,0,0,0,1
9472,726,2,0,0,0,2,0,2025,11,17,12,52,13,3,1,0,0,0,0,1
9473,726,1,2,0,0,3,0,2025,11,17,13,9,54,3,1,0,0,0,0,1
9474,731,9,4,0,0,13,1,2025,10,27,8,27,13,4,1,0,0,1,0,0
9475,731,9,2,0,0,11,1,2025,10,27,8,44,58,4,1,0,0,1,0,0
9476,731,8,2,0,0,10,1,2025,10,27,9,2,37,4,1,0,0,1,0,0
9477,731,5,2,2,0,9,1,2025,10,27,9,20,18,4,1,0,0,1,0,0
9478,731,13,5,0,0,18,1,2025,10,27,9,38,0,4,1,0,0,1,0,0
9479,731,9,0,0,0,9,1,2025,10,27,9,55,42,4,1,0,0,1,0,0
9480,731,7,1,0,0,8,0,2025,10,27,10,13,28,4,1,0,0,1,0,0
9481,731,5,1,0,0,6,0,2025,10,27,10,31,15,4,1,0,0,1,0,0
9482,731,9,3,0,0,12,1,2025,10,27,12,40,17,4,1,0,0,0,0,1
9483,731,7,1,0,0,8,1,2025,10,27,12,58,1,4,1,0,0,0,0,1
9484,731,9,1,0,0,10,1,2025,10,27,13,15,47,4,1,0,0,0,0,1
9485,731,8,1,0,0,9,0,2025,10,27,13,20,54,4,1,0,0,0,0,1
9486,731,10,2,0,0,12,0,2025,10,27,13,57,18,4,1,0,0,0,0,1
9487,731,9,1,0,0,10,0,2025,10,27,14,55,36,4,1,0,0,0,0,1
9488,731,10,0,0,0,10,0,2025,10,27,15,13,21,4,1,0,0,0,0,1
9489,731,16,1,0,0,17,1,2025,10,27,15,31,8,4,1,0,0,0,0,1
9490,731,17,2,0,0,19,1,2025,10,27,15,48,55,4,1,0,0,0,0,1
9491,731,20,0,1,0,21,1,2025,10,27,18,2,59,4,1,0,0,0,1,0
9492,731,24,3,1,0,28,1,2025,10,27,18,20,35,4,1,0,0,0,1,0
9493,731,15,2,0,0,17,1,2025,10,27,18,38,12,4,1,0,0,0,1,0
9494,731,25,6,0,0,31,2,2025,10,28,7,56,26,4,1,0,0,1,0,0
9495,731,19,4,0,0,23,2,2025,10,28,8,14,3,4,1,0,0,1,0,0
9496,731,13,3,1,0,17,1,2025,10,28,8,31,39,4,1,0,0,1,0,0
9497,731,17,3,0,0,20,1,2025,10,28,8,49,15,4,1,0,0,1,0,0
9498,731,16,5,1,0,22,2,2025,10,28,9,6,51,4,1,0,0,1,0,0
9499,731,20,6,0,0,26,3,2025,10,28,9,24,27,4,1,0,0,1,0,0
9500,731,11,3,0,0,14,1,2025,10,28,9,42,6,4,1,0,0,1,0,0
9501,731,9,3,1,0,13,0,2025,10,28,13,27,53,4,1,0,0,0,0,1
9502,731,7,0,0,0,7,0,2025,10,28,14,45,45,4,1,0,0,0,0,1
9503,731,15,1,0,0,16,0,2025,10,28,15,3,27,4,1,0,0,0,0,1
9504,731,26,2,0,0,28,1,2025,10,28,15,21,14,4,1,0,0,0,0,1
9505,731,20,2,0,0,22,1,2025,10,28,15,39,1,4,1,0,0,0,0,1
9506,731,13,3,0,0,16,1,2025,10,28,15,56,46,4,1,0,0,0,0,1
9507,731,16,0,0,0,16,1,2025,10,28,17,49,7,4,1,0,0,0,0,1
9508,731,15,3,0,0,18,1,2025,10,28,18,6,43,4,1,0,0,0,1,0
9509,731,14,2,1,0,17,1,2025,10,28,18,24,22,4,1,0,0,0,1,0
9510,731,10,3,0,0,13,1,2025,10,28,18,42,2,4,1,0,0,0,1,0
9511,731,10,0,2,0,12,1,2025,10,28,18,59,40,4,1,0,0,0,1,0
9512,731,8,0,0,0,8,0,2025,10,28,19,17,18,4,1,0,0,0,1,0
9513,731,7,0,0,0,7,0,2025,10,28,19,34,55,4,1,0,0,0,1,0
9514,731,3,0,0,0,3,0,2025,10,28,19,52,34,4,1,0,0,0,1,0
9515,731,14,4,0,0,18,1,2025,10,29,8,23,45,4,1,0,0,1,0,0
9516,731,19,3,0,0,22,1,2025,10,29,8,41,21,4,1,0,0,1,0,0
9517,731,16,1,1,0,18,1,2025,10,29,8,58,58,4,1,0,0,1,0,0
9518,731,15,2,0,0,17,1,2025,10,29,9,16,33,4,1,0,0,1,0,0
9519,731,14,3,2,0,19,1,2025,10,29,9,34,9,4,1,0,0,1,0,0
9520,731,12,2,0,0,14,1,2025,10,29,9,51,46,4,1,0,0,1,0,0
9521,731,7,3,0,0,10,1,2025,10,29,10,9,23,4,1,0,0,1,0,0
9522,731,17,1,0,0,18,1,2025,10,29,10,27,2,4,1,0,0,1,0,0
9523,731,13,1,0,0,14,1,2025,10,29,10,44,41,4,1,0,0,1,0,0
9524,731,21,5,0,0,26,2,2025,10,29,12,33,33,4,1,0,0,0,0,1
9525,731,10,0,0,0,10,0,2025,10,29,12,51,14,4,1,0,0,0,0,1
9526,731,10,4,0,0,14,1,2025,10,29,13,8,58,4,1,0,0,0,0,1
9527,731,10,3,0,0,13,1,2025,10,29,13,26,45,4,1,0,0,0,0,1
9528,731,12,1,0,0,13,1,2025,10,29,13,44,29,4,1,0,0,0,0,1
9529,731,13,0,0,0,13,0,2025,10,29,14,44,11,4,1,0,0,0,0,1
9530,731,13,1,0,0,14,0,2025,10,29,15,1,53,4,1,0,0,0,0,1
9531,731,9,0,1,0,10,0,2025,10,29,15,19,39,4,1,0,0,0,0,1
9532,731,10,0,0,0,10,0,2025,10,29,15,37,20,4,1,0,0,0,0,1
9533,731,15,0,0,0,15,1,2025,10,29,15,55,0,4,1,0,0,0,0,1
9534,731,14,2,0,0,16,1,2025,10,30,8,20,36,4,1,0,0,1,0,0
9535,731,11,1,0,0,12,0,2025,10,30,8,38,19,4,1,0,0,1,0,0
9536,731,19,2,0,0,21,3,2025,10,30,8,56,2,4,1,0,0,1,0,0
9537,731,19,6,1,0,26,2,2025,10,30,9,13,54,4,1,0,0,1,0,0
9538,731,10,4,0,0,14,1,2025,10,30,9,31,59,4,1,0,0,1,0,0
9539,731,8,0,0,0,8,0,2025,10,30,9,49,53,4,1,0,0,1,0,0
9540,731,7,1,0,0,8,0,2025,10,30,10,7,43,4,1,0,0,1,0,0
9541,731,11,5,0,0,16,0,2025,10,30,10,25,33,4,1,0,0,1,0,0
9542,731,11,4,2,0,17,1,2025,10,30,10,43,15,4,1,0,0,1,0,0
9543,731,13,2,0,0,15,0,2025,10,30,12,29,48,4,1,0,0,0,0,1
9544,731,9,2,0,0,11,0,2025,10,30,12,47,19,4,1,0,0,0,0,1
9545,731,10,1,0,0,11,0,2025,10,30,13,5,4,4,1,0,0,0,0,1
9546,731,8,0,0,0,8,0,2025,10,30,13,22,49,4,1,0,0,0,0,1
9547,731,4,1,0,0,5,0,2025,10,30,13,40,35,4,1,0,0,0,0,1
9548,731,9,4,0,0,13,1,2025,10,30,13,58,21,4,1,0,0,0,0,1
9549,731,11,1,0,0,12,0,2025,10,30,14,57,23,4,1,0,0,0,0,1
9550,731,8,0,0,0,8,0,2025,10,30,15,15,17,4,1,0,0,0,0,1
9551,731,6,2,0,0,8,0,2025,10,30,15,33,1,4,1,0,0,0,0,1
9552,731,7,1,1,0,9,1,2025,10,30,15,57,46,4,1,0,0,0,0,1
9553,731,13,1,0,0,14,0,2025,10,30,16,15,33,4,1,0,0,0,0,1
9554,731,1,0,0,0,1,0,2025,10,30,22,45,49,4,1,0,0,0,1,0
9555,731,15,3,0,0,18,1,2025,10,31,8,25,17,4,1,0,0,1,0,0
9556,731,13,2,0,0,15,1,2025,10,31,8,43,3,4,1,0,0,1,0,0
9557,731,20,3,1,0,24,1,2025,10,31,9,0,50,4,1,0,0,1,0,0
9558,731,17,3,0,0,20,1,2025,10,31,9,18,35,4,1,0,0,1,0,0
9559,731,13,1,1,0,15,1,2025,10,31,9,44,13,4,1,0,0,1,0,0
9560,731,13,5,0,0,18,1,2025,10,31,10,1,55,4,1,0,0,1,0,0
9561,731,4,5,2,0,11,1,2025,10,31,10,19,39,4,1,0,0,1,0,0
9562,731,16,3,0,0,19,1,2025,10,31,10,37,19,4,1,0,0,1,0,0
9563,731,30,4,0,0,34,2,2025,10,31,15,3,40,4,1,0,0,0,0,1
9564,731,31,3,0,0,34,1,2025,10,31,15,21,33,4,1,0,0,0,0,1
9565,731,27,6,1,0,34,1,2025,10,31,15,39,26,4,1,0,0,0,0,1
9566,731,22,1,0,0,23,1,2025,10,31,15,57,15,4,1,0,0,0,0,1
9567,731,9,1,0,0,10,0,2025,11,1,8,54,53,4,1,0,0,1,0,0
9568,731,4,0,0,0,4,0,2025,11,1,9,12,39,4,1,0,0,1,0,0
9569,731,0,0,0,0,0,0,2025,11,1,9,30,33,4,1,0,0,1,0,0
9570,731,2,1,0,0,3,0,2025,11,1,9,48,20,4,1,0,0,1,0,0
9571,731,2,0,0,0,2,0,2025,11,1,10,6,10,4,1,0,0,1,0,0
9572,731,10,1,0,0,11,0,2025,11,1,10,23,54,4,1,0,0,1,0,0
9573,731,10,1,0,0,11,0,2025,11,1,10,41,40,4,1,0,0,1,0,0
9574,731,9,2,0,0,11,1,2025,11,1,10,59,36,4,1,0,0,1,0,0
9575,731,17,2,0,0,19,1,2025,11,1,11,17,21,4,1,0,0,1,0,0
9576,731,18,1,1,0,20,1,2025,11,1,11,35,3,4,1,0,0,1,0,0
9577,731,11,1,1,0,13,1,2025,11,1,11,52,47,4,1,0,0,1,0,0
9578,731,18,0,0,0,18,1,2025,11,1,12,10,41,4,1,0,0,0,0,1
9579,731,15,1,0,0,16,1,2025,11,1,12,28,32,4,1,0,0,0,0,1
9580,731,22,1,0,0,23,1,2025,11,1,12,46,20,4,1,0,0,0,0,1
9581,731,19,1,0,0,20,1,2025,11,1,13,4,16,4,1,0,0,0,0,1
9582,731,16,0,0,0,16,1,2025,11,1,13,22,4,4,1,0,0,0,0,1
9583,731,20,1,0,0,21,1,2025,11,1,13,39,48,4,1,0,0,0,0,1
9584,731,22,1,0,0,23,1,2025,11,1,13,57,40,4,1,0,0,0,0,1
9585,731,18,2,0,0,20,1,2025,11,1,14,15,30,4,1,0,0,0,0,1
9586,731,21,1,0,0,22,1,2025,11,1,14,33,40,4,1,0,0,0,0,1
9587,731,11,0,0,0,11,0,2025,11,1,14,51,38,4,1,0,0,0,0,1
9588,731,14,1,0,0,15,1,2025,11,1,15,9,34,4,1,0,0,0,0,1
9589,731,14,1,0,0,15,1,2025,11,1,15,27,21,4,1,0,0,0,0,1
9590,731,11,0,0,0,11,0,2025,11,1,15,45,13,4,1,0,0,0,0,1
9591,731,12,1,0,0,13,1,2025,11,1,16,3,9,4,1,0,0,0,0,1
9592,731,15,1,0,0,16,1,2025,11,1,16,20,58,4,1,0,0,0,0,1
9593,731,13,0,0,0,13,1,2025,11,1,16,38,46,4,1,0,0,0,0,1
9594,731,13,0,0,0,13,1,2025,11,1,16,56,43,4,1,0,0,0,0,1
9595,731,10,0,0,0,10,0,2025,11,1,17,14,42,4,1,0,0,0,0,1
9596,731,12,0,0,0,12,1,2025,11,1,17,32,29,4,1,0,0,0,0,1
9597,731,10,0,0,0,10,1,2025,11,1,17,50,23,4,1,0,0,0,0,1
9598,731,12,0,0,0,12,1,2025,11,1,18,8,12,4,1,0,0,0,1,0
9599,731,8,1,1,0,10,1,2025,11,1,18,27,2,4,1,0,0,0,1,0
9600,731,3,0,0,0,3,0,2025,11,1,18,44,58,4,1,0,0,0,1,0
9601,731,5,0,0,0,5,0,2025,11,1,19,2,44,4,1,0,0,0,1,0
9602,731,3,1,0,0,4,1,2025,11,1,19,37,20,4,1,0,0,0,1,0
9603,731,12,0,0,0,12,1,2025,11,2,10,16,51,4,1,0,0,1,0,0
9604,731,6,1,0,0,7,0,2025,11,2,10,34,36,4,1,0,0,1,0,0
9605,731,10,0,0,0,10,1,2025,11,2,10,52,30,4,1,0,0,1,0,0
9606,731,17,0,0,0,17,1,2025,11,2,11,10,12,4,1,0,0,1,0,0
9607,731,15,0,0,0,15,1,2025,11,2,11,28,11,4,1,0,0,1,0,0
9608,731,12,1,0,0,13,1,2025,11,2,12,11,26,4,1,0,0,0,0,1
9609,731,13,1,0,0,14,1,2025,11,2,12,29,12,4,1,0,0,0,0,1
9610,731,17,0,0,0,17,1,2025,11,2,12,47,2,4,1,0,0,0,0,1
9611,731,14,1,0,0,15,1,2025,11,2,13,4,45,4,1,0,0,0,0,1
9612,731,21,0,0,0,21,1,2025,11,2,13,22,24,4,1,0,0,0,0,1
9613,731,16,0,0,0,16,1,2025,11,2,13,40,4,4,1,0,0,0,0,1
9614,731,18,1,0,0,19,1,2025,11,2,13,57,42,4,1,0,0,0,0,1
9615,731,14,0,0,0,14,1,2025,11,2,14,15,20,4,1,0,0,0,0,1
9616,731,16,0,1,0,17,1,2025,11,2,14,32,57,4,1,0,0,0,0,1
9617,731,15,2,0,0,17,1,2025,11,2,14,50,33,4,1,0,0,0,0,1
9618,731,14,1,0,0,15,1,2025,11,2,15,51,6,4,1,0,0,0,0,1
9619,731,14,1,0,0,15,1,2025,11,2,16,8,43,4,1,0,0,0,0,1
9620,731,16,0,0,0,16,1,2025,11,2,16,26,22,4,1,0,0,0,0,1
9621,731,12,0,0,0,12,1,2025,11,2,16,44,2,4,1,0,0,0,0,1
9622,731,15,3,1,0,19,1,2025,11,3,8,9,18,4,1,0,0,1,0,0
9623,731,4,2,1,0,7,0,2025,11,3,8,26,55,4,1,0,0,1,0,0
9624,731,2,0,0,0,2,0,2025,11,3,8,44,33,4,1,0,0,1,0,0
9625,731,0,1,0,0,1,0,2025,11,3,9,2,10,4,1,0,0,1,0,0
9626,731,5,0,0,0,5,0,2025,11,3,9,19,47,4,1,0,0,1,0,0
9627,731,3,0,0,0,3,0,2025,11,3,9,37,24,4,1,0,0,1,0,0
9628,731,12,7,0,0,19,1,2025,11,4,8,9,36,4,1,0,0,1,0,0
9629,731,23,1,0,0,24,1,2025,11,4,8,27,12,4,1,0,0,1,0,0
9630,731,14,1,0,0,15,1,2025,11,4,8,44,48,4,1,0,0,1,0,0
9631,731,12,0,0,0,12,1,2025,11,4,9,2,24,4,1,0,0,1,0,0
9632,731,8,1,0,0,9,1,2025,11,4,9,20,2,4,1,0,0,1,0,0
9633,731,3,0,0,0,3,0,2025,11,4,9,37,41,4,1,0,0,1,0,0
9634,731,8,5,0,0,13,1,2025,11,4,12,8,54,4,1,0,0,0,0,1
9635,731,4,1,1,0,6,0,2025,11,4,12,37,15,4,1,0,0,0,0,1
9636,731,9,7,0,0,16,2,2025,11,4,12,54,55,4,1,0,0,0,0,1
9637,731,9,7,0,0,16,2,2025,11,4,13,4,21,4,1,0,0,0,0,1
9638,731,15,3,0,0,18,2,2025,11,4,13,22,0,4,1,0,0,0,0,1
9639,731,16,5,0,0,21,2,2025,11,4,13,39,40,4,1,0,0,0,0,1
9640,731,9,1,1,0,11,0,2025,11,4,14,34,2,4,1,0,0,0,0,1
9641,731,12,3,0,0,15,1,2025,11,4,14,51,41,4,1,0,0,0,0,1
9642,731,12,1,0,0,13,0,2025,11,4,15,9,26,4,1,0,0,0,0,1
9643,731,13,0,0,0,13,0,2025,11,4,15,27,12,4,1,0,0,0,0,1
9644,731,13,0,0,0,13,1,2025,11,4,15,45,12,4,1,0,0,0,0,1
9645,731,12,3,0,0,15,1,2025,11,4,16,2,54,4,1,0,0,0,0,1
9646,731,24,2,0,0,26,1,2025,11,4,18,0,9,4,1,0,0,0,1,0
9647,731,25,5,1,0,31,3,2025,11,4,18,17,46,4,1,0,0,0,1,0
9648,731,0,0,0,0,0,0,2025,11,4,18,35,24,4,1,0,0,0,1,0
9649,731,14,1,0,0,15,1,2025,11,4,18,53,3,4,1,0,0,0,1,0
9650,731,10,1,0,0,11,1,2025,11,4,19,10,40,4,1,0,0,0,1,0
9651,731,8,2,0,0,10,1,2025,11,4,19,28,19,4,1,0,0,0,1,0
9652,731,5,0,0,0,5,0,2025,11,4,19,45,58,4,1,0,0,0,1,0
9653,731,5,0,0,0,5,0,2025,11,4,20,3,34,4,1,0,0,0,1,0
9654,731,8,0,0,0,8,0,2025,11,4,20,21,11,4,1,0,0,0,1,0
9655,731,6,0,0,0,6,0,2025,11,4,20,38,50,4,1,0,0,0,1,0
9656,731,15,2,0,0,17,1,2025,11,5,7,51,24,4,1,0,0,1,0,0
9657,731,19,0,0,0,19,1,2025,11,5,8,9,0,4,1,0,0,1,0,0
9658,731,9,1,1,0,11,1,2025,11,5,8,26,38,4,1,0,0,1,0,0
9659,731,13,0,0,0,13,0,2025,11,5,8,44,13,4,1,0,0,1,0,0
9660,731,18,1,0,0,19,1,2025,11,5,9,1,50,4,1,0,0,1,0,0
9661,731,18,4,0,0,22,1,2025,11,5,9,19,27,4,1,0,0,1,0,0
9662,731,5,3,0,0,8,0,2025,11,5,9,37,3,4,1,0,0,1,0,0
9663,731,7,1,0,0,8,0,2025,11,5,9,54,40,4,1,0,0,1,0,0
9664,731,15,4,0,0,19,1,2025,11,5,10,12,16,4,1,0,0,1,0,0
9665,731,15,4,0,0,19,1,2025,11,5,10,29,54,4,1,0,0,1,0,0
9666,731,7,4,0,0,11,1,2025,11,5,10,47,30,4,1,0,0,1,0,0
9667,731,11,2,0,0,13,1,2025,11,5,12,44,9,4,1,0,0,0,0,1
9668,731,7,3,0,0,10,1,2025,11,5,13,1,49,4,1,0,0,0,0,1
9669,731,13,2,0,0,15,1,2025,11,5,13,19,29,4,1,0,0,0,0,1
9670,731,15,2,0,0,17,1,2025,11,5,13,37,10,4,1,0,0,0,0,1
9671,731,6,1,2,0,9,0,2025,11,5,13,54,54,4,1,0,0,0,0,1
9672,731,10,2,0,0,12,0,2025,11,5,14,46,45,4,1,0,0,0,0,1
9673,731,15,2,0,0,17,1,2025,11,5,15,4,25,4,1,0,0,0,0,1
9674,731,13,1,0,0,14,1,2025,11,5,15,22,4,4,1,0,0,0,0,1
9675,731,10,3,0,0,13,1,2025,11,5,15,39,47,4,1,0,0,0,0,1
9676,731,12,0,1,0,13,1,2025,11,5,15,57,29,4,1,0,0,0,0,1
9677,731,16,1,1,0,18,1,2025,11,6,7,50,51,4,1,0,0,1,0,0
9678,731,15,4,0,0,19,1,2025,11,6,8,8,32,4,1,0,0,1,0,0
9679,731,9,5,1,0,15,1,2025,11,6,8,26,19,4,1,0,0,1,0,0
9680,731,12,3,1,0,16,1,2025,11,6,8,44,46,4,1,0,0,1,0,0
9681,731,15,1,0,0,16,1,2025,11,6,9,2,28,4,1,0,0,1,0,0
9682,731,10,3,0,0,13,1,2025,11,6,9,20,9,4,1,0,0,1,0,0
9683,731,11,3,0,0,14,1,2025,11,6,9,37,50,4,1,0,0,1,0,0
9684,731,6,0,0,0,6,0,2025,11,6,9,55,38,4,1,0,0,1,0,0
9685,731,6,2,0,0,8,0,2025,11,6,10,13,29,4,1,0,0,1,0,0
9686,731,2,1,0,0,3,0,2025,11,6,10,31,17,4,1,0,0,1,0,0
9687,731,8,1,0,0,9,0,2025,11,6,12,31,8,4,1,0,0,0,0,1
9688,731,9,1,0,0,10,0,2025,11,6,12,48,48,4,1,0,0,0,0,1
9689,731,9,1,0,0,10,0,2025,11,6,13,6,29,4,1,0,0,0,0,1
9690,731,10,0,2,0,12,1,2025,11,6,13,39,49,4,1,0,0,0,0,1
9691,731,6,1,0,0,7,0,2025,11,6,13,57,31,4,1,0,0,0,0,1
9692,731,7,2,0,0,9,0,2025,11,7,9,38,43,4,1,0,0,1,0,0
9693,731,9,3,0,0,12,0,2025,11,7,9,56,21,4,1,0,0,1,0,0
9694,731,9,1,1,0,11,0,2025,11,7,10,13,59,4,1,0,0,1,0,0
9695,731,5,0,0,0,5,0,2025,11,7,10,31,38,4,1,0,0,1,0,0
9696,731,11,2,0,0,13,1,2025,11,7,13,14,30,4,1,0,0,0,0,1
9697,731,13,2,0,0,15,1,2025,11,7,13,32,8,4,1,0,0,0,0,1
9698,731,16,1,0,0,17,1,2025,11,7,13,49,47,4,1,0,0,0,0,1
9699,731,18,1,1,0,20,1,2025,11,7,15,37,21,4,1,0,0,0,0,1
9700,731,17,0,0,0,17,1,2025,11,7,15,55,3,4,1,0,0,0,0,1
9701,731,4,1,0,0,5,0,2025,11,8,7,54,51,4,1,0,0,1,0,0
9702,731,3,0,0,0,3,0,2025,11,8,8,12,31,4,1,0,0,1,0,0
9703,731,6,0,0,0,6,0,2025,11,8,8,30,11,4,1,0,0,1,0,0
9704,731,7,1,0,0,8,1,2025,11,8,8,47,48,4,1,0,0,1,0,0
9705,731,2,0,0,0,2,0,2025,11,8,9,52,27,4,1,0,0,1,0,0
9706,731,8,0,0,0,8,0,2025,11,8,10,31,54,4,1,0,0,1,0,0
9707,731,3,0,0,0,3,0,2025,11,8,10,49,31,4,1,0,0,1,0,0
9708,731,8,1,1,0,10,0,2025,11,8,11,7,9,4,1,0,0,1,0,0
9709,731,9,0,0,0,9,0,2025,11,8,11,24,49,4,1,0,0,1,0,0
9710,731,7,1,0,0,8,0,2025,11,8,11,42,28,4,1,0,0,1,0,0
9711,731,13,2,0,0,15,1,2025,11,8,12,0,9,4,1,0,0,0,0,1
9712,731,10,4,0,0,14,1,2025,11,8,12,17,44,4,1,0,0,0,0,1
9713,731,8,2,0,0,10,1,2025,11,8,12,35,19,4,1,0,0,0,0,1
9714,731,13,0,0,0,13,1,2025,11,8,12,52,56,4,1,0,0,0,0,1
9715,731,7,0,0,0,7,1,2025,11,8,13,10,33,4,1,0,0,0,0,1
9716,731,9,1,0,0,10,1,2025,11,8,13,28,9,4,1,0,0,0,0,1
9717,731,11,1,0,0,12,1,2025,11,8,13,45,47,4,1,0,0,0,0,1
9718,731,7,0,0,0,7,0,2025,11,8,14,3,24,4,1,0,0,0,0,1
9719,731,12,2,0,0,14,1,2025,11,8,14,21,1,4,1,0,0,0,0,1
9720,731,18,2,0,0,20,1,2025,11,8,14,38,38,4,1,0,0,0,0,1
9721,731,16,2,1,0,19,1,2025,11,8,15,34,22,4,1,0,0,0,0,1
9722,731,12,1,1,0,14,1,2025,11,8,15,52,1,4,1,0,0,0,0,1
9723,731,12,1,0,0,13,1,2025,11,8,16,9,40,4,1,0,0,0,0,1
9724,731,8,1,0,0,9,0,2025,11,8,16,27,20,4,1,0,0,0,0,1
9725,731,14,3,0,0,17,1,2025,11,8,16,45,0,4,1,0,0,0,0,1
9726,731,15,0,0,0,15,1,2025,11,8,17,2,38,4,1,0,0,0,0,1
9727,731,2,0,0,0,2,0,2025,11,8,18,55,26,4,1,0,0,0,1,0
9728,731,1,0,0,0,1,0,2025,11,8,19,13,4,4,1,0,0,0,1,0
9729,731,1,0,0,0,1,0,2025,11,8,19,30,43,4,1,0,0,0,1,0
9730,731,1,0,0,0,1,0,2025,11,8,19,48,19,4,1,0,0,0,1,0
9731,731,0,0,0,0,0,0,2025,11,9,8,29,49,4,1,0,0,1,0,0
9732,731,1,1,0,0,2,0,2025,11,9,8,47,26,4,1,0,0,1,0,0
9733,731,1,0,0,0,1,0,2025,11,9,9,5,3,4,1,0,0,1,0,0
9734,731,2,0,0,0,2,0,2025,11,9,9,22,40,4,1,0,0,1,0,0
9735,731,3,0,0,0,3,0,2025,11,9,9,40,18,4,1,0,0,1,0,0
9736,731,4,0,0,0,4,0,2025,11,9,9,57,57,4,1,0,0,1,0,0
9737,731,6,0,0,0,6,0,2025,11,9,10,15,36,4,1,0,0,1,0,0
9738,731,2,0,0,0,2,0,2025,11,9,10,33,13,4,1,0,0,1,0,0
9739,731,3,1,0,0,4,0,2025,11,9,10,50,49,4,1,0,0,1,0,0
9740,731,2,0,0,0,2,0,2025,11,9,11,8,25,4,1,0,0,1,0,0
9741,731,6,2,0,0,8,0,2025,11,9,11,26,3,4,1,0,0,1,0,0
9742,731,3,0,0,0,3,0,2025,11,9,11,43,48,4,1,0,0,1,0,0
9743,731,3,0,0,0,3,0,2025,11,9,12,1,26,4,1,0,0,0,0,1
9744,731,12,0,0,0,12,0,2025,11,9,12,19,4,4,1,0,0,0,0,1
9745,731,7,1,0,0,8,0,2025,11,9,12,36,43,4,1,0,0,0,0,1
9746,731,10,0,0,0,10,0,2025,11,9,12,54,24,4,1,0,0,0,0,1
9747,731,13,0,0,0,13,0,2025,11,9,15,20,17,4,1,0,0,0,0,1
9748,731,9,1,0,0,10,0,2025,11,9,15,37,57,4,1,0,0,0,0,1
9749,731,6,0,0,0,6,0,2025,11,9,15,55,36,4,1,0,0,0,0,1
9750,731,5,1,0,0,6,0,2025,11,9,16,13,16,4,1,0,0,0,0,1
9751,731,19,1,0,0,20,1,2025,11,9,16,30,55,4,1,0,0,0,0,1
9752,731,16,0,0,0,16,1,2025,11,9,16,48,31,4,1,0,0,0,0,1
9753,731,14,0,0,0,14,1,2025,11,9,17,6,7,4,1,0,0,0,0,1
9754,731,14,0,0,0,14,1,2025,11,9,17,23,46,4,1,0,0,0,0,1
9755,731,15,1,0,0,16,1,2025,11,9,17,41,25,4,1,0,0,0,0,1
9756,731,9,0,0,0,9,0,2025,11,9,17,59,4,4,1,0,0,0,0,1
9757,731,12,1,0,0,13,0,2025,11,9,18,16,41,4,1,0,0,0,1,0
9758,731,4,0,0,0,4,0,2025,11,9,18,34,20,4,1,0,0,0,1,0
9759,731,1,0,0,0,1,0,2025,11,9,18,51,56,4,1,0,0,0,1,0
9760,731,6,0,0,0,6,0,2025,11,9,19,9,33,4,1,0,0,0,1,0
9761,731,1,0,0,0,1,0,2025,11,9,19,27,11,4,1,0,0,0,1,0
9762,731,1,0,0,0,1,0,2025,11,9,19,44,47,4,1,0,0,0,1,0
9763,731,20,7,1,0,28,2,2025,11,11,7,59,36,4,1,0,0,1,0,0
9764,731,28,8,1,0,37,2,2025,11,11,8,17,10,4,1,0,0,1,0,0
9765,731,29,4,0,0,33,2,2025,11,11,8,34,44,4,1,0,0,1,0,0
9766,731,25,6,0,0,31,2,2025,11,11,8,52,20,4,1,0,0,1,0,0
9767,731,22,7,0,0,29,1,2025,11,11,9,9,56,4,1,0,0,1,0,0
9768,731,25,3,1,0,29,2,2025,11,11,9,27,32,4,1,0,0,1,0,0
9769,731,13,4,0,0,17,1,2025,11,11,14,34,53,4,1,0,0,0,0,1
9770,731,18,2,0,0,20,1,2025,11,11,14,52,33,4,1,0,0,0,0,1
9771,731,11,0,0,0,11,0,2025,11,11,15,10,12,4,1,0,0,0,0,1
9772,731,16,0,0,0,16,1,2025,11,11,15,27,54,4,1,0,0,0,0,1
9773,731,9,1,0,0,10,0,2025,11,11,15,45,37,4,1,0,0,0,0,1
9774,731,14,5,0,0,19,1,2025,11,11,16,3,15,4,1,0,0,0,0,1
9775,731,12,0,0,0,12,1,2025,11,11,17,48,0,4,1,0,0,0,0,1
9776,731,26,1,0,0,27,1,2025,11,11,18,5,37,4,1,0,0,0,1,0
9777,731,20,0,0,0,20,1,2025,11,11,18,23,12,4,1,0,0,0,1,0
9778,731,17,2,0,0,19,1,2025,11,11,18,40,50,4,1,0,0,0,1,0
9779,731,16,1,0,0,17,1,2025,11,11,18,58,28,4,1,0,0,0,1,0
9780,731,8,2,0,0,10,1,2025,11,11,19,16,6,4,1,0,0,0,1,0
9781,731,3,0,0,0,3,0,2025,11,11,19,33,42,4,1,0,0,0,1,0
9782,731,3,0,0,0,3,0,2025,11,11,19,51,24,4,1,0,0,0,1,0
9783,731,14,1,0,0,15,1,2025,11,12,8,37,17,4,1,0,0,1,0,0
9784,731,18,2,0,0,20,1,2025,11,12,8,55,1,4,1,0,0,1,0,0
9785,731,6,2,0,0,8,1,2025,11,12,9,12,43,4,1,0,0,1,0,0
9786,731,11,0,0,0,11,1,2025,11,12,9,30,40,4,1,0,0,1,0,0
9787,731,9,3,0,0,12,1,2025,11,12,12,35,13,4,1,0,0,0,0,1
9788,731,17,5,0,0,22,1,2025,11,14,9,7,15,4,1,0,0,1,0,0
9789,731,17,4,1,0,22,2,2025,11,14,9,24,54,4,1,0,0,1,0,0
9790,731,20,2,2,0,24,1,2025,11,14,9,42,36,4,1,0,0,1,0,0
9791,731,10,10,0,0,20,2,2025,11,14,10,0,14,4,1,0,0,1,0,0
9792,731,11,5,0,0,16,2,2025,11,14,10,17,53,4,1,0,0,1,0,0
9793,731,9,5,0,0,14,1,2025,11,14,10,35,34,4,1,0,0,1,0,0
9794,731,6,0,0,0,6,0,2025,11,15,9,51,29,4,1,0,0,1,0,0
9795,731,6,0,0,0,6,0,2025,11,15,10,9,10,4,1,0,0,1,0,0
9796,731,0,0,0,0,0,0,2025,11,17,12,52,10,4,1,0,0,0,0,1
9797,731,0,0,0,0,0,0,2025,11,17,13,9,49,4,1,0,0,0,0,1
9798,771,33,4,2,0,39,2,2025,10,27,8,27,12,42,1,0,0,1,0,0
9799,771,24,5,2,0,31,2,2025,10,27,8,44,56,42,1,0,0,1,0,0
9800,771,25,7,0,0,32,2,2025,10,27,9,2,37,42,1,0,0,1,0,0
9801,771,14,8,0,0,22,2,2025,10,27,9,20,16,42,1,0,0,1,0,0
9802,771,11,5,0,0,16,1,2025,10,27,9,37,59,42,1,0,0,1,0,0
9803,771,16,4,1,0,21,1,2025,10,27,9,55,40,42,1,0,0,1,0,0
9804,771,17,5,1,0,23,2,2025,10,27,10,13,27,42,1,0,0,1,0,0
9805,771,12,1,0,0,13,1,2025,10,27,10,31,14,42,1,0,0,1,0,0
9806,771,23,2,0,0,25,1,2025,10,27,12,40,16,42,1,0,0,0,0,1
9807,771,30,0,0,0,30,1,2025,10,27,12,57,59,42,1,0,0,0,0,1
9808,771,26,1,0,0,27,1,2025,10,27,13,15,45,42,1,0,0,0,0,1
9809,771,23,2,1,0,26,1,2025,10,27,13,20,52,42,1,0,0,0,0,1
9810,771,18,2,1,0,21,1,2025,10,27,13,57,16,42,1,0,0,0,0,1
9811,771,28,2,0,0,30,1,2025,10,27,14,55,35,42,1,0,0,0,0,1
9812,771,22,1,2,0,25,1,2025,10,27,15,13,21,42,1,0,0,0,0,1
9813,771,24,4,0,0,28,1,2025,10,27,15,31,7,42,1,0,0,0,0,1
9814,771,25,0,0,0,25,1,2025,10,27,15,48,55,42,1,0,0,0,0,1
9815,771,26,5,0,0,31,1,2025,10,27,18,2,58,42,1,0,0,0,1,0
9816,771,29,1,0,0,30,2,2025,10,27,18,20,34,42,1,0,0,0,1,0
9817,771,7,3,0,0,10,1,2025,10,27,18,38,11,42,1,0,0,0,1,0
9818,771,15,1,1,0,17,1,2025,10,28,7,56,25,42,1,0,0,1,0,0
9819,771,20,1,1,0,22,1,2025,10,28,8,14,2,42,1,0,0,1,0,0
9820,771,18,2,1,0,21,1,2025,10,28,8,31,39,42,1,0,0,1,0,0
9821,771,20,2,0,0,22,0,2025,10,28,8,49,14,42,1,0,0,1,0,0
9822,771,12,0,0,0,12,1,2025,10,28,9,6,50,42,1,0,0,1,0,0
9823,771,13,2,0,0,15,1,2025,10,28,9,24,26,42,1,0,0,1,0,0
9824,771,14,2,1,0,17,1,2025,10,28,9,42,4,42,1,0,0,1,0,0
9825,771,18,3,0,0,21,0,2025,10,28,13,27,51,42,1,0,0,0,0,1
9826,771,15,3,0,0,18,1,2025,10,28,14,45,44,42,1,0,0,0,0,1
9827,771,18,2,1,0,21,2,2025,10,28,15,3,26,42,1,0,0,0,0,1
9828,771,15,3,0,0,18,1,2025,10,28,15,21,11,42,1,0,0,0,0,1
9829,771,18,0,0,0,18,1,2025,10,28,15,39,0,42,1,0,0,0,0,1
9830,771,16,2,1,0,19,1,2025,10,28,15,56,44,42,1,0,0,0,0,1
9831,771,26,4,1,0,31,2,2025,10,28,17,49,6,42,1,0,0,0,0,1
9832,771,31,3,0,0,34,1,2025,10,28,18,6,41,42,1,0,0,0,1,0
9833,771,31,2,1,0,34,2,2025,10,28,18,24,21,42,1,0,0,0,1,0
9834,771,22,2,1,0,25,1,2025,10,28,18,42,1,42,1,0,0,0,1,0
9835,771,17,1,2,0,20,1,2025,10,28,18,59,39,42,1,0,0,0,1,0
9836,771,19,2,1,0,22,1,2025,10,28,19,17,17,42,1,0,0,0,1,0
9837,771,16,1,2,0,19,1,2025,10,28,19,34,54,42,1,0,0,0,1,0
9838,771,19,0,1,0,20,1,2025,10,28,19,52,33,42,1,0,0,0,1,0
9839,771,25,3,1,0,29,2,2025,10,29,8,23,44,42,1,0,0,1,0,0
9840,771,21,3,1,0,25,2,2025,10,29,8,41,21,42,1,0,0,1,0,0
9841,771,28,4,4,0,36,1,2025,10,29,8,58,57,42,1,0,0,1,0,0
9842,771,29,3,3,0,35,1,2025,10,29,9,16,32,42,1,0,0,1,0,0
9843,771,24,4,1,0,29,1,2025,10,29,9,34,8,42,1,0,0,1,0,0
9844,771,19,3,3,0,25,2,2025,10,29,9,51,45,42,1,0,0,1,0,0
9845,771,22,2,1,0,25,1,2025,10,29,10,9,22,42,1,0,0,1,0,0
9846,771,20,3,1,0,24,1,2025,10,29,10,27,1,42,1,0,0,1,0,0
9847,771,32,2,0,0,34,1,2025,10,29,10,44,39,42,1,0,0,1,0,0
9848,771,26,3,1,0,30,1,2025,10,29,12,33,31,42,1,0,0,0,0,1
9849,771,26,2,2,0,30,1,2025,10,29,12,51,13,42,1,0,0,0,0,1
9850,771,24,2,0,0,26,1,2025,10,29,13,8,56,42,1,0,0,0,0,1
9851,771,26,1,0,0,27,1,2025,10,29,13,26,43,42,1,0,0,0,0,1
9852,771,16,1,2,0,19,2,2025,10,29,13,44,24,42,1,0,0,0,0,1
9853,771,22,2,0,0,24,1,2025,10,29,14,44,10,42,1,0,0,0,0,1
9854,771,25,1,0,0,26,1,2025,10,29,15,1,52,42,1,0,0,0,0,1
9855,771,28,2,2,0,32,2,2025,10,29,15,19,38,42,1,0,0,0,0,1
9856,771,25,1,2,0,28,1,2025,10,29,15,37,18,42,1,0,0,0,0,1
9857,771,21,2,1,0,24,1,2025,10,29,15,54,58,42,1,0,0,0,0,1
9858,771,21,5,2,0,28,2,2025,10,30,8,20,35,42,1,0,0,1,0,0
9859,771,25,3,0,0,28,1,2025,10,30,8,38,17,42,1,0,0,1,0,0
9860,771,21,4,3,0,28,2,2025,10,30,8,56,0,42,1,0,0,1,0,0
9861,771,30,2,1,0,33,2,2025,10,30,9,13,52,42,1,0,0,1,0,0
9862,771,27,0,0,0,27,1,2025,10,30,9,31,53,42,1,0,0,1,0,0
9863,771,16,5,1,0,22,2,2025,10,30,9,49,52,42,1,0,0,1,0,0
9864,771,19,1,0,0,20,1,2025,10,30,10,7,42,42,1,0,0,1,0,0
9865,771,22,6,1,0,29,1,2025,10,30,10,25,31,42,1,0,0,1,0,0
9866,771,14,6,2,0,22,1,2025,10,30,10,43,14,42,1,0,0,1,0,0
9867,771,15,5,1,0,21,2,2025,10,30,12,29,47,42,1,0,0,0,0,1
9868,771,19,4,2,0,25,1,2025,10,30,12,47,18,42,1,0,0,0,0,1
9869,771,19,4,2,0,25,2,2025,10,30,13,5,2,42,1,0,0,0,0,1
9870,771,21,3,1,0,25,1,2025,10,30,13,22,48,42,1,0,0,0,0,1
9871,771,23,3,0,0,26,1,2025,10,30,13,40,34,42,1,0,0,0,0,1
9872,771,18,2,2,0,22,1,2025,10,30,13,58,20,42,1,0,0,0,0,1
9873,771,25,2,1,0,28,2,2025,10,30,14,57,21,42,1,0,0,0,0,1
9874,771,27,1,0,0,28,1,2025,10,30,15,15,15,42,1,0,0,0,0,1
9875,771,23,1,1,0,25,1,2025,10,30,15,32,59,42,1,0,0,0,0,1
9876,771,26,2,0,0,28,1,2025,10,30,15,57,44,42,1,0,0,0,0,1
9877,771,26,1,1,0,28,2,2025,10,30,16,15,31,42,1,0,0,0,0,1
9878,771,18,0,0,0,18,1,2025,10,30,22,45,47,42,1,0,0,0,1,0
9879,771,23,2,2,0,27,2,2025,10,31,8,25,16,42,1,0,0,1,0,0
9880,771,21,2,0,0,23,1,2025,10,31,8,43,0,42,1,0,0,1,0,0
9881,771,21,3,1,0,25,1,2025,10,31,9,0,48,42,1,0,0,1,0,0
9882,771,18,6,1,0,25,1,2025,10,31,9,18,34,42,1,0,0,1,0,0
9883,771,25,2,1,0,28,2,2025,10,31,9,44,12,42,1,0,0,1,0,0
9884,771,25,1,2,0,28,1,2025,10,31,10,1,53,42,1,0,0,1,0,0
9885,771,21,2,1,0,24,1,2025,10,31,10,19,37,42,1,0,0,1,0,0
9886,771,26,0,1,0,27,1,2025,10,31,10,37,18,42,1,0,0,1,0,0
9887,771,24,1,0,0,25,1,2025,10,31,15,3,39,42,1,0,0,0,0,1
9888,771,23,2,1,0,26,2,2025,10,31,15,21,31,42,1,0,0,0,0,1
9889,771,31,4,0,0,35,2,2025,10,31,15,39,24,42,1,0,0,0,0,1
9890,771,23,3,1,0,27,1,2025,10,31,15,57,14,42,1,0,0,0,0,1
9891,771,27,1,0,0,28,1,2025,11,1,8,54,51,42,1,0,0,1,0,0
9892,771,35,3,0,0,38,2,2025,11,1,9,12,37,42,1,0,0,1,0,0
9893,771,28,2,1,0,31,2,2025,11,1,9,30,31,42,1,0,0,1,0,0
9894,771,25,2,0,0,27,2,2025,11,1,9,48,18,42,1,0,0,1,0,0
9895,771,30,2,1,0,33,2,2025,11,1,10,6,8,42,1,0,0,1,0,0
9896,771,36,1,0,0,37,2,2025,11,1,10,23,53,42,1,0,0,1,0,0
9897,771,34,0,1,0,35,2,2025,11,1,10,41,38,42,1,0,0,1,0,0
9898,771,26,1,0,0,27,1,2025,11,1,10,59,33,42,1,0,0,1,0,0
9899,771,21,2,1,0,24,1,2025,11,1,11,17,20,42,1,0,0,1,0,0
9900,771,25,4,1,0,30,1,2025,11,1,11,35,2,42,1,0,0,1,0,0
9901,771,27,2,0,0,29,1,2025,11,1,11,52,45,42,1,0,0,1,0,0
9902,771,20,0,0,0,20,1,2025,11,1,12,10,40,42,1,0,0,0,0,1
9903,771,21,1,0,0,22,1,2025,11,1,12,28,26,42,1,0,0,0,0,1
9904,771,15,1,0,0,16,1,2025,11,1,12,46,17,42,1,0,0,0,0,1
9905,771,14,2,0,0,16,1,2025,11,1,13,4,15,42,1,0,0,0,0,1
9906,771,23,0,0,0,23,1,2025,11,1,13,22,1,42,1,0,0,0,0,1
9907,771,19,0,0,0,19,1,2025,11,1,13,39,47,42,1,0,0,0,0,1
9908,771,18,0,0,0,18,0,2025,11,1,13,57,37,42,1,0,0,0,0,1
9909,771,15,0,0,0,15,0,2025,11,1,14,15,28,42,1,0,0,0,0,1
9910,771,19,1,0,0,20,1,2025,11,1,14,33,31,42,1,0,0,0,0,1
9911,771,9,2,0,0,11,0,2025,11,1,14,51,36,42,1,0,0,0,0,1
9912,771,14,1,0,0,15,0,2025,11,1,15,9,33,42,1,0,0,0,0,1
9913,771,16,1,0,0,17,0,2025,11,1,15,27,20,42,1,0,0,0,0,1
9914,771,12,0,0,0,12,0,2025,11,1,15,45,11,42,1,0,0,0,0,1
9915,771,10,0,1,0,11,1,2025,11,1,16,3,6,42,1,0,0,0,0,1
9916,771,14,0,0,0,14,0,2025,11,1,16,20,55,42,1,0,0,0,0,1
9917,771,13,1,0,0,14,0,2025,11,1,16,38,44,42,1,0,0,0,0,1
9918,771,11,2,0,0,13,0,2025,11,1,16,56,41,42,1,0,0,0,0,1
9919,771,15,3,0,0,18,1,2025,11,1,17,14,39,42,1,0,0,0,0,1
9920,771,15,0,0,0,15,0,2025,11,1,17,32,26,42,1,0,0,0,0,1
9921,771,19,0,0,0,19,1,2025,11,1,17,50,21,42,1,0,0,0,0,1
9922,771,13,1,0,0,14,0,2025,11,1,18,8,11,42,1,0,0,0,1,0
9923,771,13,0,0,0,13,0,2025,11,1,18,27,0,42,1,0,0,0,1,0
9924,771,2,0,0,0,2,0,2025,11,1,18,44,55,42,1,0,0,0,1,0
9925,771,8,0,0,0,8,0,2025,11,1,19,2,42,42,1,0,0,0,1,0
9926,771,9,1,0,0,10,1,2025,11,1,19,37,19,42,1,0,0,0,1,0
9927,771,11,2,0,0,13,0,2025,11,2,10,16,49,42,1,0,0,1,0,0
9928,771,13,0,1,0,14,1,2025,11,2,10,34,34,42,1,0,0,1,0,0
9929,771,8,0,0,0,8,0,2025,11,2,10,52,28,42,1,0,0,1,0,0
9930,771,15,1,1,0,17,1,2025,11,2,11,10,11,42,1,0,0,1,0,0
9931,771,8,0,0,0,8,0,2025,11,2,11,28,8,42,1,0,0,1,0,0
9932,771,16,0,0,0,16,1,2025,11,2,12,11,24,42,1,0,0,0,0,1
9933,771,18,0,0,0,18,0,2025,11,2,12,29,10,42,1,0,0,0,0,1
9934,771,17,1,0,0,18,1,2025,11,2,12,46,59,42,1,0,0,0,0,1
9935,771,14,0,0,0,14,1,2025,11,2,13,4,44,42,1,0,0,0,0,1
9936,771,17,0,0,0,17,1,2025,11,2,13,22,23,42,1,0,0,0,0,1
9937,771,19,1,1,0,21,1,2025,11,2,13,40,2,42,1,0,0,0,0,1
9938,771,18,2,0,0,20,1,2025,11,2,13,57,41,42,1,0,0,0,0,1
9939,771,19,0,0,0,19,1,2025,11,2,14,15,20,42,1,0,0,0,0,1
9940,771,12,0,0,0,12,0,2025,11,2,14,32,57,42,1,0,0,0,0,1
9941,771,11,1,0,0,12,0,2025,11,2,14,50,32,42,1,0,0,0,0,1
9942,771,12,1,1,0,14,1,2025,11,2,15,51,5,42,1,0,0,0,0,1
9943,771,10,0,0,0,10,0,2025,11,2,16,8,42,42,1,0,0,0,0,1
9944,771,3,0,0,0,3,0,2025,11,2,16,26,21,42,1,0,0,0,0,1
9945,771,5,0,1,0,6,0,2025,11,2,16,44,0,42,1,0,0,0,0,1
9946,771,10,2,0,0,12,1,2025,11,3,8,9,18,42,1,0,0,1,0,0
9947,771,7,3,0,0,10,0,2025,11,3,8,26,54,42,1,0,0,1,0,0
9948,771,4,1,0,0,5,0,2025,11,3,8,44,32,42,1,0,0,1,0,0
9949,771,9,1,0,0,10,0,2025,11,3,9,2,10,42,1,0,0,1,0,0
9950,771,13,0,0,0,13,0,2025,11,3,9,19,46,42,1,0,0,1,0,0
9951,771,9,1,0,0,10,0,2025,11,3,9,37,23,42,1,0,0,1,0,0
9952,771,25,2,0,0,27,2,2025,11,4,8,9,35,42,1,0,0,1,0,0
9953,771,25,0,2,0,27,1,2025,11,4,8,27,12,42,1,0,0,1,0,0
9954,771,14,4,1,0,19,2,2025,11,4,8,44,48,42,1,0,0,1,0,0
9955,771,22,3,1,0,26,1,2025,11,4,9,2,24,42,1,0,0,1,0,0
9956,771,27,4,2,0,33,1,2025,11,4,9,20,1,42,1,0,0,1,0,0
9957,771,27,1,1,0,29,1,2025,11,4,9,37,40,42,1,0,0,1,0,0
9958,771,30,1,0,0,31,1,2025,11,4,12,8,52,42,1,0,0,0,0,1
9959,771,26,3,1,0,30,2,2025,11,4,12,37,14,42,1,0,0,0,0,1
9960,771,22,0,0,0,22,1,2025,11,4,12,54,54,42,1,0,0,0,0,1
9961,771,22,0,0,0,22,1,2025,11,4,13,4,20,42,1,0,0,0,0,1
9962,771,17,5,0,0,22,2,2025,11,4,13,21,59,42,1,0,0,0,0,1
9963,771,22,2,0,0,24,1,2025,11,4,13,39,39,42,1,0,0,0,0,1
9964,771,12,6,2,0,20,2,2025,11,4,14,34,1,42,1,0,0,0,0,1
9965,771,16,5,4,0,25,3,2025,11,4,14,51,40,42,1,0,0,0,0,1
9966,771,18,1,1,0,20,2,2025,11,4,15,9,22,42,1,0,0,0,0,1
9967,771,21,2,2,0,25,2,2025,11,4,15,27,10,42,1,0,0,0,0,1
9968,771,15,1,1,0,17,1,2025,11,4,15,45,10,42,1,0,0,0,0,1
9969,771,24,1,1,0,26,1,2025,11,4,16,2,52,42,1,0,0,0,0,1
9970,771,27,2,0,0,29,1,2025,11,4,18,0,8,42,1,0,0,0,1,0
9971,771,26,1,1,0,28,2,2025,11,4,18,17,46,42,1,0,0,0,1,0
9972,771,27,0,1,0,28,2,2025,11,4,18,35,23,42,1,0,0,0,1,0
9973,771,11,2,1,0,14,1,2025,11,4,18,53,2,42,1,0,0,0,1,0
9974,771,15,1,0,0,16,1,2025,11,4,19,10,40,42,1,0,0,0,1,0
9975,771,19,1,0,0,20,1,2025,11,4,19,28,18,42,1,0,0,0,1,0
9976,771,14,1,0,0,15,1,2025,11,4,19,45,57,42,1,0,0,0,1,0
9977,771,14,1,0,0,15,1,2025,11,4,20,3,33,42,1,0,0,0,1,0
9978,771,15,0,1,0,16,1,2025,11,4,20,21,10,42,1,0,0,0,1,0
9979,771,17,1,0,0,18,1,2025,11,4,20,38,48,42,1,0,0,0,1,0
9980,771,18,2,0,0,20,2,2025,11,5,7,51,23,42,1,0,0,1,0,0
9981,771,21,5,2,0,28,2,2025,11,5,8,8,59,42,1,0,0,1,0,0
9982,771,28,2,3,0,33,2,2025,11,5,8,26,37,42,1,0,0,1,0,0
9983,771,22,3,0,0,25,1,2025,11,5,8,44,13,42,1,0,0,1,0,0
9984,771,15,4,0,0,19,1,2025,11,5,9,1,50,42,1,0,0,1,0,0
9985,771,13,5,0,0,18,1,2025,11,5,9,19,26,42,1,0,0,1,0,0
9986,771,20,6,0,0,26,2,2025,11,5,9,37,2,42,1,0,0,1,0,0
9987,771,21,1,0,0,22,1,2025,11,5,9,54,39,42,1,0,0,1,0,0
9988,771,20,2,1,0,23,2,2025,11,5,10,12,15,42,1,0,0,1,0,0
9989,771,20,2,1,0,23,2,2025,11,5,10,29,54,42,1,0,0,1,0,0
9990,771,16,7,0,0,23,2,2025,11,5,10,47,29,42,1,0,0,1,0,0
9991,771,23,9,3,0,35,2,2025,11,5,12,44,8,42,1,0,0,0,0,1
9992,771,32,5,2,0,39,2,2025,11,5,13,1,48,42,1,0,0,0,0,1
9993,771,28,6,4,0,38,2,2025,11,5,13,19,28,42,1,0,0,0,0,1
9994,771,26,6,1,0,33,2,2025,11,5,13,37,9,42,1,0,0,0,0,1
9995,771,28,5,0,0,33,2,2025,11,5,13,54,52,42,1,0,0,0,0,1
9996,771,31,7,0,0,38,2,2025,11,5,14,46,43,42,1,0,0,0,0,1
9997,771,29,5,0,0,34,2,2025,11,5,15,4,23,42,1,0,0,0,0,1
9998,771,28,7,0,0,35,2,2025,11,5,15,22,3,42,1,0,0,0,0,1
9999,771,37,4,1,0,42,2,2025,11,5,15,39,45,42,1,0,0,0,0,1
10000,771,36,7,3,0,46,2,2025,11,5,15,57,28,42,1,0,0,0,0,1
10001,771,24,4,0,0,28,2,2025,11,6,7,50,50,42,1,0,0,1,0,0
10002,771,18,5,0,0,23,3,2025,11,6,8,8,30,42,1,0,0,1,0,0
10003,771,18,3,1,0,22,1,2025,11,6,8,26,14,42,1,0,0,1,0,0
10004,771,16,4,2,0,22,1,2025,11,6,8,44,45,42,1,0,0,1,0,0
10005,771,19,1,3,0,23,1,2025,11,6,9,2,26,42,1,0,0,1,0,0
10006,771,16,3,1,0,20,1,2025,11,6,9,20,8,42,1,0,0,1,0,0
10007,771,13,9,2,0,24,2,2025,11,6,9,37,49,42,1,0,0,1,0,0
10008,771,20,3,3,0,26,2,2025,11,6,9,55,36,42,1,0,0,1,0,0
10009,771,20,3,0,0,23,2,2025,11,6,10,13,28,42,1,0,0,1,0,0
10010,771,9,9,0,0,18,2,2025,11,6,10,31,16,42,1,0,0,1,0,0
10011,771,13,10,0,0,23,2,2025,11,6,12,31,7,42,1,0,0,0,0,1
10012,771,29,2,2,0,33,2,2025,11,6,12,48,47,42,1,0,0,0,0,1
10013,771,20,6,0,0,26,2,2025,11,6,13,6,28,42,1,0,0,0,0,1
10014,771,20,5,1,0,26,2,2025,11,6,13,39,47,42,1,0,0,0,0,1
10015,771,17,4,0,0,21,2,2025,11,6,13,57,30,42,1,0,0,0,0,1
10016,771,23,5,0,0,28,2,2025,11,7,9,38,43,42,1,0,0,1,0,0
10017,771,29,5,1,0,35,2,2025,11,7,10,13,58,42,1,0,0,1,0,0
10018,771,27,5,1,0,33,2,2025,11,7,10,31,37,42,1,0,0,1,0,0
10019,771,25,4,1,0,30,2,2025,11,7,13,14,28,42,1,0,0,0,0,1
10020,771,19,5,0,0,24,2,2025,11,7,13,32,8,42,1,0,0,0,0,1
10021,771,19,2,1,0,22,1,2025,11,7,13,49,46,42,1,0,0,0,0,1
10022,771,25,2,1,0,28,1,2025,11,7,15,37,21,42,1,0,0,0,0,1
10023,771,25,1,1,0,27,1,2025,11,7,15,55,2,42,1,0,0,0,0,1
10024,771,18,2,0,0,20,1,2025,11,8,7,54,50,42,1,0,0,1,0,0
10025,771,15,2,1,0,18,1,2025,11,8,8,12,30,42,1,0,0,1,0,0
10026,771,21,2,0,0,23,1,2025,11,8,8,30,10,42,1,0,0,1,0,0
10027,771,17,2,0,0,19,1,2025,11,8,8,47,47,42,1,0,0,1,0,0
10028,771,19,1,1,0,21,1,2025,11,8,9,52,26,42,1,0,0,1,0,0
10029,771,15,2,0,0,17,1,2025,11,8,10,31,53,42,1,0,0,1,0,0
10030,771,17,2,0,0,19,1,2025,11,8,10,49,30,42,1,0,0,1,0,0
10031,771,18,1,0,0,19,1,2025,11,8,11,7,8,42,1,0,0,1,0,0
10032,771,17,1,0,0,18,1,2025,11,8,11,24,48,42,1,0,0,1,0,0
10033,771,21,2,0,0,23,1,2025,11,8,11,42,27,42,1,0,0,1,0,0
10034,771,23,1,0,0,24,1,2025,11,8,12,0,8,42,1,0,0,0,0,1
10035,771,23,2,1,0,26,1,2025,11,8,12,17,44,42,1,0,0,0,0,1
10036,771,16,1,0,0,17,1,2025,11,8,12,35,18,42,1,0,0,0,0,1
10037,771,17,4,2,0,23,1,2025,11,8,12,52,55,42,1,0,0,0,0,1
10038,771,22,2,0,0,24,1,2025,11,8,13,10,32,42,1,0,0,0,0,1
10039,771,25,1,1,0,27,1,2025,11,8,13,28,8,42,1,0,0,0,0,1
10040,771,20,1,0,0,21,1,2025,11,8,13,45,46,42,1,0,0,0,0,1
10041,771,27,1,0,0,28,1,2025,11,8,14,3,24,42,1,0,0,0,0,1
10042,771,26,1,0,0,27,1,2025,11,8,14,21,0,42,1,0,0,0,0,1
10043,771,28,2,0,0,30,1,2025,11,8,14,38,37,42,1,0,0,0,0,1
10044,771,14,1,0,0,15,1,2025,11,8,15,34,21,42,1,0,0,0,0,1
10045,771,19,1,2,0,22,3,2025,11,8,15,51,59,42,1,0,0,0,0,1
10046,771,15,3,0,0,18,2,2025,11,8,16,9,39,42,1,0,0,0,0,1
10047,771,13,0,0,0,13,2,2025,11,8,16,27,18,42,1,0,0,0,0,1
10048,771,7,0,0,0,7,1,2025,11,8,16,44,59,42,1,0,0,0,0,1
10049,771,12,0,0,0,12,2,2025,11,8,17,2,37,42,1,0,0,0,0,1
10050,771,22,1,0,0,23,2,2025,11,8,18,55,24,42,1,0,0,0,1,0
10051,771,21,1,1,0,23,2,2025,11,8,19,13,3,42,1,0,0,0,1,0
10052,771,21,0,0,0,21,2,2025,11,8,19,30,42,42,1,0,0,0,1,0
10053,771,10,0,1,0,11,1,2025,11,8,19,48,19,42,1,0,0,0,1,0
10054,771,6,2,0,0,8,0,2025,11,9,8,29,48,42,1,0,0,1,0,0
10055,771,12,2,0,0,14,0,2025,11,9,8,47,26,42,1,0,0,1,0,0
10056,771,11,2,0,0,13,0,2025,11,9,9,5,2,42,1,0,0,1,0,0
10057,771,11,1,0,0,12,1,2025,11,9,9,22,39,42,1,0,0,1,0,0
10058,771,16,2,0,0,18,1,2025,11,9,9,40,17,42,1,0,0,1,0,0
10059,771,17,2,0,0,19,1,2025,11,9,9,57,56,42,1,0,0,1,0,0
10060,771,14,1,0,0,15,1,2025,11,9,10,15,35,42,1,0,0,1,0,0
10061,771,16,2,0,0,18,1,2025,11,9,10,33,13,42,1,0,0,1,0,0
10062,771,18,2,0,0,20,1,2025,11,9,10,50,48,42,1,0,0,1,0,0
10063,771,14,2,1,0,17,1,2025,11,9,11,8,24,42,1,0,0,1,0,0
10064,771,20,1,0,0,21,1,2025,11,9,11,26,2,42,1,0,0,1,0,0
10065,771,26,1,0,0,27,1,2025,11,9,11,43,46,42,1,0,0,1,0,0
10066,771,20,2,0,0,22,1,2025,11,9,12,1,25,42,1,0,0,0,0,1
10067,771,21,1,0,0,22,1,2025,11,9,12,19,3,42,1,0,0,0,0,1
10068,771,28,1,0,0,29,1,2025,11,9,12,36,42,42,1,0,0,0,0,1
10069,771,29,3,2,0,34,2,2025,11,9,12,54,23,42,1,0,0,0,0,1
10070,771,22,0,0,0,22,1,2025,11,9,15,20,16,42,1,0,0,0,0,1
10071,771,27,4,0,0,31,1,2025,11,9,15,37,55,42,1,0,0,0,0,1
10072,771,19,1,0,0,20,1,2025,11,9,15,55,35,42,1,0,0,0,0,1
10073,771,25,0,1,0,26,1,2025,11,9,16,13,14,42,1,0,0,0,0,1
10074,771,26,0,0,0,26,1,2025,11,9,16,30,54,42,1,0,0,0,0,1
10075,771,25,0,0,0,25,1,2025,11,9,16,48,30,42,1,0,0,0,0,1
10076,771,25,3,0,0,28,2,2025,11,9,17,6,6,42,1,0,0,0,0,1
10077,771,40,0,0,0,40,2,2025,11,9,17,23,45,42,1,0,0,0,0,1
10078,771,33,1,1,0,35,2,2025,11,9,17,41,23,42,1,0,0,0,0,1
10079,771,43,3,1,0,47,2,2025,11,9,17,59,3,42,1,0,0,0,0,1
10080,771,36,1,0,0,37,2,2025,11,9,18,16,40,42,1,0,0,0,1,0
10081,771,24,1,0,0,25,2,2025,11,9,18,34,18,42,1,0,0,0,1,0
10082,771,24,1,0,0,25,2,2025,11,9,18,51,55,42,1,0,0,0,1,0
10083,771,22,0,0,0,22,2,2025,11,9,19,9,32,42,1,0,0,0,1,0
10084,771,23,2,0,0,25,2,2025,11,9,19,27,10,42,1,0,0,0,1,0
10085,771,26,0,0,0,26,2,2025,11,9,19,44,46,42,1,0,0,0,1,0
10086,771,19,3,1,0,23,1,2025,11,11,7,59,36,42,1,0,0,1,0,0
10087,771,19,2,2,0,23,1,2025,11,11,8,17,10,42,1,0,0,1,0,0
10088,771,16,3,1,0,20,1,2025,11,11,8,34,44,42,1,0,0,1,0,0
10089,771,25,1,0,0,26,1,2025,11,11,8,52,19,42,1,0,0,1,0,0
10090,771,25,1,1,0,27,1,2025,11,11,9,9,55,42,1,0,0,1,0,0
10091,771,23,2,0,0,25,1,2025,11,11,9,27,31,42,1,0,0,1,0,0
10092,771,17,4,2,0,23,2,2025,11,11,14,34,52,42,1,0,0,0,0,1
10093,771,25,2,2,0,29,1,2025,11,11,14,52,31,42,1,0,0,0,0,1
10094,771,26,0,2,0,28,1,2025,11,11,15,10,11,42,1,0,0,0,0,1
10095,771,29,4,2,0,35,2,2025,11,11,15,27,52,42,1,0,0,0,0,1
10096,771,28,3,0,0,31,2,2025,11,11,15,45,36,42,1,0,0,0,0,1
10097,771,21,6,1,0,28,2,2025,11,11,16,3,15,42,1,0,0,0,0,1
10098,771,23,1,0,0,24,1,2025,11,11,17,48,0,42,1,0,0,0,0,1
10099,771,20,5,1,0,26,1,2025,11,11,18,5,36,42,1,0,0,0,1,0
10100,771,21,3,0,0,24,1,2025,11,11,18,23,11,42,1,0,0,0,1,0
10101,771,23,2,0,0,25,1,2025,11,11,18,40,49,42,1,0,0,0,1,0
10102,771,22,3,0,0,25,1,2025,11,11,18,58,27,42,1,0,0,0,1,0
10103,771,8,0,1,0,9,2,2025,11,11,19,16,5,42,1,0,0,0,1,0
10104,771,14,0,0,0,14,1,2025,11,11,19,33,41,42,1,0,0,0,1,0
10105,771,14,1,0,0,15,1,2025,11,11,19,51,24,42,1,0,0,0,1,0
10106,771,21,1,2,0,24,1,2025,11,12,8,37,15,42,1,0,0,1,0,0
10107,771,21,1,2,0,24,1,2025,11,12,8,55,0,42,1,0,0,1,0,0
10108,771,22,2,1,0,25,1,2025,11,12,9,12,42,42,1,0,0,1,0,0
10109,771,17,2,1,0,20,1,2025,11,12,9,30,35,42,1,0,0,1,0,0
10110,771,24,3,0,0,27,1,2025,11,12,12,35,12,42,1,0,0,0,0,1
10111,771,14,4,5,0,23,1,2025,11,14,9,7,15,42,1,0,0,1,0,0
10112,771,22,2,3,0,27,1,2025,11,14,9,24,53,42,1,0,0,1,0,0
10113,771,18,3,3,0,24,1,2025,11,14,9,42,35,42,1,0,0,1,0,0
10114,771,21,4,3,0,28,1,2025,11,14,10,0,13,42,1,0,0,1,0,0
10115,771,27,4,2,0,33,2,2025,11,14,10,17,52,42,1,0,0,1,0,0
10116,771,20,5,1,0,26,1,2025,11,14,10,35,33,42,1,0,0,1,0,0
10117,771,24,2,0,0,26,1,2025,11,15,9,51,27,42,1,0,0,1,0,0
10118,771,28,1,0,0,29,1,2025,11,15,10,9,9,42,1,0,0,1,0,0
10119,771,21,0,0,0,21,1,2025,11,15,10,26,50,42,1,0,0,1,0,0
10120,771,32,3,1,0,36,1,2025,11,15,10,44,37,42,1,0,0,1,0,0
10121,771,25,3,0,0,28,1,2025,11,15,11,2,21,42,1,0,0,1,0,0
10122,771,27,5,0,0,32,2,2025,11,15,11,20,0,42,1,0,0,1,0,0
10123,771,31,5,1,0,37,2,2025,11,15,11,37,41,42,1,0,0,1,0,0
10124,771,17,0,1,0,18,1,2025,11,15,11,55,21,42,1,0,0,1,0,0
10125,771,14,3,0,0,17,2,2025,11,15,12,13,2,42,1,0,0,0,0,1
10126,771,14,4,3,0,21,1,2025,11,15,12,30,42,42,1,0,0,0,0,1
10127,771,30,0,2,0,32,1,2025,11,15,12,48,23,42,1,0,0,0,0,1
10128,771,29,1,0,0,30,1,2025,11,15,13,6,2,42,1,0,0,0,0,1
10129,771,7,1,0,0,8,0,2025,11,16,8,9,25,42,1,0,0,1,0,0
10130,771,9,1,0,0,10,1,2025,11,16,8,27,6,42,1,0,0,1,0,0
10131,771,6,2,0,0,8,1,2025,11,16,8,44,54,42,1,0,0,1,0,0
10132,771,12,2,0,0,14,0,2025,11,16,9,2,35,42,1,0,0,1,0,0
10133,771,18,1,0,0,19,0,2025,11,16,9,20,16,42,1,0,0,1,0,0
10134,771,21,1,0,0,22,1,2025,11,16,9,37,58,42,1,0,0,1,0,0
10135,771,15,1,0,0,16,1,2025,11,16,9,55,39,42,1,0,0,1,0,0
10136,771,23,1,0,0,24,1,2025,11,16,10,13,27,42,1,0,0,1,0,0
10137,771,20,1,0,0,21,1,2025,11,16,10,31,14,42,1,0,0,1,0,0
10138,771,21,2,0,0,23,1,2025,11,16,10,49,7,42,1,0,0,1,0,0
10139,771,21,3,0,0,24,1,2025,11,16,11,6,59,42,1,0,0,1,0,0
10140,771,19,3,0,0,22,1,2025,11,17,8,23,53,42,1,0,0,1,0,0
10141,771,17,3,0,0,20,1,2025,11,17,8,41,37,42,1,0,0,1,0,0
10142,771,15,2,2,0,19,1,2025,11,17,8,59,14,42,1,0,0,1,0,0
10143,771,17,3,0,0,20,1,2025,11,17,9,16,52,42,1,0,0,1,0,0
10144,771,18,1,2,0,21,1,2025,11,17,9,34,32,42,1,0,0,1,0,0
10145,771,23,2,0,0,25,1,2025,11,17,9,52,10,42,1,0,0,1,0,0
10146,771,17,1,2,0,20,1,2025,11,17,10,9,49,42,1,0,0,1,0,0
10147,771,21,2,1,0,24,1,2025,11,17,10,27,31,42,1,0,0,1,0,0
10148,771,24,1,0,0,25,1,2025,11,17,12,34,30,42,1,0,0,0,0,1
10149,771,19,2,3,0,24,1,2025,11,17,12,52,9,42,1,0,0,0,0,1
10150,771,20,3,2,0,25,2,2025,11,17,13,9,48,42,1,0,0,0,0,1
10151,773,27,0,0,0,27,1,2025,10,27,8,27,12,42,1,0,0,1,0,0
10152,773,18,1,0,0,19,1,2025,10,27,8,44,57,42,1,0,0,1,0,0
10153,773,13,1,0,0,14,1,2025,10,27,9,2,37,42,1,0,0,1,0,0
10154,773,11,1,0,0,12,1,2025,10,27,9,20,17,42,1,0,0,1,0,0
10155,773,12,0,0,0,12,1,2025,10,27,9,37,59,42,1,0,0,1,0,0
10156,773,8,2,0,0,10,1,2025,10,27,9,55,41,42,1,0,0,1,0,0
10157,773,14,1,0,0,15,1,2025,10,27,10,13,27,42,1,0,0,1,0,0
10158,773,12,3,0,0,15,1,2025,10,27,10,31,14,42,1,0,0,1,0,0
10159,773,16,2,0,0,18,1,2025,10,27,12,40,16,42,1,0,0,0,0,1
10160,773,13,2,1,0,16,1,2025,10,27,12,57,59,42,1,0,0,0,0,1
10161,773,10,3,2,0,15,1,2025,10,27,13,15,45,42,1,0,0,0,0,1
10162,773,13,0,0,0,13,1,2025,10,27,13,20,52,42,1,0,0,0,0,1
10163,773,13,1,0,0,14,1,2025,10,27,13,57,16,42,1,0,0,0,0,1
10164,773,22,0,0,0,22,0,2025,10,27,14,55,35,42,1,0,0,0,0,1
10165,773,16,0,0,0,16,0,2025,10,27,15,13,21,42,1,0,0,0,0,1
10166,773,10,0,0,0,10,0,2025,10,27,15,31,7,42,1,0,0,0,0,1
10167,773,4,0,0,0,4,0,2025,10,27,15,48,55,42,1,0,0,0,0,1
10168,773,15,2,0,0,17,1,2025,10,27,18,2,59,42,1,0,0,0,1,0
10169,773,21,1,0,0,22,1,2025,10,27,18,20,35,42,1,0,0,0,1,0
10170,773,18,1,1,0,20,0,2025,10,27,18,38,11,42,1,0,0,0,1,0
10171,773,21,3,0,0,24,1,2025,10,28,7,56,26,42,1,0,0,1,0,0
10172,773,31,0,1,0,32,1,2025,10,28,8,14,2,42,1,0,0,1,0,0
10173,773,26,0,0,0,26,1,2025,10,28,8,31,39,42,1,0,0,1,0,0
10174,773,25,3,2,0,30,2,2025,10,28,8,49,15,42,1,0,0,1,0,0
10175,773,20,0,1,0,21,1,2025,10,28,9,6,50,42,1,0,0,1,0,0
10176,773,13,0,0,0,13,0,2025,10,28,9,24,27,42,1,0,0,1,0,0
10177,773,15,3,0,0,18,1,2025,10,28,9,42,5,42,1,0,0,1,0,0
10178,773,18,2,1,0,21,1,2025,10,28,13,27,52,42,1,0,0,0,0,1
10179,773,22,1,0,0,23,1,2025,10,28,14,45,44,42,1,0,0,0,0,1
10180,773,27,1,1,0,29,2,2025,10,28,15,3,26,42,1,0,0,0,0,1
10181,773,31,1,0,0,32,1,2025,10,28,15,21,11,42,1,0,0,0,0,1
10182,773,22,0,1,0,23,1,2025,10,28,15,39,0,42,1,0,0,0,0,1
10183,773,32,3,0,0,35,1,2025,10,28,15,56,44,42,1,0,0,0,0,1
10184,773,22,0,0,0,22,1,2025,10,28,17,49,6,42,1,0,0,0,0,1
10185,773,28,2,0,0,30,1,2025,10,28,18,6,41,42,1,0,0,0,1,0
10186,773,18,1,1,0,20,1,2025,10,28,18,24,22,42,1,0,0,0,1,0
10187,773,16,0,0,0,16,1,2025,10,28,18,42,1,42,1,0,0,0,1,0
10188,773,22,0,0,0,22,1,2025,10,28,18,59,39,42,1,0,0,0,1,0
10189,773,14,0,1,0,15,1,2025,10,28,19,17,17,42,1,0,0,0,1,0
10190,773,8,0,0,0,8,1,2025,10,28,19,34,54,42,1,0,0,0,1,0
10191,773,17,0,0,0,17,1,2025,10,28,19,52,33,42,1,0,0,0,1,0
10192,773,23,1,0,0,24,1,2025,10,29,8,23,44,42,1,0,0,1,0,0
10193,773,23,1,2,0,26,1,2025,10,29,8,41,21,42,1,0,0,1,0,0
10194,773,28,0,0,0,28,1,2025,10,29,8,58,58,42,1,0,0,1,0,0
10195,773,17,2,1,0,20,0,2025,10,29,9,16,32,42,1,0,0,1,0,0
10196,773,28,1,1,0,30,1,2025,10,29,9,34,9,42,1,0,0,1,0,0
10197,773,14,2,0,0,16,1,2025,10,29,9,51,45,42,1,0,0,1,0,0
10198,773,23,1,1,0,25,1,2025,10,29,10,9,23,42,1,0,0,1,0,0
10199,773,13,3,0,0,16,1,2025,10,29,10,27,2,42,1,0,0,1,0,0
10200,773,18,4,2,0,24,1,2025,10,29,10,44,40,42,1,0,0,1,0,0
10201,773,14,3,1,0,18,1,2025,10,29,12,33,31,42,1,0,0,0,0,1
10202,773,15,3,0,0,18,1,2025,10,29,12,51,13,42,1,0,0,0,0,1
10203,773,15,2,0,0,17,0,2025,10,29,13,8,57,42,1,0,0,0,0,1
10204,773,14,5,0,0,19,1,2025,10,29,13,26,44,42,1,0,0,0,0,1
10205,773,26,4,0,0,30,2,2025,10,29,13,44,27,42,1,0,0,0,0,1
10206,773,26,1,0,0,27,1,2025,10,29,14,44,10,42,1,0,0,0,0,1
10207,773,22,2,0,0,24,1,2025,10,29,15,1,52,42,1,0,0,0,0,1
10208,773,23,1,1,0,25,1,2025,10,29,15,19,38,42,1,0,0,0,0,1
10209,773,26,2,0,0,28,1,2025,10,29,15,37,19,42,1,0,0,0,0,1
10210,773,24,1,1,0,26,1,2025,10,29,15,54,58,42,1,0,0,0,0,1
10211,773,18,0,0,0,18,1,2025,10,30,8,20,35,42,1,0,0,1,0,0
10212,773,24,2,1,0,27,1,2025,10,30,8,38,18,42,1,0,0,1,0,0
10213,773,24,0,0,0,24,1,2025,10,30,8,56,1,42,1,0,0,1,0,0
10214,773,8,2,0,0,10,0,2025,10,30,9,13,52,42,1,0,0,1,0,0
10215,773,14,3,0,0,17,1,2025,10,30,9,31,53,42,1,0,0,1,0,0
10216,773,21,2,1,0,24,1,2025,10,30,9,49,52,42,1,0,0,1,0,0
10217,773,14,6,1,0,21,2,2025,10,30,10,7,42,42,1,0,0,1,0,0
10218,773,11,5,1,0,17,1,2025,10,30,10,25,32,42,1,0,0,1,0,0
10219,773,7,1,2,0,10,1,2025,10,30,10,43,14,42,1,0,0,1,0,0
10220,773,17,3,0,0,20,1,2025,10,30,12,29,47,42,1,0,0,0,0,1
10221,773,15,0,0,0,15,1,2025,10,30,12,47,18,42,1,0,0,0,0,1
10222,773,15,4,0,0,19,1,2025,10,30,13,5,3,42,1,0,0,0,0,1
10223,773,13,0,0,0,13,0,2025,10,30,13,22,48,42,1,0,0,0,0,1
10224,773,15,0,0,0,15,0,2025,10,30,13,40,34,42,1,0,0,0,0,1
10225,773,12,0,0,0,12,1,2025,10,30,13,58,20,42,1,0,0,0,0,1
10226,773,25,2,1,0,28,2,2025,10,30,14,57,21,42,1,0,0,0,0,1
10227,773,23,0,2,0,25,1,2025,10,30,15,15,15,42,1,0,0,0,0,1
10228,773,31,1,3,0,35,2,2025,10,30,15,33,0,42,1,0,0,0,0,1
10229,773,22,1,0,0,23,1,2025,10,30,15,57,44,42,1,0,0,0,0,1
10230,773,26,2,0,0,28,1,2025,10,30,16,15,31,42,1,0,0,0,0,1
10231,773,5,1,0,0,6,0,2025,10,30,22,45,47,42,1,0,0,0,1,0
10232,773,18,0,0,0,18,1,2025,10,31,8,25,16,42,1,0,0,1,0,0
10233,773,13,1,1,0,15,1,2025,10,31,8,43,1,42,1,0,0,1,0,0
10234,773,15,1,0,0,16,2,2025,10,31,9,0,49,42,1,0,0,1,0,0
10235,773,9,2,2,0,13,0,2025,10,31,9,18,34,42,1,0,0,1,0,0
10236,773,14,1,2,0,17,1,2025,10,31,9,44,12,42,1,0,0,1,0,0
10237,773,14,0,1,0,15,1,2025,10,31,10,1,54,42,1,0,0,1,0,0
10238,773,19,4,0,0,23,1,2025,10,31,10,19,37,42,1,0,0,1,0,0
10239,773,14,3,2,0,19,1,2025,10,31,10,37,18,42,1,0,0,1,0,0
10240,773,24,3,0,0,27,1,2025,10,31,15,3,39,42,1,0,0,0,0,1
10241,773,29,3,0,0,32,2,2025,10,31,15,21,32,42,1,0,0,0,0,1
10242,773,22,5,0,0,27,2,2025,10,31,15,39,25,42,1,0,0,0,0,1
10243,773,31,2,1,0,34,2,2025,10,31,15,57,14,42,1,0,0,0,0,1
10244,773,8,1,0,0,9,0,2025,11,1,8,54,52,42,1,0,0,1,0,0
10245,773,11,0,0,0,11,0,2025,11,1,9,12,37,42,1,0,0,1,0,0
10246,773,11,1,0,0,12,0,2025,11,1,9,30,32,42,1,0,0,1,0,0
10247,773,9,0,0,0,9,0,2025,11,1,9,48,18,42,1,0,0,1,0,0
10248,773,13,0,0,0,13,0,2025,11,1,10,6,9,42,1,0,0,1,0,0
10249,773,8,2,0,0,10,0,2025,11,1,10,23,53,42,1,0,0,1,0,0
10250,773,10,0,1,0,11,0,2025,11,1,10,41,38,42,1,0,0,1,0,0
10251,773,19,1,0,0,20,1,2025,11,1,10,59,34,42,1,0,0,1,0,0
10252,773,16,0,0,0,16,1,2025,11,1,11,17,21,42,1,0,0,1,0,0
10253,773,16,0,1,0,17,1,2025,11,1,11,35,2,42,1,0,0,1,0,0
10254,773,11,0,0,0,11,0,2025,11,1,11,52,46,42,1,0,0,1,0,0
10255,773,12,0,0,0,12,1,2025,11,1,12,10,40,42,1,0,0,0,0,1
10256,773,11,0,0,0,11,0,2025,11,1,12,28,26,42,1,0,0,0,0,1
10257,773,15,0,0,0,15,1,2025,11,1,12,46,19,42,1,0,0,0,0,1
10258,773,21,0,0,0,21,1,2025,11,1,13,4,15,42,1,0,0,0,0,1
10259,773,24,0,0,0,24,1,2025,11,1,13,22,1,42,1,0,0,0,0,1
10260,773,12,0,0,0,12,0,2025,11,1,13,39,47,42,1,0,0,0,0,1
10261,773,15,0,0,0,15,0,2025,11,1,13,57,37,42,1,0,0,0,0,1
10262,773,20,1,0,0,21,1,2025,11,1,14,15,28,42,1,0,0,0,0,1
10263,773,21,0,0,0,21,1,2025,11,1,14,33,32,42,1,0,0,0,0,1
10264,773,13,0,0,0,13,0,2025,11,1,14,51,36,42,1,0,0,0,0,1
10265,773,13,2,0,0,15,1,2025,11,1,15,9,33,42,1,0,0,0,0,1
10266,773,10,0,0,0,10,0,2025,11,1,15,27,20,42,1,0,0,0,0,1
10267,773,13,1,1,0,15,0,2025,11,1,15,45,11,42,1,0,0,0,0,1
10268,773,11,0,0,0,11,0,2025,11,1,16,3,7,42,1,0,0,0,0,1
10269,773,13,0,0,0,13,0,2025,11,1,16,20,56,42,1,0,0,0,0,1
10270,773,12,0,0,0,12,1,2025,11,1,16,38,45,42,1,0,0,0,0,1
10271,773,17,0,0,0,17,1,2025,11,1,16,56,41,42,1,0,0,0,0,1
10272,773,12,2,0,0,14,1,2025,11,1,17,14,39,42,1,0,0,0,0,1
10273,773,11,0,0,0,11,0,2025,11,1,17,32,26,42,1,0,0,0,0,1
10274,773,13,0,0,0,13,1,2025,11,1,17,50,22,42,1,0,0,0,0,1
10275,773,15,0,0,0,15,1,2025,11,1,18,8,11,42,1,0,0,0,1,0
10276,773,16,0,0,0,16,1,2025,11,1,18,27,1,42,1,0,0,0,1,0
10277,773,10,0,0,0,10,0,2025,11,1,18,44,55,42,1,0,0,0,1,0
10278,773,11,0,0,0,11,0,2025,11,1,19,2,43,42,1,0,0,0,1,0
10279,773,17,0,1,0,18,1,2025,11,1,19,37,19,42,1,0,0,0,1,0
10280,773,4,0,0,0,4,0,2025,11,2,10,16,50,42,1,0,0,1,0,0
10281,773,6,0,0,0,6,0,2025,11,2,10,34,34,42,1,0,0,1,0,0
10282,773,13,0,0,0,13,1,2025,11,2,10,52,28,42,1,0,0,1,0,0
10283,773,5,0,0,0,5,0,2025,11,2,11,10,12,42,1,0,0,1,0,0
10284,773,8,1,0,0,9,0,2025,11,2,11,28,9,42,1,0,0,1,0,0
10285,773,10,0,0,0,10,0,2025,11,2,12,11,24,42,1,0,0,0,0,1
10286,773,12,1,0,0,13,0,2025,11,2,12,29,11,42,1,0,0,0,0,1
10287,773,13,1,0,0,14,1,2025,11,2,12,47,0,42,1,0,0,0,0,1
10288,773,13,0,0,0,13,0,2025,11,2,13,4,44,42,1,0,0,0,0,1
10289,773,19,0,0,0,19,1,2025,11,2,13,22,23,42,1,0,0,0,0,1
10290,773,18,0,0,0,18,0,2025,11,2,13,40,3,42,1,0,0,0,0,1
10291,773,15,2,1,0,18,1,2025,11,2,13,57,41,42,1,0,0,0,0,1
10292,773,17,0,0,0,17,0,2025,11,2,14,15,20,42,1,0,0,0,0,1
10293,773,15,1,0,0,16,0,2025,11,2,14,32,57,42,1,0,0,0,0,1
10294,773,15,0,0,0,15,0,2025,11,2,14,50,33,42,1,0,0,0,0,1
10295,773,10,0,0,0,10,0,2025,11,2,15,51,5,42,1,0,0,0,0,1
10296,773,10,0,0,0,10,0,2025,11,2,16,8,42,42,1,0,0,0,0,1
10297,773,6,0,0,0,6,0,2025,11,2,16,26,22,42,1,0,0,0,0,1
10298,773,11,0,0,0,11,0,2025,11,2,16,44,1,42,1,0,0,0,0,1
10299,773,17,1,0,0,18,1,2025,11,3,8,9,18,42,1,0,0,1,0,0
10300,773,11,2,0,0,13,1,2025,11,3,8,26,54,42,1,0,0,1,0,0
10301,773,14,2,0,0,16,2,2025,11,3,8,44,32,42,1,0,0,1,0,0
10302,773,12,5,0,0,17,1,2025,11,3,9,2,10,42,1,0,0,1,0,0
10303,773,15,2,0,0,17,1,2025,11,3,9,19,46,42,1,0,0,1,0,0
10304,773,13,2,0,0,15,1,2025,11,3,9,37,23,42,1,0,0,1,0,0
10305,773,19,1,0,0,20,1,2025,11,4,8,9,35,42,1,0,0,1,0,0
10306,773,15,4,1,0,20,1,2025,11,4,8,27,12,42,1,0,0,1,0,0
10307,773,16,1,0,0,17,1,2025,11,4,8,44,48,42,1,0,0,1,0,0
10308,773,13,4,1,0,18,1,2025,11,4,9,2,24,42,1,0,0,1,0,0
10309,773,13,1,0,0,14,1,2025,11,4,9,20,1,42,1,0,0,1,0,0
10310,773,16,2,0,0,18,1,2025,11,4,9,37,40,42,1,0,0,1,0,0
10311,773,9,0,0,0,9,0,2025,11,4,12,8,52,42,1,0,0,0,0,1
10312,773,19,1,1,0,21,1,2025,11,4,12,37,15,42,1,0,0,0,0,1
10313,773,10,2,0,0,12,0,2025,11,4,12,54,55,42,1,0,0,0,0,1
10314,773,10,2,0,0,12,0,2025,11,4,13,4,20,42,1,0,0,0,0,1
10315,773,10,2,0,0,12,1,2025,11,4,13,21,59,42,1,0,0,0,0,1
10316,773,20,0,0,0,20,1,2025,11,4,13,39,39,42,1,0,0,0,0,1
10317,773,26,2,0,0,28,1,2025,11,4,14,34,1,42,1,0,0,0,0,1
10318,773,21,2,0,0,23,1,2025,11,4,14,51,40,42,1,0,0,0,0,1
10319,773,24,0,1,0,25,1,2025,11,4,15,9,23,42,1,0,0,0,0,1
10320,773,17,0,1,0,18,1,2025,11,4,15,27,10,42,1,0,0,0,0,1
10321,773,10,0,1,0,11,1,2025,11,4,15,45,11,42,1,0,0,0,0,1
10322,773,18,1,0,0,19,1,2025,11,4,16,2,52,42,1,0,0,0,0,1
10323,773,24,1,1,0,26,1,2025,11,4,18,0,8,42,1,0,0,0,1,0
10324,773,19,3,0,0,22,2,2025,11,4,18,17,46,42,1,0,0,0,1,0
10325,773,24,0,0,0,24,1,2025,11,4,18,35,24,42,1,0,0,0,1,0
10326,773,12,0,0,0,12,0,2025,11,4,18,53,2,42,1,0,0,0,1,0
10327,773,7,1,0,0,8,1,2025,11,4,19,10,40,42,1,0,0,0,1,0
10328,773,13,0,0,0,13,1,2025,11,4,19,28,18,42,1,0,0,0,1,0
10329,773,18,0,0,0,18,1,2025,11,4,19,45,57,42,1,0,0,0,1,0
10330,773,9,0,0,0,9,1,2025,11,4,20,3,34,42,1,0,0,0,1,0
10331,773,9,0,0,0,9,0,2025,11,4,20,21,10,42,1,0,0,0,1,0
10332,773,7,0,0,0,7,0,2025,11,4,20,38,49,42,1,0,0,0,1,0
10333,773,18,0,0,0,18,1,2025,11,5,7,51,23,42,1,0,0,1,0,0
10334,773,12,1,0,0,13,1,2025,11,5,8,9,0,42,1,0,0,1,0,0
10335,773,13,2,0,0,15,1,2025,11,5,8,26,38,42,1,0,0,1,0,0
10336,773,4,2,0,0,6,0,2025,11,5,8,44,13,42,1,0,0,1,0,0
10337,773,10,1,0,0,11,1,2025,11,5,9,1,50,42,1,0,0,1,0,0
10338,773,4,2,0,0,6,0,2025,11,5,9,19,26,42,1,0,0,1,0,0
10339,773,14,1,0,0,15,0,2025,11,5,9,37,2,42,1,0,0,1,0,0
10340,773,12,1,0,0,13,1,2025,11,5,9,54,39,42,1,0,0,1,0,0
10341,773,12,0,2,0,14,1,2025,11,5,10,12,16,42,1,0,0,1,0,0
10342,773,12,0,2,0,14,1,2025,11,5,10,29,54,42,1,0,0,1,0,0
10343,773,6,0,0,0,6,0,2025,11,5,10,47,30,42,1,0,0,1,0,0
10344,773,12,2,0,0,14,0,2025,11,5,12,44,8,42,1,0,0,0,0,1
10345,773,18,3,1,0,22,1,2025,11,5,13,1,48,42,1,0,0,0,0,1
10346,773,12,1,0,0,13,0,2025,11,5,13,19,28,42,1,0,0,0,0,1
10347,773,19,3,0,0,22,1,2025,11,5,13,37,9,42,1,0,0,0,0,1
10348,773,17,1,0,0,18,0,2025,11,5,13,54,53,42,1,0,0,0,0,1
10349,773,20,1,0,0,21,1,2025,11,5,14,46,44,42,1,0,0,0,0,1
10350,773,21,2,0,0,23,1,2025,11,5,15,4,24,42,1,0,0,0,0,1
10351,773,27,1,1,0,29,1,2025,11,5,15,22,3,42,1,0,0,0,0,1
10352,773,28,2,1,0,31,1,2025,11,5,15,39,46,42,1,0,0,0,0,1
10353,773,21,2,0,0,23,1,2025,11,5,15,57,28,42,1,0,0,0,0,1
10354,773,16,1,0,0,17,1,2025,11,6,7,50,50,42,1,0,0,1,0,0
10355,773,19,4,0,0,23,2,2025,11,6,8,8,30,42,1,0,0,1,0,0
10356,773,24,1,0,0,25,2,2025,11,6,8,26,15,42,1,0,0,1,0,0
10357,773,15,4,0,0,19,1,2025,11,6,8,44,45,42,1,0,0,1,0,0
10358,773,21,3,0,0,24,2,2025,11,6,9,2,27,42,1,0,0,1,0,0
10359,773,21,5,0,0,26,2,2025,11,6,9,20,8,42,1,0,0,1,0,0
10360,773,21,6,1,0,28,3,2025,11,6,9,37,49,42,1,0,0,1,0,0
10361,773,17,2,0,0,19,1,2025,11,6,9,55,37,42,1,0,0,1,0,0
10362,773,17,2,0,0,19,1,2025,11,6,10,13,28,42,1,0,0,1,0,0
10363,773,17,2,0,0,19,1,2025,11,6,10,31,16,42,1,0,0,1,0,0
10364,773,17,5,1,0,23,1,2025,11,6,12,31,7,42,1,0,0,0,0,1
10365,773,21,3,0,0,24,1,2025,11,6,12,48,48,42,1,0,0,0,0,1
10366,773,17,2,0,0,19,1,2025,11,6,13,6,28,42,1,0,0,0,0,1
10367,773,18,2,0,0,20,1,2025,11,6,13,39,47,42,1,0,0,0,0,1
10368,773,14,2,0,0,16,1,2025,11,6,13,57,30,42,1,0,0,0,0,1
10369,773,19,0,1,0,20,1,2025,11,7,9,38,43,42,1,0,0,1,0,0
10370,773,14,2,0,0,16,1,2025,11,7,10,13,58,42,1,0,0,1,0,0
10371,773,22,5,0,0,27,2,2025,11,7,10,31,37,42,1,0,0,1,0,0
10372,773,26,3,2,0,31,2,2025,11,7,13,14,28,42,1,0,0,0,0,1
10373,773,25,5,0,0,30,2,2025,11,7,13,32,8,42,1,0,0,0,0,1
10374,773,23,0,0,0,23,1,2025,11,7,13,49,46,42,1,0,0,0,0,1
10375,773,25,3,0,0,28,1,2025,11,7,15,37,21,42,1,0,0,0,0,1
10376,773,28,1,0,0,29,1,2025,11,7,15,55,3,42,1,0,0,0,0,1
10377,773,8,0,0,0,8,0,2025,11,8,7,54,50,42,1,0,0,1,0,0
10378,773,8,0,0,0,8,0,2025,11,8,8,12,30,42,1,0,0,1,0,0
10379,773,6,0,0,0,6,0,2025,11,8,8,30,10,42,1,0,0,1,0,0
10380,773,2,0,0,0,2,0,2025,11,8,8,47,48,42,1,0,0,1,0,0
10381,773,11,0,0,0,11,0,2025,11,8,9,52,26,42,1,0,0,1,0,0
10382,773,10,1,0,0,11,0,2025,11,8,10,31,53,42,1,0,0,1,0,0
10383,773,11,1,0,0,12,0,2025,11,8,10,49,30,42,1,0,0,1,0,0
10384,773,14,0,1,0,15,0,2025,11,8,11,7,8,42,1,0,0,1,0,0
10385,773,11,4,0,0,15,1,2025,11,8,11,24,48,42,1,0,0,1,0,0
10386,773,9,1,0,0,10,0,2025,11,8,11,42,27,42,1,0,0,1,0,0
10387,773,18,1,0,0,19,0,2025,11,8,12,0,8,42,1,0,0,0,0,1
10388,773,16,0,0,0,16,0,2025,11,8,12,17,44,42,1,0,0,0,0,1
10389,773,16,0,0,0,16,0,2025,11,8,12,35,19,42,1,0,0,0,0,1
10390,773,23,0,0,0,23,1,2025,11,8,12,52,55,42,1,0,0,0,0,1
10391,773,23,1,0,0,24,1,2025,11,8,13,10,32,42,1,0,0,0,0,1
10392,773,29,0,0,0,29,1,2025,11,8,13,28,8,42,1,0,0,0,0,1
10393,773,26,0,0,0,26,1,2025,11,8,13,45,46,42,1,0,0,0,0,1
10394,773,21,1,0,0,22,1,2025,11,8,14,3,24,42,1,0,0,0,0,1
10395,773,25,0,0,0,25,1,2025,11,8,14,21,0,42,1,0,0,0,0,1
10396,773,20,0,0,0,20,0,2025,11,8,14,38,37,42,1,0,0,0,0,1
10397,773,11,0,0,0,11,0,2025,11,8,15,34,22,42,1,0,0,0,0,1
10398,773,13,0,0,0,13,0,2025,11,8,15,52,0,42,1,0,0,0,0,1
10399,773,12,2,1,0,15,1,2025,11,8,16,9,39,42,1,0,0,0,0,1
10400,773,9,1,0,0,10,1,2025,11,8,16,27,19,42,1,0,0,0,0,1
10401,773,12,0,0,0,12,1,2025,11,8,16,44,59,42,1,0,0,0,0,1
10402,773,10,1,0,0,11,1,2025,11,8,17,2,37,42,1,0,0,0,0,1
10403,773,10,0,0,0,10,0,2025,11,8,18,55,25,42,1,0,0,0,1,0
10404,773,10,0,0,0,10,1,2025,11,8,19,13,3,42,1,0,0,0,1,0
10405,773,6,0,0,0,6,0,2025,11,8,19,30,42,42,1,0,0,0,1,0
10406,773,22,0,0,0,22,2,2025,11,8,19,48,19,42,1,0,0,0,1,0
10407,773,2,0,0,0,2,0,2025,11,9,8,29,49,42,1,0,0,1,0,0
10408,773,2,0,0,0,2,0,2025,11,9,8,47,26,42,1,0,0,1,0,0
10409,773,1,0,0,0,1,0,2025,11,9,9,5,2,42,1,0,0,1,0,0
10410,773,4,0,0,0,4,0,2025,11,9,9,22,40,42,1,0,0,1,0,0
10411,773,8,0,0,0,8,1,2025,11,9,9,40,17,42,1,0,0,1,0,0
10412,773,5,0,0,0,5,0,2025,11,9,9,57,56,42,1,0,0,1,0,0
10413,773,5,0,0,0,5,0,2025,11,9,10,15,35,42,1,0,0,1,0,0
10414,773,6,0,0,0,6,0,2025,11,9,10,33,13,42,1,0,0,1,0,0
10415,773,13,0,0,0,13,0,2025,11,9,10,50,48,42,1,0,0,1,0,0
10416,773,12,0,0,0,12,1,2025,11,9,11,8,24,42,1,0,0,1,0,0
10417,773,9,0,0,0,9,0,2025,11,9,11,26,2,42,1,0,0,1,0,0
10418,773,7,0,0,0,7,0,2025,11,9,11,43,47,42,1,0,0,1,0,0
10419,773,10,0,0,0,10,0,2025,11,9,12,1,26,42,1,0,0,0,0,1
10420,773,8,0,0,0,8,1,2025,11,9,12,19,3,42,1,0,0,0,0,1
10421,773,14,1,0,0,15,1,2025,11,9,12,36,42,42,1,0,0,0,0,1
10422,773,9,0,0,0,9,0,2025,11,9,12,54,23,42,1,0,0,0,0,1
10423,773,22,0,0,0,22,1,2025,11,9,15,20,17,42,1,0,0,0,0,1
10424,773,23,3,0,0,26,2,2025,11,9,15,37,56,42,1,0,0,0,0,1
10425,773,23,2,0,0,25,1,2025,11,9,15,55,36,42,1,0,0,0,0,1
10426,773,34,3,0,0,37,3,2025,11,9,16,13,15,42,1,0,0,0,0,1
10427,773,28,0,0,0,28,3,2025,11,9,16,30,54,42,1,0,0,0,0,1
10428,773,24,2,0,0,26,3,2025,11,9,16,48,30,42,1,0,0,0,0,1
10429,773,27,0,0,0,27,1,2025,11,9,17,6,6,42,1,0,0,0,0,1
10430,773,25,1,0,0,26,1,2025,11,9,17,23,45,42,1,0,0,0,0,1
10431,773,25,1,0,0,26,2,2025,11,9,17,41,24,42,1,0,0,0,0,1
10432,773,26,0,0,0,26,3,2025,11,9,17,59,3,42,1,0,0,0,0,1
10433,773,26,1,0,0,27,1,2025,11,9,18,16,41,42,1,0,0,0,1,0
10434,773,20,0,0,0,20,1,2025,11,9,18,34,19,42,1,0,0,0,1,0
10435,773,14,1,0,0,15,1,2025,11,9,18,51,56,42,1,0,0,0,1,0
10436,773,12,1,0,0,13,0,2025,11,9,19,9,33,42,1,0,0,0,1,0
10437,773,15,0,0,0,15,1,2025,11,9,19,27,10,42,1,0,0,0,1,0
10438,773,12,0,0,0,12,1,2025,11,9,19,44,46,42,1,0,0,0,1,0
10439,773,21,2,0,0,23,1,2025,11,11,7,59,36,42,1,0,0,1,0,0
10440,773,16,3,0,0,19,1,2025,11,11,8,17,10,42,1,0,0,1,0,0
10441,773,28,2,2,0,32,1,2025,11,11,8,34,44,42,1,0,0,1,0,0
10442,773,28,2,1,0,31,1,2025,11,11,8,52,19,42,1,0,0,1,0,0
10443,773,23,3,0,0,26,1,2025,11,11,9,9,55,42,1,0,0,1,0,0
10444,773,19,2,5,0,26,1,2025,11,11,9,27,31,42,1,0,0,1,0,0
10445,773,18,1,0,0,19,1,2025,11,11,14,34,52,42,1,0,0,0,0,1
10446,773,20,6,0,0,26,1,2025,11,11,14,52,32,42,1,0,0,0,0,1
10447,773,22,1,1,0,24,1,2025,11,11,15,10,11,42,1,0,0,0,0,1
10448,773,31,1,0,0,32,1,2025,11,11,15,27,53,42,1,0,0,0,0,1
10449,773,32,1,0,0,33,2,2025,11,11,15,45,36,42,1,0,0,0,0,1
10450,773,23,3,1,0,27,1,2025,11,11,16,3,15,42,1,0,0,0,0,1
10451,773,27,2,0,0,29,1,2025,11,11,17,48,0,42,1,0,0,0,0,1
10452,773,30,3,1,0,34,1,2025,11,11,18,5,37,42,1,0,0,0,1,0
10453,773,27,1,2,0,30,1,2025,11,11,18,23,12,42,1,0,0,0,1,0
10454,773,28,1,1,0,30,2,2025,11,11,18,40,49,42,1,0,0,0,1,0
10455,773,22,0,0,0,22,1,2025,11,11,18,58,27,42,1,0,0,0,1,0
10456,773,19,0,0,0,19,1,2025,11,11,19,16,5,42,1,0,0,0,1,0
10457,773,22,0,0,0,22,1,2025,11,11,19,33,41,42,1,0,0,0,1,0
10458,773,21,0,0,0,21,1,2025,11,11,19,51,24,42,1,0,0,0,1,0
10459,773,13,2,1,0,16,1,2025,11,12,8,37,16,42,1,0,0,1,0,0
10460,773,14,2,0,0,16,0,2025,11,12,8,55,0,42,1,0,0,1,0,0
10461,773,6,0,1,0,7,0,2025,11,12,9,12,42,42,1,0,0,1,0,0
10462,773,11,1,0,0,12,0,2025,11,12,9,30,35,42,1,0,0,1,0,0
10463,773,9,2,0,0,11,0,2025,11,12,12,35,12,42,1,0,0,0,0,1
10464,773,9,4,0,0,13,1,2025,11,14,9,7,15,42,1,0,0,1,0,0
10465,773,10,2,0,0,12,1,2025,11,14,9,24,54,42,1,0,0,1,0,0
10466,773,15,2,0,0,17,1,2025,11,14,9,42,35,42,1,0,0,1,0,0
10467,773,10,1,2,0,13,1,2025,11,14,10,0,13,42,1,0,0,1,0,0
10468,773,6,0,0,0,6,0,2025,11,14,10,17,52,42,1,0,0,1,0,0
10469,773,10,3,0,0,13,0,2025,11,14,10,35,33,42,1,0,0,1,0,0
10470,773,11,1,1,0,13,0,2025,11,15,9,51,28,42,1,0,0,1,0,0
10471,773,12,0,0,0,12,0,2025,11,15,10,9,9,42,1,0,0,1,0,0
10472,773,10,0,1,0,11,1,2025,11,15,10,26,50,42,1,0,0,1,0,0
10473,773,10,1,0,0,11,0,2025,11,15,10,44,37,42,1,0,0,1,0,0
10474,773,14,0,0,0,14,0,2025,11,15,11,2,21,42,1,0,0,1,0,0
10475,773,14,0,0,0,14,0,2025,11,15,11,20,0,42,1,0,0,1,0,0
10476,773,10,2,0,0,12,0,2025,11,15,11,37,41,42,1,0,0,1,0,0
10477,773,12,0,0,0,12,0,2025,11,15,11,55,21,42,1,0,0,1,0,0
10478,773,12,0,0,0,12,0,2025,11,15,12,13,3,42,1,0,0,0,0,1
10479,773,12,1,0,0,13,1,2025,11,15,12,30,42,42,1,0,0,0,0,1
10480,773,21,0,0,0,21,1,2025,11,15,12,48,23,42,1,0,0,0,0,1
10481,773,17,0,0,0,17,0,2025,11,15,13,6,2,42,1,0,0,0,0,1
10482,773,6,0,0,0,6,0,2025,11,16,8,9,26,42,1,0,0,1,0,0
10483,773,7,0,0,0,7,0,2025,11,16,8,27,6,42,1,0,0,1,0,0
10484,773,4,1,0,0,5,0,2025,11,16,8,44,54,42,1,0,0,1,0,0
10485,773,2,0,0,0,2,0,2025,11,16,9,2,35,42,1,0,0,1,0,0
10486,773,0,0,0,0,0,0,2025,11,16,9,20,16,42,1,0,0,1,0,0
10487,773,1,0,0,0,1,0,2025,11,16,9,37,59,42,1,0,0,1,0,0
10488,773,8,0,0,0,8,0,2025,11,16,9,55,39,42,1,0,0,1,0,0
10489,773,7,0,0,0,7,1,2025,11,16,10,13,27,42,1,0,0,1,0,0
10490,773,5,0,0,0,5,0,2025,11,16,10,31,14,42,1,0,0,1,0,0
10491,773,2,0,0,0,2,0,2025,11,16,10,49,7,42,1,0,0,1,0,0
10492,773,6,0,0,0,6,0,2025,11,16,11,6,59,42,1,0,0,1,0,0
10493,773,19,1,0,0,20,0,2025,11,17,8,23,53,42,1,0,0,1,0,0
10494,773,17,1,0,0,18,1,2025,11,17,8,41,37,42,1,0,0,1,0,0
10495,773,14,4,1,0,19,1,2025,11,17,8,59,14,42,1,0,0,1,0,0
10496,773,18,2,0,0,20,0,2025,11,17,9,16,53,42,1,0,0,1,0,0
10497,773,14,4,0,0,18,1,2025,11,17,9,34,32,42,1,0,0,1,0,0
10498,773,12,4,0,0,16,1,2025,11,17,9,52,11,42,1,0,0,1,0,0
10499,773,5,3,0,0,8,1,2025,11,17,10,9,49,42,1,0,0,1,0,0
10500,773,10,1,0,0,11,0,2025,11,17,10,27,31,42,1,0,0,1,0,0
10501,773,14,1,1,0,16,1,2025,11,17,12,34,30,42,1,0,0,0,0,1
10502,773,10,1,0,0,11,1,2025,11,17,12,52,9,42,1,0,0,0,0,1
10503,773,8,4,0,0,12,0,2025,11,17,13,9,48,42,1,0,0,0,0,1
10504,791,12,0,3,0,15,1,2025,10,27,8,27,13,5,1,0,0,1,0,0
10505,791,9,0,5,0,14,1,2025,10,27,8,44,59,5,1,0,0,1,0,0
10506,791,13,2,4,0,19,1,2025,10,27,9,2,38,5,1,0,0,1,0,0
10507,791,14,2,7,0,23,2,2025,10,27,9,20,18,5,1,0,0,1,0,0
10508,791,8,0,6,0,14,2,2025,10,27,9,38,0,5,1,0,0,1,0,0
10509,791,10,1,4,0,15,1,2025,10,27,9,55,43,5,1,0,0,1,0,0
10510,791,10,0,6,0,16,2,2025,10,27,10,13,29,5,1,0,0,1,0,0
10511,791,11,1,4,0,16,1,2025,10,27,10,31,15,5,1,0,0,1,0,0
10512,791,13,1,4,0,18,1,2025,10,27,12,40,17,5,1,0,0,0,0,1
10513,791,13,2,3,0,18,1,2025,10,27,12,58,2,5,1,0,0,0,0,1
10514,791,9,1,4,0,14,1,2025,10,27,13,15,48,5,1,0,0,0,0,1
10515,791,16,1,3,0,20,1,2025,10,27,13,20,54,5,1,0,0,0,0,1
10516,791,12,1,3,0,16,1,2025,10,27,13,57,18,5,1,0,0,0,0,1
10517,791,16,0,2,0,18,2,2025,10,27,14,55,36,5,1,0,0,0,0,1
10518,791,23,2,2,0,27,1,2025,10,27,15,13,22,5,1,0,0,0,0,1
10519,791,22,3,3,0,28,2,2025,10,27,15,31,9,5,1,0,0,0,0,1
10520,791,14,0,2,0,16,1,2025,10,27,15,48,55,5,1,0,0,0,0,1
10521,791,19,1,4,0,24,2,2025,10,27,18,2,59,5,1,0,0,0,1,0
10522,791,12,3,2,0,17,1,2025,10,27,18,20,35,5,1,0,0,0,1,0
10523,791,15,0,6,0,21,2,2025,10,27,18,38,12,5,1,0,0,0,1,0
10524,791,20,2,6,0,28,2,2025,10,28,7,56,26,5,1,0,0,1,0,0
10525,791,15,2,6,0,23,2,2025,10,28,8,14,3,5,1,0,0,1,0,0
10526,791,18,0,4,0,22,1,2025,10,28,8,31,39,5,1,0,0,1,0,0
10527,791,18,1,3,0,22,2,2025,10,28,8,49,15,5,1,0,0,1,0,0
10528,791,10,1,8,0,19,2,2025,10,28,9,6,51,5,1,0,0,1,0,0
10529,791,10,5,8,0,23,2,2025,10,28,9,24,27,5,1,0,0,1,0,0
10530,791,10,0,6,0,16,2,2025,10,28,9,42,6,5,1,0,0,1,0,0
10531,791,11,1,8,0,20,2,2025,10,28,13,27,53,5,1,0,0,0,0,1
10532,791,19,1,2,0,22,1,2025,10,28,14,45,46,5,1,0,0,0,0,1
10533,791,9,0,6,0,15,2,2025,10,28,15,3,28,5,1,0,0,0,0,1
10534,791,23,1,3,0,27,1,2025,10,28,15,21,14,5,1,0,0,0,0,1
10535,791,20,2,3,0,25,2,2025,10,28,15,39,2,5,1,0,0,0,0,1
10536,791,19,3,3,0,25,1,2025,10,28,15,56,46,5,1,0,0,0,0,1
10537,791,18,0,4,0,22,1,2025,10,28,17,49,7,5,1,0,0,0,0,1
10538,791,22,2,4,0,28,2,2025,10,28,18,6,43,5,1,0,0,0,1,0
10539,791,16,0,5,0,21,2,2025,10,28,18,24,23,5,1,0,0,0,1,0
10540,791,17,0,3,0,20,1,2025,10,28,18,42,2,5,1,0,0,0,1,0
10541,791,14,0,2,0,16,1,2025,10,28,18,59,40,5,1,0,0,0,1,0
10542,791,13,1,1,0,15,1,2025,10,28,19,17,18,5,1,0,0,0,1,0
10543,791,16,0,3,0,19,1,2025,10,28,19,34,56,5,1,0,0,0,1,0
10544,791,11,0,1,0,12,1,2025,10,28,19,52,34,5,1,0,0,0,1,0
10545,791,16,2,6,0,24,2,2025,10,29,8,23,45,5,1,0,0,1,0,0
10546,791,25,1,6,0,32,2,2025,10,29,8,41,22,5,1,0,0,1,0,0
10547,791,21,3,6,0,30,2,2025,10,29,8,58,58,5,1,0,0,1,0,0
10548,791,19,0,8,0,27,2,2025,10,29,9,16,33,5,1,0,0,1,0,0
10549,791,10,3,6,0,19,2,2025,10,29,9,34,9,5,1,0,0,1,0,0
10550,791,5,0,9,0,14,2,2025,10,29,9,51,46,5,1,0,0,1,0,0
10551,791,14,0,6,0,20,1,2025,10,29,10,9,24,5,1,0,0,1,0,0
10552,791,15,1,7,0,23,2,2025,10,29,10,27,2,5,1,0,0,1,0,0
10553,791,8,3,3,0,14,1,2025,10,29,10,44,41,5,1,0,0,1,0,0
10554,791,5,0,6,0,11,1,2025,10,29,12,33,33,5,1,0,0,0,0,1
10555,791,10,1,4,0,15,1,2025,10,29,12,51,14,5,1,0,0,0,0,1
10556,791,12,3,6,0,21,2,2025,10,29,13,9,0,5,1,0,0,0,0,1
10557,791,11,1,3,0,15,1,2025,10,29,13,26,45,5,1,0,0,0,0,1
10558,791,11,1,3,0,15,2,2025,10,29,13,44,30,5,1,0,0,0,0,1
10559,791,14,1,2,0,17,1,2025,10,29,14,44,12,5,1,0,0,0,0,1
10560,791,15,3,3,0,21,2,2025,10,29,15,1,54,5,1,0,0,0,0,1
10561,791,14,0,6,0,20,1,2025,10,29,15,19,40,5,1,0,0,0,0,1
10562,791,18,0,4,0,22,1,2025,10,29,15,37,20,5,1,0,0,0,0,1
10563,791,15,0,2,0,17,1,2025,10,29,15,55,0,5,1,0,0,0,0,1
10564,791,21,1,8,0,30,2,2025,10,30,8,20,37,5,1,0,0,1,0,0
10565,791,21,0,6,0,27,1,2025,10,30,8,38,19,5,1,0,0,1,0,0
10566,791,14,1,6,0,21,2,2025,10,30,8,56,2,5,1,0,0,1,0,0
10567,791,17,1,8,0,26,2,2025,10,30,9,13,54,5,1,0,0,1,0,0
10568,791,14,1,9,0,24,2,2025,10,30,9,31,59,5,1,0,0,1,0,0
10569,791,7,1,8,0,16,2,2025,10,30,9,49,54,5,1,0,0,1,0,0
10570,791,16,0,7,0,23,1,2025,10,30,10,7,44,5,1,0,0,1,0,0
10571,791,15,1,5,0,21,2,2025,10,30,10,25,33,5,1,0,0,1,0,0
10572,791,14,4,8,0,26,2,2025,10,30,10,43,16,5,1,0,0,1,0,0
10573,791,13,1,7,0,21,2,2025,10,30,12,29,49,5,1,0,0,0,0,1
10574,791,11,2,6,0,19,1,2025,10,30,12,47,20,5,1,0,0,0,0,1
10575,791,17,3,8,0,28,2,2025,10,30,13,5,5,5,1,0,0,0,0,1
10576,791,14,4,7,0,25,2,2025,10,30,13,22,50,5,1,0,0,0,0,1
10577,791,20,4,5,0,29,2,2025,10,30,13,40,36,5,1,0,0,0,0,1
10578,791,9,0,6,0,15,2,2025,10,30,13,58,22,5,1,0,0,0,0,1
10579,791,25,1,6,0,32,2,2025,10,30,14,57,24,5,1,0,0,0,0,1
10580,791,21,1,4,0,26,2,2025,10,30,15,15,17,5,1,0,0,0,0,1
10581,791,20,2,7,0,29,2,2025,10,30,15,33,1,5,1,0,0,0,0,1
10582,791,18,1,4,0,23,2,2025,10,30,15,57,46,5,1,0,0,0,0,1
10583,791,23,1,4,0,28,1,2025,10,30,16,15,34,5,1,0,0,0,0,1
10584,791,8,1,2,0,11,1,2025,10,30,22,45,49,5,1,0,0,0,1,0
10585,791,20,1,7,0,28,2,2025,10,31,8,25,17,5,1,0,0,1,0,0
10586,791,13,4,7,0,24,1,2025,10,31,8,43,5,5,1,0,0,1,0,0
10587,791,13,3,8,0,24,2,2025,10,31,9,0,51,5,1,0,0,1,0,0
10588,791,19,0,5,0,24,1,2025,10,31,9,18,36,5,1,0,0,1,0,0
10589,791,11,0,8,0,19,2,2025,10,31,9,44,13,5,1,0,0,1,0,0
10590,791,14,2,3,0,19,1,2025,10,31,10,1,55,5,1,0,0,1,0,0
10591,791,12,1,3,0,16,1,2025,10,31,10,19,39,5,1,0,0,1,0,0
10592,791,11,0,6,0,17,1,2025,10,31,10,37,19,5,1,0,0,1,0,0
10593,791,20,2,5,0,27,2,2025,10,31,15,3,41,5,1,0,0,0,0,1
10594,791,19,1,7,0,27,2,2025,10,31,15,21,33,5,1,0,0,0,0,1
10595,791,21,1,7,0,29,2,2025,10,31,15,39,26,5,1,0,0,0,0,1
10596,791,14,2,7,0,23,1,2025,10,31,15,57,16,5,1,0,0,0,0,1
10597,791,10,1,6,0,17,1,2025,11,1,8,54,54,5,1,0,0,1,0,0
10598,791,11,1,4,0,16,1,2025,11,1,9,12,39,5,1,0,0,1,0,0
10599,791,4,1,6,0,11,1,2025,11,1,9,30,34,5,1,0,0,1,0,0
10600,791,8,1,4,0,13,1,2025,11,1,9,48,20,5,1,0,0,1,0,0
10601,791,7,0,4,0,11,1,2025,11,1,10,6,11,5,1,0,0,1,0,0
10602,791,13,0,5,0,18,1,2025,11,1,10,23,54,5,1,0,0,1,0,0
10603,791,17,1,5,0,23,1,2025,11,1,10,41,40,5,1,0,0,1,0,0
10604,791,19,0,4,0,23,1,2025,11,1,10,59,36,5,1,0,0,1,0,0
10605,791,20,2,7,0,29,2,2025,11,1,11,17,22,5,1,0,0,1,0,0
10606,791,14,0,6,0,20,1,2025,11,1,11,35,3,5,1,0,0,1,0,0
10607,791,18,0,5,0,23,1,2025,11,1,11,52,48,5,1,0,0,1,0,0
10608,791,16,1,4,0,21,1,2025,11,1,12,10,42,5,1,0,0,0,0,1
10609,791,14,0,6,0,20,1,2025,11,1,12,28,33,5,1,0,0,0,0,1
10610,791,21,1,7,0,29,2,2025,11,1,12,46,20,5,1,0,0,0,0,1
10611,791,14,0,5,0,19,1,2025,11,1,13,4,16,5,1,0,0,0,0,1
10612,791,13,0,7,0,20,1,2025,11,1,13,22,4,5,1,0,0,0,0,1
10613,791,14,2,2,0,18,1,2025,11,1,13,39,49,5,1,0,0,0,0,1
10614,791,13,1,6,0,20,1,2025,11,1,13,57,40,5,1,0,0,0,0,1
10615,791,14,0,6,0,20,1,2025,11,1,14,15,31,5,1,0,0,0,0,1
10616,791,20,2,2,0,24,1,2025,11,1,14,33,40,5,1,0,0,0,0,1
10617,791,17,1,3,0,21,1,2025,11,1,14,51,39,5,1,0,0,0,0,1
10618,791,14,2,4,0,20,1,2025,11,1,15,9,35,5,1,0,0,0,0,1
10619,791,15,3,3,0,21,1,2025,11,1,15,27,22,5,1,0,0,0,0,1
10620,791,10,1,5,0,16,1,2025,11,1,15,45,13,5,1,0,0,0,0,1
10621,791,9,1,2,0,12,1,2025,11,1,16,3,10,5,1,0,0,0,0,1
10622,791,9,0,2,0,11,1,2025,11,1,16,20,58,5,1,0,0,0,0,1
10623,791,9,0,5,0,14,1,2025,11,1,16,38,46,5,1,0,0,0,0,1
10624,791,8,1,4,0,13,1,2025,11,1,16,56,44,5,1,0,0,0,0,1
10625,791,16,1,5,0,22,1,2025,11,1,17,14,43,5,1,0,0,0,0,1
10626,791,12,2,4,0,18,1,2025,11,1,17,32,30,5,1,0,0,0,0,1
10627,791,13,0,4,0,17,1,2025,11,1,17,50,24,5,1,0,0,0,0,1
10628,791,18,0,4,0,22,1,2025,11,1,18,8,13,5,1,0,0,0,1,0
10629,791,17,0,3,0,20,1,2025,11,1,18,27,3,5,1,0,0,0,1,0
10630,791,9,0,4,0,13,1,2025,11,1,18,44,58,5,1,0,0,0,1,0
10631,791,10,0,4,0,14,1,2025,11,1,19,2,45,5,1,0,0,0,1,0
10632,791,11,1,3,0,15,1,2025,11,1,19,37,20,5,1,0,0,0,1,0
10633,791,9,2,5,0,16,1,2025,11,2,10,16,52,5,1,0,0,1,0,0
10634,791,9,2,5,0,16,1,2025,11,2,10,34,36,5,1,0,0,1,0,0
10635,791,12,0,3,0,15,1,2025,11,2,10,52,30,5,1,0,0,1,0,0
10636,791,11,0,2,0,13,1,2025,11,2,11,10,13,5,1,0,0,1,0,0
10637,791,11,0,3,0,14,1,2025,11,2,11,28,11,5,1,0,0,1,0,0
10638,791,21,0,3,0,24,1,2025,11,2,12,11,27,5,1,0,0,0,0,1
10639,791,17,0,6,0,23,1,2025,11,2,12,29,12,5,1,0,0,0,0,1
10640,791,14,0,3,0,17,1,2025,11,2,12,47,3,5,1,0,0,0,0,1
10641,791,19,2,3,0,24,2,2025,11,2,13,4,45,5,1,0,0,0,0,1
10642,791,14,1,2,0,17,1,2025,11,2,13,22,24,5,1,0,0,0,0,1
10643,791,15,2,2,0,19,1,2025,11,2,13,40,4,5,1,0,0,0,0,1
10644,791,14,3,3,0,20,1,2025,11,2,13,57,42,5,1,0,0,0,0,1
10645,791,20,1,3,0,24,2,2025,11,2,14,15,21,5,1,0,0,0,0,1
10646,791,15,0,0,0,15,1,2025,11,2,14,32,57,5,1,0,0,0,0,1
10647,791,10,0,1,0,11,1,2025,11,2,14,50,33,5,1,0,0,0,0,1
10648,791,11,1,2,0,14,1,2025,11,2,15,51,6,5,1,0,0,0,0,1
10649,791,12,1,6,0,19,1,2025,11,2,16,8,43,5,1,0,0,0,0,1
10650,791,15,0,3,0,18,1,2025,11,2,16,26,23,5,1,0,0,0,0,1
10651,791,17,1,5,0,23,2,2025,11,2,16,44,2,5,1,0,0,0,0,1
10652,791,16,1,3,0,20,1,2025,11,3,8,9,19,5,1,0,0,1,0,0
10653,791,12,0,7,0,19,2,2025,11,3,8,26,55,5,1,0,0,1,0,0
10654,791,13,0,3,0,16,1,2025,11,3,8,44,33,5,1,0,0,1,0,0
10655,791,13,0,6,0,19,1,2025,11,3,9,2,10,5,1,0,0,1,0,0
10656,791,16,1,3,0,20,1,2025,11,3,9,19,47,5,1,0,0,1,0,0
10657,791,10,2,4,0,16,1,2025,11,3,9,37,24,5,1,0,0,1,0,0
10658,791,20,0,7,0,27,2,2025,11,4,8,9,36,5,1,0,0,1,0,0
10659,791,22,1,3,0,26,2,2025,11,4,8,27,12,5,1,0,0,1,0,0
10660,791,15,0,7,0,22,2,2025,11,4,8,44,49,5,1,0,0,1,0,0
10661,791,15,2,3,0,20,2,2025,11,4,9,2,24,5,1,0,0,1,0,0
10662,791,11,5,3,0,19,1,2025,11,4,9,20,2,5,1,0,0,1,0,0
10663,791,13,1,6,0,20,1,2025,11,4,9,37,41,5,1,0,0,1,0,0
10664,791,14,2,3,0,19,1,2025,11,4,12,8,54,5,1,0,0,0,0,1
10665,791,9,0,1,0,10,1,2025,11,4,12,37,16,5,1,0,0,0,0,1
10666,791,8,0,2,0,10,1,2025,11,4,12,54,56,5,1,0,0,0,0,1
10667,791,8,0,2,0,10,1,2025,11,4,13,4,21,5,1,0,0,0,0,1
10668,791,19,1,2,0,22,2,2025,11,4,13,22,0,5,1,0,0,0,0,1
10669,791,12,0,3,0,15,2,2025,11,4,13,39,40,5,1,0,0,0,0,1
10670,791,26,0,2,0,28,2,2025,11,4,14,34,2,5,1,0,0,0,0,1
10671,791,24,0,1,0,25,1,2025,11,4,14,51,41,5,1,0,0,0,0,1
10672,791,27,0,2,0,29,2,2025,11,4,15,9,27,5,1,0,0,0,0,1
10673,791,19,0,1,0,20,2,2025,11,4,15,27,13,5,1,0,0,0,0,1
10674,791,17,2,1,0,20,2,2025,11,4,15,45,12,5,1,0,0,0,0,1
10675,791,8,1,4,0,13,1,2025,11,4,16,2,54,5,1,0,0,0,0,1
10676,791,14,1,4,0,19,2,2025,11,4,18,0,9,5,1,0,0,0,1,0
10677,791,18,0,4,0,22,1,2025,11,4,18,17,46,5,1,0,0,0,1,0
10678,791,14,1,5,0,20,1,2025,11,4,18,35,24,5,1,0,0,0,1,0
10679,791,20,0,3,0,23,2,2025,11,4,18,53,3,5,1,0,0,0,1,0
10680,791,10,1,2,0,13,1,2025,11,4,19,10,41,5,1,0,0,0,1,0
10681,791,18,0,2,0,20,2,2025,11,4,19,28,20,5,1,0,0,0,1,0
10682,791,12,1,2,0,15,1,2025,11,4,19,45,58,5,1,0,0,0,1,0
10683,791,16,2,4,0,22,1,2025,11,4,20,3,34,5,1,0,0,0,1,0
10684,791,19,0,2,0,21,2,2025,11,4,20,21,11,5,1,0,0,0,1,0
10685,791,13,0,5,0,18,1,2025,11,4,20,38,50,5,1,0,0,0,1,0
10686,791,18,0,6,0,24,2,2025,11,5,7,51,24,5,1,0,0,1,0,0
10687,791,14,0,2,0,16,1,2025,11,5,8,9,1,5,1,0,0,1,0,0
10688,791,13,0,5,0,18,1,2025,11,5,8,26,38,5,1,0,0,1,0,0
10689,791,8,1,4,0,13,1,2025,11,5,8,44,14,5,1,0,0,1,0,0
10690,791,15,1,2,0,18,1,2025,11,5,9,1,51,5,1,0,0,1,0,0
10691,791,13,1,3,0,17,1,2025,11,5,9,19,27,5,1,0,0,1,0,0
10692,791,10,2,3,0,15,1,2025,11,5,9,37,3,5,1,0,0,1,0,0
10693,791,10,0,3,0,13,1,2025,11,5,9,54,40,5,1,0,0,1,0,0
10694,791,6,1,6,0,13,1,2025,11,5,10,12,17,5,1,0,0,1,0,0
10695,791,6,1,6,0,13,1,2025,11,5,10,29,55,5,1,0,0,1,0,0
10696,791,14,1,3,0,18,1,2025,11,5,10,47,30,5,1,0,0,1,0,0
10697,791,8,0,4,0,12,1,2025,11,5,12,44,9,5,1,0,0,0,0,1
10698,791,11,1,4,0,16,1,2025,11,5,13,1,50,5,1,0,0,0,0,1
10699,791,12,0,3,0,15,1,2025,11,5,13,19,30,5,1,0,0,0,0,1
10700,791,14,0,4,0,18,1,2025,11,5,13,37,11,5,1,0,0,0,0,1
10701,791,12,0,6,0,18,1,2025,11,5,13,54,54,5,1,0,0,0,0,1
10702,791,11,0,2,0,13,1,2025,11,5,14,46,45,5,1,0,0,0,0,1
10703,791,13,0,2,0,15,1,2025,11,5,15,4,25,5,1,0,0,0,0,1
10704,791,13,1,5,0,19,1,2025,11,5,15,22,5,5,1,0,0,0,0,1
10705,791,7,1,4,0,12,1,2025,11,5,15,39,47,5,1,0,0,0,0,1
10706,791,10,0,2,0,12,0,2025,11,5,15,57,31,5,1,0,0,0,0,1
10707,791,11,1,7,0,19,1,2025,11,6,7,50,51,5,1,0,0,1,0,0
10708,791,18,0,5,0,23,2,2025,11,6,8,8,32,5,1,0,0,1,0,0
10709,791,12,1,3,0,16,1,2025,11,6,8,26,28,5,1,0,0,1,0,0
10710,791,6,0,2,0,8,1,2025,11,6,8,44,46,5,1,0,0,1,0,0
10711,791,7,0,3,0,10,1,2025,11,6,9,2,28,5,1,0,0,1,0,0
10712,791,12,2,2,0,16,1,2025,11,6,9,20,9,5,1,0,0,1,0,0
10713,791,9,2,2,0,13,1,2025,11,6,9,37,51,5,1,0,0,1,0,0
10714,791,8,0,5,0,13,1,2025,11,6,9,55,39,5,1,0,0,1,0,0
10715,791,8,2,3,0,13,1,2025,11,6,10,13,33,5,1,0,0,1,0,0
10716,791,3,1,5,0,9,1,2025,11,6,10,31,17,5,1,0,0,1,0,0
10717,791,1,0,5,0,6,1,2025,11,6,12,31,9,5,1,0,0,0,0,1
10718,791,12,1,3,0,16,1,2025,11,6,12,48,49,5,1,0,0,0,0,1
10719,791,5,0,4,0,9,1,2025,11,6,13,6,29,5,1,0,0,0,0,1
10720,791,5,0,3,0,8,1,2025,11,6,13,39,49,5,1,0,0,0,0,1
10721,791,6,1,5,0,12,1,2025,11,6,13,57,32,5,1,0,0,0,0,1
10722,791,13,2,4,0,19,1,2025,11,7,9,38,43,5,1,0,0,1,0,0
10723,791,13,3,7,0,23,1,2025,11,7,9,56,21,5,1,0,0,1,0,0
10724,791,6,1,4,0,11,1,2025,11,7,10,14,0,5,1,0,0,1,0,0
10725,791,10,1,5,0,16,1,2025,11,7,10,31,38,5,1,0,0,1,0,0
10726,791,18,2,4,0,24,2,2025,11,7,13,14,30,5,1,0,0,0,0,1
10727,791,19,1,4,0,24,1,2025,11,7,13,32,9,5,1,0,0,0,0,1
10728,791,12,1,4,0,17,1,2025,11,7,13,49,47,5,1,0,0,0,0,1
10729,791,11,0,3,0,14,1,2025,11,7,15,37,21,5,1,0,0,0,0,1
10730,791,13,1,2,0,16,1,2025,11,7,15,55,3,5,1,0,0,0,0,1
10731,791,5,2,5,0,12,1,2025,11,8,7,54,51,5,1,0,0,1,0,0
10732,791,6,1,4,0,11,1,2025,11,8,8,12,31,5,1,0,0,1,0,0
10733,791,7,4,3,0,14,1,2025,11,8,8,30,11,5,1,0,0,1,0,0
10734,791,4,1,2,0,7,1,2025,11,8,8,47,48,5,1,0,0,1,0,0
10735,791,8,0,3,0,11,1,2025,11,8,9,52,27,5,1,0,0,1,0,0
10736,791,3,1,2,0,6,1,2025,11,8,10,31,54,5,1,0,0,1,0,0
10737,791,8,2,0,0,10,1,2025,11,8,10,49,31,5,1,0,0,1,0,0
10738,791,10,1,0,0,11,1,2025,11,8,11,7,9,5,1,0,0,1,0,0
10739,791,4,1,3,0,8,1,2025,11,8,11,24,49,5,1,0,0,1,0,0
10740,791,16,0,4,0,20,1,2025,11,8,11,42,29,5,1,0,0,1,0,0
10741,791,7,1,2,0,10,1,2025,11,8,12,0,9,5,1,0,0,0,0,1
10742,791,8,2,5,0,15,2,2025,11,8,12,17,45,5,1,0,0,0,0,1
10743,791,8,0,3,0,11,1,2025,11,8,12,35,20,5,1,0,0,0,0,1
10744,791,10,0,2,0,12,1,2025,11,8,12,52,56,5,1,0,0,0,0,1
10745,791,15,0,2,0,17,1,2025,11,8,13,10,33,5,1,0,0,0,0,1
10746,791,11,0,2,0,13,1,2025,11,8,13,28,9,5,1,0,0,0,0,1
10747,791,12,0,2,0,14,1,2025,11,8,13,45,47,5,1,0,0,0,0,1
10748,791,10,0,2,0,12,1,2025,11,8,14,3,24,5,1,0,0,0,0,1
10749,791,17,0,4,0,21,1,2025,11,8,14,21,1,5,1,0,0,0,0,1
10750,791,19,0,2,0,21,1,2025,11,8,14,38,38,5,1,0,0,0,0,1
10751,791,8,1,1,0,10,0,2025,11,8,15,34,23,5,1,0,0,0,0,1
10752,791,10,1,4,0,15,1,2025,11,8,15,52,1,5,1,0,0,0,0,1
10753,791,11,0,1,0,12,1,2025,11,8,16,9,40,5,1,0,0,0,0,1
10754,791,8,1,3,0,12,0,2025,11,8,16,27,20,5,1,0,0,0,0,1
10755,791,6,0,1,0,7,1,2025,11,8,16,45,0,5,1,0,0,0,0,1
10756,791,4,1,0,0,5,1,2025,11,8,17,2,38,5,1,0,0,0,0,1
10757,791,13,0,4,0,17,1,2025,11,8,18,55,26,5,1,0,0,0,1,0
10758,791,7,0,1,0,8,0,2025,11,8,19,13,4,5,1,0,0,0,1,0
10759,791,11,1,4,0,16,1,2025,11,8,19,30,43,5,1,0,0,0,1,0
10760,791,13,0,3,0,16,1,2025,11,8,19,48,19,5,1,0,0,0,1,0
10761,791,6,0,3,0,9,1,2025,11,9,8,29,49,5,1,0,0,1,0,0
10762,791,4,0,2,0,6,1,2025,11,9,8,47,26,5,1,0,0,1,0,0
10763,791,6,1,3,0,10,1,2025,11,9,9,5,3,5,1,0,0,1,0,0
10764,791,12,1,3,0,16,1,2025,11,9,9,22,40,5,1,0,0,1,0,0
10765,791,6,0,1,0,7,0,2025,11,9,9,40,18,5,1,0,0,1,0,0
10766,791,7,1,2,0,10,1,2025,11,9,9,57,57,5,1,0,0,1,0,0
10767,791,7,1,0,0,8,0,2025,11,9,10,15,36,5,1,0,0,1,0,0
10768,791,5,1,3,0,9,1,2025,11,9,10,33,13,5,1,0,0,1,0,0
10769,791,7,1,1,0,9,0,2025,11,9,10,50,49,5,1,0,0,1,0,0
10770,791,7,0,4,0,11,1,2025,11,9,11,8,25,5,1,0,0,1,0,0
10771,791,6,0,3,0,9,1,2025,11,9,11,26,3,5,1,0,0,1,0,0
10772,791,9,0,1,0,10,1,2025,11,9,11,43,48,5,1,0,0,1,0,0
10773,791,10,0,2,0,12,1,2025,11,9,12,1,27,5,1,0,0,0,0,1
10774,791,8,0,2,0,10,1,2025,11,9,12,19,5,5,1,0,0,0,0,1
10775,791,11,0,2,0,13,1,2025,11,9,12,36,44,5,1,0,0,0,0,1
10776,791,11,0,2,0,13,1,2025,11,9,12,54,25,5,1,0,0,0,0,1
10777,791,9,0,3,0,12,1,2025,11,9,15,20,18,5,1,0,0,0,0,1
10778,791,10,0,0,0,10,0,2025,11,9,15,37,57,5,1,0,0,0,0,1
10779,791,18,1,3,0,22,1,2025,11,9,15,55,37,5,1,0,0,0,0,1
10780,791,15,1,3,0,19,1,2025,11,9,16,13,16,5,1,0,0,0,0,1
10781,791,16,1,4,0,21,1,2025,11,9,16,30,55,5,1,0,0,0,0,1
10782,791,16,1,4,0,21,1,2025,11,9,16,48,31,5,1,0,0,0,0,1
10783,791,13,1,1,0,15,1,2025,11,9,17,6,8,5,1,0,0,0,0,1
10784,791,13,1,3,0,17,1,2025,11,9,17,23,46,5,1,0,0,0,0,1
10785,791,17,0,5,0,22,2,2025,11,9,17,41,25,5,1,0,0,0,0,1
10786,791,17,1,4,0,22,1,2025,11,9,17,59,4,5,1,0,0,0,0,1
10787,791,18,1,3,0,22,1,2025,11,9,18,16,41,5,1,0,0,0,1,0
10788,791,13,0,1,0,14,1,2025,11,9,18,34,20,5,1,0,0,0,1,0
10789,791,13,0,2,0,15,1,2025,11,9,18,51,56,5,1,0,0,0,1,0
10790,791,7,0,1,0,8,1,2025,11,9,19,9,33,5,1,0,0,0,1,0
10791,791,8,0,3,0,11,1,2025,11,9,19,27,11,5,1,0,0,0,1,0
10792,791,7,0,2,0,9,0,2025,11,9,19,44,47,5,1,0,0,0,1,0
10793,791,22,0,2,0,24,1,2025,11,11,7,59,36,5,1,0,0,1,0,0
10794,791,23,3,4,0,30,2,2025,11,11,8,17,10,5,1,0,0,1,0,0
10795,791,12,1,4,0,17,1,2025,11,11,8,34,45,5,1,0,0,1,0,0
10796,791,18,0,4,0,22,1,2025,11,11,8,52,20,5,1,0,0,1,0,0
10797,791,11,1,4,0,16,1,2025,11,11,9,9,56,5,1,0,0,1,0,0
10798,791,14,3,4,0,21,1,2025,11,11,9,27,32,5,1,0,0,1,0,0
10799,791,11,2,4,0,17,1,2025,11,11,14,34,54,5,1,0,0,0,0,1
10800,791,12,0,3,0,15,1,2025,11,11,14,52,33,5,1,0,0,0,0,1
10801,791,12,0,2,0,14,1,2025,11,11,15,10,12,5,1,0,0,0,0,1
10802,791,15,1,3,0,19,2,2025,11,11,15,27,54,5,1,0,0,0,0,1
10803,791,13,2,5,0,20,1,2025,11,11,15,45,38,5,1,0,0,0,0,1
10804,791,19,0,6,0,25,1,2025,11,11,16,3,16,5,1,0,0,0,0,1
10805,791,12,1,3,0,16,1,2025,11,11,17,48,0,5,1,0,0,0,0,1
10806,791,19,0,4,0,23,1,2025,11,11,18,5,37,5,1,0,0,0,1,0
10807,791,17,1,4,0,22,1,2025,11,11,18,23,12,5,1,0,0,0,1,0
10808,791,8,1,1,0,10,1,2025,11,11,18,40,50,5,1,0,0,0,1,0
10809,791,13,1,2,0,16,1,2025,11,11,18,58,28,5,1,0,0,0,1,0
10810,791,12,1,2,0,15,1,2025,11,11,19,16,6,5,1,0,0,0,1,0
10811,791,13,0,3,0,16,1,2025,11,11,19,33,42,5,1,0,0,0,1,0
10812,791,9,0,5,0,14,1,2025,11,11,19,51,25,5,1,0,0,0,1,0
10813,791,20,0,4,0,24,1,2025,11,12,8,37,17,5,1,0,0,1,0,0
10814,791,12,0,4,0,16,1,2025,11,12,8,55,1,5,1,0,0,1,0,0
10815,791,14,1,4,0,19,1,2025,11,12,9,12,45,5,1,0,0,1,0,0
10816,791,15,1,5,0,21,1,2025,11,12,9,30,41,5,1,0,0,1,0,0
10817,791,3,0,2,0,5,0,2025,11,12,12,35,14,5,1,0,0,0,0,1
10818,791,10,1,4,0,15,1,2025,11,14,9,7,16,5,1,0,0,1,0,0
10819,791,17,2,4,0,23,1,2025,11,14,9,24,55,5,1,0,0,1,0,0
10820,791,11,1,5,0,17,1,2025,11,14,9,42,36,5,1,0,0,1,0,0
10821,791,5,0,5,0,10,1,2025,11,14,10,0,14,5,1,0,0,1,0,0
10822,791,10,2,4,0,16,1,2025,11,14,10,17,53,5,1,0,0,1,0,0
10823,791,19,1,4,0,24,1,2025,11,14,10,35,35,5,1,0,0,1,0,0
10824,791,9,0,5,0,14,1,2025,11,15,9,51,29,5,1,0,0,1,0,0
10825,791,10,2,2,0,14,1,2025,11,15,10,9,10,5,1,0,0,1,0,0
10826,791,9,2,6,0,17,1,2025,11,15,10,26,51,5,1,0,0,1,0,0
10827,791,7,0,3,0,10,1,2025,11,15,10,44,39,5,1,0,0,1,0,0
10828,791,4,1,4,0,9,1,2025,11,15,11,2,22,5,1,0,0,1,0,0
10829,791,12,0,2,0,14,1,2025,11,15,11,20,2,5,1,0,0,1,0,0
10830,791,7,0,3,0,10,0,2025,11,15,11,37,42,5,1,0,0,1,0,0
10831,791,12,2,2,0,16,1,2025,11,15,11,55,23,5,1,0,0,1,0,0
10832,791,5,0,0,0,5,0,2025,11,15,12,13,4,5,1,0,0,0,0,1
10833,791,8,0,4,0,12,1,2025,11,15,12,30,43,5,1,0,0,0,0,1
10834,791,10,2,3,0,15,1,2025,11,15,12,48,24,5,1,0,0,0,0,1
10835,791,14,0,2,0,16,0,2025,11,15,13,6,3,5,1,0,0,0,0,1
10836,791,1,0,2,0,3,1,2025,11,16,8,9,27,5,1,0,0,1,0,0
10837,791,4,0,0,0,4,0,2025,11,16,8,27,8,5,1,0,0,1,0,0
10838,791,3,0,3,0,6,1,2025,11,16,8,44,55,5,1,0,0,1,0,0
10839,791,0,0,5,0,5,1,2025,11,16,9,2,37,5,1,0,0,1,0,0
10840,791,5,0,4,0,9,1,2025,11,16,9,20,18,5,1,0,0,1,0,0
10841,791,2,0,0,0,2,0,2025,11,16,9,37,59,5,1,0,0,1,0,0
10842,791,7,0,5,0,12,1,2025,11,16,9,55,40,5,1,0,0,1,0,0
10843,791,2,0,1,0,3,0,2025,11,16,10,13,29,5,1,0,0,1,0,0
10844,791,3,1,4,0,8,1,2025,11,16,10,31,15,5,1,0,0,1,0,0
10845,791,2,0,0,0,2,0,2025,11,16,10,49,8,5,1,0,0,1,0,0
10846,791,5,1,2,0,8,1,2025,11,16,11,7,1,5,1,0,0,1,0,0
10847,791,13,4,5,0,22,2,2025,11,17,8,23,54,5,1,0,0,1,0,0
10848,791,18,4,3,0,25,1,2025,11,17,8,41,38,5,1,0,0,1,0,0
10849,791,17,2,6,0,25,1,2025,11,17,8,59,15,5,1,0,0,1,0,0
10850,791,12,0,10,0,22,2,2025,11,17,9,16,54,5,1,0,0,1,0,0
10851,791,9,2,6,0,17,1,2025,11,17,9,34,34,5,1,0,0,1,0,0
10852,791,18,2,5,0,25,1,2025,11,17,9,52,12,5,1,0,0,1,0,0
10853,791,10,1,6,0,17,1,2025,11,17,10,9,50,5,1,0,0,1,0,0
10854,791,14,3,5,0,22,1,2025,11,17,10,27,32,5,1,0,0,1,0,0
10855,791,9,1,4,0,14,1,2025,11,17,12,34,31,5,1,0,0,0,0,1
10856,791,10,3,5,0,18,1,2025,11,17,12,52,10,5,1,0,0,0,0,1
10857,791,15,0,7,0,22,2,2025,11,17,13,9,49,5,1,0,0,0,0,1
10858,798,22,2,0,0,24,2,2025,10,27,8,27,14,5,1,0,0,1,0,0
10859,798,14,2,0,0,16,1,2025,10,27,8,45,0,5,1,0,0,1,0,0
10860,798,13,1,0,0,14,1,2025,10,27,9,2,39,5,1,0,0,1,0,0
10861,798,22,0,0,0,22,1,2025,10,27,9,20,19,5,1,0,0,1,0,0
10862,798,17,1,1,0,19,1,2025,10,27,9,38,1,5,1,0,0,1,0,0
10863,798,15,1,0,0,16,2,2025,10,27,9,55,44,5,1,0,0,1,0,0
10864,798,16,2,0,0,18,1,2025,10,27,10,13,29,5,1,0,0,1,0,0
10865,798,6,3,0,0,9,1,2025,10,27,10,31,16,5,1,0,0,1,0,0
10866,798,7,4,0,0,11,1,2025,10,27,12,40,19,5,1,0,0,0,0,1
10867,798,4,2,2,0,8,1,2025,10,27,12,58,3,5,1,0,0,0,0,1
10868,798,9,2,0,0,11,1,2025,10,27,13,15,50,5,1,0,0,0,0,1
10869,798,4,3,0,0,7,1,2025,10,27,13,20,56,5,1,0,0,0,0,1
10870,798,10,3,0,0,13,1,2025,10,27,13,57,19,5,1,0,0,0,0,1
10871,798,3,4,0,0,7,1,2025,10,27,14,55,37,5,1,0,0,0,0,1
10872,798,3,4,0,0,7,1,2025,10,27,15,13,23,5,1,0,0,0,0,1
10873,798,6,3,0,0,9,1,2025,10,27,15,31,9,5,1,0,0,0,0,1
10874,798,10,5,0,0,15,1,2025,10,27,15,48,56,5,1,0,0,0,0,1
10875,798,7,0,1,0,8,1,2025,10,27,18,3,0,5,1,0,0,0,1,0
10876,798,15,0,1,0,16,1,2025,10,27,18,20,36,5,1,0,0,0,1,0
10877,798,15,1,0,0,16,1,2025,10,27,18,38,13,5,1,0,0,0,1,0
10878,798,19,2,0,0,21,2,2025,10,28,7,56,27,5,1,0,0,1,0,0
10879,798,20,2,0,0,22,2,2025,10,28,8,14,3,5,1,0,0,1,0,0
10880,798,14,3,1,0,18,2,2025,10,28,8,31,40,5,1,0,0,1,0,0
10881,798,14,0,2,0,16,2,2025,10,28,8,49,16,5,1,0,0,1,0,0
10882,798,20,1,0,0,21,2,2025,10,28,9,6,51,5,1,0,0,1,0,0
10883,798,13,1,2,0,16,1,2025,10,28,9,24,28,5,1,0,0,1,0,0
10884,798,17,3,1,0,21,2,2025,10,28,9,42,7,5,1,0,0,1,0,0
10885,798,8,2,0,0,10,1,2025,10,28,13,27,54,5,1,0,0,0,0,1
10886,798,10,3,0,0,13,1,2025,10,28,14,45,47,5,1,0,0,0,0,1
10887,798,6,4,0,0,10,1,2025,10,28,15,3,29,5,1,0,0,0,0,1
10888,798,8,4,0,0,12,1,2025,10,28,15,21,16,5,1,0,0,0,0,1
10889,798,8,3,0,0,11,1,2025,10,28,15,39,3,5,1,0,0,0,0,1
10890,798,7,3,0,0,10,1,2025,10,28,15,56,48,5,1,0,0,0,0,1
10891,798,7,0,0,0,7,1,2025,10,28,17,49,7,5,1,0,0,0,0,1
10892,798,11,1,1,0,13,1,2025,10,28,18,6,44,5,1,0,0,0,1,0
10893,798,22,0,0,0,22,1,2025,10,28,18,24,24,5,1,0,0,0,1,0
10894,798,15,0,0,0,15,1,2025,10,28,18,42,3,5,1,0,0,0,1,0
10895,798,5,1,0,0,6,0,2025,10,28,18,59,41,5,1,0,0,0,1,0
10896,798,11,0,0,0,11,1,2025,10,28,19,17,19,5,1,0,0,0,1,0
10897,798,9,0,0,0,9,0,2025,10,28,19,34,57,5,1,0,0,0,1,0
10898,798,0,0,0,0,0,0,2025,10,28,19,52,35,5,1,0,0,0,1,0
10899,798,16,0,0,0,16,1,2025,10,29,8,23,46,5,1,0,0,1,0,0
10900,798,15,2,0,0,17,1,2025,10,29,8,41,22,5,1,0,0,1,0,0
10901,798,22,0,0,0,22,1,2025,10,29,8,58,59,5,1,0,0,1,0,0
10902,798,17,1,0,0,18,1,2025,10,29,9,16,34,5,1,0,0,1,0,0
10903,798,20,1,0,0,21,1,2025,10,29,9,34,10,5,1,0,0,1,0,0
10904,798,16,5,0,0,21,2,2025,10,29,9,51,46,5,1,0,0,1,0,0
10905,798,16,3,1,0,20,2,2025,10,29,10,9,25,5,1,0,0,1,0,0
10906,798,16,1,0,0,17,1,2025,10,29,10,27,3,5,1,0,0,1,0,0
10907,798,12,1,0,0,13,1,2025,10,29,10,44,42,5,1,0,0,1,0,0
10908,798,13,1,0,0,14,1,2025,10,29,12,33,34,5,1,0,0,0,0,1
10909,798,11,4,0,0,15,1,2025,10,29,12,51,15,5,1,0,0,0,0,1
10910,798,9,2,0,0,11,1,2025,10,29,13,9,3,5,1,0,0,0,0,1
10911,798,7,0,0,0,7,0,2025,10,29,13,26,47,5,1,0,0,0,0,1
10912,798,10,0,0,0,10,0,2025,10,29,13,44,31,5,1,0,0,0,0,1
10913,798,12,2,0,0,14,1,2025,10,29,14,44,13,5,1,0,0,0,0,1
10914,798,7,2,0,0,9,1,2025,10,29,15,1,57,5,1,0,0,0,0,1
10915,798,16,3,1,0,20,2,2025,10,29,15,19,41,5,1,0,0,0,0,1
10916,798,18,1,0,0,19,1,2025,10,29,15,37,21,5,1,0,0,0,0,1
10917,798,13,3,0,0,16,1,2025,10,29,15,55,1,5,1,0,0,0,0,1
10918,798,17,1,0,0,18,1,2025,10,30,8,20,38,5,1,0,0,1,0,0
10919,798,20,2,0,0,22,1,2025,10,30,8,38,20,5,1,0,0,1,0,0
10920,798,23,0,0,0,23,2,2025,10,30,8,56,3,5,1,0,0,1,0,0
10921,798,15,2,0,0,17,1,2025,10,30,9,13,55,5,1,0,0,1,0,0
10922,798,12,3,0,0,15,2,2025,10,30,9,32,4,5,1,0,0,1,0,0
10923,798,12,4,0,0,16,2,2025,10,30,9,49,55,5,1,0,0,1,0,0
10924,798,12,3,0,0,15,1,2025,10,30,10,7,46,5,1,0,0,1,0,0
10925,798,16,2,0,0,18,1,2025,10,30,10,25,34,5,1,0,0,1,0,0
10926,798,16,4,0,0,20,2,2025,10,30,10,43,17,5,1,0,0,1,0,0
10927,798,11,7,0,0,18,1,2025,10,30,12,29,51,5,1,0,0,0,0,1
10928,798,13,4,0,0,17,1,2025,10,30,12,47,22,5,1,0,0,0,0,1
10929,798,9,3,0,0,12,1,2025,10,30,13,5,6,5,1,0,0,0,0,1
10930,798,8,1,1,0,10,1,2025,10,30,13,22,52,5,1,0,0,0,0,1
10931,798,10,2,0,0,12,1,2025,10,30,13,40,38,5,1,0,0,0,0,1
10932,798,15,2,1,0,18,1,2025,10,30,13,58,23,5,1,0,0,0,0,1
10933,798,9,3,1,0,13,1,2025,10,30,14,57,25,5,1,0,0,0,0,1
10934,798,13,4,2,0,19,1,2025,10,30,15,15,19,5,1,0,0,0,0,1
10935,798,9,2,0,0,11,1,2025,10,30,15,33,3,5,1,0,0,0,0,1
10936,798,14,3,0,0,17,1,2025,10,30,15,57,48,5,1,0,0,0,0,1
10937,798,6,6,1,0,13,1,2025,10,30,16,15,35,5,1,0,0,0,0,1
10938,798,1,0,0,0,1,0,2025,10,30,22,45,50,5,1,0,0,0,1,0
10939,798,15,0,2,0,17,1,2025,10,31,8,25,18,5,1,0,0,1,0,0
10940,798,12,2,2,0,16,1,2025,10,31,8,43,6,5,1,0,0,1,0,0
10941,798,16,0,2,0,18,1,2025,10,31,9,0,53,5,1,0,0,1,0,0
10942,798,4,0,2,0,6,0,2025,10,31,9,18,37,5,1,0,0,1,0,0
10943,798,16,0,0,0,16,1,2025,10,31,9,44,14,5,1,0,0,1,0,0
10944,798,10,0,3,0,13,1,2025,10,31,10,1,56,5,1,0,0,1,0,0
10945,798,13,1,2,0,16,1,2025,10,31,10,19,40,5,1,0,0,1,0,0
10946,798,2,0,2,0,4,0,2025,10,31,10,37,20,5,1,0,0,1,0,0
10947,798,16,0,0,0,16,1,2025,10,31,15,3,43,5,1,0,0,0,0,1
10948,798,19,0,1,0,20,1,2025,10,31,15,21,35,5,1,0,0,0,0,1
10949,798,9,2,2,0,13,1,2025,10,31,15,39,28,5,1,0,0,0,0,1
10950,798,8,1,3,0,12,0,2025,10,31,15,57,17,5,1,0,0,0,0,1
10951,798,3,1,0,0,4,1,2025,11,1,8,54,57,5,1,0,0,1,0,0
10952,798,9,1,0,0,10,1,2025,11,1,9,12,41,5,1,0,0,1,0,0
10953,798,10,1,0,0,11,0,2025,11,1,9,30,35,5,1,0,0,1,0,0
10954,798,5,1,0,0,6,0,2025,11,1,9,48,23,5,1,0,0,1,0,0
10955,798,11,1,0,0,12,1,2025,11,1,10,6,12,5,1,0,0,1,0,0
10956,798,6,3,0,0,9,1,2025,11,1,10,23,56,5,1,0,0,1,0,0
10957,798,3,1,0,0,4,0,2025,11,1,10,41,46,5,1,0,0,1,0,0
10958,798,7,1,0,0,8,0,2025,11,1,10,59,37,5,1,0,0,1,0,0
10959,798,1,1,0,0,2,0,2025,11,1,11,17,23,5,1,0,0,1,0,0
10960,798,10,1,0,0,11,1,2025,11,1,11,35,4,5,1,0,0,1,0,0
10961,798,8,1,0,0,9,0,2025,11,1,11,52,49,5,1,0,0,1,0,0
10962,798,11,2,0,0,13,0,2025,11,1,12,10,43,5,1,0,0,0,0,1
10963,798,5,2,0,0,7,0,2025,11,1,12,28,35,5,1,0,0,0,0,1
10964,798,13,2,0,0,15,1,2025,11,1,12,46,31,5,1,0,0,0,0,1
10965,798,14,1,0,0,15,1,2025,11,1,13,4,17,5,1,0,0,0,0,1
10966,798,20,2,0,0,22,1,2025,11,1,13,22,5,5,1,0,0,0,0,1
10967,798,17,2,0,0,19,1,2025,11,1,13,39,51,5,1,0,0,0,0,1
10968,798,9,1,1,0,11,1,2025,11,1,13,57,42,5,1,0,0,0,0,1
10969,798,13,3,0,0,16,1,2025,11,1,14,15,33,5,1,0,0,0,0,1
10970,798,16,4,0,0,20,1,2025,11,1,14,33,42,5,1,0,0,0,0,1
10971,798,11,2,0,0,13,1,2025,11,1,14,51,46,5,1,0,0,0,0,1
10972,798,10,3,0,0,13,1,2025,11,1,15,9,36,5,1,0,0,0,0,1
10973,798,11,3,0,0,14,1,2025,11,1,15,27,24,5,1,0,0,0,0,1
10974,798,5,3,0,0,8,0,2025,11,1,15,45,16,5,1,0,0,0,0,1
10975,798,12,2,0,0,14,1,2025,11,1,16,3,13,5,1,0,0,0,0,1
10976,798,11,2,0,0,13,1,2025,11,1,16,21,0,5,1,0,0,0,0,1
10977,798,10,2,0,0,12,1,2025,11,1,16,38,48,5,1,0,0,0,0,1
10978,798,3,2,0,0,5,0,2025,11,1,16,56,46,5,1,0,0,0,0,1
10979,798,14,2,0,0,16,1,2025,11,1,17,14,46,5,1,0,0,0,0,1
10980,798,7,2,0,0,9,1,2025,11,1,17,32,32,5,1,0,0,0,0,1
10981,798,16,3,0,0,19,1,2025,11,1,17,50,25,5,1,0,0,0,0,1
10982,798,13,3,0,0,16,1,2025,11,1,18,8,19,5,1,0,0,0,1,0
10983,798,15,3,0,0,18,1,2025,11,1,18,27,4,5,1,0,0,0,1,0
10984,798,6,1,0,0,7,0,2025,11,1,18,45,0,5,1,0,0,0,1,0
10985,798,8,1,0,0,9,1,2025,11,1,19,2,46,5,1,0,0,0,1,0
10986,798,6,0,0,0,6,1,2025,11,1,19,37,21,5,1,0,0,0,1,0
10987,798,0,1,0,0,1,0,2025,11,2,10,16,53,5,1,0,0,1,0,0
10988,798,7,1,0,0,8,0,2025,11,2,10,34,37,5,1,0,0,1,0,0
10989,798,5,1,0,0,6,0,2025,11,2,10,52,32,5,1,0,0,1,0,0
10990,798,3,2,0,0,5,0,2025,11,2,11,10,20,5,1,0,0,1,0,0
10991,798,0,2,0,0,2,0,2025,11,2,11,28,13,5,1,0,0,1,0,0
10992,798,4,1,0,0,5,0,2025,11,2,12,11,28,5,1,0,0,0,0,1
10993,798,11,2,0,0,13,1,2025,11,2,12,29,14,5,1,0,0,0,0,1
10994,798,4,1,0,0,5,0,2025,11,2,12,47,3,5,1,0,0,0,0,1
10995,798,14,1,0,0,15,1,2025,11,2,13,4,46,5,1,0,0,0,0,1
10996,798,13,3,0,0,16,1,2025,11,2,13,22,25,5,1,0,0,0,0,1
10997,798,16,1,0,0,17,2,2025,11,2,13,40,4,5,1,0,0,0,0,1
10998,798,12,1,2,0,15,1,2025,11,2,13,57,43,5,1,0,0,0,0,1
10999,798,20,1,0,0,21,2,2025,11,2,14,15,22,5,1,0,0,0,0,1
11000,798,17,0,0,0,17,1,2025,11,2,14,32,58,5,1,0,0,0,0,1
11001,798,3,3,0,0,6,1,2025,11,2,14,50,34,5,1,0,0,0,0,1
11002,798,6,2,1,0,9,1,2025,11,2,15,51,6,5,1,0,0,0,0,1
11003,798,11,3,1,0,15,1,2025,11,2,16,8,44,5,1,0,0,0,0,1
11004,798,9,1,1,0,11,0,2025,11,2,16,26,23,5,1,0,0,0,0,1
11005,798,4,2,0,0,6,0,2025,11,2,16,44,3,5,1,0,0,0,0,1
11006,798,15,2,1,0,18,1,2025,11,3,8,9,19,5,1,0,0,1,0,0
11007,798,14,2,2,0,18,1,2025,11,3,8,26,56,5,1,0,0,1,0,0
11008,798,16,3,0,0,19,2,2025,11,3,8,44,34,5,1,0,0,1,0,0
11009,798,17,0,0,0,17,1,2025,11,3,9,2,10,5,1,0,0,1,0,0
11010,798,19,2,0,0,21,3,2025,11,3,9,19,48,5,1,0,0,1,0,0
11011,798,24,3,0,0,27,3,2025,11,3,9,37,25,5,1,0,0,1,0,0
11012,798,21,7,0,0,28,3,2025,11,4,8,9,37,5,1,0,0,1,0,0
11013,798,27,1,0,0,28,3,2025,11,4,8,27,13,5,1,0,0,1,0,0
11014,798,18,3,2,0,23,2,2025,11,4,8,44,49,5,1,0,0,1,0,0
11015,798,23,2,3,0,28,3,2025,11,4,9,2,25,5,1,0,0,1,0,0
11016,798,18,6,1,0,25,3,2025,11,4,9,20,3,5,1,0,0,1,0,0
11017,798,20,7,2,0,29,3,2025,11,4,9,37,42,5,1,0,0,1,0,0
11018,798,13,1,2,0,16,1,2025,11,4,12,8,55,5,1,0,0,0,0,1
11019,798,14,1,0,0,15,2,2025,11,4,12,37,16,5,1,0,0,0,0,1
11020,798,12,3,1,0,16,2,2025,11,4,12,54,57,5,1,0,0,0,0,1
11021,798,12,3,1,0,16,2,2025,11,4,13,4,22,5,1,0,0,0,0,1
11022,798,12,5,0,0,17,3,2025,11,4,13,22,2,5,1,0,0,0,0,1
11023,798,15,2,1,0,18,2,2025,11,4,13,39,41,5,1,0,0,0,0,1
11024,798,21,4,0,0,25,3,2025,11,4,14,34,3,5,1,0,0,0,0,1
11025,798,14,2,0,0,16,3,2025,11,4,14,51,42,5,1,0,0,0,0,1
11026,798,7,4,0,0,11,2,2025,11,4,15,9,28,5,1,0,0,0,0,1
11027,798,14,1,0,0,15,1,2025,11,4,15,27,14,5,1,0,0,0,0,1
11028,798,13,1,0,0,14,2,2025,11,4,15,45,14,5,1,0,0,0,0,1
11029,798,15,1,1,0,17,2,2025,11,4,16,2,56,5,1,0,0,0,0,1
11030,798,18,5,0,0,23,3,2025,11,4,18,0,10,5,1,0,0,0,1,0
11031,798,25,2,0,0,27,3,2025,11,4,18,17,47,5,1,0,0,0,1,0
11032,798,23,1,0,0,24,2,2025,11,4,18,35,25,5,1,0,0,0,1,0
11033,798,22,0,0,0,22,3,2025,11,4,18,53,4,5,1,0,0,0,1,0
11034,798,20,0,0,0,20,2,2025,11,4,19,10,41,5,1,0,0,0,1,0
11035,798,10,1,0,0,11,2,2025,11,4,19,28,21,5,1,0,0,0,1,0
11036,798,5,1,0,0,6,0,2025,11,4,19,45,58,5,1,0,0,0,1,0
11037,798,10,1,0,0,11,1,2025,11,4,20,3,35,5,1,0,0,0,1,0
11038,798,8,0,0,0,8,1,2025,11,4,20,21,11,5,1,0,0,0,1,0
11039,798,9,0,0,0,9,1,2025,11,4,20,38,51,5,1,0,0,0,1,0
11040,798,26,2,0,0,28,3,2025,11,5,7,51,24,5,1,0,0,1,0,0
11041,798,24,3,0,0,27,3,2025,11,5,8,9,1,5,1,0,0,1,0,0
11042,798,23,5,1,0,29,3,2025,11,5,8,26,39,5,1,0,0,1,0,0
11043,798,22,3,1,0,26,3,2025,11,5,8,44,14,5,1,0,0,1,0,0
11044,798,16,8,0,0,24,3,2025,11,5,9,1,51,5,1,0,0,1,0,0
11045,798,19,4,0,0,23,3,2025,11,5,9,19,27,5,1,0,0,1,0,0
11046,798,22,3,0,0,25,3,2025,11,5,9,37,4,5,1,0,0,1,0,0
11047,798,24,4,0,0,28,3,2025,11,5,9,54,40,5,1,0,0,1,0,0
11048,798,21,7,0,0,28,2,2025,11,5,10,12,18,5,1,0,0,1,0,0
11049,798,21,7,0,0,28,2,2025,11,5,10,29,55,5,1,0,0,1,0,0
11050,798,10,6,1,0,17,3,2025,11,5,10,47,30,5,1,0,0,1,0,0
11051,798,14,2,0,0,16,1,2025,11,5,12,44,10,5,1,0,0,0,0,1
11052,798,14,4,0,0,18,2,2025,11,5,13,1,51,5,1,0,0,0,0,1
11053,798,4,5,0,0,9,2,2025,11,5,13,19,31,5,1,0,0,0,0,1
11054,798,11,7,0,0,18,3,2025,11,5,13,37,12,5,1,0,0,0,0,1
11055,798,10,5,0,0,15,2,2025,11,5,13,54,55,5,1,0,0,0,0,1
11056,798,22,3,0,0,25,2,2025,11,5,14,46,46,5,1,0,0,0,0,1
11057,798,22,2,0,0,24,2,2025,11,5,15,4,26,5,1,0,0,0,0,1
11058,798,16,5,0,0,21,2,2025,11,5,15,22,6,5,1,0,0,0,0,1
11059,798,10,3,0,0,13,2,2025,11,5,15,39,49,5,1,0,0,0,0,1
11060,798,13,2,0,0,15,2,2025,11,5,15,57,32,5,1,0,0,0,0,1
11061,798,17,1,0,0,18,1,2025,11,6,7,50,52,5,1,0,0,1,0,0
11062,798,21,1,0,0,22,2,2025,11,6,8,8,33,5,1,0,0,1,0,0
11063,798,18,2,0,0,20,2,2025,11,6,8,26,46,5,1,0,0,1,0,0
11064,798,15,1,0,0,16,2,2025,11,6,8,44,47,5,1,0,0,1,0,0
11065,798,21,3,0,0,24,2,2025,11,6,9,2,29,5,1,0,0,1,0,0
11066,798,14,1,0,0,15,2,2025,11,6,9,20,11,5,1,0,0,1,0,0
11067,798,17,3,0,0,20,2,2025,11,6,9,37,52,5,1,0,0,1,0,0
11068,798,16,2,1,0,19,2,2025,11,6,9,55,40,5,1,0,0,1,0,0
11069,798,19,4,0,0,23,2,2025,11,6,10,13,35,5,1,0,0,1,0,0
11070,798,10,4,0,0,14,2,2025,11,6,10,31,19,5,1,0,0,1,0,0
11071,798,5,1,2,0,8,1,2025,11,6,12,31,10,5,1,0,0,0,0,1
11072,798,15,1,1,0,17,2,2025,11,6,12,48,50,5,1,0,0,0,0,1
11073,798,15,1,1,0,17,2,2025,11,6,13,6,30,5,1,0,0,0,0,1
11074,798,8,2,0,0,10,1,2025,11,6,13,39,51,5,1,0,0,0,0,1
11075,798,13,2,0,0,15,1,2025,11,6,13,57,33,5,1,0,0,0,0,1
11076,798,11,4,0,0,15,2,2025,11,7,9,38,44,5,1,0,0,1,0,0
11077,798,9,5,0,0,14,1,2025,11,7,9,56,22,5,1,0,0,1,0,0
11078,798,1,2,0,0,3,1,2025,11,7,10,14,1,5,1,0,0,1,0,0
11079,798,10,3,1,0,14,2,2025,11,7,10,31,39,5,1,0,0,1,0,0
11080,798,8,1,0,0,9,2,2025,11,7,13,14,31,5,1,0,0,0,0,1
11081,798,4,2,0,0,6,1,2025,11,7,13,32,10,5,1,0,0,0,0,1
11082,798,11,4,1,0,16,2,2025,11,7,13,49,48,5,1,0,0,0,0,1
11083,798,18,1,2,0,21,2,2025,11,7,15,37,22,5,1,0,0,0,0,1
11084,798,16,3,2,0,21,2,2025,11,7,15,55,3,5,1,0,0,0,0,1
11085,798,5,0,0,0,5,0,2025,11,8,7,54,52,5,1,0,0,1,0,0
11086,798,6,1,0,0,7,0,2025,11,8,8,12,32,5,1,0,0,1,0,0
11087,798,2,0,0,0,2,0,2025,11,8,8,30,12,5,1,0,0,1,0,0
11088,798,1,1,0,0,2,0,2025,11,8,8,47,49,5,1,0,0,1,0,0
11089,798,10,0,0,0,10,1,2025,11,8,9,52,28,5,1,0,0,1,0,0
11090,798,9,1,0,0,10,0,2025,11,8,10,31,55,5,1,0,0,1,0,0
11091,798,17,0,0,0,17,1,2025,11,8,10,49,32,5,1,0,0,1,0,0
11092,798,3,1,0,0,4,0,2025,11,8,11,7,10,5,1,0,0,1,0,0
11093,798,10,0,0,0,10,1,2025,11,8,11,24,50,5,1,0,0,1,0,0
11094,798,10,0,0,0,10,1,2025,11,8,11,42,30,5,1,0,0,1,0,0
11095,798,5,1,1,0,7,1,2025,11,8,12,0,9,5,1,0,0,0,0,1
11096,798,18,0,0,0,18,1,2025,11,8,12,17,45,5,1,0,0,0,0,1
11097,798,6,1,0,0,7,0,2025,11,8,12,35,20,5,1,0,0,0,0,1
11098,798,15,2,0,0,17,1,2025,11,8,12,52,57,5,1,0,0,0,0,1
11099,798,24,0,0,0,24,2,2025,11,8,13,10,34,5,1,0,0,0,0,1
11100,798,19,1,0,0,20,2,2025,11,8,13,28,10,5,1,0,0,0,0,1
11101,798,20,1,0,0,21,2,2025,11,8,13,45,48,5,1,0,0,0,0,1
11102,798,20,1,0,0,21,2,2025,11,8,14,3,25,5,1,0,0,0,0,1
11103,798,18,1,0,0,19,1,2025,11,8,14,21,2,5,1,0,0,0,0,1
11104,798,9,1,0,0,10,1,2025,11,8,14,38,39,5,1,0,0,0,0,1
11105,798,12,0,0,0,12,1,2025,11,8,15,34,23,5,1,0,0,0,0,1
11106,798,7,0,0,0,7,0,2025,11,8,15,52,2,5,1,0,0,0,0,1
11107,798,9,0,0,0,9,1,2025,11,8,16,9,41,5,1,0,0,0,0,1
11108,798,13,0,0,0,13,1,2025,11,8,16,27,21,5,1,0,0,0,0,1
11109,798,11,0,0,0,11,1,2025,11,8,16,45,1,5,1,0,0,0,0,1
11110,798,8,0,0,0,8,0,2025,11,8,17,2,38,5,1,0,0,0,0,1
11111,798,14,0,0,0,14,1,2025,11,8,18,55,27,5,1,0,0,0,1,0
11112,798,16,0,0,0,16,1,2025,11,8,19,13,5,5,1,0,0,0,1,0
11113,798,5,0,0,0,5,1,2025,11,8,19,30,44,5,1,0,0,0,1,0
11114,798,2,0,0,0,2,0,2025,11,8,19,48,20,5,1,0,0,0,1,0
11115,798,6,1,0,0,7,0,2025,11,9,8,29,50,5,1,0,0,1,0,0
11116,798,5,0,0,0,5,0,2025,11,9,8,47,27,5,1,0,0,1,0,0
11117,798,3,0,0,0,3,0,2025,11,9,9,5,4,5,1,0,0,1,0,0
11118,798,4,0,0,0,4,0,2025,11,9,9,22,41,5,1,0,0,1,0,0
11119,798,2,0,0,0,2,0,2025,11,9,9,40,19,5,1,0,0,1,0,0
11120,798,4,0,0,0,4,1,2025,11,9,9,57,58,5,1,0,0,1,0,0
11121,798,3,0,0,0,3,0,2025,11,9,10,15,37,5,1,0,0,1,0,0
11122,798,7,0,0,0,7,1,2025,11,9,10,33,14,5,1,0,0,1,0,0
11123,798,6,0,0,0,6,0,2025,11,9,10,50,49,5,1,0,0,1,0,0
11124,798,11,0,0,0,11,1,2025,11,9,11,8,26,5,1,0,0,1,0,0
11125,798,13,1,1,0,15,1,2025,11,9,11,26,4,5,1,0,0,1,0,0
11126,798,12,0,0,0,12,1,2025,11,9,11,43,49,5,1,0,0,1,0,0
11127,798,5,1,0,0,6,0,2025,11,9,12,1,27,5,1,0,0,0,0,1
11128,798,10,1,0,0,11,1,2025,11,9,12,19,5,5,1,0,0,0,0,1
11129,798,7,1,0,0,8,0,2025,11,9,12,36,45,5,1,0,0,0,0,1
11130,798,13,0,0,0,13,0,2025,11,9,12,54,25,5,1,0,0,0,0,1
11131,798,13,0,0,0,13,1,2025,11,9,15,20,18,5,1,0,0,0,0,1
11132,798,4,1,0,0,5,0,2025,11,9,15,37,58,5,1,0,0,0,0,1
11133,798,12,0,0,0,12,1,2025,11,9,15,55,37,5,1,0,0,0,0,1
11134,798,5,1,0,0,6,0,2025,11,9,16,13,17,5,1,0,0,0,0,1
11135,798,7,0,0,0,7,0,2025,11,9,16,30,56,5,1,0,0,0,0,1
11136,798,14,2,0,0,16,1,2025,11,9,16,48,31,5,1,0,0,0,0,1
11137,798,11,0,0,0,11,1,2025,11,9,17,6,9,5,1,0,0,0,0,1
11138,798,13,1,0,0,14,1,2025,11,9,17,23,47,5,1,0,0,0,0,1
11139,798,14,0,0,0,14,1,2025,11,9,17,41,26,5,1,0,0,0,0,1
11140,798,13,0,0,0,13,1,2025,11,9,17,59,5,5,1,0,0,0,0,1
11141,798,14,0,1,0,15,1,2025,11,9,18,16,42,5,1,0,0,0,1,0
11142,798,12,0,0,0,12,1,2025,11,9,18,34,21,5,1,0,0,0,1,0
11143,798,4,0,0,0,4,0,2025,11,9,18,51,57,5,1,0,0,0,1,0
11144,798,4,0,0,0,4,0,2025,11,9,19,9,34,5,1,0,0,0,1,0
11145,798,1,0,0,0,1,0,2025,11,9,19,27,11,5,1,0,0,0,1,0
11146,798,3,1,0,0,4,1,2025,11,9,19,44,47,5,1,0,0,0,1,0
11147,798,18,1,1,0,20,2,2025,11,11,7,59,37,5,1,0,0,1,0,0
11148,798,18,2,2,0,22,2,2025,11,11,8,17,11,5,1,0,0,1,0,0
11149,798,20,2,0,0,22,2,2025,11,11,8,34,45,5,1,0,0,1,0,0
11150,798,18,4,1,0,23,2,2025,11,11,8,52,21,5,1,0,0,1,0,0
11151,798,19,5,0,0,24,2,2025,11,11,9,9,56,5,1,0,0,1,0,0
11152,798,17,1,1,0,19,1,2025,11,11,9,27,33,5,1,0,0,1,0,0
11153,798,13,0,0,0,13,1,2025,11,11,14,34,54,5,1,0,0,0,0,1
11154,798,14,1,0,0,15,1,2025,11,11,14,52,34,5,1,0,0,0,0,1
11155,798,14,0,0,0,14,1,2025,11,11,15,10,13,5,1,0,0,0,0,1
11156,798,11,0,2,0,13,0,2025,11,11,15,27,55,5,1,0,0,0,0,1
11157,798,15,2,0,0,17,2,2025,11,11,15,45,38,5,1,0,0,0,0,1
11158,798,12,0,0,0,12,1,2025,11,11,16,3,17,5,1,0,0,0,0,1
11159,798,11,0,0,0,11,0,2025,11,11,17,48,1,5,1,0,0,0,0,1
11160,798,13,0,0,0,13,1,2025,11,11,18,5,38,5,1,0,0,0,1,0
11161,798,13,0,2,0,15,1,2025,11,11,18,23,13,5,1,0,0,0,1,0
11162,798,5,0,0,0,5,1,2025,11,11,18,40,51,5,1,0,0,0,1,0
11163,798,2,0,0,0,2,0,2025,11,11,18,58,29,5,1,0,0,0,1,0
11164,798,7,0,0,0,7,1,2025,11,11,19,16,7,5,1,0,0,0,1,0
11165,798,11,0,0,0,11,1,2025,11,11,19,33,43,5,1,0,0,0,1,0
11166,798,4,1,0,0,5,0,2025,11,11,19,51,25,5,1,0,0,0,1,0
11167,798,19,3,1,0,23,2,2025,11,12,8,37,19,5,1,0,0,1,0,0
11168,798,16,2,0,0,18,2,2025,11,12,8,55,2,5,1,0,0,1,0,0
11169,798,16,0,1,0,17,1,2025,11,12,9,12,48,5,1,0,0,1,0,0
11170,798,19,4,1,0,24,2,2025,11,12,9,30,42,5,1,0,0,1,0,0
11171,798,15,2,1,0,18,2,2025,11,12,12,35,15,5,1,0,0,0,0,1
11172,798,19,2,1,0,22,2,2025,11,14,9,7,16,5,1,0,0,1,0,0
11173,798,16,1,1,0,18,2,2025,11,14,9,24,56,5,1,0,0,1,0,0
11174,798,14,4,0,0,18,2,2025,11,14,9,42,37,5,1,0,0,1,0,0
11175,798,11,3,3,0,17,2,2025,11,14,10,0,15,5,1,0,0,1,0,0
11176,798,7,2,1,0,10,1,2025,11,14,10,17,54,5,1,0,0,1,0,0
11177,798,17,1,0,0,18,2,2025,11,14,10,35,35,5,1,0,0,1,0,0
11178,798,3,1,1,0,5,0,2025,11,15,9,51,31,5,1,0,0,1,0,0
11179,798,11,2,2,0,15,1,2025,11,15,10,9,11,5,1,0,0,1,0,0
11180,798,9,2,1,0,12,1,2025,11,15,10,26,53,5,1,0,0,1,0,0
11181,798,8,3,1,0,12,1,2025,11,15,10,44,42,5,1,0,0,1,0,0
11182,798,11,1,1,0,13,1,2025,11,15,11,2,22,5,1,0,0,1,0,0
11183,798,9,0,1,0,10,1,2025,11,15,11,20,2,5,1,0,0,1,0,0
11184,798,16,0,1,0,17,1,2025,11,15,11,37,43,5,1,0,0,1,0,0
11185,798,5,1,0,0,6,1,2025,11,15,11,55,24,5,1,0,0,1,0,0
11186,798,7,2,1,0,10,0,2025,11,15,12,13,5,5,1,0,0,0,0,1
11187,798,11,1,1,0,13,2,2025,11,15,12,30,45,5,1,0,0,0,0,1
11188,798,15,0,1,0,16,1,2025,11,15,12,48,26,5,1,0,0,0,0,1
11189,798,12,2,1,0,15,1,2025,11,15,13,6,4,5,1,0,0,0,0,1
11190,798,4,1,0,0,5,0,2025,11,16,8,9,28,5,1,0,0,1,0,0
11191,798,2,2,0,0,4,0,2025,11,16,8,27,9,5,1,0,0,1,0,0
11192,798,0,1,0,0,1,0,2025,11,16,8,44,56,5,1,0,0,1,0,0
11193,798,2,2,0,0,4,0,2025,11,16,9,2,38,5,1,0,0,1,0,0
11194,798,4,1,0,0,5,0,2025,11,16,9,20,19,5,1,0,0,1,0,0
11195,798,0,1,0,0,1,0,2025,11,16,9,38,0,5,1,0,0,1,0,0
11196,798,5,2,0,0,7,0,2025,11,16,9,55,41,5,1,0,0,1,0,0
11197,798,3,0,0,0,3,0,2025,11,16,10,13,30,5,1,0,0,1,0,0
11198,798,9,1,0,0,10,1,2025,11,16,10,31,16,5,1,0,0,1,0,0
11199,798,8,2,0,0,10,1,2025,11,16,10,49,9,5,1,0,0,1,0,0
11200,798,8,1,1,0,10,1,2025,11,16,11,7,2,5,1,0,0,1,0,0
11201,798,15,2,1,0,18,2,2025,11,17,8,23,54,5,1,0,0,1,0,0
11202,798,16,2,1,0,19,1,2025,11,17,8,41,38,5,1,0,0,1,0,0
11203,798,8,2,0,0,10,1,2025,11,17,8,59,16,5,1,0,0,1,0,0
11204,798,12,0,1,0,13,1,2025,11,17,9,16,55,5,1,0,0,1,0,0
11205,798,17,0,2,0,19,2,2025,11,17,9,34,35,5,1,0,0,1,0,0
11206,798,19,2,0,0,21,2,2025,11,17,9,52,14,5,1,0,0,1,0,0
11207,798,14,2,0,0,16,2,2025,11,17,10,9,51,5,1,0,0,1,0,0
11208,798,14,7,0,0,21,2,2025,11,17,10,27,33,5,1,0,0,1,0,0
11209,798,12,1,0,0,13,2,2025,11,17,12,34,32,5,1,0,0,0,0,1
11210,798,18,2,1,0,21,2,2025,11,17,12,52,11,5,1,0,0,0,0,1
11211,798,5,1,0,0,6,0,2025,11,17,13,9,50,5,1,0,0,0,0,1
11212,799,5,0,0,0,5,0,2025,10,27,8,27,14,5,1,0,0,1,0,0
11213,799,1,0,0,0,1,0,2025,10,27,8,44,59,5,1,0,0,1,0,0
11214,799,3,0,0,0,3,0,2025,10,27,9,2,38,5,1,0,0,1,0,0
11215,799,0,1,0,0,1,0,2025,10,27,9,20,18,5,1,0,0,1,0,0
11216,799,2,2,0,0,4,0,2025,10,27,9,38,0,5,1,0,0,1,0,0
11217,799,3,0,0,0,3,0,2025,10,27,9,55,43,5,1,0,0,1,0,0
11218,799,1,2,0,0,3,0,2025,10,27,10,13,29,5,1,0,0,1,0,0
11219,799,7,2,0,0,9,0,2025,10,27,10,31,16,5,1,0,0,1,0,0
11220,799,3,0,0,0,3,0,2025,10,27,12,40,18,5,1,0,0,0,0,1
11221,799,6,0,0,0,6,0,2025,10,27,12,58,2,5,1,0,0,0,0,1
11222,799,6,1,0,0,7,0,2025,10,27,13,15,48,5,1,0,0,0,0,1
11223,799,6,1,0,0,7,1,2025,10,27,13,20,55,5,1,0,0,0,0,1
11224,799,8,0,1,0,9,1,2025,10,27,13,57,18,5,1,0,0,0,0,1
11225,799,5,1,0,0,6,0,2025,10,27,14,55,36,5,1,0,0,0,0,1
11226,799,17,1,2,0,20,1,2025,10,27,15,13,22,5,1,0,0,0,0,1
11227,799,16,3,1,0,20,1,2025,10,27,15,31,9,5,1,0,0,0,0,1
11228,799,11,0,0,0,11,1,2025,10,27,15,48,55,5,1,0,0,0,0,1
11229,799,13,0,0,0,13,1,2025,10,27,18,2,59,5,1,0,0,0,1,0
11230,799,21,0,0,0,21,1,2025,10,27,18,20,36,5,1,0,0,0,1,0
11231,799,22,4,0,0,26,2,2025,10,27,18,38,12,5,1,0,0,0,1,0
11232,799,17,0,0,0,17,1,2025,10,28,7,56,26,5,1,0,0,1,0,0
11233,799,19,1,0,0,20,2,2025,10,28,8,14,3,5,1,0,0,1,0,0
11234,799,22,0,2,0,24,2,2025,10,28,8,31,39,5,1,0,0,1,0,0
11235,799,13,4,0,0,17,1,2025,10,28,8,49,15,5,1,0,0,1,0,0
11236,799,13,0,0,0,13,1,2025,10,28,9,6,51,5,1,0,0,1,0,0
11237,799,12,0,0,0,12,1,2025,10,28,9,24,27,5,1,0,0,1,0,0
11238,799,14,1,1,0,16,2,2025,10,28,9,42,6,5,1,0,0,1,0,0
11239,799,8,3,1,0,12,1,2025,10,28,13,27,54,5,1,0,0,0,0,1
11240,799,22,0,1,0,23,1,2025,10,28,14,45,46,5,1,0,0,0,0,1
11241,799,23,1,0,0,24,1,2025,10,28,15,3,28,5,1,0,0,0,0,1
11242,799,28,0,0,0,28,1,2025,10,28,15,21,14,5,1,0,0,0,0,1
11243,799,24,2,2,0,28,2,2025,10,28,15,39,2,5,1,0,0,0,0,1
11244,799,15,1,0,0,16,1,2025,10,28,15,56,46,5,1,0,0,0,0,1
11245,799,23,2,1,0,26,1,2025,10,28,17,49,7,5,1,0,0,0,0,1
11246,799,14,0,1,0,15,2,2025,10,28,18,6,43,5,1,0,0,0,1,0
11247,799,25,1,0,0,26,1,2025,10,28,18,24,23,5,1,0,0,0,1,0
11248,799,16,0,0,0,16,1,2025,10,28,18,42,2,5,1,0,0,0,1,0
11249,799,11,0,0,0,11,1,2025,10,28,18,59,40,5,1,0,0,0,1,0
11250,799,5,0,0,0,5,0,2025,10,28,19,17,18,5,1,0,0,0,1,0
11251,799,9,0,0,0,9,1,2025,10,28,19,34,56,5,1,0,0,0,1,0
11252,799,16,0,0,0,16,1,2025,10,28,19,52,34,5,1,0,0,0,1,0
11253,799,6,1,0,0,7,0,2025,10,29,8,23,45,5,1,0,0,1,0,0
11254,799,5,0,0,0,5,0,2025,10,29,8,41,22,5,1,0,0,1,0,0
11255,799,5,1,0,0,6,0,2025,10,29,8,58,58,5,1,0,0,1,0,0
11256,799,9,2,0,0,11,0,2025,10,29,9,16,33,5,1,0,0,1,0,0
11257,799,8,1,0,0,9,0,2025,10,29,9,34,10,5,1,0,0,1,0,0
11258,799,9,1,0,0,10,0,2025,10,29,9,51,46,5,1,0,0,1,0,0
11259,799,9,0,0,0,9,0,2025,10,29,10,9,24,5,1,0,0,1,0,0
11260,799,5,1,0,0,6,0,2025,10,29,10,27,3,5,1,0,0,1,0,0
11261,799,8,0,1,0,9,1,2025,10,29,10,44,41,5,1,0,0,1,0,0
11262,799,10,3,0,0,13,0,2025,10,29,12,33,33,5,1,0,0,0,0,1
11263,799,15,1,0,0,16,1,2025,10,29,12,51,14,5,1,0,0,0,0,1
11264,799,11,1,1,0,13,1,2025,10,29,13,9,1,5,1,0,0,0,0,1
11265,799,24,2,0,0,26,1,2025,10,29,13,26,45,5,1,0,0,0,0,1
11266,799,21,1,1,0,23,1,2025,10,29,13,44,30,5,1,0,0,0,0,1
11267,799,23,1,1,0,25,1,2025,10,29,14,44,12,5,1,0,0,0,0,1
11268,799,18,0,0,0,18,1,2025,10,29,15,1,55,5,1,0,0,0,0,1
11269,799,18,1,1,0,20,1,2025,10,29,15,19,40,5,1,0,0,0,0,1
11270,799,17,0,0,0,17,1,2025,10,29,15,37,20,5,1,0,0,0,0,1
11271,799,12,2,0,0,14,1,2025,10,29,15,55,0,5,1,0,0,0,0,1
11272,799,13,0,0,0,13,0,2025,10,30,8,20,37,5,1,0,0,1,0,0
11273,799,9,1,0,0,10,0,2025,10,30,8,38,19,5,1,0,0,1,0,0
11274,799,12,2,0,0,14,0,2025,10,30,8,56,2,5,1,0,0,1,0,0
11275,799,10,0,1,0,11,0,2025,10,30,9,13,54,5,1,0,0,1,0,0
11276,799,10,0,0,0,10,0,2025,10,30,9,31,59,5,1,0,0,1,0,0
11277,799,11,1,1,0,13,0,2025,10,30,9,49,54,5,1,0,0,1,0,0
11278,799,10,1,0,0,11,0,2025,10,30,10,7,45,5,1,0,0,1,0,0
11279,799,12,2,1,0,15,0,2025,10,30,10,25,33,5,1,0,0,1,0,0
11280,799,18,2,0,0,20,1,2025,10,30,10,43,16,5,1,0,0,1,0,0
11281,799,12,3,1,0,16,1,2025,10,30,12,29,49,5,1,0,0,0,0,1
11282,799,12,2,0,0,14,0,2025,10,30,12,47,20,5,1,0,0,0,0,1
11283,799,16,2,0,0,18,0,2025,10,30,13,5,5,5,1,0,0,0,0,1
11284,799,12,2,0,0,14,1,2025,10,30,13,22,50,5,1,0,0,0,0,1
11285,799,12,0,1,0,13,1,2025,10,30,13,40,36,5,1,0,0,0,0,1
11286,799,13,0,0,0,13,0,2025,10,30,13,58,22,5,1,0,0,0,0,1
11287,799,17,3,0,0,20,1,2025,10,30,14,57,24,5,1,0,0,0,0,1
11288,799,7,3,0,0,10,1,2025,10,30,15,15,18,5,1,0,0,0,0,1
11289,799,10,5,0,0,15,1,2025,10,30,15,33,2,5,1,0,0,0,0,1
11290,799,16,0,0,0,16,1,2025,10,30,15,57,47,5,1,0,0,0,0,1
11291,799,17,1,1,0,19,1,2025,10,30,16,15,34,5,1,0,0,0,0,1
11292,799,8,0,0,0,8,0,2025,10,30,22,45,49,5,1,0,0,0,1,0
11293,799,13,3,1,0,17,2,2025,10,31,8,43,5,5,1,0,0,1,0,0
11294,799,19,1,1,0,21,1,2025,10,31,9,0,52,5,1,0,0,1,0,0
11295,799,12,1,1,0,14,1,2025,10,31,9,18,36,5,1,0,0,1,0,0
11296,799,15,1,0,0,16,1,2025,10,31,9,44,14,5,1,0,0,1,0,0
11297,799,15,1,1,0,17,1,2025,10,31,10,1,55,5,1,0,0,1,0,0
11298,799,10,0,0,0,10,0,2025,10,31,10,19,39,5,1,0,0,1,0,0
11299,799,18,1,0,0,19,0,2025,10,31,10,37,19,5,1,0,0,1,0,0
11300,799,23,2,0,0,25,1,2025,10,31,15,3,42,5,1,0,0,0,0,1
11301,799,32,1,0,0,33,2,2025,10,31,15,21,34,5,1,0,0,0,0,1
11302,799,25,2,2,0,29,1,2025,10,31,15,39,27,5,1,0,0,0,0,1
11303,799,25,5,1,0,31,2,2025,10,31,15,57,16,5,1,0,0,0,0,1
11304,799,9,0,0,0,9,0,2025,11,1,8,54,55,5,1,0,0,1,0,0
11305,799,10,0,0,0,10,0,2025,11,1,9,12,39,5,1,0,0,1,0,0
11306,799,11,4,0,0,15,1,2025,11,1,9,30,34,5,1,0,0,1,0,0
11307,799,16,1,0,0,17,1,2025,11,1,9,48,21,5,1,0,0,1,0,0
11308,799,12,2,0,0,14,1,2025,11,1,10,6,12,5,1,0,0,1,0,0
11309,799,13,1,0,0,14,1,2025,11,1,10,23,55,5,1,0,0,1,0,0
11310,799,16,0,0,0,16,1,2025,11,1,10,41,40,5,1,0,0,1,0,0
11311,799,23,1,0,0,24,1,2025,11,1,10,59,36,5,1,0,0,1,0,0
11312,799,18,0,1,0,19,1,2025,11,1,11,17,22,5,1,0,0,1,0,0
11313,799,11,1,0,0,12,0,2025,11,1,11,35,3,5,1,0,0,1,0,0
11314,799,17,1,0,0,18,1,2025,11,1,11,52,49,5,1,0,0,1,0,0
11315,799,20,0,0,0,20,1,2025,11,1,12,10,42,5,1,0,0,0,0,1
11316,799,15,1,0,0,16,1,2025,11,1,12,28,33,5,1,0,0,0,0,1
11317,799,23,1,1,0,25,2,2025,11,1,12,46,20,5,1,0,0,0,0,1
11318,799,21,2,0,0,23,1,2025,11,1,13,4,16,5,1,0,0,0,0,1
11319,799,25,1,0,0,26,1,2025,11,1,13,22,4,5,1,0,0,0,0,1
11320,799,20,0,0,0,20,1,2025,11,1,13,39,49,5,1,0,0,0,0,1
11321,799,23,0,0,0,23,1,2025,11,1,13,57,40,5,1,0,0,0,0,1
11322,799,24,0,0,0,24,1,2025,11,1,14,15,31,5,1,0,0,0,0,1
11323,799,19,2,0,0,21,1,2025,11,1,14,33,41,5,1,0,0,0,0,1
11324,799,15,1,0,0,16,1,2025,11,1,14,51,43,5,1,0,0,0,0,1
11325,799,19,0,1,0,20,1,2025,11,1,15,9,35,5,1,0,0,0,0,1
11326,799,9,0,0,0,9,1,2025,11,1,15,27,23,5,1,0,0,0,0,1
11327,799,9,2,0,0,11,1,2025,11,1,15,45,14,5,1,0,0,0,0,1
11328,799,11,2,1,0,14,0,2025,11,1,16,3,11,5,1,0,0,0,0,1
11329,799,12,0,1,0,13,1,2025,11,1,16,20,59,5,1,0,0,0,0,1
11330,799,11,0,0,0,11,0,2025,11,1,16,38,46,5,1,0,0,0,0,1
11331,799,7,0,0,0,7,0,2025,11,1,16,56,44,5,1,0,0,0,0,1
11332,799,13,2,1,0,16,1,2025,11,1,17,14,44,5,1,0,0,0,0,1
11333,799,19,0,0,0,19,1,2025,11,1,17,32,30,5,1,0,0,0,0,1
11334,799,14,1,0,0,15,1,2025,11,1,17,50,24,5,1,0,0,0,0,1
11335,799,14,0,1,0,15,1,2025,11,1,18,8,14,5,1,0,0,0,1,0
11336,799,15,0,1,0,16,1,2025,11,1,18,27,3,5,1,0,0,0,1,0
11337,799,13,0,0,0,13,1,2025,11,1,18,44,58,5,1,0,0,0,1,0
11338,799,14,0,0,0,14,1,2025,11,1,19,2,46,5,1,0,0,0,1,0
11339,799,13,0,0,0,13,1,2025,11,1,19,37,20,5,1,0,0,0,1,0
11340,799,6,1,0,0,7,1,2025,11,2,10,16,52,5,1,0,0,1,0,0
11341,799,5,0,0,0,5,0,2025,11,2,10,34,36,5,1,0,0,1,0,0
11342,799,3,1,0,0,4,0,2025,11,2,10,52,31,5,1,0,0,1,0,0
11343,799,7,0,0,0,7,0,2025,11,2,11,10,14,5,1,0,0,1,0,0
11344,799,8,2,0,0,10,1,2025,11,2,11,28,11,5,1,0,0,1,0,0
11345,799,11,0,0,0,11,0,2025,11,2,12,11,27,5,1,0,0,0,0,1
11346,799,9,0,0,0,9,0,2025,11,2,12,29,12,5,1,0,0,0,0,1
11347,799,16,0,0,0,16,1,2025,11,2,12,47,3,5,1,0,0,0,0,1
11348,799,8,2,0,0,10,1,2025,11,2,13,4,46,5,1,0,0,0,0,1
11349,799,12,0,0,0,12,1,2025,11,2,13,22,24,5,1,0,0,0,0,1
11350,799,11,1,0,0,12,1,2025,11,2,13,40,4,5,1,0,0,0,0,1
11351,799,9,0,0,0,9,1,2025,11,2,13,57,42,5,1,0,0,0,0,1
11352,799,12,1,0,0,13,1,2025,11,2,14,15,21,5,1,0,0,0,0,1
11353,799,8,0,0,0,8,1,2025,11,2,14,32,57,5,1,0,0,0,0,1
11354,799,8,0,0,0,8,1,2025,11,2,14,50,33,5,1,0,0,0,0,1
11355,799,7,0,0,0,7,0,2025,11,2,15,51,6,5,1,0,0,0,0,1
11356,799,10,1,0,0,11,1,2025,11,2,16,8,43,5,1,0,0,0,0,1
11357,799,9,1,0,0,10,0,2025,11,2,16,26,23,5,1,0,0,0,0,1
11358,799,12,0,0,0,12,1,2025,11,2,16,44,2,5,1,0,0,0,0,1
11359,799,14,0,0,0,14,1,2025,11,3,8,9,19,5,1,0,0,1,0,0
11360,799,14,1,0,0,15,1,2025,11,3,8,26,55,5,1,0,0,1,0,0
11361,799,20,1,2,0,23,2,2025,11,3,8,44,33,5,1,0,0,1,0,0
11362,799,19,3,0,0,22,1,2025,11,3,9,2,10,5,1,0,0,1,0,0
11363,799,23,3,0,0,26,1,2025,11,3,9,19,47,5,1,0,0,1,0,0
11364,799,18,3,1,0,22,1,2025,11,3,9,37,24,5,1,0,0,1,0,0
11365,799,13,1,0,0,14,0,2025,11,4,8,9,36,5,1,0,0,1,0,0
11366,799,17,1,1,0,19,1,2025,11,4,8,27,12,5,1,0,0,1,0,0
11367,799,13,0,0,0,13,1,2025,11,4,8,44,49,5,1,0,0,1,0,0
11368,799,20,3,0,0,23,1,2025,11,4,9,2,25,5,1,0,0,1,0,0
11369,799,24,2,0,0,26,1,2025,11,4,9,20,2,5,1,0,0,1,0,0
11370,799,10,3,2,0,15,1,2025,11,4,9,37,41,5,1,0,0,1,0,0
11371,799,13,3,0,0,16,2,2025,11,4,12,8,54,5,1,0,0,0,0,1
11372,799,5,0,0,0,5,0,2025,11,4,12,37,16,5,1,0,0,0,0,1
11373,799,3,1,0,0,4,0,2025,11,4,12,54,56,5,1,0,0,0,0,1
11374,799,25,1,2,0,28,1,2025,11,4,13,4,21,5,1,0,0,0,0,1
11375,799,21,3,0,0,24,1,2025,11,4,13,22,0,5,1,0,0,0,0,1
11376,799,21,4,2,0,27,1,2025,11,4,13,39,40,5,1,0,0,0,0,1
11377,799,12,2,0,0,14,1,2025,11,4,14,34,2,5,1,0,0,0,0,1
11378,799,15,1,0,0,16,2,2025,11,4,14,51,41,5,1,0,0,0,0,1
11379,799,22,1,0,0,23,2,2025,11,4,15,9,27,5,1,0,0,0,0,1
11380,799,25,0,0,0,25,2,2025,11,4,15,27,13,5,1,0,0,0,0,1
11381,799,17,1,1,0,19,1,2025,11,4,15,45,13,5,1,0,0,0,0,1
11382,799,12,0,0,0,12,1,2025,11,4,16,2,55,5,1,0,0,0,0,1
11383,799,12,1,2,0,15,1,2025,11,4,18,0,9,5,1,0,0,0,1,0
11384,799,10,0,0,0,10,1,2025,11,4,18,17,46,5,1,0,0,0,1,0
11385,799,15,2,0,0,17,1,2025,11,4,18,35,24,5,1,0,0,0,1,0
11386,799,14,0,0,0,14,1,2025,11,4,18,53,3,5,1,0,0,0,1,0
11387,799,18,0,1,0,19,1,2025,11,4,19,10,41,5,1,0,0,0,1,0
11388,799,18,1,0,0,19,1,2025,11,4,19,28,20,5,1,0,0,0,1,0
11389,799,19,1,1,0,21,2,2025,11,4,19,45,58,5,1,0,0,0,1,0
11390,799,18,1,1,0,20,2,2025,11,4,20,3,34,5,1,0,0,0,1,0
11391,799,20,3,1,0,24,2,2025,11,4,20,21,11,5,1,0,0,0,1,0
11392,799,15,1,1,0,17,2,2025,11,4,20,38,50,5,1,0,0,0,1,0
11393,799,6,1,0,0,7,0,2025,11,5,7,51,24,5,1,0,0,1,0,0
11394,799,8,1,0,0,9,0,2025,11,5,8,9,1,5,1,0,0,1,0,0
11395,799,15,3,0,0,18,1,2025,11,5,8,26,38,5,1,0,0,1,0,0
11396,799,10,1,0,0,11,0,2025,11,5,8,44,14,5,1,0,0,1,0,0
11397,799,15,2,0,0,17,1,2025,11,5,9,1,51,5,1,0,0,1,0,0
11398,799,15,4,1,0,20,1,2025,11,5,9,19,27,5,1,0,0,1,0,0
11399,799,14,1,0,0,15,1,2025,11,5,9,37,3,5,1,0,0,1,0,0
11400,799,23,2,0,0,25,1,2025,11,5,9,54,40,5,1,0,0,1,0,0
11401,799,20,2,0,0,22,1,2025,11,5,10,12,17,5,1,0,0,1,0,0
11402,799,22,0,0,0,22,1,2025,11,5,10,29,55,5,1,0,0,1,0,0
11403,799,20,2,0,0,22,1,2025,11,5,10,47,30,5,1,0,0,1,0,0
11404,799,22,3,1,0,26,1,2025,11,5,12,44,10,5,1,0,0,0,0,1
11405,799,22,8,0,0,30,1,2025,11,5,13,1,50,5,1,0,0,0,0,1
11406,799,19,0,1,0,20,1,2025,11,5,13,19,30,5,1,0,0,0,0,1
11407,799,23,2,1,0,26,1,2025,11,5,13,37,11,5,1,0,0,0,0,1
11408,799,20,5,0,0,25,2,2025,11,5,13,54,54,5,1,0,0,0,0,1
11409,799,32,4,0,0,36,2,2025,11,5,14,46,45,5,1,0,0,0,0,1
11410,799,28,2,1,0,31,2,2025,11,5,15,4,25,5,1,0,0,0,0,1
11411,799,33,1,0,0,34,2,2025,11,5,15,22,5,5,1,0,0,0,0,1
11412,799,25,0,1,0,26,1,2025,11,5,15,39,47,5,1,0,0,0,0,1
11413,799,28,3,0,0,31,2,2025,11,5,15,57,31,5,1,0,0,0,0,1
11414,799,10,0,0,0,10,1,2025,11,6,7,50,51,5,1,0,0,1,0,0
11415,799,18,0,0,0,18,1,2025,11,6,8,8,32,5,1,0,0,1,0,0
11416,799,15,1,0,0,16,1,2025,11,6,8,26,29,5,1,0,0,1,0,0
11417,799,16,0,0,0,16,1,2025,11,6,8,44,46,5,1,0,0,1,0,0
11418,799,7,1,0,0,8,0,2025,11,6,9,2,29,5,1,0,0,1,0,0
11419,799,18,1,1,0,20,1,2025,11,6,9,20,10,5,1,0,0,1,0,0
11420,799,7,1,0,0,8,0,2025,11,6,9,37,51,5,1,0,0,1,0,0
11421,799,8,1,1,0,10,1,2025,11,6,9,55,39,5,1,0,0,1,0,0
11422,799,10,0,0,0,10,0,2025,11,6,10,13,34,5,1,0,0,1,0,0
11423,799,6,0,0,0,6,0,2025,11,6,10,31,18,5,1,0,0,1,0,0
11424,799,16,0,0,0,16,1,2025,11,6,12,31,9,5,1,0,0,0,0,1
11425,799,10,0,1,0,11,1,2025,11,6,12,48,49,5,1,0,0,0,0,1
11426,799,8,0,0,0,8,1,2025,11,6,13,6,29,5,1,0,0,0,0,1
11427,799,9,0,0,0,9,0,2025,11,6,13,39,49,5,1,0,0,0,0,1
11428,799,11,1,1,0,13,1,2025,11,6,13,57,32,5,1,0,0,0,0,1
11429,799,9,2,0,0,11,1,2025,11,7,9,38,43,5,1,0,0,1,0,0
11430,799,3,0,0,0,3,0,2025,11,7,9,56,21,5,1,0,0,1,0,0
11431,799,14,2,0,0,16,1,2025,11,7,10,14,0,5,1,0,0,1,0,0
11432,799,18,0,2,0,20,1,2025,11,7,10,31,38,5,1,0,0,1,0,0
11433,799,18,2,0,0,20,1,2025,11,7,13,14,30,5,1,0,0,0,0,1
11434,799,19,2,0,0,21,1,2025,11,7,13,32,9,5,1,0,0,0,0,1
11435,799,20,0,0,0,20,1,2025,11,7,13,49,47,5,1,0,0,0,0,1
11436,799,20,0,0,0,20,1,2025,11,7,15,37,21,5,1,0,0,0,0,1
11437,799,15,1,0,0,16,0,2025,11,7,15,55,3,5,1,0,0,0,0,1
11438,799,7,1,1,0,9,0,2025,11,8,7,54,51,5,1,0,0,1,0,0
11439,799,7,1,0,0,8,0,2025,11,8,8,12,31,5,1,0,0,1,0,0
11440,799,7,1,0,0,8,0,2025,11,8,8,30,11,5,1,0,0,1,0,0
11441,799,4,0,0,0,4,0,2025,11,8,8,47,48,5,1,0,0,1,0,0
11442,799,6,0,0,0,6,0,2025,11,8,9,52,27,5,1,0,0,1,0,0
11443,799,16,0,0,0,16,1,2025,11,8,10,31,55,5,1,0,0,1,0,0
11444,799,16,0,0,0,16,0,2025,11,8,10,49,31,5,1,0,0,1,0,0
11445,799,15,0,0,0,15,1,2025,11,8,11,7,9,5,1,0,0,1,0,0
11446,799,14,1,0,0,15,1,2025,11,8,11,24,49,5,1,0,0,1,0,0
11447,799,9,0,0,0,9,0,2025,11,8,11,42,29,5,1,0,0,1,0,0
11448,799,11,1,0,0,12,1,2025,11,8,12,0,9,5,1,0,0,0,0,1
11449,799,16,0,0,0,16,1,2025,11,8,12,17,45,5,1,0,0,0,0,1
11450,799,19,1,0,0,20,1,2025,11,8,12,35,20,5,1,0,0,0,0,1
11451,799,14,1,0,0,15,0,2025,11,8,12,52,56,5,1,0,0,0,0,1
11452,799,13,0,0,0,13,0,2025,11,8,13,10,33,5,1,0,0,0,0,1
11453,799,10,0,1,0,11,1,2025,11,8,13,28,9,5,1,0,0,0,0,1
11454,799,9,0,1,0,10,1,2025,11,8,13,45,47,5,1,0,0,0,0,1
11455,799,11,0,0,0,11,0,2025,11,8,14,3,25,5,1,0,0,0,0,1
11456,799,17,0,0,0,17,1,2025,11,8,14,21,1,5,1,0,0,0,0,1
11457,799,14,0,1,0,15,1,2025,11,8,14,38,38,5,1,0,0,0,0,1
11458,799,9,0,0,0,9,0,2025,11,8,15,34,23,5,1,0,0,0,0,1
11459,799,13,0,0,0,13,0,2025,11,8,15,52,1,5,1,0,0,0,0,1
11460,799,11,0,0,0,11,0,2025,11,8,16,9,40,5,1,0,0,0,0,1
11461,799,6,0,1,0,7,0,2025,11,8,16,27,20,5,1,0,0,0,0,1
11462,799,10,0,1,0,11,1,2025,11,8,16,45,1,5,1,0,0,0,0,1
11463,799,14,0,0,0,14,0,2025,11,8,17,2,38,5,1,0,0,0,0,1
11464,799,11,0,0,0,11,0,2025,11,8,18,55,26,5,1,0,0,0,1,0
11465,799,7,0,0,0,7,0,2025,11,8,19,13,4,5,1,0,0,0,1,0
11466,799,13,0,0,0,13,0,2025,11,8,19,30,44,5,1,0,0,0,1,0
11467,799,15,0,0,0,15,1,2025,11,8,19,48,19,5,1,0,0,0,1,0
11468,799,8,0,0,0,8,0,2025,11,9,8,29,49,5,1,0,0,1,0,0
11469,799,6,0,0,0,6,0,2025,11,9,8,47,27,5,1,0,0,1,0,0
11470,799,2,0,0,0,2,0,2025,11,9,9,5,3,5,1,0,0,1,0,0
11471,799,5,0,0,0,5,0,2025,11,9,9,22,40,5,1,0,0,1,0,0
11472,799,4,0,0,0,4,0,2025,11,9,9,40,18,5,1,0,0,1,0,0
11473,799,12,1,0,0,13,0,2025,11,9,9,57,57,5,1,0,0,1,0,0
11474,799,3,1,0,0,4,0,2025,11,9,10,15,36,5,1,0,0,1,0,0
11475,799,6,2,0,0,8,1,2025,11,9,10,33,13,5,1,0,0,1,0,0
11476,799,13,0,0,0,13,0,2025,11,9,10,50,49,5,1,0,0,1,0,0
11477,799,8,0,0,0,8,0,2025,11,9,11,8,25,5,1,0,0,1,0,0
11478,799,10,1,0,0,11,0,2025,11,9,11,26,4,5,1,0,0,1,0,0
11479,799,10,2,0,0,12,0,2025,11,9,11,43,48,5,1,0,0,1,0,0
11480,799,14,1,0,0,15,0,2025,11,9,12,1,27,5,1,0,0,0,0,1
11481,799,8,0,0,0,8,0,2025,11,9,12,19,5,5,1,0,0,0,0,1
11482,799,16,0,0,0,16,0,2025,11,9,12,36,44,5,1,0,0,0,0,1
11483,799,16,0,0,0,16,1,2025,11,9,12,54,25,5,1,0,0,0,0,1
11484,799,4,0,0,0,4,0,2025,11,9,15,20,18,5,1,0,0,0,0,1
11485,799,5,0,0,0,5,0,2025,11,9,15,37,57,5,1,0,0,0,0,1
11486,799,4,1,1,0,6,0,2025,11,9,15,55,37,5,1,0,0,0,0,1
11487,799,5,0,0,0,5,0,2025,11,9,16,13,16,5,1,0,0,0,0,1
11488,799,7,0,0,0,7,0,2025,11,9,16,30,55,5,1,0,0,0,0,1
11489,799,8,0,0,0,8,0,2025,11,9,16,48,31,5,1,0,0,0,0,1
11490,799,9,0,0,0,9,0,2025,11,9,17,6,8,5,1,0,0,0,0,1
11491,799,7,1,0,0,8,0,2025,11,9,17,23,46,5,1,0,0,0,0,1
11492,799,5,0,1,0,6,0,2025,11,9,17,41,25,5,1,0,0,0,0,1
11493,799,6,0,0,0,6,0,2025,11,9,17,59,4,5,1,0,0,0,0,1
11494,799,5,0,0,0,5,0,2025,11,9,18,16,42,5,1,0,0,0,1,0
11495,799,13,0,0,0,13,0,2025,11,9,18,34,20,5,1,0,0,0,1,0
11496,799,5,0,0,0,5,0,2025,11,9,18,51,56,5,1,0,0,0,1,0
11497,799,7,0,0,0,7,0,2025,11,9,19,9,34,5,1,0,0,0,1,0
11498,799,12,0,0,0,12,0,2025,11,9,19,27,11,5,1,0,0,0,1,0
11499,799,7,0,0,0,7,0,2025,11,9,19,44,47,5,1,0,0,0,1,0
11500,799,11,3,1,0,15,1,2025,11,11,7,59,36,5,1,0,0,1,0,0
11501,799,15,5,0,0,20,2,2025,11,11,8,17,10,5,1,0,0,1,0,0
11502,799,23,1,0,0,24,1,2025,11,11,8,34,45,5,1,0,0,1,0,0
11503,799,14,2,2,0,18,1,2025,11,11,8,52,20,5,1,0,0,1,0,0
11504,799,26,3,0,0,29,1,2025,11,11,9,9,56,5,1,0,0,1,0,0
11505,799,23,5,0,0,28,1,2025,11,11,9,27,32,5,1,0,0,1,0,0
11506,799,22,2,0,0,24,1,2025,11,11,14,34,54,5,1,0,0,0,0,1
11507,799,15,1,0,0,16,1,2025,11,11,14,52,33,5,1,0,0,0,0,1
11508,799,9,1,1,0,11,1,2025,11,11,15,10,13,5,1,0,0,0,0,1
11509,799,12,0,0,0,12,0,2025,11,11,15,27,54,5,1,0,0,0,0,1
11510,799,9,2,0,0,11,1,2025,11,11,15,45,38,5,1,0,0,0,0,1
11511,799,13,0,0,0,13,0,2025,11,11,16,3,16,5,1,0,0,0,0,1
11512,799,14,0,0,0,14,0,2025,11,11,17,48,0,5,1,0,0,0,0,1
11513,799,16,2,1,0,19,1,2025,11,11,18,5,37,5,1,0,0,0,1,0
11514,799,13,1,0,0,14,1,2025,11,11,18,23,12,5,1,0,0,0,1,0
11515,799,11,0,0,0,11,1,2025,11,11,18,40,50,5,1,0,0,0,1,0
11516,799,19,0,0,0,19,1,2025,11,11,18,58,29,5,1,0,0,0,1,0
11517,799,13,2,1,0,16,1,2025,11,11,19,16,6,5,1,0,0,0,1,0
11518,799,14,0,0,0,14,1,2025,11,11,19,33,42,5,1,0,0,0,1,0
11519,799,6,0,0,0,6,0,2025,11,11,19,51,25,5,1,0,0,0,1,0
11520,799,10,1,0,0,11,0,2025,11,12,8,37,18,5,1,0,0,1,0,0
11521,799,7,0,0,0,7,0,2025,11,12,8,55,1,5,1,0,0,1,0,0
11522,799,3,0,0,0,3,0,2025,11,12,9,12,46,5,1,0,0,1,0,0
11523,799,10,0,0,0,10,1,2025,11,12,9,30,41,5,1,0,0,1,0,0
11524,799,12,2,0,0,14,1,2025,11,12,12,35,14,5,1,0,0,0,0,1
11525,799,11,1,0,0,12,1,2025,11,14,9,7,16,5,1,0,0,1,0,0
11526,799,9,3,0,0,12,1,2025,11,14,9,24,55,5,1,0,0,1,0,0
11527,799,9,0,0,0,9,0,2025,11,14,9,42,36,5,1,0,0,1,0,0
11528,799,9,0,0,0,9,0,2025,11,14,10,0,14,5,1,0,0,1,0,0
11529,799,4,1,0,0,5,0,2025,11,14,10,17,53,5,1,0,0,1,0,0
11530,799,10,1,0,0,11,1,2025,11,14,10,35,35,5,1,0,0,1,0,0
11531,799,21,1,0,0,22,1,2025,11,15,9,51,30,5,1,0,0,1,0,0
11532,799,22,0,0,0,22,1,2025,11,15,10,9,11,5,1,0,0,1,0,0
11533,799,16,1,0,0,17,1,2025,11,15,10,26,52,5,1,0,0,1,0,0
11534,799,20,2,1,0,23,1,2025,11,15,10,44,39,5,1,0,0,1,0,0
11535,799,21,3,0,0,24,1,2025,11,15,11,2,22,5,1,0,0,1,0,0
11536,799,28,1,0,0,29,1,2025,11,15,11,20,2,5,1,0,0,1,0,0
11537,799,18,0,3,0,21,1,2025,11,15,11,37,42,5,1,0,0,1,0,0
11538,799,20,2,0,0,22,1,2025,11,15,11,55,23,5,1,0,0,1,0,0
11539,799,24,1,1,0,26,1,2025,11,15,12,13,4,5,1,0,0,0,0,1
11540,799,24,0,0,0,24,1,2025,11,15,12,30,44,5,1,0,0,0,0,1
11541,799,23,1,1,0,25,1,2025,11,15,12,48,25,5,1,0,0,0,0,1
11542,799,25,0,0,0,25,1,2025,11,15,13,6,4,5,1,0,0,0,0,1
11543,799,5,0,0,0,5,0,2025,11,16,8,9,27,5,1,0,0,1,0,0
11544,799,3,0,0,0,3,0,2025,11,16,8,27,8,5,1,0,0,1,0,0
11545,799,10,1,1,0,12,1,2025,11,16,8,44,55,5,1,0,0,1,0,0
11546,799,6,1,1,0,8,0,2025,11,16,9,2,37,5,1,0,0,1,0,0
11547,799,7,0,0,0,7,0,2025,11,16,9,20,18,5,1,0,0,1,0,0
11548,799,11,0,0,0,11,0,2025,11,16,9,38,0,5,1,0,0,1,0,0
11549,799,6,0,0,0,6,0,2025,11,16,9,55,40,5,1,0,0,1,0,0
11550,799,4,0,0,0,4,0,2025,11,16,10,13,29,5,1,0,0,1,0,0
11551,799,4,0,0,0,4,0,2025,11,16,10,31,15,5,1,0,0,1,0,0
11552,799,15,0,0,0,15,0,2025,11,16,10,49,8,5,1,0,0,1,0,0
11553,799,27,1,1,0,29,3,2025,11,16,11,7,1,5,1,0,0,1,0,0
11554,799,5,0,1,0,6,1,2025,11,17,8,23,54,5,1,0,0,1,0,0
11555,799,8,2,0,0,10,1,2025,11,17,8,41,38,5,1,0,0,1,0,0
11556,799,10,1,0,0,11,1,2025,11,17,8,59,15,5,1,0,0,1,0,0
11557,799,8,2,1,0,11,1,2025,11,17,9,16,54,5,1,0,0,1,0,0
11558,799,14,2,0,0,16,1,2025,11,17,9,34,34,5,1,0,0,1,0,0
11559,799,9,5,0,0,14,1,2025,11,17,9,52,13,5,1,0,0,1,0,0
11560,799,11,4,0,0,15,1,2025,11,17,10,9,51,5,1,0,0,1,0,0
11561,799,13,2,0,0,15,1,2025,11,17,10,27,33,5,1,0,0,1,0,0
11562,799,6,1,0,0,7,0,2025,11,17,12,34,31,5,1,0,0,0,0,1
11563,799,14,0,0,0,14,1,2025,11,17,12,52,10,5,1,0,0,0,0,1
11564,799,13,3,0,0,16,1,2025,11,17,13,9,49,5,1,0,0,0,0,1
11565,826,22,0,0,0,22,1,2025,10,27,8,27,9,40,0,1,0,1,0,0
11566,826,24,0,0,0,24,1,2025,10,27,8,44,50,40,0,1,0,1,0,0
11567,826,21,1,0,0,22,1,2025,10,27,9,2,35,40,0,1,0,1,0,0
11568,826,21,0,0,0,21,1,2025,10,27,9,20,13,40,0,1,0,1,0,0
11569,826,15,3,1,0,19,1,2025,10,27,9,37,53,40,0,1,0,1,0,0
11570,826,14,1,0,0,15,1,2025,10,27,9,55,35,40,0,1,0,1,0,0
11571,826,7,2,1,0,10,0,2025,10,27,10,13,20,40,0,1,0,1,0,0
11572,826,19,0,0,0,19,1,2025,10,27,10,31,9,40,0,1,0,1,0,0
11573,826,25,2,0,0,27,3,2025,10,27,12,40,11,40,0,1,0,0,0,1
11574,826,14,3,0,0,17,2,2025,10,27,12,57,54,40,0,1,0,0,0,1
11575,826,8,1,0,0,9,0,2025,10,27,13,15,39,40,0,1,0,0,0,1
11576,826,8,0,0,0,8,0,2025,10,27,13,20,47,40,0,1,0,0,0,1
11577,826,10,1,1,0,12,1,2025,10,27,13,57,12,40,0,1,0,0,0,1
11578,826,20,0,0,0,20,1,2025,10,27,14,55,32,40,0,1,0,0,0,1
11579,826,28,0,0,0,28,1,2025,10,27,15,13,17,40,0,1,0,0,0,1
11580,826,28,0,0,0,28,1,2025,10,27,15,31,4,40,0,1,0,0,0,1
11581,826,27,0,0,0,27,1,2025,10,27,15,48,53,40,0,1,0,0,0,1
11582,826,27,0,0,0,27,1,2025,10,27,18,2,56,40,0,1,0,0,1,0
11583,826,26,2,0,0,28,1,2025,10,27,18,20,32,40,0,1,0,0,1,0
11584,826,27,1,1,0,29,1,2025,10,27,18,38,9,40,0,1,0,0,1,0
11585,826,25,1,1,0,27,1,2025,10,28,7,56,24,40,0,1,0,1,0,0
11586,826,31,0,0,0,31,1,2025,10,28,8,14,0,40,0,1,0,1,0,0
11587,826,28,2,0,0,30,1,2025,10,28,8,31,37,40,0,1,0,1,0,0
11588,826,20,0,1,0,21,1,2025,10,28,8,49,12,40,0,1,0,1,0,0
11589,826,25,2,0,0,27,1,2025,10,28,9,6,49,40,0,1,0,1,0,0
11590,826,20,1,1,0,22,1,2025,10,28,9,24,24,40,0,1,0,1,0,0
11591,826,12,3,0,0,15,1,2025,10,28,9,42,2,40,0,1,0,1,0,0
11592,826,24,1,0,0,25,1,2025,10,28,13,27,47,40,0,1,0,0,0,1
11593,826,28,3,0,0,31,1,2025,10,28,14,45,40,40,0,1,0,0,0,1
11594,826,32,2,0,0,34,1,2025,10,28,15,3,22,40,0,1,0,0,0,1
11595,826,36,1,0,0,37,1,2025,10,28,15,21,4,40,0,1,0,0,0,1
11596,826,28,1,1,0,30,1,2025,10,28,15,38,55,40,0,1,0,0,0,1
11597,826,25,2,0,0,27,1,2025,10,28,15,56,39,40,0,1,0,0,0,1
11598,826,35,1,0,0,36,1,2025,10,28,17,49,4,40,0,1,0,0,0,1
11599,826,32,0,1,0,33,1,2025,10,28,18,6,39,40,0,1,0,0,1,0
11600,826,40,2,1,0,43,1,2025,10,28,18,24,18,40,0,1,0,0,1,0
11601,826,24,2,0,0,26,1,2025,10,28,18,41,58,40,0,1,0,0,1,0
11602,826,25,0,0,0,25,1,2025,10,28,18,59,36,40,0,1,0,0,1,0
11603,826,24,0,0,0,24,1,2025,10,28,19,17,15,40,0,1,0,0,1,0
11604,826,21,0,0,0,21,1,2025,10,28,19,34,51,40,0,1,0,0,1,0
11605,826,10,0,0,0,10,0,2025,10,28,19,52,31,40,0,1,0,0,1,0
11606,826,17,1,2,0,20,1,2025,10,29,8,23,43,40,0,1,0,1,0,0
11607,826,12,1,2,0,15,1,2025,10,29,8,41,19,40,0,1,0,1,0,0
11608,826,17,1,0,0,18,2,2025,10,29,8,58,55,40,0,1,0,1,0,0
11609,826,28,6,0,0,34,2,2025,10,29,9,16,31,40,0,1,0,1,0,0
11610,826,33,2,1,0,36,2,2025,10,29,9,34,6,40,0,1,0,1,0,0
11611,826,25,5,0,0,30,2,2025,10,29,9,51,43,40,0,1,0,1,0,0
11612,826,24,3,0,0,27,2,2025,10,29,10,9,19,40,0,1,0,1,0,0
11613,826,21,2,0,0,23,1,2025,10,29,10,26,59,40,0,1,0,1,0,0
11614,826,24,3,0,0,27,1,2025,10,29,10,44,37,40,0,1,0,1,0,0
11615,826,25,4,0,0,29,1,2025,10,29,12,33,27,40,0,1,0,0,0,1
11616,826,24,4,0,0,28,1,2025,10,29,12,51,9,40,0,1,0,0,0,1
11617,826,25,4,0,0,29,1,2025,10,29,13,8,50,40,0,1,0,0,0,1
11618,826,22,1,1,0,24,1,2025,10,29,13,26,40,40,0,1,0,0,0,1
11619,826,26,1,0,0,27,1,2025,10,29,13,44,21,40,0,1,0,0,0,1
11620,826,32,0,2,0,34,2,2025,10,29,14,44,7,40,0,1,0,0,0,1
11621,826,31,3,0,0,34,2,2025,10,29,15,1,48,40,0,1,0,0,0,1
11622,826,21,0,0,0,21,0,2025,10,29,15,19,35,40,0,1,0,0,0,1
11623,826,18,1,0,0,19,0,2025,10,29,15,37,15,40,0,1,0,0,0,1
11624,826,14,1,0,0,15,1,2025,10,29,15,54,55,40,0,1,0,0,0,1
11625,826,14,2,0,0,16,1,2025,10,30,8,20,30,40,0,1,0,1,0,0
11626,826,19,0,0,0,19,1,2025,10,30,8,38,14,40,0,1,0,1,0,0
11627,826,21,1,0,0,22,1,2025,10,30,8,55,57,40,0,1,0,1,0,0
11628,826,20,1,0,0,21,1,2025,10,30,9,13,40,40,0,1,0,1,0,0
11629,826,17,1,1,0,19,1,2025,10,30,9,31,33,40,0,1,0,1,0,0
11630,826,23,2,0,0,25,1,2025,10,30,9,49,42,40,0,1,0,1,0,0
11631,826,20,1,0,0,21,1,2025,10,30,10,7,32,40,0,1,0,1,0,0
11632,826,21,2,2,0,25,1,2025,10,30,10,25,28,40,0,1,0,1,0,0
11633,826,20,2,0,0,22,1,2025,10,30,10,43,11,40,0,1,0,1,0,0
11634,826,15,2,1,0,18,1,2025,10,30,12,29,42,40,0,1,0,0,0,1
11635,826,16,1,0,0,17,1,2025,10,30,12,47,14,40,0,1,0,0,0,1
11636,826,21,2,0,0,23,1,2025,10,30,13,4,58,40,0,1,0,0,0,1
11637,826,15,2,0,0,17,1,2025,10,30,13,22,42,40,0,1,0,0,0,1
11638,826,20,3,1,0,24,1,2025,10,30,13,40,29,40,0,1,0,0,0,1
11639,826,23,0,0,0,23,1,2025,10,30,13,58,14,40,0,1,0,0,0,1
11640,826,35,0,0,0,35,1,2025,10,30,14,57,17,40,0,1,0,0,0,1
11641,826,29,1,0,0,30,1,2025,10,30,15,15,10,40,0,1,0,0,0,1
11642,826,33,2,0,0,35,1,2025,10,30,15,32,55,40,0,1,0,0,0,1
11643,826,27,2,0,0,29,1,2025,10,30,15,57,37,40,0,1,0,0,0,1
11644,826,27,1,0,0,28,1,2025,10,30,16,15,25,40,0,1,0,0,0,1
11645,826,11,1,1,0,13,0,2025,10,31,8,25,12,40,0,1,0,1,0,0
11646,826,15,0,0,0,15,0,2025,10,31,8,42,54,40,0,1,0,1,0,0
11647,826,11,0,0,0,11,0,2025,10,31,9,0,41,40,0,1,0,1,0,0
11648,826,12,1,0,0,13,0,2025,10,31,9,18,30,40,0,1,0,1,0,0
11649,826,7,1,0,0,8,0,2025,10,31,9,44,8,40,0,1,0,1,0,0
11650,826,11,1,0,0,12,0,2025,10,31,10,1,51,40,0,1,0,1,0,0
11651,826,11,1,0,0,12,0,2025,10,31,10,19,33,40,0,1,0,1,0,0
11652,826,7,0,0,0,7,0,2025,10,31,10,37,14,40,0,1,0,1,0,0
11653,826,30,3,1,0,34,1,2025,10,31,15,3,33,40,0,1,0,0,0,1
11654,826,35,1,0,0,36,1,2025,10,31,15,21,26,40,0,1,0,0,0,1
11655,826,42,1,0,0,43,1,2025,10,31,15,39,20,40,0,1,0,0,0,1
11656,826,29,1,0,0,30,1,2025,10,31,15,57,10,40,0,1,0,0,0,1
11657,826,3,0,0,0,3,0,2025,11,1,8,54,46,40,0,1,0,1,0,0
11658,826,5,0,0,0,5,0,2025,11,1,9,12,33,40,0,1,0,1,0,0
11659,826,6,0,0,0,6,0,2025,11,1,9,30,25,40,0,1,0,1,0,0
11660,826,5,0,0,0,5,0,2025,11,1,9,48,13,40,0,1,0,1,0,0
11661,826,5,0,0,0,5,0,2025,11,1,10,6,4,40,0,1,0,1,0,0
11662,826,4,0,0,0,4,0,2025,11,1,10,23,48,40,0,1,0,1,0,0
11663,826,10,0,0,0,10,0,2025,11,1,10,41,32,40,0,1,0,1,0,0
11664,826,6,0,0,0,6,0,2025,11,1,10,59,28,40,0,1,0,1,0,0
11665,826,4,0,0,0,4,0,2025,11,1,11,17,14,40,0,1,0,1,0,0
11666,826,8,0,0,0,8,0,2025,11,1,11,34,59,40,0,1,0,1,0,0
11667,826,6,0,0,0,6,0,2025,11,1,11,52,40,40,0,1,0,1,0,0
11668,826,12,0,0,0,12,0,2025,11,1,12,10,36,40,0,1,0,0,0,1
11669,826,5,0,0,0,5,0,2025,11,1,12,28,20,40,0,1,0,0,0,1
11670,826,15,0,0,0,15,0,2025,11,1,12,46,13,40,0,1,0,0,0,1
11671,826,6,0,0,0,6,0,2025,11,1,13,4,7,40,0,1,0,0,0,1
11672,826,10,1,0,0,11,0,2025,11,1,13,21,54,40,0,1,0,0,0,1
11673,826,8,0,0,0,8,0,2025,11,1,13,39,42,40,0,1,0,0,0,1
11674,826,12,1,1,0,14,0,2025,11,1,13,57,30,40,0,1,0,0,0,1
11675,826,13,1,0,0,14,0,2025,11,1,14,15,21,40,0,1,0,0,0,1
11676,826,15,0,0,0,15,0,2025,11,1,14,33,12,40,0,1,0,0,0,1
11677,826,6,0,0,0,6,0,2025,11,1,14,51,29,40,0,1,0,0,0,1
11678,826,9,0,0,0,9,0,2025,11,1,15,9,26,40,0,1,0,0,0,1
11679,826,7,0,0,0,7,0,2025,11,1,15,27,14,40,0,1,0,0,0,1
11680,826,9,1,0,0,10,0,2025,11,1,15,45,3,40,0,1,0,0,0,1
11681,826,3,0,0,0,3,0,2025,11,1,16,3,2,40,0,1,0,0,0,1
11682,826,8,1,0,0,9,0,2025,11,1,16,20,49,40,0,1,0,0,0,1
11683,826,7,0,0,0,7,0,2025,11,1,16,38,39,40,0,1,0,0,0,1
11684,826,4,0,0,0,4,0,2025,11,1,16,56,34,40,0,1,0,0,0,1
11685,826,9,0,0,0,9,0,2025,11,1,17,14,30,40,0,1,0,0,0,1
11686,826,11,0,0,0,11,0,2025,11,1,17,32,23,40,0,1,0,0,0,1
11687,826,8,0,0,0,8,0,2025,11,1,17,50,9,40,0,1,0,0,0,1
11688,826,3,0,0,0,3,0,2025,11,1,18,8,5,40,0,1,0,0,1,0
11689,826,9,0,0,0,9,0,2025,11,1,18,26,56,40,0,1,0,0,1,0
11690,826,7,0,0,0,7,0,2025,11,1,18,44,46,40,0,1,0,0,1,0
11691,826,8,0,0,0,8,0,2025,11,1,19,2,37,40,0,1,0,0,1,0
11692,826,5,0,0,0,5,0,2025,11,1,19,37,14,40,0,1,0,0,1,0
11693,826,3,0,0,0,3,0,2025,11,2,10,16,46,40,0,1,0,1,0,0
11694,826,8,0,0,0,8,0,2025,11,2,10,34,29,40,0,1,0,1,0,0
11695,826,5,0,0,0,5,0,2025,11,2,10,52,23,40,0,1,0,1,0,0
11696,826,10,0,0,0,10,0,2025,11,2,11,10,7,40,0,1,0,1,0,0
11697,826,7,1,0,0,8,0,2025,11,2,11,28,2,40,0,1,0,1,0,0
11698,826,7,0,0,0,7,0,2025,11,2,12,11,14,40,0,1,0,0,0,1
11699,826,11,0,0,0,11,0,2025,11,2,12,29,7,40,0,1,0,0,0,1
11700,826,9,0,0,0,9,0,2025,11,2,12,46,52,40,0,1,0,0,0,1
11701,826,6,0,0,0,6,0,2025,11,2,13,4,39,40,0,1,0,0,0,1
11702,826,7,1,0,0,8,0,2025,11,2,13,22,20,40,0,1,0,0,0,1
11703,826,7,0,0,0,7,0,2025,11,2,13,39,59,40,0,1,0,0,0,1
11704,826,8,0,0,0,8,0,2025,11,2,13,57,38,40,0,1,0,0,0,1
11705,826,10,0,0,0,10,0,2025,11,2,14,15,16,40,0,1,0,0,0,1
11706,826,3,0,0,0,3,0,2025,11,2,14,32,55,40,0,1,0,0,0,1
11707,826,8,0,0,0,8,0,2025,11,2,14,50,30,40,0,1,0,0,0,1
11708,826,5,0,0,0,5,0,2025,11,2,15,51,2,40,0,1,0,0,0,1
11709,826,7,0,0,0,7,0,2025,11,2,16,8,39,40,0,1,0,0,0,1
11710,826,7,0,0,0,7,0,2025,11,2,16,26,19,40,0,1,0,0,0,1
11711,826,3,0,0,0,3,0,2025,11,2,16,43,58,40,0,1,0,0,0,1
11712,826,15,0,0,0,15,0,2025,11,3,8,9,16,40,0,1,0,1,0,0
11713,826,13,1,0,0,14,0,2025,11,3,8,26,52,40,0,1,0,1,0,0
11714,826,14,1,0,0,15,1,2025,11,3,8,44,29,40,0,1,0,1,0,0
11715,826,10,1,0,0,11,1,2025,11,3,9,2,8,40,0,1,0,1,0,0
11716,826,5,0,0,0,5,0,2025,11,3,9,19,43,40,0,1,0,1,0,0
11717,826,5,0,0,0,5,0,2025,11,3,9,37,20,40,0,1,0,1,0,0
11718,826,23,0,0,0,23,1,2025,11,4,8,9,33,40,0,1,0,1,0,0
11719,826,25,0,1,0,26,1,2025,11,4,8,27,10,40,0,1,0,1,0,0
11720,826,23,1,0,0,24,1,2025,11,4,8,44,45,40,0,1,0,1,0,0
11721,826,23,0,1,0,24,1,2025,11,4,9,2,22,40,0,1,0,1,0,0
11722,826,24,3,0,0,27,1,2025,11,4,9,19,58,40,0,1,0,1,0,0
11723,826,21,1,0,0,22,1,2025,11,4,9,37,37,40,0,1,0,1,0,0
11724,826,15,4,0,0,19,1,2025,11,4,12,8,49,40,0,1,0,0,0,1
11725,826,21,1,0,0,22,1,2025,11,4,12,37,11,40,0,1,0,0,0,1
11726,826,13,0,0,0,13,1,2025,11,4,12,54,50,40,0,1,0,0,0,1
11727,826,20,0,0,0,20,1,2025,11,4,13,4,17,40,0,1,0,0,0,1
11728,826,6,0,0,0,6,0,2025,11,4,13,21,56,40,0,1,0,0,0,1
11729,826,19,0,0,0,19,0,2025,11,4,13,39,36,40,0,1,0,0,0,1
11730,826,32,2,0,0,34,1,2025,11,4,14,33,58,40,0,1,0,0,0,1
11731,826,31,1,0,0,32,1,2025,11,4,14,51,37,40,0,1,0,0,0,1
11732,826,34,1,0,0,35,1,2025,11,4,15,9,18,40,0,1,0,0,0,1
11733,826,30,1,0,0,31,1,2025,11,4,15,27,5,40,0,1,0,0,0,1
11734,826,22,2,0,0,24,1,2025,11,4,15,44,52,40,0,1,0,0,0,1
11735,826,24,0,1,0,25,1,2025,11,4,16,2,49,40,0,1,0,0,0,1
11736,826,35,0,0,0,35,1,2025,11,4,18,0,5,40,0,1,0,0,1,0
11737,826,26,2,0,0,28,1,2025,11,4,18,17,44,40,0,1,0,0,1,0
11738,826,16,0,1,0,17,1,2025,11,4,18,35,20,40,0,1,0,0,1,0
11739,826,22,1,0,0,23,1,2025,11,4,18,52,59,40,0,1,0,0,1,0
11740,826,19,0,0,0,19,1,2025,11,4,19,10,38,40,0,1,0,0,1,0
11741,826,19,1,0,0,20,1,2025,11,4,19,28,15,40,0,1,0,0,1,0
11742,826,17,1,0,0,18,1,2025,11,4,19,45,54,40,0,1,0,0,1,0
11743,826,12,0,0,0,12,1,2025,11,4,20,3,32,40,0,1,0,0,1,0
11744,826,10,0,0,0,10,0,2025,11,4,20,21,7,40,0,1,0,0,1,0
11745,826,10,0,0,0,10,0,2025,11,4,20,38,46,40,0,1,0,0,1,0
11746,826,13,0,0,0,13,1,2025,11,5,7,51,21,40,0,1,0,1,0,0
11747,826,23,0,0,0,23,1,2025,11,5,8,8,57,40,0,1,0,1,0,0
11748,826,25,1,0,0,26,1,2025,11,5,8,26,35,40,0,1,0,1,0,0
11749,826,19,2,0,0,21,1,2025,11,5,8,44,12,40,0,1,0,1,0,0
11750,826,27,0,0,0,27,1,2025,11,5,9,1,49,40,0,1,0,1,0,0
11751,826,31,0,0,0,31,1,2025,11,5,9,19,24,40,0,1,0,1,0,0
11752,826,24,1,1,0,26,1,2025,11,5,9,37,0,40,0,1,0,1,0,0
11753,826,18,1,1,0,20,1,2025,11,5,9,54,37,40,0,1,0,1,0,0
11754,826,17,2,0,0,19,1,2025,11,5,10,12,13,40,0,1,0,1,0,0
11755,826,13,0,0,0,13,0,2025,11,5,10,29,51,40,0,1,0,1,0,0
11756,826,16,0,0,0,16,0,2025,11,5,10,47,28,40,0,1,0,1,0,0
11757,826,13,1,0,0,14,2,2025,11,5,12,44,4,40,0,1,0,0,0,1
11758,826,23,4,0,0,27,1,2025,11,5,13,1,45,40,0,1,0,0,0,1
11759,826,25,1,0,0,26,1,2025,11,5,13,19,25,40,0,1,0,0,0,1
11760,826,24,1,0,0,25,1,2025,11,5,13,37,5,40,0,1,0,0,0,1
11761,826,21,1,0,0,22,1,2025,11,5,13,54,49,40,0,1,0,0,0,1
11762,826,41,0,2,0,43,2,2025,11,5,14,46,41,40,0,1,0,0,0,1
11763,826,31,1,1,0,33,1,2025,11,5,15,4,20,40,0,1,0,0,0,1
11764,826,29,4,0,0,33,2,2025,11,5,15,22,0,40,0,1,0,0,0,1
11765,826,36,0,0,0,36,1,2025,11,5,15,39,42,40,0,1,0,0,0,1
11766,826,24,3,0,0,27,1,2025,11,5,15,57,24,40,0,1,0,0,0,1
11767,826,33,0,0,0,33,1,2025,11,5,16,15,10,40,0,1,0,0,0,1
11768,826,12,0,0,0,12,1,2025,11,6,7,50,47,40,0,1,0,1,0,0
11769,826,8,2,0,0,10,1,2025,11,6,8,8,27,40,0,1,0,1,0,0
11770,826,6,3,0,0,9,1,2025,11,6,8,26,10,40,0,1,0,1,0,0
11771,826,13,1,0,0,14,1,2025,11,6,8,44,42,40,0,1,0,1,0,0
11772,826,8,5,0,0,13,1,2025,11,6,9,2,21,40,0,1,0,1,0,0
11773,826,16,3,0,0,19,1,2025,11,6,9,20,5,40,0,1,0,1,0,0
11774,826,20,1,0,0,21,1,2025,11,6,9,37,45,40,0,1,0,1,0,0
11775,826,19,0,0,0,19,1,2025,11,6,9,55,32,40,0,1,0,1,0,0
11776,826,0,0,1,0,1,0,2025,11,6,10,13,23,40,0,1,0,1,0,0
11777,826,1,0,0,0,1,0,2025,11,6,10,31,11,40,0,1,0,1,0,0
11778,826,2,0,0,0,2,0,2025,11,6,12,11,34,40,0,1,0,0,0,1
11779,826,5,0,0,0,5,0,2025,11,6,12,31,4,40,0,1,0,0,0,1
11780,826,4,1,0,0,5,0,2025,11,6,12,48,44,40,0,1,0,0,0,1
11781,826,5,0,0,0,5,0,2025,11,6,13,6,24,40,0,1,0,0,0,1
11782,826,2,1,0,0,3,0,2025,11,6,13,39,43,40,0,1,0,0,0,1
11783,826,7,0,1,0,8,0,2025,11,6,13,57,26,40,0,1,0,0,0,1
11784,826,15,1,0,0,16,1,2025,11,7,9,38,41,40,0,1,0,1,0,0
11785,826,15,1,0,0,16,1,2025,11,7,10,13,56,40,0,1,0,1,0,0
11786,826,12,0,0,0,12,1,2025,11,7,10,31,35,40,0,1,0,1,0,0
11787,826,10,1,0,0,11,0,2025,11,7,13,14,25,40,0,1,0,0,0,1
11788,826,17,0,0,0,17,1,2025,11,7,13,32,6,40,0,1,0,0,0,1
11789,826,22,2,0,0,24,1,2025,11,7,13,49,43,40,0,1,0,0,0,1
11790,826,29,3,0,0,32,1,2025,11,7,15,37,19,40,0,1,0,0,0,1
11791,826,24,1,0,0,25,1,2025,11,7,15,55,1,40,0,1,0,0,0,1
11792,826,2,0,0,0,2,0,2025,11,8,7,54,47,40,0,1,0,1,0,0
11793,826,1,0,0,0,1,0,2025,11,8,8,12,27,40,0,1,0,1,0,0
11794,826,1,0,0,0,1,0,2025,11,8,8,30,7,40,0,1,0,1,0,0
11795,826,4,0,0,0,4,0,2025,11,8,8,47,45,40,0,1,0,1,0,0
11796,826,5,0,0,0,5,0,2025,11,8,9,52,23,40,0,1,0,1,0,0
11797,826,2,0,1,0,3,0,2025,11,8,10,31,52,40,0,1,0,1,0,0
11798,826,0,0,0,0,0,0,2025,11,8,10,49,28,40,0,1,0,1,0,0
11799,826,3,0,0,0,3,0,2025,11,8,11,7,5,40,0,1,0,1,0,0
11800,826,5,0,0,0,5,0,2025,11,8,11,24,45,40,0,1,0,1,0,0
11801,826,0,0,0,0,0,0,2025,11,8,11,42,25,40,0,1,0,1,0,0
11802,826,5,0,0,0,5,0,2025,11,8,12,0,5,40,0,1,0,0,0,1
11803,826,1,0,0,0,1,0,2025,11,8,12,17,42,40,0,1,0,0,0,1
11804,826,5,0,0,0,5,0,2025,11,8,12,35,17,40,0,1,0,0,0,1
11805,826,2,0,0,0,2,0,2025,11,8,12,52,53,40,0,1,0,0,0,1
11806,826,6,0,0,0,6,0,2025,11,8,13,10,30,40,0,1,0,0,0,1
11807,826,4,0,0,0,4,0,2025,11,8,13,28,6,40,0,1,0,0,0,1
11808,826,1,0,0,0,1,0,2025,11,8,13,45,44,40,0,1,0,0,0,1
11809,826,9,0,0,0,9,0,2025,11,8,14,3,21,40,0,1,0,0,0,1
11810,826,2,0,0,0,2,0,2025,11,8,14,20,58,40,0,1,0,0,0,1
11811,826,5,0,0,0,5,0,2025,11,8,14,38,35,40,0,1,0,0,0,1
11812,826,1,0,0,0,1,0,2025,11,8,15,34,19,40,0,1,0,0,0,1
11813,826,0,0,0,0,0,0,2025,11,8,15,51,57,40,0,1,0,0,0,1
11814,826,0,0,0,0,0,0,2025,11,8,16,9,36,40,0,1,0,0,0,1
11815,826,2,0,0,0,2,0,2025,11,8,16,27,15,40,0,1,0,0,0,1
11816,826,7,0,0,0,7,0,2025,11,8,16,44,56,40,0,1,0,0,0,1
11817,826,11,0,0,0,11,1,2025,11,8,17,2,36,40,0,1,0,0,0,1
11818,826,13,1,0,0,14,1,2025,11,8,18,55,22,40,0,1,0,0,1,0
11819,826,11,0,0,0,11,0,2025,11,8,19,13,0,40,0,1,0,0,1,0
11820,826,8,0,0,0,8,0,2025,11,8,19,30,40,40,0,1,0,0,1,0
11821,826,4,0,0,0,4,0,2025,11,8,19,48,17,40,0,1,0,0,1,0
11822,826,0,0,0,0,0,0,2025,11,9,8,29,46,40,0,1,0,1,0,0
11823,826,5,0,0,0,5,0,2025,11,9,8,47,24,40,0,1,0,1,0,0
11824,826,1,0,0,0,1,0,2025,11,9,9,4,59,40,0,1,0,1,0,0
11825,826,2,0,0,0,2,0,2025,11,9,9,22,37,40,0,1,0,1,0,0
11826,826,4,1,1,0,6,0,2025,11,9,9,40,14,40,0,1,0,1,0,0
11827,826,4,0,0,0,4,0,2025,11,9,9,57,53,40,0,1,0,1,0,0
11828,826,9,0,0,0,9,0,2025,11,9,10,15,32,40,0,1,0,1,0,0
11829,826,6,0,0,0,6,0,2025,11,9,10,33,12,40,0,1,0,1,0,0
11830,826,4,0,0,0,4,0,2025,11,9,10,50,46,40,0,1,0,1,0,0
11831,826,2,0,0,0,2,0,2025,11,9,11,8,22,40,0,1,0,1,0,0
11832,826,3,0,0,0,3,0,2025,11,9,11,25,59,40,0,1,0,1,0,0
11833,826,7,0,0,0,7,0,2025,11,9,11,43,39,40,0,1,0,1,0,0
11834,826,6,0,0,0,6,0,2025,11,9,12,1,23,40,0,1,0,0,0,1
11835,826,6,0,0,0,6,0,2025,11,9,12,19,1,40,0,1,0,0,0,1
11836,826,8,0,0,0,8,0,2025,11,9,12,36,39,40,0,1,0,0,0,1
11837,826,4,0,0,0,4,0,2025,11,9,12,54,20,40,0,1,0,0,0,1
11838,826,5,0,0,0,5,0,2025,11,9,15,20,14,40,0,1,0,0,0,1
11839,826,3,0,0,0,3,0,2025,11,9,15,37,52,40,0,1,0,0,0,1
11840,826,1,0,0,0,1,0,2025,11,9,15,55,32,40,0,1,0,0,0,1
11841,826,0,0,0,0,0,0,2025,11,9,16,13,11,40,0,1,0,0,0,1
11842,826,7,0,0,0,7,0,2025,11,9,16,30,51,40,0,1,0,0,0,1
11843,826,3,0,0,0,3,0,2025,11,9,16,48,29,40,0,1,0,0,0,1
11844,826,1,0,0,0,1,0,2025,11,9,17,6,3,40,0,1,0,0,0,1
11845,826,5,0,0,0,5,0,2025,11,9,17,23,42,40,0,1,0,0,0,1
11846,826,7,0,0,0,7,0,2025,11,9,17,41,21,40,0,1,0,0,0,1
11847,826,5,0,0,0,5,0,2025,11,9,17,59,0,40,0,1,0,0,0,1
11848,826,4,0,0,0,4,0,2025,11,9,18,16,39,40,0,1,0,0,1,0
11849,826,8,0,0,0,8,0,2025,11,9,18,34,15,40,0,1,0,0,1,0
11850,826,4,0,0,0,4,0,2025,11,9,18,51,53,40,0,1,0,0,1,0
11851,826,1,0,0,0,1,0,2025,11,9,19,9,30,40,0,1,0,0,1,0
11852,826,6,0,0,0,6,0,2025,11,9,19,27,8,40,0,1,0,0,1,0
11853,826,6,0,0,0,6,0,2025,11,9,19,44,44,40,0,1,0,0,1,0
11854,826,15,0,0,0,15,1,2025,11,11,7,59,35,40,0,1,0,1,0,0
11855,826,28,0,0,0,28,1,2025,11,11,8,17,9,40,0,1,0,1,0,0
11856,826,20,2,0,0,22,1,2025,11,11,8,34,42,40,0,1,0,1,0,0
11857,826,23,2,1,0,26,1,2025,11,11,8,52,17,40,0,1,0,1,0,0
11858,826,29,1,1,0,31,2,2025,11,11,9,9,53,40,0,1,0,1,0,0
11859,826,23,2,1,0,26,1,2025,11,11,9,27,29,40,0,1,0,1,0,0
11860,826,32,1,0,0,33,1,2025,11,11,14,34,49,40,0,1,0,0,0,1
11861,826,24,0,1,0,25,1,2025,11,11,14,52,28,40,0,1,0,0,0,1
11862,826,30,2,0,0,32,1,2025,11,11,15,10,8,40,0,1,0,0,0,1
11863,826,24,0,0,0,24,1,2025,11,11,15,27,48,40,0,1,0,0,0,1
11864,826,28,1,0,0,29,1,2025,11,11,15,45,30,40,0,1,0,0,0,1
11865,826,29,0,0,0,29,1,2025,11,11,16,3,12,40,0,1,0,0,0,1
11866,826,34,1,2,0,37,2,2025,11,11,17,47,59,40,0,1,0,0,0,1
11867,826,36,0,1,0,37,2,2025,11,11,18,5,33,40,0,1,0,0,1,0
11868,826,28,0,0,0,28,2,2025,11,11,18,23,10,40,0,1,0,0,1,0
11869,826,20,0,0,0,20,1,2025,11,11,18,40,46,40,0,1,0,0,1,0
11870,826,21,1,0,0,22,1,2025,11,11,18,58,24,40,0,1,0,0,1,0
11871,826,21,0,0,0,21,1,2025,11,11,19,16,3,40,0,1,0,0,1,0
11872,826,21,0,0,0,21,1,2025,11,11,19,33,39,40,0,1,0,0,1,0
11873,826,19,2,0,0,21,1,2025,11,11,19,51,16,40,0,1,0,0,1,0
11874,826,28,0,0,0,28,1,2025,11,12,8,37,12,40,0,1,0,1,0,0
11875,826,33,1,1,0,35,1,2025,11,12,8,54,55,40,0,1,0,1,0,0
11876,826,29,3,1,0,33,1,2025,11,12,9,12,38,40,0,1,0,1,0,0
11877,826,28,2,0,0,30,1,2025,11,12,9,30,32,40,0,1,0,1,0,0
11878,826,24,3,0,0,27,1,2025,11,12,12,35,7,40,0,1,0,0,0,1
11879,826,12,0,0,0,12,0,2025,11,14,9,7,13,40,0,1,0,1,0,0
11880,826,29,1,0,0,30,1,2025,11,14,9,24,50,40,0,1,0,1,0,0
11881,826,23,2,1,0,26,1,2025,11,14,9,42,32,40,0,1,0,1,0,0
11882,826,15,2,1,0,18,1,2025,11,14,10,0,11,40,0,1,0,1,0,0
11883,826,13,2,0,0,15,1,2025,11,14,10,17,50,40,0,1,0,1,0,0
11884,826,16,0,0,0,16,1,2025,11,14,10,35,31,40,0,1,0,1,0,0
11885,826,3,1,0,0,4,0,2025,11,15,9,51,24,40,0,1,0,1,0,0
11886,826,6,0,0,0,6,0,2025,11,15,10,9,4,40,0,1,0,1,0,0
11887,826,6,0,1,0,7,0,2025,11,15,10,26,45,40,0,1,0,1,0,0
11888,826,6,0,0,0,6,0,2025,11,15,10,44,28,40,0,1,0,1,0,0
11889,826,5,0,0,0,5,0,2025,11,15,11,2,18,40,0,1,0,1,0,0
11890,826,6,0,0,0,6,0,2025,11,15,11,19,57,40,0,1,0,1,0,0
11891,826,7,0,0,0,7,0,2025,11,15,11,37,38,40,0,1,0,1,0,0
11892,826,8,0,0,0,8,0,2025,11,15,11,55,18,40,0,1,0,1,0,0
11893,826,1,0,0,0,1,0,2025,11,15,12,13,0,40,0,1,0,0,0,1
11894,826,9,0,0,0,9,0,2025,11,15,12,30,40,40,0,1,0,0,0,1
11895,826,4,0,0,0,4,0,2025,11,15,12,48,17,40,0,1,0,0,0,1
11896,826,9,1,0,0,10,0,2025,11,15,13,5,59,40,0,1,0,0,0,1
11897,826,3,0,0,0,3,0,2025,11,16,8,9,23,40,0,1,0,1,0,0
11898,826,6,0,0,0,6,0,2025,11,16,8,27,2,40,0,1,0,1,0,0
11899,826,4,0,0,0,4,0,2025,11,16,8,44,50,40,0,1,0,1,0,0
11900,826,2,0,0,0,2,0,2025,11,16,9,2,33,40,0,1,0,1,0,0
11901,826,5,0,0,0,5,0,2025,11,16,9,20,12,40,0,1,0,1,0,0
11902,826,6,0,0,0,6,0,2025,11,16,9,37,54,40,0,1,0,1,0,0
11903,826,4,1,0,0,5,0,2025,11,16,9,55,36,40,0,1,0,1,0,0
11904,826,5,0,0,0,5,0,2025,11,16,10,13,23,40,0,1,0,1,0,0
11905,826,9,1,0,0,10,0,2025,11,16,10,31,6,40,0,1,0,1,0,0
11906,826,10,1,0,0,11,0,2025,11,16,10,48,53,40,0,1,0,1,0,0
11907,826,11,0,0,0,11,0,2025,11,16,11,6,54,40,0,1,0,1,0,0
11908,826,25,1,0,0,26,1,2025,11,17,8,23,50,40,0,1,0,1,0,0
11909,826,25,0,0,0,25,1,2025,11,17,8,41,33,40,0,1,0,1,0,0
11910,826,34,1,1,0,36,1,2025,11,17,8,59,11,40,0,1,0,1,0,0
11911,826,29,3,0,0,32,1,2025,11,17,9,16,50,40,0,1,0,1,0,0
11912,826,31,2,0,0,33,1,2025,11,17,9,34,29,40,0,1,0,1,0,0
11913,826,24,2,0,0,26,1,2025,11,17,9,52,8,40,0,1,0,1,0,0
11914,826,18,1,0,0,19,1,2025,11,17,10,9,47,40,0,1,0,1,0,0
11915,826,10,3,0,0,13,0,2025,11,17,10,27,28,40,0,1,0,1,0,0
11916,826,17,1,0,0,18,1,2025,11,17,12,34,28,40,0,1,0,0,0,1
11917,826,9,2,0,0,11,0,2025,11,17,12,52,6,40,0,1,0,0,0,1
11918,826,16,2,1,0,19,1,2025,11,17,13,9,45,40,0,1,0,0,0,1
11919,864,22,1,1,0,24,2,2025,10,27,8,27,11,6,1,0,0,1,0,0
11920,864,26,1,0,0,27,1,2025,10,27,8,44,55,6,1,0,0,1,0,0
11921,864,23,1,1,0,25,2,2025,10,27,9,2,37,6,1,0,0,1,0,0
11922,864,19,0,0,0,19,1,2025,10,27,9,20,15,6,1,0,0,1,0,0
11923,864,12,0,0,0,12,1,2025,10,27,9,37,57,6,1,0,0,1,0,0
11924,864,15,0,1,0,16,1,2025,10,27,9,55,39,6,1,0,0,1,0,0
11925,864,5,0,0,0,5,0,2025,10,27,10,13,25,6,1,0,0,1,0,0
11926,864,10,0,1,0,11,1,2025,10,27,10,31,13,6,1,0,0,1,0,0
11927,864,8,3,1,0,12,1,2025,10,27,12,40,15,6,1,0,0,0,0,1
11928,864,15,1,0,0,16,1,2025,10,27,12,57,58,6,1,0,0,0,0,1
11929,864,11,3,1,0,15,1,2025,10,27,13,15,44,6,1,0,0,0,0,1
11930,864,9,0,0,0,9,0,2025,10,27,13,20,50,6,1,0,0,0,0,1
11931,864,11,0,0,0,11,1,2025,10,27,13,57,15,6,1,0,0,0,0,1
11932,864,6,0,1,0,7,1,2025,10,27,14,55,34,6,1,0,0,0,0,1
11933,864,9,0,1,0,10,0,2025,10,27,15,13,20,6,1,0,0,0,0,1
11934,864,7,2,0,0,9,0,2025,10,27,15,31,6,6,1,0,0,0,0,1
11935,864,7,0,3,0,10,1,2025,10,27,15,48,54,6,1,0,0,0,0,1
11936,864,12,1,0,0,13,0,2025,10,27,18,2,58,6,1,0,0,0,1,0
11937,864,14,1,0,0,15,0,2025,10,27,18,20,34,6,1,0,0,0,1,0
11938,864,10,0,1,0,11,1,2025,10,27,18,38,10,6,1,0,0,0,1,0
11939,864,23,0,2,0,25,1,2025,10,28,7,56,25,6,1,0,0,1,0,0
11940,864,21,1,1,0,23,1,2025,10,28,8,14,2,6,1,0,0,1,0,0
11941,864,17,0,1,0,18,1,2025,10,28,8,31,38,6,1,0,0,1,0,0
11942,864,17,0,1,0,18,1,2025,10,28,8,49,14,6,1,0,0,1,0,0
11943,864,15,1,2,0,18,1,2025,10,28,9,6,50,6,1,0,0,1,0,0
11944,864,15,2,1,0,18,1,2025,10,28,9,24,26,6,1,0,0,1,0,0
11945,864,14,2,0,0,16,1,2025,10,28,9,42,4,6,1,0,0,1,0,0
11946,864,2,1,0,0,3,1,2025,10,28,13,27,50,6,1,0,0,0,0,1
11947,864,13,1,0,0,14,1,2025,10,28,14,45,42,6,1,0,0,0,0,1
11948,864,17,1,0,0,18,1,2025,10,28,15,3,25,6,1,0,0,0,0,1
11949,864,18,1,0,0,19,1,2025,10,28,15,21,9,6,1,0,0,0,0,1
11950,864,16,0,2,0,18,1,2025,10,28,15,38,59,6,1,0,0,0,0,1
11951,864,11,1,0,0,12,0,2025,10,28,15,56,43,6,1,0,0,0,0,1
11952,864,20,0,0,0,20,1,2025,10,28,17,49,5,6,1,0,0,0,0,1
11953,864,18,0,0,0,18,1,2025,10,28,18,6,41,6,1,0,0,0,1,0
11954,864,13,0,0,0,13,0,2025,10,28,18,24,21,6,1,0,0,0,1,0
11955,864,16,0,2,0,18,1,2025,10,28,18,42,0,6,1,0,0,0,1,0
11956,864,25,0,0,0,25,1,2025,10,28,18,59,38,6,1,0,0,0,1,0
11957,864,23,0,0,0,23,1,2025,10,28,19,17,17,6,1,0,0,0,1,0
11958,864,20,0,0,0,20,1,2025,10,28,19,34,53,6,1,0,0,0,1,0
11959,864,22,0,0,0,22,1,2025,10,28,19,52,32,6,1,0,0,0,1,0
11960,864,16,0,0,0,16,0,2025,10,29,8,23,44,6,1,0,0,1,0,0
11961,864,19,1,0,0,20,1,2025,10,29,8,41,20,6,1,0,0,1,0,0
11962,864,18,0,0,0,18,1,2025,10,29,8,58,57,6,1,0,0,1,0,0
11963,864,17,2,4,0,23,1,2025,10,29,9,16,32,6,1,0,0,1,0,0
11964,864,14,1,0,0,15,0,2025,10,29,9,34,8,6,1,0,0,1,0,0
11965,864,17,0,1,0,18,1,2025,10,29,9,51,44,6,1,0,0,1,0,0
11966,864,11,1,1,0,13,0,2025,10,29,10,9,22,6,1,0,0,1,0,0
11967,864,18,2,1,0,21,0,2025,10,29,10,27,1,6,1,0,0,1,0,0
11968,864,18,2,1,0,21,1,2025,10,29,10,44,39,6,1,0,0,1,0,0
11969,864,12,3,1,0,16,1,2025,10,29,12,33,30,6,1,0,0,0,0,1
11970,864,11,1,0,0,12,0,2025,10,29,12,51,12,6,1,0,0,0,0,1
11971,864,6,2,0,0,8,0,2025,10,29,13,8,55,6,1,0,0,0,0,1
11972,864,8,1,1,0,10,0,2025,10,29,13,26,43,6,1,0,0,0,0,1
11973,864,2,0,0,0,2,0,2025,10,29,13,44,23,6,1,0,0,0,0,1
11974,864,13,1,2,0,16,1,2025,10,29,14,44,9,6,1,0,0,0,0,1
11975,864,15,2,0,0,17,1,2025,10,29,15,1,51,6,1,0,0,0,0,1
11976,864,17,0,0,0,17,0,2025,10,29,15,19,37,6,1,0,0,0,0,1
11977,864,13,0,0,0,13,1,2025,10,29,15,37,18,6,1,0,0,0,0,1
11978,864,12,0,1,0,13,1,2025,10,29,15,54,58,6,1,0,0,0,0,1
11979,864,15,1,1,0,17,1,2025,10,30,8,20,34,6,1,0,0,1,0,0
11980,864,14,1,3,0,18,1,2025,10,30,8,38,17,6,1,0,0,1,0,0
11981,864,13,0,2,0,15,1,2025,10,30,8,55,59,6,1,0,0,1,0,0
11982,864,15,2,1,0,18,1,2025,10,30,9,13,51,6,1,0,0,1,0,0
11983,864,11,2,1,0,14,1,2025,10,30,9,31,52,6,1,0,0,1,0,0
11984,864,11,1,1,0,13,1,2025,10,30,9,49,51,6,1,0,0,1,0,0
11985,864,8,1,1,0,10,1,2025,10,30,10,7,36,6,1,0,0,1,0,0
11986,864,13,1,0,0,14,0,2025,10,30,10,25,30,6,1,0,0,1,0,0
11987,864,4,0,1,0,5,0,2025,10,30,10,43,13,6,1,0,0,1,0,0
11988,864,8,3,1,0,12,1,2025,10,30,12,29,46,6,1,0,0,0,0,1
11989,864,14,2,0,0,16,1,2025,10,30,12,47,17,6,1,0,0,0,0,1
11990,864,9,0,0,0,9,0,2025,10,30,13,5,1,6,1,0,0,0,0,1
11991,864,12,1,1,0,14,1,2025,10,30,13,22,47,6,1,0,0,0,0,1
11992,864,4,1,0,0,5,1,2025,10,30,13,40,33,6,1,0,0,0,0,1
11993,864,9,0,0,0,9,1,2025,10,30,13,58,18,6,1,0,0,0,0,1
11994,864,12,0,0,0,12,1,2025,10,30,14,57,20,6,1,0,0,0,0,1
11995,864,14,0,0,0,14,1,2025,10,30,15,15,14,6,1,0,0,0,0,1
11996,864,15,0,0,0,15,1,2025,10,30,15,32,58,6,1,0,0,0,0,1
11997,864,12,0,0,0,12,1,2025,10,30,15,57,42,6,1,0,0,0,0,1
11998,864,3,0,0,0,3,0,2025,10,30,16,15,29,6,1,0,0,0,0,1
11999,864,0,0,0,0,0,0,2025,10,30,22,45,46,6,1,0,0,0,1,0
12000,864,17,1,3,0,21,2,2025,10,31,8,25,15,6,1,0,0,1,0,0
12001,864,17,1,0,0,18,1,2025,10,31,8,42,59,6,1,0,0,1,0,0
12002,864,21,1,0,0,22,2,2025,10,31,9,0,45,6,1,0,0,1,0,0
12003,864,16,2,2,0,20,2,2025,10,31,9,18,33,6,1,0,0,1,0,0
12004,864,20,2,0,0,22,1,2025,10,31,9,44,11,6,1,0,0,1,0,0
12005,864,18,1,3,0,22,2,2025,10,31,10,1,53,6,1,0,0,1,0,0
12006,864,15,1,1,0,17,1,2025,10,31,10,19,36,6,1,0,0,1,0,0
12007,864,16,0,1,0,17,1,2025,10,31,10,37,17,6,1,0,0,1,0,0
12008,864,14,1,1,0,16,1,2025,10,31,15,3,37,6,1,0,0,0,0,1
12009,864,19,1,0,0,20,1,2025,10,31,15,21,31,6,1,0,0,0,0,1
12010,864,15,2,0,0,17,1,2025,10,31,15,39,24,6,1,0,0,0,0,1
12011,864,19,1,0,0,20,1,2025,10,31,15,57,13,6,1,0,0,0,0,1
12012,864,6,0,0,0,6,0,2025,11,1,8,54,50,6,1,0,0,1,0,0
12013,864,4,0,1,0,5,1,2025,11,1,9,12,36,6,1,0,0,1,0,0
12014,864,7,1,0,0,8,1,2025,11,1,9,30,31,6,1,0,0,1,0,0
12015,864,3,0,0,0,3,1,2025,11,1,9,48,18,6,1,0,0,1,0,0
12016,864,6,0,0,0,6,1,2025,11,1,10,6,7,6,1,0,0,1,0,0
12017,864,13,0,0,0,13,1,2025,11,1,10,23,52,6,1,0,0,1,0,0
12018,864,5,0,0,0,5,0,2025,11,1,10,41,37,6,1,0,0,1,0,0
12019,864,7,0,0,0,7,1,2025,11,1,10,59,32,6,1,0,0,1,0,0
12020,864,5,0,0,0,5,1,2025,11,1,11,17,19,6,1,0,0,1,0,0
12021,864,11,0,0,0,11,1,2025,11,1,11,35,1,6,1,0,0,1,0,0
12022,864,5,0,0,0,5,1,2025,11,1,11,52,44,6,1,0,0,1,0,0
12023,864,6,0,0,0,6,1,2025,11,1,12,10,38,6,1,0,0,0,0,1
12024,864,7,0,0,0,7,1,2025,11,1,12,28,25,6,1,0,0,0,0,1
12025,864,8,0,1,0,9,1,2025,11,1,12,46,16,6,1,0,0,0,0,1
12026,864,8,0,0,0,8,1,2025,11,1,13,4,14,6,1,0,0,0,0,1
12027,864,8,0,0,0,8,1,2025,11,1,13,21,59,6,1,0,0,0,0,1
12028,864,6,0,0,0,6,1,2025,11,1,13,39,46,6,1,0,0,0,0,1
12029,864,7,0,0,0,7,1,2025,11,1,13,57,35,6,1,0,0,0,0,1
12030,864,8,0,0,0,8,1,2025,11,1,14,15,27,6,1,0,0,0,0,1
12031,864,1,0,0,0,1,0,2025,11,1,14,33,28,6,1,0,0,0,0,1
12032,864,8,0,0,0,8,1,2025,11,1,14,51,35,6,1,0,0,0,0,1
12033,864,1,0,0,0,1,0,2025,11,1,15,9,32,6,1,0,0,0,0,1
12034,864,12,0,0,0,12,1,2025,11,1,15,27,18,6,1,0,0,0,0,1
12035,864,3,0,2,0,5,0,2025,11,1,15,45,9,6,1,0,0,0,0,1
12036,864,7,0,0,0,7,0,2025,11,1,16,3,6,6,1,0,0,0,0,1
12037,864,7,1,0,0,8,1,2025,11,1,16,20,54,6,1,0,0,0,0,1
12038,864,5,0,0,0,5,0,2025,11,1,16,38,43,6,1,0,0,0,0,1
12039,864,10,0,0,0,10,0,2025,11,1,16,56,40,6,1,0,0,0,0,1
12040,864,13,0,0,0,13,0,2025,11,1,17,14,36,6,1,0,0,0,0,1
12041,864,11,1,0,0,12,0,2025,11,1,17,32,25,6,1,0,0,0,0,1
12042,864,11,4,0,0,15,1,2025,11,1,17,50,15,6,1,0,0,0,0,1
12043,864,9,1,0,0,10,1,2025,11,1,18,8,10,6,1,0,0,0,1,0
12044,864,9,0,0,0,9,0,2025,11,1,18,26,59,6,1,0,0,0,1,0
12045,864,4,0,0,0,4,0,2025,11,1,18,44,52,6,1,0,0,0,1,0
12046,864,14,0,0,0,14,1,2025,11,1,19,2,41,6,1,0,0,0,1,0
12047,864,4,0,0,0,4,0,2025,11,1,19,37,18,6,1,0,0,0,1,0
12048,864,8,0,0,0,8,0,2025,11,2,10,16,49,6,1,0,0,1,0,0
12049,864,5,0,1,0,6,0,2025,11,2,10,34,33,6,1,0,0,1,0,0
12050,864,11,1,0,0,12,0,2025,11,2,10,52,27,6,1,0,0,1,0,0
12051,864,8,1,1,0,10,1,2025,11,2,11,10,11,6,1,0,0,1,0,0
12052,864,12,2,0,0,14,1,2025,11,2,11,28,7,6,1,0,0,1,0,0
12053,864,11,1,3,0,15,1,2025,11,2,12,11,22,6,1,0,0,0,0,1
12054,864,19,1,0,0,20,1,2025,11,2,12,29,9,6,1,0,0,0,0,1
12055,864,12,0,0,0,12,0,2025,11,2,12,46,59,6,1,0,0,0,0,1
12056,864,16,1,0,0,17,1,2025,11,2,13,4,43,6,1,0,0,0,0,1
12057,864,11,0,0,0,11,1,2025,11,2,13,22,22,6,1,0,0,0,0,1
12058,864,17,0,0,0,17,1,2025,11,2,13,40,1,6,1,0,0,0,0,1
12059,864,13,2,0,0,15,1,2025,11,2,13,57,40,6,1,0,0,0,0,1
12060,864,7,1,0,0,8,0,2025,11,2,14,15,19,6,1,0,0,0,0,1
12061,864,11,0,0,0,11,0,2025,11,2,14,32,56,6,1,0,0,0,0,1
12062,864,9,0,1,0,10,1,2025,11,2,14,50,32,6,1,0,0,0,0,1
12063,864,5,1,0,0,6,0,2025,11,2,15,51,4,6,1,0,0,0,0,1
12064,864,9,0,0,0,9,1,2025,11,2,16,8,41,6,1,0,0,0,0,1
12065,864,10,0,0,0,10,0,2025,11,2,16,26,21,6,1,0,0,0,0,1
12066,864,11,0,0,0,11,1,2025,11,2,16,44,0,6,1,0,0,0,0,1
12067,864,18,2,1,0,21,1,2025,11,3,8,9,17,6,1,0,0,1,0,0
12068,864,13,2,1,0,16,1,2025,11,3,8,26,54,6,1,0,0,1,0,0
12069,864,14,0,0,0,14,1,2025,11,3,8,44,31,6,1,0,0,1,0,0
12070,864,11,1,0,0,12,1,2025,11,3,9,2,9,6,1,0,0,1,0,0
12071,864,10,1,0,0,11,1,2025,11,3,9,19,45,6,1,0,0,1,0,0
12072,864,13,1,2,0,16,1,2025,11,3,9,37,22,6,1,0,0,1,0,0
12073,864,17,1,0,0,18,1,2025,11,4,8,9,34,6,1,0,0,1,0,0
12074,864,19,0,0,0,19,1,2025,11,4,8,27,11,6,1,0,0,1,0,0
12075,864,27,1,1,0,29,2,2025,11,4,8,44,47,6,1,0,0,1,0,0
12076,864,20,0,1,0,21,2,2025,11,4,9,2,24,6,1,0,0,1,0,0
12077,864,11,0,2,0,13,1,2025,11,4,9,20,0,6,1,0,0,1,0,0
12078,864,12,1,1,0,14,1,2025,11,4,9,37,39,6,1,0,0,1,0,0
12079,864,12,1,0,0,13,1,2025,11,4,12,8,52,6,1,0,0,0,0,1
12080,864,10,0,0,0,10,0,2025,11,4,12,37,14,6,1,0,0,0,0,1
12081,864,18,0,0,0,18,1,2025,11,4,12,54,53,6,1,0,0,0,0,1
12082,864,5,0,0,0,5,0,2025,11,4,13,4,19,6,1,0,0,0,0,1
12083,864,11,0,1,0,12,0,2025,11,4,13,21,58,6,1,0,0,0,0,1
12084,864,6,0,0,0,6,1,2025,11,4,13,39,38,6,1,0,0,0,0,1
12085,864,10,0,0,0,10,1,2025,11,4,14,34,0,6,1,0,0,0,0,1
12086,864,9,0,0,0,9,1,2025,11,4,14,51,39,6,1,0,0,0,0,1
12087,864,10,0,1,0,11,1,2025,11,4,15,9,20,6,1,0,0,0,0,1
12088,864,6,1,0,0,7,0,2025,11,4,15,27,9,6,1,0,0,0,0,1
12089,864,8,0,2,0,10,1,2025,11,4,15,45,9,6,1,0,0,0,0,1
12090,864,11,0,0,0,11,0,2025,11,4,16,2,51,6,1,0,0,0,0,1
12091,864,17,0,1,0,18,1,2025,11,4,18,0,7,6,1,0,0,0,1,0
12092,864,21,1,0,0,22,1,2025,11,4,18,17,45,6,1,0,0,0,1,0
12093,864,19,0,0,0,19,1,2025,11,4,18,35,23,6,1,0,0,0,1,0
12094,864,19,1,0,0,20,1,2025,11,4,18,53,1,6,1,0,0,0,1,0
12095,864,17,0,1,0,18,1,2025,11,4,19,10,39,6,1,0,0,0,1,0
12096,864,16,1,2,0,19,1,2025,11,4,19,28,17,6,1,0,0,0,1,0
12097,864,19,0,1,0,20,1,2025,11,4,19,45,56,6,1,0,0,0,1,0
12098,864,21,0,0,0,21,1,2025,11,4,20,3,33,6,1,0,0,0,1,0
12099,864,16,0,0,0,16,1,2025,11,4,20,21,9,6,1,0,0,0,1,0
12100,864,11,1,0,0,12,1,2025,11,4,20,38,48,6,1,0,0,0,1,0
12101,864,16,2,0,0,18,0,2025,11,5,7,51,23,6,1,0,0,1,0,0
12102,864,17,0,1,0,18,1,2025,11,5,8,8,59,6,1,0,0,1,0,0
12103,864,12,0,0,0,12,0,2025,11,5,8,26,37,6,1,0,0,1,0,0
12104,864,18,0,0,0,18,1,2025,11,5,8,44,13,6,1,0,0,1,0,0
12105,864,18,0,3,0,21,1,2025,11,5,9,1,49,6,1,0,0,1,0,0
12106,864,17,0,1,0,18,1,2025,11,5,9,19,25,6,1,0,0,1,0,0
12107,864,14,0,2,0,16,0,2025,11,5,9,37,2,6,1,0,0,1,0,0
12108,864,16,1,2,0,19,1,2025,11,5,9,54,39,6,1,0,0,1,0,0
12109,864,18,1,0,0,19,1,2025,11,5,10,12,15,6,1,0,0,1,0,0
12110,864,15,1,0,0,16,1,2025,11,5,10,29,53,6,1,0,0,1,0,0
12111,864,14,0,1,0,15,0,2025,11,5,10,47,29,6,1,0,0,1,0,0
12112,864,7,2,1,0,10,1,2025,11,5,12,44,7,6,1,0,0,0,0,1
12113,864,8,0,0,0,8,0,2025,11,5,13,1,47,6,1,0,0,0,0,1
12114,864,11,0,0,0,11,0,2025,11,5,13,19,27,6,1,0,0,0,0,1
12115,864,3,1,0,0,4,1,2025,11,5,13,37,8,6,1,0,0,0,0,1
12116,864,3,0,0,0,3,0,2025,11,5,13,54,52,6,1,0,0,0,0,1
12117,864,13,1,0,0,14,1,2025,11,5,14,46,43,6,1,0,0,0,0,1
12118,864,19,0,0,0,19,1,2025,11,5,15,4,23,6,1,0,0,0,0,1
12119,864,22,0,0,0,22,1,2025,11,5,15,22,3,6,1,0,0,0,0,1
12120,864,12,1,0,0,13,1,2025,11,5,15,39,44,6,1,0,0,0,0,1
12121,864,7,3,0,0,10,1,2025,11,5,15,57,27,6,1,0,0,0,0,1
12122,864,19,1,1,0,21,1,2025,11,6,7,50,49,6,1,0,0,1,0,0
12123,864,19,2,1,0,22,1,2025,11,6,8,8,29,6,1,0,0,1,0,0
12124,864,19,1,0,0,20,1,2025,11,6,8,26,13,6,1,0,0,1,0,0
12125,864,19,1,1,0,21,1,2025,11,6,8,44,44,6,1,0,0,1,0,0
12126,864,21,0,1,0,22,1,2025,11,6,9,2,25,6,1,0,0,1,0,0
12127,864,11,0,1,0,12,1,2025,11,6,9,20,7,6,1,0,0,1,0,0
12128,864,17,0,0,0,17,1,2025,11,6,9,37,48,6,1,0,0,1,0,0
12129,864,13,2,1,0,16,1,2025,11,6,9,55,35,6,1,0,0,1,0,0
12130,864,14,2,1,0,17,1,2025,11,6,10,13,26,6,1,0,0,1,0,0
12131,864,12,2,1,0,15,1,2025,11,6,10,31,15,6,1,0,0,1,0,0
12132,864,5,1,1,0,7,1,2025,11,6,12,11,36,6,1,0,0,0,0,1
12133,864,16,1,1,0,18,1,2025,11,6,12,31,7,6,1,0,0,0,0,1
12134,864,12,1,3,0,16,1,2025,11,6,12,48,46,6,1,0,0,0,0,1
12135,864,6,2,1,0,9,0,2025,11,6,13,6,27,6,1,0,0,0,0,1
12136,864,10,1,1,0,12,2,2025,11,6,13,39,46,6,1,0,0,0,0,1
12137,864,7,1,1,0,9,1,2025,11,6,13,57,29,6,1,0,0,0,0,1
12138,864,10,0,0,0,10,0,2025,11,7,9,38,42,6,1,0,0,1,0,0
12139,864,7,1,0,0,8,0,2025,11,7,10,13,58,6,1,0,0,1,0,0
12140,864,15,0,0,0,15,1,2025,11,7,10,31,37,6,1,0,0,1,0,0
12141,864,4,0,0,0,4,1,2025,11,7,13,14,27,6,1,0,0,0,0,1
12142,864,12,0,0,0,12,1,2025,11,7,13,32,8,6,1,0,0,0,0,1
12143,864,15,0,0,0,15,1,2025,11,7,13,49,45,6,1,0,0,0,0,1
12144,864,16,1,2,0,19,1,2025,11,7,15,37,20,6,1,0,0,0,0,1
12145,864,15,1,0,0,16,1,2025,11,7,15,55,2,6,1,0,0,0,0,1
12146,864,5,0,1,0,6,1,2025,11,8,7,54,49,6,1,0,0,1,0,0
12147,864,8,0,1,0,9,1,2025,11,8,8,12,29,6,1,0,0,1,0,0
12148,864,14,0,0,0,14,1,2025,11,8,8,30,9,6,1,0,0,1,0,0
12149,864,13,1,0,0,14,1,2025,11,8,8,47,47,6,1,0,0,1,0,0
12150,864,9,1,0,0,10,1,2025,11,8,9,52,25,6,1,0,0,1,0,0
12151,864,7,1,0,0,8,1,2025,11,8,10,31,53,6,1,0,0,1,0,0
12152,864,7,0,0,0,7,1,2025,11,8,10,49,30,6,1,0,0,1,0,0
12153,864,14,0,0,0,14,1,2025,11,8,11,7,7,6,1,0,0,1,0,0
12154,864,8,0,0,0,8,1,2025,11,8,11,24,47,6,1,0,0,1,0,0
12155,864,19,1,0,0,20,2,2025,11,8,11,42,27,6,1,0,0,1,0,0
12156,864,15,1,0,0,16,2,2025,11,8,12,0,7,6,1,0,0,0,0,1
12157,864,11,1,0,0,12,1,2025,11,8,12,17,44,6,1,0,0,0,0,1
12158,864,15,0,0,0,15,2,2025,11,8,12,35,18,6,1,0,0,0,0,1
12159,864,8,0,0,0,8,1,2025,11,8,12,52,54,6,1,0,0,0,0,1
12160,864,9,0,1,0,10,1,2025,11,8,13,10,31,6,1,0,0,0,0,1
12161,864,13,1,0,0,14,2,2025,11,8,13,28,7,6,1,0,0,0,0,1
12162,864,16,0,0,0,16,2,2025,11,8,13,45,45,6,1,0,0,0,0,1
12163,864,13,1,0,0,14,2,2025,11,8,14,3,23,6,1,0,0,0,0,1
12164,864,14,0,0,0,14,2,2025,11,8,14,20,59,6,1,0,0,0,0,1
12165,864,9,0,0,0,9,2,2025,11,8,14,38,36,6,1,0,0,0,0,1
12166,864,2,0,0,0,2,0,2025,11,8,15,34,21,6,1,0,0,0,0,1
12167,864,1,0,0,0,1,0,2025,11,8,15,51,59,6,1,0,0,0,0,1
12168,864,0,0,0,0,0,0,2025,11,8,16,9,38,6,1,0,0,0,0,1
12169,864,3,1,0,0,4,1,2025,11,8,16,27,17,6,1,0,0,0,0,1
12170,864,1,1,0,0,2,0,2025,11,8,16,44,58,6,1,0,0,0,0,1
12171,864,9,0,0,0,9,1,2025,11,8,17,2,37,6,1,0,0,0,0,1
12172,864,4,0,0,0,4,0,2025,11,8,18,55,24,6,1,0,0,0,1,0
12173,864,5,0,0,0,5,0,2025,11,8,19,13,2,6,1,0,0,0,1,0
12174,864,8,0,0,0,8,1,2025,11,8,19,30,41,6,1,0,0,0,1,0
12175,864,5,1,0,0,6,1,2025,11,8,19,48,18,6,1,0,0,0,1,0
12176,864,2,0,2,0,4,1,2025,11,9,8,29,48,6,1,0,0,1,0,0
12177,864,6,0,0,0,6,0,2025,11,9,8,47,26,6,1,0,0,1,0,0
12178,864,2,0,0,0,2,0,2025,11,9,9,5,1,6,1,0,0,1,0,0
12179,864,2,0,0,0,2,0,2025,11,9,9,22,38,6,1,0,0,1,0,0
12180,864,8,0,0,0,8,1,2025,11,9,9,40,16,6,1,0,0,1,0,0
12181,864,9,0,0,0,9,1,2025,11,9,9,57,55,6,1,0,0,1,0,0
12182,864,1,0,0,0,1,0,2025,11,9,10,15,34,6,1,0,0,1,0,0
12183,864,8,0,0,0,8,1,2025,11,9,10,33,13,6,1,0,0,1,0,0
12184,864,8,2,0,0,10,1,2025,11,9,10,50,47,6,1,0,0,1,0,0
12185,864,8,0,0,0,8,1,2025,11,9,11,8,23,6,1,0,0,1,0,0
12186,864,6,0,0,0,6,1,2025,11,9,11,26,1,6,1,0,0,1,0,0
12187,864,6,0,0,0,6,1,2025,11,9,11,43,46,6,1,0,0,1,0,0
12188,864,13,1,0,0,14,2,2025,11,9,12,1,25,6,1,0,0,0,0,1
12189,864,6,0,0,0,6,1,2025,11,9,12,19,3,6,1,0,0,0,0,1
12190,864,11,1,0,0,12,2,2025,11,9,12,36,41,6,1,0,0,0,0,1
12191,864,7,1,0,0,8,1,2025,11,9,12,54,22,6,1,0,0,0,0,1
12192,864,1,0,0,0,1,0,2025,11,9,15,20,16,6,1,0,0,0,0,1
12193,864,1,0,0,0,1,0,2025,11,9,15,37,55,6,1,0,0,0,0,1
12194,864,1,0,0,0,1,0,2025,11,9,15,55,35,6,1,0,0,0,0,1
12195,864,3,1,0,0,4,1,2025,11,9,16,13,14,6,1,0,0,0,0,1
12196,864,6,0,0,0,6,1,2025,11,9,16,30,53,6,1,0,0,0,0,1
12197,864,5,1,0,0,6,1,2025,11,9,16,48,30,6,1,0,0,0,0,1
12198,864,2,0,0,0,2,0,2025,11,9,17,6,5,6,1,0,0,0,0,1
12199,864,3,0,0,0,3,0,2025,11,9,17,23,44,6,1,0,0,0,0,1
12200,864,3,0,0,0,3,0,2025,11,9,17,41,22,6,1,0,0,0,0,1
12201,864,9,0,1,0,10,1,2025,11,9,17,59,2,6,1,0,0,0,0,1
12202,864,6,0,0,0,6,1,2025,11,9,18,16,40,6,1,0,0,0,1,0
12203,864,4,0,0,0,4,0,2025,11,9,18,34,17,6,1,0,0,0,1,0
12204,864,8,0,0,0,8,1,2025,11,9,18,51,55,6,1,0,0,0,1,0
12205,864,6,1,0,0,7,1,2025,11,9,19,9,32,6,1,0,0,0,1,0
12206,864,9,0,0,0,9,1,2025,11,9,19,27,9,6,1,0,0,0,1,0
12207,864,3,0,0,0,3,1,2025,11,9,19,44,45,6,1,0,0,0,1,0
12208,864,17,0,1,0,18,1,2025,11,11,7,59,36,6,1,0,0,1,0,0
12209,864,13,1,2,0,16,1,2025,11,11,8,17,9,6,1,0,0,1,0,0
12210,864,20,1,0,0,21,1,2025,11,11,8,34,44,6,1,0,0,1,0,0
12211,864,23,0,2,0,25,1,2025,11,11,8,52,19,6,1,0,0,1,0,0
12212,864,19,0,0,0,19,1,2025,11,11,9,9,55,6,1,0,0,1,0,0
12213,864,17,0,1,0,18,1,2025,11,11,9,27,30,6,1,0,0,1,0,0
12214,864,17,0,0,0,17,1,2025,11,11,14,34,52,6,1,0,0,0,0,1
12215,864,8,0,0,0,8,1,2025,11,11,14,52,31,6,1,0,0,0,0,1
12216,864,9,1,0,0,10,1,2025,11,11,15,10,10,6,1,0,0,0,0,1
12217,864,15,2,0,0,17,1,2025,11,11,15,27,51,6,1,0,0,0,0,1
12218,864,12,2,3,0,17,1,2025,11,11,15,45,35,6,1,0,0,0,0,1
12219,864,18,0,0,0,18,1,2025,11,11,16,3,14,6,1,0,0,0,0,1
12220,864,16,0,0,0,16,1,2025,11,11,17,48,0,6,1,0,0,0,0,1
12221,864,14,0,0,0,14,1,2025,11,11,18,5,36,6,1,0,0,0,1,0
12222,864,14,0,0,0,14,0,2025,11,11,18,23,11,6,1,0,0,0,1,0
12223,864,10,0,1,0,11,1,2025,11,11,18,40,48,6,1,0,0,0,1,0
12224,864,9,0,0,0,9,1,2025,11,11,18,58,26,6,1,0,0,0,1,0
12225,864,10,0,0,0,10,1,2025,11,11,19,16,4,6,1,0,0,0,1,0
12226,864,8,1,2,0,11,1,2025,11,11,19,33,41,6,1,0,0,0,1,0
12227,864,10,0,0,0,10,1,2025,11,11,19,51,23,6,1,0,0,0,1,0
12228,864,12,1,1,0,14,0,2025,11,12,8,37,15,6,1,0,0,1,0,0
12229,864,14,0,2,0,16,2,2025,11,12,8,54,59,6,1,0,0,1,0,0
12230,864,18,0,1,0,19,2,2025,11,12,9,12,41,6,1,0,0,1,0,0
12231,864,14,1,0,0,15,1,2025,11,12,9,30,35,6,1,0,0,1,0,0
12232,864,9,1,0,0,10,1,2025,11,12,12,35,10,6,1,0,0,0,0,1
12233,864,11,1,0,0,12,1,2025,11,14,9,7,14,6,1,0,0,1,0,0
12234,864,13,2,0,0,15,1,2025,11,14,9,24,53,6,1,0,0,1,0,0
12235,864,10,0,0,0,10,1,2025,11,14,9,42,34,6,1,0,0,1,0,0
12236,864,6,1,0,0,7,0,2025,11,14,10,0,12,6,1,0,0,1,0,0
12237,864,14,1,0,0,15,1,2025,11,14,10,17,52,6,1,0,0,1,0,0
12238,864,5,1,0,0,6,0,2025,11,14,10,35,33,6,1,0,0,1,0,0
12239,864,8,0,1,0,9,1,2025,11,15,9,51,27,6,1,0,0,1,0,0
12240,864,13,0,0,0,13,1,2025,11,15,10,9,8,6,1,0,0,1,0,0
12241,864,10,0,1,0,11,0,2025,11,15,10,26,49,6,1,0,0,1,0,0
12242,864,6,0,1,0,7,0,2025,11,15,10,44,34,6,1,0,0,1,0,0
12243,864,23,0,0,0,23,1,2025,11,15,11,2,20,6,1,0,0,1,0,0
12244,864,11,0,0,0,11,0,2025,11,15,11,19,59,6,1,0,0,1,0,0
12245,864,10,0,0,0,10,0,2025,11,15,11,37,40,6,1,0,0,1,0,0
12246,864,14,1,0,0,15,1,2025,11,15,11,55,20,6,1,0,0,1,0,0
12247,864,12,0,2,0,14,1,2025,11,15,12,13,2,6,1,0,0,0,0,1
12248,864,11,1,0,0,12,0,2025,11,15,12,30,41,6,1,0,0,0,0,1
12249,864,14,1,0,0,15,1,2025,11,15,12,48,23,6,1,0,0,0,0,1
12250,864,15,0,0,0,15,1,2025,11,15,13,6,1,6,1,0,0,0,0,1
12251,864,5,0,0,0,5,0,2025,11,16,8,9,25,6,1,0,0,1,0,0
12252,864,3,0,0,0,3,0,2025,11,16,8,27,5,6,1,0,0,1,0,0
12253,864,2,0,0,0,2,0,2025,11,16,8,44,53,6,1,0,0,1,0,0
12254,864,0,0,0,0,0,0,2025,11,16,9,2,35,6,1,0,0,1,0,0
12255,864,4,1,0,0,5,1,2025,11,16,9,20,15,6,1,0,0,1,0,0
12256,864,5,0,0,0,5,1,2025,11,16,9,37,58,6,1,0,0,1,0,0
12257,864,2,0,0,0,2,0,2025,11,16,9,55,39,6,1,0,0,1,0,0
12258,864,2,0,0,0,2,0,2025,11,16,10,13,26,6,1,0,0,1,0,0
12259,864,7,0,0,0,7,1,2025,11,16,10,31,13,6,1,0,0,1,0,0
12260,864,7,0,0,0,7,1,2025,11,16,10,49,6,6,1,0,0,1,0,0
12261,864,9,1,0,0,10,1,2025,11,16,11,6,57,6,1,0,0,1,0,0
12262,864,15,0,2,0,17,1,2025,11,17,8,23,52,6,1,0,0,1,0,0
12263,864,18,2,1,0,21,1,2025,11,17,8,41,36,6,1,0,0,1,0,0
12264,864,14,1,1,0,16,1,2025,11,17,8,59,13,6,1,0,0,1,0,0
12265,864,18,1,1,0,20,1,2025,11,17,9,16,52,6,1,0,0,1,0,0
12266,864,18,1,1,0,20,1,2025,11,17,9,34,31,6,1,0,0,1,0,0
12267,864,16,2,0,0,18,1,2025,11,17,9,52,10,6,1,0,0,1,0,0
12268,864,15,1,0,0,16,1,2025,11,17,10,9,48,6,1,0,0,1,0,0
12269,864,23,0,2,0,25,1,2025,11,17,10,27,30,6,1,0,0,1,0,0
12270,864,14,2,0,0,16,1,2025,11,17,12,34,29,6,1,0,0,0,0,1
12271,864,19,0,0,0,19,1,2025,11,17,12,52,8,6,1,0,0,0,0,1
12272,864,9,0,0,0,9,2,2025,11,17,13,9,47,6,1,0,0,0,0,1
12273,866,10,0,0,0,10,1,2025,10,27,8,27,11,6,1,0,0,1,0,0
12274,866,6,0,0,0,6,1,2025,10,27,8,44,53,6,1,0,0,1,0,0
12275,866,7,0,0,0,7,1,2025,10,27,9,2,36,6,1,0,0,1,0,0
12276,866,7,0,0,0,7,2,2025,10,27,9,20,15,6,1,0,0,1,0,0
12277,866,5,1,0,0,6,2,2025,10,27,9,37,57,6,1,0,0,1,0,0
12278,866,7,2,0,0,9,2,2025,10,27,9,55,37,6,1,0,0,1,0,0
12279,866,4,1,0,0,5,1,2025,10,27,10,13,23,6,1,0,0,1,0,0
12280,866,7,1,0,0,8,2,2025,10,27,10,31,12,6,1,0,0,1,0,0
12281,866,1,1,0,0,2,0,2025,10,27,12,40,14,6,1,0,0,0,0,1
12282,866,3,1,0,0,4,1,2025,10,27,12,57,57,6,1,0,0,0,0,1
12283,866,0,0,1,0,1,2,2025,10,27,13,15,42,6,1,0,0,0,0,1
12284,866,2,0,0,0,2,1,2025,10,27,13,20,49,6,1,0,0,0,0,1
12285,866,3,0,0,0,3,1,2025,10,27,13,57,14,6,1,0,0,0,0,1
12286,866,7,2,0,0,9,1,2025,10,27,14,55,34,6,1,0,0,0,0,1
12287,866,3,2,0,0,5,0,2025,10,27,15,13,19,6,1,0,0,0,0,1
12288,866,7,2,1,0,10,1,2025,10,27,15,31,5,6,1,0,0,0,0,1
12289,866,13,0,2,0,15,1,2025,10,27,15,48,54,6,1,0,0,0,0,1
12290,866,10,1,4,0,15,3,2025,10,27,18,2,58,6,1,0,0,0,1,0
12291,866,13,1,3,0,17,3,2025,10,27,18,20,33,6,1,0,0,0,1,0
12292,866,14,2,2,0,18,2,2025,10,27,18,38,10,6,1,0,0,0,1,0
12293,866,15,0,4,0,19,2,2025,10,28,7,56,25,6,1,0,0,1,0,0
12294,866,25,0,3,0,28,2,2025,10,28,8,14,1,6,1,0,0,1,0,0
12295,866,20,0,1,0,21,2,2025,10,28,8,31,38,6,1,0,0,1,0,0
12296,866,20,1,2,0,23,2,2025,10,28,8,49,14,6,1,0,0,1,0,0
12297,866,13,3,3,0,19,2,2025,10,28,9,6,50,6,1,0,0,1,0,0
12298,866,12,2,6,0,20,2,2025,10,28,9,24,25,6,1,0,0,1,0,0
12299,866,19,1,3,0,23,2,2025,10,28,9,42,3,6,1,0,0,1,0,0
12300,866,4,0,0,0,4,1,2025,10,28,13,27,49,6,1,0,0,0,0,1
12301,866,15,0,3,0,18,2,2025,10,28,14,45,42,6,1,0,0,0,0,1
12302,866,13,0,2,0,15,1,2025,10,28,15,3,24,6,1,0,0,0,0,1
12303,866,19,0,3,0,22,2,2025,10,28,15,21,7,6,1,0,0,0,0,1
12304,866,16,1,4,0,21,2,2025,10,28,15,38,58,6,1,0,0,0,0,1
12305,866,14,0,5,0,19,2,2025,10,28,15,56,42,6,1,0,0,0,0,1
12306,866,17,2,3,0,22,3,2025,10,28,17,49,5,6,1,0,0,0,0,1
12307,866,13,1,1,0,15,2,2025,10,28,18,6,41,6,1,0,0,0,1,0
12308,866,15,0,4,0,19,3,2025,10,28,18,24,20,6,1,0,0,0,1,0
12309,866,16,2,4,0,22,3,2025,10,28,18,42,0,6,1,0,0,0,1,0
12310,866,8,0,2,0,10,2,2025,10,28,18,59,38,6,1,0,0,0,1,0
12311,866,13,0,1,0,14,2,2025,10,28,19,17,16,6,1,0,0,0,1,0
12312,866,13,0,1,0,14,2,2025,10,28,19,34,53,6,1,0,0,0,1,0
12313,866,19,0,0,0,19,2,2025,10,28,19,52,32,6,1,0,0,0,1,0
12314,866,16,0,0,0,16,2,2025,10,29,8,23,44,6,1,0,0,1,0,0
12315,866,8,0,3,0,11,3,2025,10,29,8,41,20,6,1,0,0,1,0,0
12316,866,12,0,1,0,13,3,2025,10,29,8,58,56,6,1,0,0,1,0,0
12317,866,7,0,1,0,8,3,2025,10,29,9,16,32,6,1,0,0,1,0,0
12318,866,13,0,0,0,13,2,2025,10,29,9,34,8,6,1,0,0,1,0,0
12319,866,8,0,2,0,10,2,2025,10,29,9,51,44,6,1,0,0,1,0,0
12320,866,9,0,0,0,9,1,2025,10,29,10,9,21,6,1,0,0,1,0,0
12321,866,8,0,0,0,8,1,2025,10,29,10,27,0,6,1,0,0,1,0,0
12322,866,6,0,0,0,6,0,2025,10,29,10,44,38,6,1,0,0,1,0,0
12323,866,5,0,0,0,5,1,2025,10,29,12,33,29,6,1,0,0,0,0,1
12324,866,5,1,0,0,6,1,2025,10,29,12,51,11,6,1,0,0,0,0,1
12325,866,8,0,0,0,8,2,2025,10,29,13,8,53,6,1,0,0,0,0,1
12326,866,4,0,0,0,4,0,2025,10,29,13,26,42,6,1,0,0,0,0,1
12327,866,8,0,0,0,8,0,2025,10,29,13,44,23,6,1,0,0,0,0,1
12328,866,3,1,0,0,4,1,2025,10,29,14,44,9,6,1,0,0,0,0,1
12329,866,3,0,0,0,3,1,2025,10,29,15,1,50,6,1,0,0,0,0,1
12330,866,8,1,1,0,10,0,2025,10,29,15,19,36,6,1,0,0,0,0,1
12331,866,7,0,1,0,8,2,2025,10,29,15,37,17,6,1,0,0,0,0,1
12332,866,6,0,0,0,6,1,2025,10,29,15,54,57,6,1,0,0,0,0,1
12333,866,13,1,0,0,14,2,2025,10,30,8,20,33,6,1,0,0,1,0,0
12334,866,10,2,1,0,13,2,2025,10,30,8,38,16,6,1,0,0,1,0,0
12335,866,12,1,1,0,14,2,2025,10,30,8,55,58,6,1,0,0,1,0,0
12336,866,14,0,2,0,16,3,2025,10,30,9,13,50,6,1,0,0,1,0,0
12337,866,10,1,0,0,11,2,2025,10,30,9,31,49,6,1,0,0,1,0,0
12338,866,13,0,1,0,14,2,2025,10,30,9,49,50,6,1,0,0,1,0,0
12339,866,14,0,0,0,14,2,2025,10,30,10,7,35,6,1,0,0,1,0,0
12340,866,7,1,3,0,11,3,2025,10,30,10,25,29,6,1,0,0,1,0,0
12341,866,12,1,0,0,13,1,2025,10,30,10,43,12,6,1,0,0,1,0,0
12342,866,7,2,0,0,9,1,2025,10,30,12,29,45,6,1,0,0,0,0,1
12343,866,7,0,0,0,7,1,2025,10,30,12,47,16,6,1,0,0,0,0,1
12344,866,8,0,0,0,8,1,2025,10,30,13,5,1,6,1,0,0,0,0,1
12345,866,2,0,1,0,3,2,2025,10,30,13,22,46,6,1,0,0,0,0,1
12346,866,11,1,0,0,12,2,2025,10,30,13,40,32,6,1,0,0,0,0,1
12347,866,10,0,0,0,10,1,2025,10,30,13,58,17,6,1,0,0,0,0,1
12348,866,10,1,0,0,11,2,2025,10,30,14,57,19,6,1,0,0,0,0,1
12349,866,7,0,1,0,8,2,2025,10,30,15,15,13,6,1,0,0,0,0,1
12350,866,1,0,1,0,2,2,2025,10,30,15,32,57,6,1,0,0,0,0,1
12351,866,14,1,0,0,15,1,2025,10,30,15,57,41,6,1,0,0,0,0,1
12352,866,16,0,2,0,18,1,2025,10,30,16,15,28,6,1,0,0,0,0,1
12353,866,9,0,1,0,10,1,2025,10,30,22,45,46,6,1,0,0,0,1,0
12354,866,8,0,1,0,9,1,2025,10,31,8,25,14,6,1,0,0,1,0,0
12355,866,10,0,4,0,14,1,2025,10,31,8,42,58,6,1,0,0,1,0,0
12356,866,10,0,0,0,10,0,2025,10,31,9,0,43,6,1,0,0,1,0,0
12357,866,10,1,3,0,14,1,2025,10,31,9,18,32,6,1,0,0,1,0,0
12358,866,11,1,0,0,12,0,2025,10,31,9,44,10,6,1,0,0,1,0,0
12359,866,8,1,3,0,12,1,2025,10,31,10,1,53,6,1,0,0,1,0,0
12360,866,9,0,2,0,11,1,2025,10,31,10,19,34,6,1,0,0,1,0,0
12361,866,10,2,1,0,13,0,2025,10,31,10,37,16,6,1,0,0,1,0,0
12362,866,12,0,1,0,13,2,2025,10,31,15,3,36,6,1,0,0,0,0,1
12363,866,13,0,1,0,14,2,2025,10,31,15,21,30,6,1,0,0,0,0,1
12364,866,7,2,1,0,10,2,2025,10,31,15,39,23,6,1,0,0,0,0,1
12365,866,5,0,0,0,5,1,2025,10,31,15,57,12,6,1,0,0,0,0,1
12366,866,5,0,0,0,5,1,2025,11,1,8,54,49,6,1,0,0,1,0,0
12367,866,4,1,0,0,5,0,2025,11,1,9,12,35,6,1,0,0,1,0,0
12368,866,0,0,0,0,0,0,2025,11,1,9,30,29,6,1,0,0,1,0,0
12369,866,1,0,0,0,1,0,2025,11,1,9,48,17,6,1,0,0,1,0,0
12370,866,1,0,0,0,1,1,2025,11,1,10,6,7,6,1,0,0,1,0,0
12371,866,2,0,0,0,2,0,2025,11,1,10,23,51,6,1,0,0,1,0,0
12372,866,2,0,1,0,3,1,2025,11,1,10,41,36,6,1,0,0,1,0,0
12373,866,2,0,0,0,2,0,2025,11,1,10,59,31,6,1,0,0,1,0,0
12374,866,2,1,0,0,3,0,2025,11,1,11,17,17,6,1,0,0,1,0,0
12375,866,2,0,0,0,2,0,2025,11,1,11,35,1,6,1,0,0,1,0,0
12376,866,2,0,0,0,2,0,2025,11,1,11,52,43,6,1,0,0,1,0,0
12377,866,1,0,0,0,1,1,2025,11,1,12,10,37,6,1,0,0,0,0,1
12378,866,4,0,0,0,4,1,2025,11,1,12,28,24,6,1,0,0,0,0,1
12379,866,1,0,0,0,1,0,2025,11,1,12,46,16,6,1,0,0,0,0,1
12380,866,5,0,0,0,5,1,2025,11,1,13,4,12,6,1,0,0,0,0,1
12381,866,4,0,0,0,4,1,2025,11,1,13,21,58,6,1,0,0,0,0,1
12382,866,6,1,0,0,7,1,2025,11,1,13,39,45,6,1,0,0,0,0,1
12383,866,7,0,1,0,8,2,2025,11,1,13,57,33,6,1,0,0,0,0,1
12384,866,6,0,0,0,6,1,2025,11,1,14,15,26,6,1,0,0,0,0,1
12385,866,8,1,1,0,10,2,2025,11,1,14,33,27,6,1,0,0,0,0,1
12386,866,1,0,0,0,1,1,2025,11,1,14,51,33,6,1,0,0,0,0,1
12387,866,4,0,0,0,4,0,2025,11,1,15,9,31,6,1,0,0,0,0,1
12388,866,0,0,0,0,0,0,2025,11,1,15,27,17,6,1,0,0,0,0,1
12389,866,2,0,0,0,2,0,2025,11,1,15,45,8,6,1,0,0,0,0,1
12390,866,2,0,0,0,2,1,2025,11,1,16,3,5,6,1,0,0,0,0,1
12391,866,2,0,0,0,2,0,2025,11,1,16,20,52,6,1,0,0,0,0,1
12392,866,0,0,0,0,0,0,2025,11,1,16,38,42,6,1,0,0,0,0,1
12393,866,1,0,0,0,1,0,2025,11,1,16,56,38,6,1,0,0,0,0,1
12394,866,4,0,0,0,4,0,2025,11,1,17,14,35,6,1,0,0,0,0,1
12395,866,5,0,0,0,5,1,2025,11,1,17,32,24,6,1,0,0,0,0,1
12396,866,5,0,0,0,5,1,2025,11,1,17,50,13,6,1,0,0,0,0,1
12397,866,1,0,0,0,1,1,2025,11,1,18,8,9,6,1,0,0,0,1,0
12398,866,2,1,1,0,4,1,2025,11,1,18,26,58,6,1,0,0,0,1,0
12399,866,5,0,0,0,5,1,2025,11,1,18,44,50,6,1,0,0,0,1,0
12400,866,5,0,0,0,5,1,2025,11,1,19,2,40,6,1,0,0,0,1,0
12401,866,7,0,0,0,7,1,2025,11,1,19,37,17,6,1,0,0,0,1,0
12402,866,2,0,0,0,2,1,2025,11,2,10,16,48,6,1,0,0,1,0,0
12403,866,4,0,0,0,4,0,2025,11,2,10,34,32,6,1,0,0,1,0,0
12404,866,2,0,0,0,2,0,2025,11,2,10,52,26,6,1,0,0,1,0,0
12405,866,1,0,0,0,1,0,2025,11,2,11,10,10,6,1,0,0,1,0,0
12406,866,2,2,0,0,4,0,2025,11,2,11,28,6,6,1,0,0,1,0,0
12407,866,14,0,3,0,17,2,2025,11,2,12,11,21,6,1,0,0,0,0,1
12408,866,12,0,1,0,13,1,2025,11,2,12,29,9,6,1,0,0,0,0,1
12409,866,12,1,0,0,13,2,2025,11,2,12,46,58,6,1,0,0,0,0,1
12410,866,12,0,0,0,12,2,2025,11,2,13,4,42,6,1,0,0,0,0,1
12411,866,12,0,1,0,13,1,2025,11,2,13,22,22,6,1,0,0,0,0,1
12412,866,16,0,0,0,16,2,2025,11,2,13,40,1,6,1,0,0,0,0,1
12413,866,10,0,0,0,10,2,2025,11,2,13,57,40,6,1,0,0,0,0,1
12414,866,14,0,3,0,17,3,2025,11,2,14,15,18,6,1,0,0,0,0,1
12415,866,8,1,0,0,9,2,2025,11,2,14,32,56,6,1,0,0,0,0,1
12416,866,7,0,0,0,7,1,2025,11,2,14,50,31,6,1,0,0,0,0,1
12417,866,9,0,1,0,10,2,2025,11,2,15,51,3,6,1,0,0,0,0,1
12418,866,6,0,1,0,7,1,2025,11,2,16,8,40,6,1,0,0,0,0,1
12419,866,6,0,2,0,8,2,2025,11,2,16,26,20,6,1,0,0,0,0,1
12420,866,7,0,0,0,7,1,2025,11,2,16,43,59,6,1,0,0,0,0,1
12421,866,10,2,2,0,14,1,2025,11,3,8,9,17,6,1,0,0,1,0,0
12422,866,10,0,3,0,13,1,2025,11,3,8,26,53,6,1,0,0,1,0,0
12423,866,15,1,3,0,19,2,2025,11,3,8,44,31,6,1,0,0,1,0,0
12424,866,12,2,2,0,16,2,2025,11,3,9,2,9,6,1,0,0,1,0,0
12425,866,12,2,2,0,16,2,2025,11,3,9,19,45,6,1,0,0,1,0,0
12426,866,10,0,5,0,15,2,2025,11,3,9,37,22,6,1,0,0,1,0,0
12427,866,14,1,2,0,17,3,2025,11,4,8,9,34,6,1,0,0,1,0,0
12428,866,20,0,0,0,20,2,2025,11,4,8,27,11,6,1,0,0,1,0,0
12429,866,14,1,3,0,18,3,2025,11,4,8,44,47,6,1,0,0,1,0,0
12430,866,17,1,2,0,20,3,2025,11,4,9,2,23,6,1,0,0,1,0,0
12431,866,13,0,2,0,15,3,2025,11,4,9,19,59,6,1,0,0,1,0,0
12432,866,15,0,4,0,19,3,2025,11,4,9,37,39,6,1,0,0,1,0,0
12433,866,5,0,0,0,5,1,2025,11,4,12,8,51,6,1,0,0,0,0,1
12434,866,7,2,0,0,9,2,2025,11,4,12,37,13,6,1,0,0,0,0,1
12435,866,8,0,0,0,8,1,2025,11,4,12,54,53,6,1,0,0,0,0,1
12436,866,8,0,0,0,8,1,2025,11,4,13,4,19,6,1,0,0,0,0,1
12437,866,7,1,1,0,9,2,2025,11,4,13,21,58,6,1,0,0,0,0,1
12438,866,4,0,1,0,5,1,2025,11,4,13,39,37,6,1,0,0,0,0,1
12439,866,9,0,0,0,9,1,2025,11,4,14,34,0,6,1,0,0,0,0,1
12440,866,9,0,0,0,9,1,2025,11,4,14,51,39,6,1,0,0,0,0,1
12441,866,8,0,0,0,8,1,2025,11,4,15,9,19,6,1,0,0,0,0,1
12442,866,1,1,1,0,3,1,2025,11,4,15,27,8,6,1,0,0,0,0,1
12443,866,6,0,0,0,6,1,2025,11,4,15,45,5,6,1,0,0,0,0,1
12444,866,9,0,1,0,10,2,2025,11,4,16,2,50,6,1,0,0,0,0,1
12445,866,13,0,0,0,13,1,2025,11,4,18,0,6,6,1,0,0,0,1,0
12446,866,18,0,0,0,18,2,2025,11,4,18,17,45,6,1,0,0,0,1,0
12447,866,11,0,0,0,11,2,2025,11,4,18,35,22,6,1,0,0,0,1,0
12448,866,9,0,0,0,9,1,2025,11,4,18,53,1,6,1,0,0,0,1,0
12449,866,8,0,0,0,8,1,2025,11,4,19,10,39,6,1,0,0,0,1,0
12450,866,7,0,1,0,8,2,2025,11,4,19,28,17,6,1,0,0,0,1,0
12451,866,9,0,0,0,9,2,2025,11,4,19,45,56,6,1,0,0,0,1,0
12452,866,6,0,0,0,6,1,2025,11,4,20,3,33,6,1,0,0,0,1,0
12453,866,7,0,0,0,7,1,2025,11,4,20,21,8,6,1,0,0,0,1,0
12454,866,3,1,0,0,4,1,2025,11,4,20,38,47,6,1,0,0,0,1,0
12455,866,9,4,0,0,13,1,2025,11,5,7,51,22,6,1,0,0,1,0,0
12456,866,10,0,2,0,12,1,2025,11,5,8,8,59,6,1,0,0,1,0,0
12457,866,12,1,3,0,16,2,2025,11,5,8,26,36,6,1,0,0,1,0,0
12458,866,10,2,5,0,17,2,2025,11,5,8,44,12,6,1,0,0,1,0,0
12459,866,6,1,2,0,9,1,2025,11,5,9,1,49,6,1,0,0,1,0,0
12460,866,12,2,2,0,16,1,2025,11,5,9,19,25,6,1,0,0,1,0,0
12461,866,10,0,1,0,11,1,2025,11,5,9,37,1,6,1,0,0,1,0,0
12462,866,7,2,4,0,13,2,2025,11,5,9,54,38,6,1,0,0,1,0,0
12463,866,11,1,3,0,15,1,2025,11,5,10,12,15,6,1,0,0,1,0,0
12464,866,17,0,1,0,18,1,2025,11,5,10,29,53,6,1,0,0,1,0,0
12465,866,10,1,4,0,15,2,2025,11,5,10,47,29,6,1,0,0,1,0,0
12466,866,13,1,3,0,17,2,2025,11,5,12,44,6,6,1,0,0,0,0,1
12467,866,15,1,3,0,19,2,2025,11,5,13,1,47,6,1,0,0,0,0,1
12468,866,14,2,2,0,18,2,2025,11,5,13,19,26,6,1,0,0,0,0,1
12469,866,15,1,4,0,20,2,2025,11,5,13,37,7,6,1,0,0,0,0,1
12470,866,14,0,2,0,16,2,2025,11,5,13,54,51,6,1,0,0,0,0,1
12471,866,18,0,2,0,20,2,2025,11,5,14,46,42,6,1,0,0,0,0,1
12472,866,12,0,1,0,13,2,2025,11,5,15,4,22,6,1,0,0,0,0,1
12473,866,13,1,2,0,16,2,2025,11,5,15,22,2,6,1,0,0,0,0,1
12474,866,4,0,3,0,7,2,2025,11,5,15,39,44,6,1,0,0,0,0,1
12475,866,15,1,0,0,16,2,2025,11,5,15,57,26,6,1,0,0,0,0,1
12476,866,7,0,0,0,7,1,2025,11,6,7,50,49,6,1,0,0,1,0,0
12477,866,10,2,0,0,12,2,2025,11,6,8,8,29,6,1,0,0,1,0,0
12478,866,8,1,1,0,10,2,2025,11,6,8,26,13,6,1,0,0,1,0,0
12479,866,12,0,4,0,16,2,2025,11,6,8,44,43,6,1,0,0,1,0,0
12480,866,14,1,5,0,20,2,2025,11,6,9,2,24,6,1,0,0,1,0,0
12481,866,12,2,6,0,20,3,2025,11,6,9,20,6,6,1,0,0,1,0,0
12482,866,16,1,2,0,19,2,2025,11,6,9,37,47,6,1,0,0,1,0,0
12483,866,11,0,3,0,14,2,2025,11,6,9,55,34,6,1,0,0,1,0,0
12484,866,13,1,2,0,16,2,2025,11,6,10,13,25,6,1,0,0,1,0,0
12485,866,13,3,2,0,18,2,2025,11,6,10,31,14,6,1,0,0,1,0,0
12486,866,11,2,2,0,15,1,2025,11,6,12,11,36,6,1,0,0,0,0,1
12487,866,11,1,1,0,13,1,2025,11,6,12,31,6,6,1,0,0,0,0,1
12488,866,7,0,1,0,8,1,2025,11,6,12,48,46,6,1,0,0,0,0,1
12489,866,11,0,1,0,12,1,2025,11,6,13,6,26,6,1,0,0,0,0,1
12490,866,9,0,1,0,10,0,2025,11,6,13,39,45,6,1,0,0,0,0,1
12491,866,7,0,0,0,7,1,2025,11,6,13,57,28,6,1,0,0,0,0,1
12492,866,12,0,1,0,13,2,2025,11,7,9,38,42,6,1,0,0,1,0,0
12493,866,14,0,2,0,16,2,2025,11,7,9,56,19,6,1,0,0,1,0,0
12494,866,12,2,3,0,17,1,2025,11,7,10,13,57,6,1,0,0,1,0,0
12495,866,13,2,0,0,15,2,2025,11,7,10,31,36,6,1,0,0,1,0,0
12496,866,15,0,0,0,15,2,2025,11,7,13,14,27,6,1,0,0,0,0,1
12497,866,12,1,1,0,14,2,2025,11,7,13,32,7,6,1,0,0,0,0,1
12498,866,5,0,2,0,7,1,2025,11,7,13,49,45,6,1,0,0,0,0,1
12499,866,21,2,3,0,26,2,2025,11,7,15,37,20,6,1,0,0,0,0,1
12500,866,10,1,4,0,15,2,2025,11,7,15,55,2,6,1,0,0,0,0,1
12501,866,5,2,0,0,7,1,2025,11,8,7,54,49,6,1,0,0,1,0,0
12502,866,1,0,0,0,1,0,2025,11,8,8,12,28,6,1,0,0,1,0,0
12503,866,7,1,1,0,9,1,2025,11,8,8,30,9,6,1,0,0,1,0,0
12504,866,6,0,0,0,6,1,2025,11,8,8,47,47,6,1,0,0,1,0,0
12505,866,3,0,1,0,4,1,2025,11,8,9,52,25,6,1,0,0,1,0,0
12506,866,2,0,0,0,2,0,2025,11,8,10,31,52,6,1,0,0,1,0,0
12507,866,7,0,0,0,7,2,2025,11,8,10,49,29,6,1,0,0,1,0,0
12508,866,10,0,1,0,11,2,2025,11,8,11,7,6,6,1,0,0,1,0,0
12509,866,8,1,2,0,11,3,2025,11,8,11,24,46,6,1,0,0,1,0,0
12510,866,10,2,0,0,12,2,2025,11,8,11,42,26,6,1,0,0,1,0,0
12511,866,11,0,1,0,12,3,2025,11,8,12,0,6,6,1,0,0,0,0,1
12512,866,13,0,0,0,13,2,2025,11,8,12,17,43,6,1,0,0,0,0,1
12513,866,6,0,0,0,6,1,2025,11,8,12,35,18,6,1,0,0,0,0,1
12514,866,14,0,0,0,14,2,2025,11,8,12,52,54,6,1,0,0,0,0,1
12515,866,13,0,0,0,13,2,2025,11,8,13,10,31,6,1,0,0,0,0,1
12516,866,15,1,0,0,16,2,2025,11,8,13,28,7,6,1,0,0,0,0,1
12517,866,14,0,0,0,14,2,2025,11,8,13,45,45,6,1,0,0,0,0,1
12518,866,9,1,0,0,10,2,2025,11,8,14,3,23,6,1,0,0,0,0,1
12519,866,12,0,0,0,12,2,2025,11,8,14,20,59,6,1,0,0,0,0,1
12520,866,9,0,1,0,10,2,2025,11,8,14,38,36,6,1,0,0,0,0,1
12521,866,5,1,0,0,6,1,2025,11,8,15,34,20,6,1,0,0,0,0,1
12522,866,3,0,1,0,4,1,2025,11,8,15,51,58,6,1,0,0,0,0,1
12523,866,4,1,0,0,5,1,2025,11,8,16,9,38,6,1,0,0,0,0,1
12524,866,9,0,0,0,9,2,2025,11,8,16,27,17,6,1,0,0,0,0,1
12525,866,10,0,0,0,10,2,2025,11,8,16,44,57,6,1,0,0,0,0,1
12526,866,5,0,0,0,5,1,2025,11,8,17,2,37,6,1,0,0,0,0,1
12527,866,6,0,0,0,6,1,2025,11,8,18,55,23,6,1,0,0,0,1,0
12528,866,8,1,0,0,9,2,2025,11,8,19,13,1,6,1,0,0,0,1,0
12529,866,10,0,0,0,10,2,2025,11,8,19,30,41,6,1,0,0,0,1,0
12530,866,8,0,0,0,8,1,2025,11,8,19,48,18,6,1,0,0,0,1,0
12531,866,2,0,0,0,2,0,2025,11,9,8,29,47,6,1,0,0,1,0,0
12532,866,0,0,1,0,1,2,2025,11,9,8,47,25,6,1,0,0,1,0,0
12533,866,0,0,0,0,0,0,2025,11,9,9,5,1,6,1,0,0,1,0,0
12534,866,0,0,0,0,0,0,2025,11,9,9,22,38,6,1,0,0,1,0,0
12535,866,1,1,0,0,2,0,2025,11,9,9,40,15,6,1,0,0,1,0,0
12536,866,0,0,1,0,1,2,2025,11,9,9,57,55,6,1,0,0,1,0,0
12537,866,1,0,0,0,1,0,2025,11,9,10,15,34,6,1,0,0,1,0,0
12538,866,0,0,0,0,0,0,2025,11,9,10,33,12,6,1,0,0,1,0,0
12539,866,2,0,0,0,2,0,2025,11,9,10,50,47,6,1,0,0,1,0,0
12540,866,3,0,1,0,4,1,2025,11,9,11,8,23,6,1,0,0,1,0,0
12541,866,2,0,0,0,2,1,2025,11,9,11,26,0,6,1,0,0,1,0,0
12542,866,5,0,1,0,6,2,2025,11,9,11,43,45,6,1,0,0,1,0,0
12543,866,5,0,0,0,5,1,2025,11,9,12,1,24,6,1,0,0,0,0,1
12544,866,2,1,0,0,3,1,2025,11,9,12,19,2,6,1,0,0,0,0,1
12545,866,5,0,0,0,5,1,2025,11,9,12,36,40,6,1,0,0,0,0,1
12546,866,1,0,0,0,1,0,2025,11,9,12,54,21,6,1,0,0,0,0,1
12547,866,5,0,0,0,5,1,2025,11,9,15,20,15,6,1,0,0,0,0,1
12548,866,1,0,1,0,2,2,2025,11,9,15,37,54,6,1,0,0,0,0,1
12549,866,0,0,1,0,1,2,2025,11,9,15,55,34,6,1,0,0,0,0,1
12550,866,4,0,0,0,4,1,2025,11,9,16,13,13,6,1,0,0,0,0,1
12551,866,7,0,0,0,7,1,2025,11,9,16,30,52,6,1,0,0,0,0,1
12552,866,3,1,0,0,4,1,2025,11,9,16,48,30,6,1,0,0,0,0,1
12553,866,4,0,2,0,6,2,2025,11,9,17,6,5,6,1,0,0,0,0,1
12554,866,6,0,0,0,6,1,2025,11,9,17,23,43,6,1,0,0,0,0,1
12555,866,7,0,1,0,8,2,2025,11,9,17,41,22,6,1,0,0,0,0,1
12556,866,2,0,1,0,3,2,2025,11,9,17,59,2,6,1,0,0,0,0,1
12557,866,7,0,0,0,7,1,2025,11,9,18,16,40,6,1,0,0,0,1,0
12558,866,3,0,0,0,3,1,2025,11,9,18,34,17,6,1,0,0,0,1,0
12559,866,2,1,1,0,4,2,2025,11,9,18,51,54,6,1,0,0,0,1,0
12560,866,3,0,0,0,3,1,2025,11,9,19,9,31,6,1,0,0,0,1,0
12561,866,6,1,0,0,7,3,2025,11,9,19,27,9,6,1,0,0,0,1,0
12562,866,5,0,0,0,5,1,2025,11,9,19,44,45,6,1,0,0,0,1,0
12563,866,8,1,4,0,13,2,2025,11,11,7,59,35,6,1,0,0,1,0,0
12564,866,13,0,7,0,20,2,2025,11,11,8,17,9,6,1,0,0,1,0,0
12565,866,12,3,3,0,18,2,2025,11,11,8,34,43,6,1,0,0,1,0,0
12566,866,13,1,4,0,18,2,2025,11,11,8,52,18,6,1,0,0,1,0,0
12567,866,11,1,3,0,15,2,2025,11,11,9,9,54,6,1,0,0,1,0,0
12568,866,9,2,4,0,15,2,2025,11,11,9,27,30,6,1,0,0,1,0,0
12569,866,13,0,3,0,16,2,2025,11,11,14,34,51,6,1,0,0,0,0,1
12570,866,13,0,2,0,15,2,2025,11,11,14,52,30,6,1,0,0,0,0,1
12571,866,14,1,3,0,18,2,2025,11,11,15,10,9,6,1,0,0,0,0,1
12572,866,13,1,1,0,15,1,2025,11,11,15,27,50,6,1,0,0,0,0,1
12573,866,11,0,3,0,14,2,2025,11,11,15,45,34,6,1,0,0,0,0,1
12574,866,15,0,1,0,16,2,2025,11,11,16,3,14,6,1,0,0,0,0,1
12575,866,12,1,1,0,14,2,2025,11,11,17,47,59,6,1,0,0,0,0,1
12576,866,11,0,1,0,12,2,2025,11,11,18,5,35,6,1,0,0,0,1,0
12577,866,9,0,2,0,11,2,2025,11,11,18,23,11,6,1,0,0,0,1,0
12578,866,11,1,1,0,13,2,2025,11,11,18,40,48,6,1,0,0,0,1,0
12579,866,6,2,3,0,11,2,2025,11,11,18,58,26,6,1,0,0,0,1,0
12580,866,14,0,2,0,16,2,2025,11,11,19,16,4,6,1,0,0,0,1,0
12581,866,13,0,4,0,17,2,2025,11,11,19,33,40,6,1,0,0,0,1,0
12582,866,12,0,2,0,14,2,2025,11,11,19,51,23,6,1,0,0,0,1,0
12583,866,17,2,2,0,21,3,2025,11,12,8,37,14,6,1,0,0,1,0,0
12584,866,17,0,7,0,24,3,2025,11,12,8,54,58,6,1,0,0,1,0,0
12585,866,13,1,8,0,22,3,2025,11,12,9,12,41,6,1,0,0,1,0,0
12586,866,15,1,1,0,17,2,2025,11,12,9,30,34,6,1,0,0,1,0,0
12587,866,6,0,0,0,6,1,2025,11,12,12,35,9,6,1,0,0,0,0,1
12588,866,16,1,4,0,21,2,2025,11,14,9,7,14,6,1,0,0,1,0,0
12589,866,13,2,5,0,20,3,2025,11,14,9,24,52,6,1,0,0,1,0,0
12590,866,15,1,4,0,20,2,2025,11,14,9,42,34,6,1,0,0,1,0,0
12591,866,20,0,2,0,22,2,2025,11,14,10,0,12,6,1,0,0,1,0,0
12592,866,19,1,1,0,21,2,2025,11,14,10,17,51,6,1,0,0,1,0,0
12593,866,7,0,3,0,10,2,2025,11,14,10,35,33,6,1,0,0,1,0,0
12594,866,16,0,1,0,17,2,2025,11,15,9,51,26,6,1,0,0,1,0,0
12595,866,13,0,0,0,13,1,2025,11,15,10,9,7,6,1,0,0,1,0,0
12596,866,15,0,0,0,15,2,2025,11,15,10,26,47,6,1,0,0,1,0,0
12597,866,15,1,0,0,16,2,2025,11,15,10,44,32,6,1,0,0,1,0,0
12598,866,13,0,0,0,13,2,2025,11,15,11,2,20,6,1,0,0,1,0,0
12599,866,17,1,1,0,19,2,2025,11,15,11,19,58,6,1,0,0,1,0,0
12600,866,17,0,0,0,17,2,2025,11,15,11,37,39,6,1,0,0,1,0,0
12601,866,16,0,0,0,16,2,2025,11,15,11,55,20,6,1,0,0,1,0,0
12602,866,11,0,0,0,11,2,2025,11,15,12,13,1,6,1,0,0,0,0,1
12603,866,18,1,1,0,20,2,2025,11,15,12,30,41,6,1,0,0,0,0,1
12604,866,15,2,0,0,17,2,2025,11,15,12,48,22,6,1,0,0,0,0,1
12605,866,12,1,0,0,13,2,2025,11,15,13,6,0,6,1,0,0,0,0,1
12606,866,0,0,0,0,0,0,2025,11,16,8,9,24,6,1,0,0,1,0,0
12607,866,4,1,1,0,6,3,2025,11,16,8,27,4,6,1,0,0,1,0,0
12608,866,4,0,0,0,4,1,2025,11,16,8,44,52,6,1,0,0,1,0,0
12609,866,0,0,0,0,0,0,2025,11,16,9,2,34,6,1,0,0,1,0,0
12610,866,0,0,0,0,0,0,2025,11,16,9,20,15,6,1,0,0,1,0,0
12611,866,0,0,2,0,2,0,2025,11,16,9,37,57,6,1,0,0,1,0,0
12612,866,4,0,0,0,4,0,2025,11,16,9,55,38,6,1,0,0,1,0,0
12613,866,4,2,0,0,6,1,2025,11,16,10,13,26,6,1,0,0,1,0,0
12614,866,3,0,0,0,3,1,2025,11,16,10,31,13,6,1,0,0,1,0,0
12615,866,0,0,0,0,0,0,2025,11,16,10,48,55,6,1,0,0,1,0,0
12616,866,5,0,0,0,5,1,2025,11,16,11,6,57,6,1,0,0,1,0,0
12617,866,11,0,5,0,16,2,2025,11,17,8,23,52,6,1,0,0,1,0,0
12618,866,21,2,1,0,24,2,2025,11,17,8,41,36,6,1,0,0,1,0,0
12619,866,15,1,0,0,16,2,2025,11,17,8,59,13,6,1,0,0,1,0,0
12620,866,16,2,2,0,20,2,2025,11,17,9,16,51,6,1,0,0,1,0,0
12621,866,22,1,2,0,25,2,2025,11,17,9,34,31,6,1,0,0,1,0,0
12622,866,19,2,4,0,25,2,2025,11,17,9,52,9,6,1,0,0,1,0,0
12623,866,15,2,2,0,19,2,2025,11,17,10,9,48,6,1,0,0,1,0,0
12624,866,13,3,2,0,18,2,2025,11,17,10,27,30,6,1,0,0,1,0,0
12625,866,13,0,2,0,15,2,2025,11,17,12,34,29,6,1,0,0,0,0,1
12626,866,4,0,0,0,4,0,2025,11,17,12,52,7,6,1,0,0,0,0,1
12627,866,1,0,0,0,1,0,2025,11,17,13,9,46,6,1,0,0,0,0,1
12628,868,17,0,0,0,17,1,2025,10,27,8,27,14,6,1,0,0,1,0,0
12629,868,17,1,0,0,18,2,2025,10,27,8,45,0,6,1,0,0,1,0,0
12630,868,10,1,1,0,12,1,2025,10,27,9,2,39,6,1,0,0,1,0,0
12631,868,13,0,0,0,13,1,2025,10,27,9,20,19,6,1,0,0,1,0,0
12632,868,17,0,1,0,18,1,2025,10,27,9,38,1,6,1,0,0,1,0,0
12633,868,11,0,0,0,11,1,2025,10,27,9,55,44,6,1,0,0,1,0,0
12634,868,3,0,0,0,3,0,2025,10,27,10,13,30,6,1,0,0,1,0,0
12635,868,2,1,0,0,3,0,2025,10,27,10,31,17,6,1,0,0,1,0,0
12636,868,5,0,0,0,5,0,2025,10,27,12,40,19,6,1,0,0,0,0,1
12637,868,1,0,0,0,1,0,2025,10,27,12,58,3,6,1,0,0,0,0,1
12638,868,3,0,0,0,3,0,2025,10,27,13,15,50,6,1,0,0,0,0,1
12639,868,7,0,0,0,7,1,2025,10,27,13,20,57,6,1,0,0,0,0,1
12640,868,7,0,1,0,8,2,2025,10,27,13,57,20,6,1,0,0,0,0,1
12641,868,7,0,1,0,8,1,2025,10,27,14,55,38,6,1,0,0,0,0,1
12642,868,12,0,0,0,12,1,2025,10,27,15,13,23,6,1,0,0,0,0,1
12643,868,8,1,0,0,9,1,2025,10,27,15,31,10,6,1,0,0,0,0,1
12644,868,19,0,1,0,20,2,2025,10,27,15,48,56,6,1,0,0,0,0,1
12645,868,19,1,1,0,21,2,2025,10,27,18,3,0,6,1,0,0,0,1,0
12646,868,15,1,0,0,16,1,2025,10,27,18,20,36,6,1,0,0,0,1,0
12647,868,20,0,0,0,20,1,2025,10,27,18,38,13,6,1,0,0,0,1,0
12648,868,12,1,0,0,13,1,2025,10,28,7,56,27,6,1,0,0,1,0,0
12649,868,5,0,0,0,5,0,2025,10,28,8,14,4,6,1,0,0,1,0,0
12650,868,12,0,0,0,12,1,2025,10,28,8,31,40,6,1,0,0,1,0,0
12651,868,13,0,0,0,13,1,2025,10,28,8,49,16,6,1,0,0,1,0,0
12652,868,15,0,0,0,15,0,2025,10,28,9,6,52,6,1,0,0,1,0,0
12653,868,12,0,0,0,12,1,2025,10,28,9,24,28,6,1,0,0,1,0,0
12654,868,10,2,0,0,12,1,2025,10,28,9,42,7,6,1,0,0,1,0,0
12655,868,12,0,0,0,12,1,2025,10,28,13,27,55,6,1,0,0,0,0,1
12656,868,15,1,0,0,16,1,2025,10,28,14,45,47,6,1,0,0,0,0,1
12657,868,18,1,0,0,19,2,2025,10,28,15,3,30,6,1,0,0,0,0,1
12658,868,14,1,2,0,17,1,2025,10,28,15,21,18,6,1,0,0,0,0,1
12659,868,10,0,0,0,10,1,2025,10,28,15,39,4,6,1,0,0,0,0,1
12660,868,16,1,0,0,17,1,2025,10,28,15,56,49,6,1,0,0,0,0,1
12661,868,22,0,0,0,22,1,2025,10,28,17,49,8,6,1,0,0,0,0,1
12662,868,18,0,0,0,18,1,2025,10,28,18,6,45,6,1,0,0,0,1,0
12663,868,15,0,0,0,15,1,2025,10,28,18,24,24,6,1,0,0,0,1,0
12664,868,12,0,0,0,12,1,2025,10,28,18,42,3,6,1,0,0,0,1,0
12665,868,9,0,0,0,9,1,2025,10,28,18,59,42,6,1,0,0,0,1,0
12666,868,10,1,0,0,11,2,2025,10,28,19,17,19,6,1,0,0,0,1,0
12667,868,6,0,0,0,6,1,2025,10,28,19,34,57,6,1,0,0,0,1,0
12668,868,11,0,0,0,11,1,2025,10,28,19,52,35,6,1,0,0,0,1,0
12669,868,8,1,0,0,9,2,2025,10,29,8,23,46,6,1,0,0,1,0,0
12670,868,20,0,0,0,20,1,2025,10,29,8,41,23,6,1,0,0,1,0,0
12671,868,18,0,0,0,18,2,2025,10,29,8,58,59,6,1,0,0,1,0,0
12672,868,11,0,0,0,11,1,2025,10,29,9,16,34,6,1,0,0,1,0,0
12673,868,14,1,0,0,15,1,2025,10,29,9,34,10,6,1,0,0,1,0,0
12674,868,14,1,0,0,15,1,2025,10,29,9,51,47,6,1,0,0,1,0,0
12675,868,9,1,0,0,10,1,2025,10,29,10,9,25,6,1,0,0,1,0,0
12676,868,5,1,0,0,6,0,2025,10,29,10,27,4,6,1,0,0,1,0,0
12677,868,8,1,0,0,9,1,2025,10,29,10,44,42,6,1,0,0,1,0,0
12678,868,10,1,0,0,11,0,2025,10,29,12,33,35,6,1,0,0,0,0,1
12679,868,12,0,1,0,13,1,2025,10,29,12,51,16,6,1,0,0,0,0,1
12680,868,11,0,0,0,11,1,2025,10,29,13,9,4,6,1,0,0,0,0,1
12681,868,13,2,0,0,15,1,2025,10,29,13,26,47,6,1,0,0,0,0,1
12682,868,7,1,0,0,8,1,2025,10,29,13,44,32,6,1,0,0,0,0,1
12683,868,14,0,0,0,14,1,2025,10,29,14,44,14,6,1,0,0,0,0,1
12684,868,13,0,0,0,13,1,2025,10,29,15,1,58,6,1,0,0,0,0,1
12685,868,8,0,0,0,8,0,2025,10,29,15,19,42,6,1,0,0,0,0,1
12686,868,13,0,0,0,13,1,2025,10,29,15,37,21,6,1,0,0,0,0,1
12687,868,6,3,0,0,9,1,2025,10,29,15,55,2,6,1,0,0,0,0,1
12688,868,18,0,1,0,19,2,2025,10,30,8,20,39,6,1,0,0,1,0,0
12689,868,17,1,0,0,18,1,2025,10,30,8,38,21,6,1,0,0,1,0,0
12690,868,14,0,0,0,14,1,2025,10,30,8,56,4,6,1,0,0,1,0,0
12691,868,9,0,0,0,9,1,2025,10,30,9,13,56,6,1,0,0,1,0,0
12692,868,15,0,2,0,17,1,2025,10,30,9,32,5,6,1,0,0,1,0,0
12693,868,10,2,0,0,12,1,2025,10,30,9,49,55,6,1,0,0,1,0,0
12694,868,13,1,0,0,14,1,2025,10,30,10,7,47,6,1,0,0,1,0,0
12695,868,11,0,0,0,11,0,2025,10,30,10,25,35,6,1,0,0,1,0,0
12696,868,9,1,0,0,10,0,2025,10,30,10,43,18,6,1,0,0,1,0,0
12697,868,5,0,0,0,5,0,2025,10,30,12,29,51,6,1,0,0,0,0,1
12698,868,10,1,0,0,11,1,2025,10,30,12,47,22,6,1,0,0,0,0,1
12699,868,4,0,0,0,4,1,2025,10,30,13,5,6,6,1,0,0,0,0,1
12700,868,11,0,0,0,11,1,2025,10,30,13,22,52,6,1,0,0,0,0,1
12701,868,9,0,0,0,9,1,2025,10,30,13,40,39,6,1,0,0,0,0,1
12702,868,11,1,0,0,12,0,2025,10,30,13,58,24,6,1,0,0,0,0,1
12703,868,12,0,0,0,12,1,2025,10,30,14,57,26,6,1,0,0,0,0,1
12704,868,15,0,1,0,16,1,2025,10,30,15,15,20,6,1,0,0,0,0,1
12705,868,17,0,0,0,17,1,2025,10,30,15,33,3,6,1,0,0,0,0,1
12706,868,15,0,0,0,15,1,2025,10,30,15,57,49,6,1,0,0,0,0,1
12707,868,13,1,0,0,14,1,2025,10,30,16,15,36,6,1,0,0,0,0,1
12708,868,2,0,0,0,2,0,2025,10,30,22,45,51,6,1,0,0,0,1,0
12709,868,17,1,0,0,18,1,2025,10,31,8,25,19,6,1,0,0,1,0,0
12710,868,11,2,0,0,13,1,2025,10,31,8,43,6,6,1,0,0,1,0,0
12711,868,8,4,0,0,12,2,2025,10,31,9,0,53,6,1,0,0,1,0,0
12712,868,13,1,0,0,14,1,2025,10,31,9,18,38,6,1,0,0,1,0,0
12713,868,10,2,0,0,12,1,2025,10,31,9,44,15,6,1,0,0,1,0,0
12714,868,11,0,0,0,11,1,2025,10,31,10,1,56,6,1,0,0,1,0,0
12715,868,9,0,0,0,9,0,2025,10,31,10,19,41,6,1,0,0,1,0,0
12716,868,17,1,0,0,18,1,2025,10,31,10,37,20,6,1,0,0,1,0,0
12717,868,17,0,0,0,17,1,2025,10,31,15,3,44,6,1,0,0,0,0,1
12718,868,26,0,0,0,26,2,2025,10,31,15,21,35,6,1,0,0,0,0,1
12719,868,20,1,1,0,22,2,2025,10,31,15,39,28,6,1,0,0,0,0,1
12720,868,16,1,0,0,17,1,2025,10,31,15,57,18,6,1,0,0,0,0,1
12721,868,12,0,0,0,12,0,2025,11,1,8,54,58,6,1,0,0,1,0,0
12722,868,6,0,0,0,6,0,2025,11,1,9,12,41,6,1,0,0,1,0,0
12723,868,9,1,0,0,10,0,2025,11,1,9,30,35,6,1,0,0,1,0,0
12724,868,5,0,0,0,5,0,2025,11,1,9,48,23,6,1,0,0,1,0,0
12725,868,8,0,0,0,8,0,2025,11,1,10,6,13,6,1,0,0,1,0,0
12726,868,9,0,0,0,9,1,2025,11,1,10,23,56,6,1,0,0,1,0,0
12727,868,9,0,0,0,9,1,2025,11,1,10,41,47,6,1,0,0,1,0,0
12728,868,6,0,0,0,6,1,2025,11,1,10,59,38,6,1,0,0,1,0,0
12729,868,7,0,0,0,7,0,2025,11,1,11,17,24,6,1,0,0,1,0,0
12730,868,7,1,0,0,8,1,2025,11,1,11,35,4,6,1,0,0,1,0,0
12731,868,9,0,0,0,9,1,2025,11,1,11,52,50,6,1,0,0,1,0,0
12732,868,12,1,0,0,13,2,2025,11,1,12,10,43,6,1,0,0,0,0,1
12733,868,6,0,0,0,6,0,2025,11,1,12,28,35,6,1,0,0,0,0,1
12734,868,10,0,1,0,11,2,2025,11,1,12,46,32,6,1,0,0,0,0,1
12735,868,12,0,0,0,12,1,2025,11,1,13,4,18,6,1,0,0,0,0,1
12736,868,14,0,0,0,14,1,2025,11,1,13,22,6,6,1,0,0,0,0,1
12737,868,9,0,0,0,9,1,2025,11,1,13,39,51,6,1,0,0,0,0,1
12738,868,9,1,0,0,10,1,2025,11,1,13,57,43,6,1,0,0,0,0,1
12739,868,9,1,0,0,10,1,2025,11,1,14,15,33,6,1,0,0,0,0,1
12740,868,11,0,0,0,11,1,2025,11,1,14,33,44,6,1,0,0,0,0,1
12741,868,11,0,0,0,11,1,2025,11,1,14,51,48,6,1,0,0,0,0,1
12742,868,7,0,0,0,7,0,2025,11,1,15,9,37,6,1,0,0,0,0,1
12743,868,7,0,0,0,7,0,2025,11,1,15,27,24,6,1,0,0,0,0,1
12744,868,6,0,0,0,6,1,2025,11,1,15,45,17,6,1,0,0,0,0,1
12745,868,5,0,1,0,6,1,2025,11,1,16,3,13,6,1,0,0,0,0,1
12746,868,7,0,0,0,7,0,2025,11,1,16,21,0,6,1,0,0,0,0,1
12747,868,9,0,0,0,9,0,2025,11,1,16,38,48,6,1,0,0,0,0,1
12748,868,8,0,0,0,8,0,2025,11,1,16,56,47,6,1,0,0,0,0,1
12749,868,9,0,0,0,9,1,2025,11,1,17,14,47,6,1,0,0,0,0,1
12750,868,8,0,0,0,8,1,2025,11,1,17,32,32,6,1,0,0,0,0,1
12751,868,12,0,0,0,12,1,2025,11,1,17,50,27,6,1,0,0,0,0,1
12752,868,9,0,0,0,9,0,2025,11,1,18,8,20,6,1,0,0,0,1,0
12753,868,7,0,0,0,7,0,2025,11,1,18,27,5,6,1,0,0,0,1,0
12754,868,7,1,0,0,8,1,2025,11,1,18,45,1,6,1,0,0,0,1,0
12755,868,9,0,0,0,9,1,2025,11,1,19,2,47,6,1,0,0,0,1,0
12756,868,7,1,0,0,8,1,2025,11,1,19,37,22,6,1,0,0,0,1,0
12757,868,5,0,0,0,5,0,2025,11,2,10,16,53,6,1,0,0,1,0,0
12758,868,6,1,0,0,7,1,2025,11,2,10,52,32,6,1,0,0,1,0,0
12759,868,3,1,0,0,4,0,2025,11,2,11,10,25,6,1,0,0,1,0,0
12760,868,4,0,0,0,4,0,2025,11,2,11,28,13,6,1,0,0,1,0,0
12761,868,3,0,0,0,3,0,2025,11,2,12,11,29,6,1,0,0,0,0,1
12762,868,8,0,0,0,8,1,2025,11,2,12,29,14,6,1,0,0,0,0,1
12763,868,6,1,0,0,7,1,2025,11,2,12,47,4,6,1,0,0,0,0,1
12764,868,3,0,0,0,3,0,2025,11,2,13,4,47,6,1,0,0,0,0,1
12765,868,12,0,0,0,12,1,2025,11,2,13,22,26,6,1,0,0,0,0,1
12766,868,13,1,0,0,14,1,2025,11,2,13,40,5,6,1,0,0,0,0,1
12767,868,15,0,0,0,15,1,2025,11,2,13,57,43,6,1,0,0,0,0,1
12768,868,17,0,0,0,17,1,2025,11,2,14,15,22,6,1,0,0,0,0,1
12769,868,14,0,2,0,16,1,2025,11,2,14,32,58,6,1,0,0,0,0,1
12770,868,12,0,0,0,12,1,2025,11,2,14,50,34,6,1,0,0,0,0,1
12771,868,16,0,0,0,16,1,2025,11,2,15,51,7,6,1,0,0,0,0,1
12772,868,11,0,0,0,11,1,2025,11,2,16,8,45,6,1,0,0,0,0,1
12773,868,10,0,0,0,10,0,2025,11,2,16,26,24,6,1,0,0,0,0,1
12774,868,8,0,0,0,8,0,2025,11,2,16,44,3,6,1,0,0,0,0,1
12775,868,13,0,0,0,13,1,2025,11,3,8,9,19,6,1,0,0,1,0,0
12776,868,13,0,0,0,13,1,2025,11,3,8,26,56,6,1,0,0,1,0,0
12777,868,13,1,1,0,15,1,2025,11,3,8,44,34,6,1,0,0,1,0,0
12778,868,18,0,1,0,19,1,2025,11,3,9,2,11,6,1,0,0,1,0,0
12779,868,9,1,0,0,10,0,2025,11,3,9,19,48,6,1,0,0,1,0,0
12780,868,9,0,0,0,9,0,2025,11,3,9,37,25,6,1,0,0,1,0,0
12781,868,14,1,0,0,15,1,2025,11,4,8,9,37,6,1,0,0,1,0,0
12782,868,17,0,0,0,17,2,2025,11,4,8,27,13,6,1,0,0,1,0,0
12783,868,15,2,0,0,17,2,2025,11,4,8,44,49,6,1,0,0,1,0,0
12784,868,20,1,0,0,21,2,2025,11,4,9,2,25,6,1,0,0,1,0,0
12785,868,17,0,0,0,17,2,2025,11,4,9,20,3,6,1,0,0,1,0,0
12786,868,8,2,1,0,11,1,2025,11,4,9,37,42,6,1,0,0,1,0,0
12787,868,9,0,0,0,9,1,2025,11,4,12,8,55,6,1,0,0,0,0,1
12788,868,7,2,0,0,9,1,2025,11,4,12,37,17,6,1,0,0,0,0,1
12789,868,7,0,0,0,7,1,2025,11,4,12,54,57,6,1,0,0,0,0,1
12790,868,6,0,0,0,6,0,2025,11,4,13,4,22,6,1,0,0,0,0,1
12791,868,10,0,0,0,10,1,2025,11,4,13,22,2,6,1,0,0,0,0,1
12792,868,15,0,0,0,15,1,2025,11,4,13,39,42,6,1,0,0,0,0,1
12793,868,9,0,0,0,9,1,2025,11,4,14,34,3,6,1,0,0,0,0,1
12794,868,11,0,2,0,13,2,2025,11,4,14,51,43,6,1,0,0,0,0,1
12795,868,5,0,0,0,5,0,2025,11,4,15,9,29,6,1,0,0,0,0,1
12796,868,0,3,0,0,3,0,2025,11,4,15,27,15,6,1,0,0,0,0,1
12797,868,1,0,0,0,1,0,2025,11,4,15,45,14,6,1,0,0,0,0,1
12798,868,2,0,0,0,2,0,2025,11,4,16,2,56,6,1,0,0,0,0,1
12799,868,19,0,0,0,19,1,2025,11,4,18,0,10,6,1,0,0,0,1,0
12800,868,15,1,0,0,16,1,2025,11,4,18,17,47,6,1,0,0,0,1,0
12801,868,7,0,0,0,7,1,2025,11,4,18,35,25,6,1,0,0,0,1,0
12802,868,11,0,0,0,11,1,2025,11,4,18,53,4,6,1,0,0,0,1,0
12803,868,6,0,0,0,6,1,2025,11,4,19,10,42,6,1,0,0,0,1,0
12804,868,12,0,0,0,12,1,2025,11,4,19,28,21,6,1,0,0,0,1,0
12805,868,6,0,0,0,6,1,2025,11,4,19,45,59,6,1,0,0,0,1,0
12806,868,4,0,0,0,4,0,2025,11,4,20,3,35,6,1,0,0,0,1,0
12807,868,1,0,0,0,1,0,2025,11,4,20,21,12,6,1,0,0,0,1,0
12808,868,4,0,0,0,4,0,2025,11,4,20,38,51,6,1,0,0,0,1,0
12809,868,12,0,1,0,13,2,2025,11,5,7,51,25,6,1,0,0,1,0,0
12810,868,12,1,1,0,14,1,2025,11,5,8,9,2,6,1,0,0,1,0,0
12811,868,17,0,0,0,17,1,2025,11,5,8,26,39,6,1,0,0,1,0,0
12812,868,15,1,0,0,16,1,2025,11,5,8,44,15,6,1,0,0,1,0,0
12813,868,17,0,1,0,18,1,2025,11,5,9,1,51,6,1,0,0,1,0,0
12814,868,11,3,0,0,14,1,2025,11,5,9,19,27,6,1,0,0,1,0,0
12815,868,18,0,0,0,18,1,2025,11,5,9,37,4,6,1,0,0,1,0,0
12816,868,12,0,0,0,12,1,2025,11,5,9,54,41,6,1,0,0,1,0,0
12817,868,13,0,0,0,13,1,2025,11,5,10,12,18,6,1,0,0,1,0,0
12818,868,13,0,0,0,13,1,2025,11,5,10,29,56,6,1,0,0,1,0,0
12819,868,10,0,0,0,10,1,2025,11,5,10,47,31,6,1,0,0,1,0,0
12820,868,0,0,0,0,0,0,2025,11,5,12,44,11,6,1,0,0,0,0,1
12821,868,8,1,0,0,9,1,2025,11,5,13,1,51,6,1,0,0,0,0,1
12822,868,11,1,0,0,12,1,2025,11,5,13,19,31,6,1,0,0,0,0,1
12823,868,13,2,0,0,15,1,2025,11,5,13,37,13,6,1,0,0,0,0,1
12824,868,8,0,0,0,8,0,2025,11,5,13,54,56,6,1,0,0,0,0,1
12825,868,13,0,1,0,14,2,2025,11,5,14,46,46,6,1,0,0,0,0,1
12826,868,10,0,1,0,11,1,2025,11,5,15,4,27,6,1,0,0,0,0,1
12827,868,11,1,0,0,12,1,2025,11,5,15,22,7,6,1,0,0,0,0,1
12828,868,14,0,0,0,14,1,2025,11,5,15,39,49,6,1,0,0,0,0,1
12829,868,19,0,1,0,20,2,2025,11,5,15,57,33,6,1,0,0,0,0,1
12830,868,12,1,1,0,14,2,2025,11,6,7,50,52,6,1,0,0,1,0,0
12831,868,16,1,0,0,17,2,2025,11,6,8,8,34,6,1,0,0,1,0,0
12832,868,15,0,0,0,15,1,2025,11,6,8,26,58,6,1,0,0,1,0,0
12833,868,14,0,0,0,14,1,2025,11,6,8,44,47,6,1,0,0,1,0,0
12834,868,12,0,2,0,14,2,2025,11,6,9,2,30,6,1,0,0,1,0,0
12835,868,9,1,0,0,10,0,2025,11,6,9,20,11,6,1,0,0,1,0,0
12836,868,17,1,0,0,18,1,2025,11,6,9,37,53,6,1,0,0,1,0,0
12837,868,7,1,0,0,8,0,2025,11,6,9,55,41,6,1,0,0,1,0,0
12838,868,10,2,0,0,12,1,2025,11,6,10,13,35,6,1,0,0,1,0,0
12839,868,5,1,0,0,6,0,2025,11,6,10,31,19,6,1,0,0,1,0,0
12840,868,3,0,0,0,3,0,2025,11,6,12,31,10,6,1,0,0,0,0,1
12841,868,6,0,0,0,6,0,2025,11,6,12,48,51,6,1,0,0,0,0,1
12842,868,3,0,0,0,3,0,2025,11,6,13,6,31,6,1,0,0,0,0,1
12843,868,4,1,0,0,5,0,2025,11,6,13,39,51,6,1,0,0,0,0,1
12844,868,8,0,0,0,8,1,2025,11,6,13,57,34,6,1,0,0,0,0,1
12845,868,15,1,1,0,17,2,2025,11,7,9,38,44,6,1,0,0,1,0,0
12846,868,13,0,0,0,13,1,2025,11,7,10,14,1,6,1,0,0,1,0,0
12847,868,10,0,0,0,10,0,2025,11,7,10,31,39,6,1,0,0,1,0,0
12848,868,17,0,0,0,17,1,2025,11,7,13,14,32,6,1,0,0,0,0,1
12849,868,18,2,0,0,20,2,2025,11,7,13,32,10,6,1,0,0,0,0,1
12850,868,11,0,0,0,11,1,2025,11,7,13,49,49,6,1,0,0,0,0,1
12851,868,13,2,0,0,15,1,2025,11,7,15,37,22,6,1,0,0,0,0,1
12852,868,15,1,0,0,16,1,2025,11,7,15,55,4,6,1,0,0,0,0,1
12853,868,10,2,1,0,13,0,2025,11,8,7,54,53,6,1,0,0,1,0,0
12854,868,12,0,0,0,12,1,2025,11,8,8,12,33,6,1,0,0,1,0,0
12855,868,7,0,0,0,7,0,2025,11,8,8,30,12,6,1,0,0,1,0,0
12856,868,9,0,0,0,9,0,2025,11,8,8,47,49,6,1,0,0,1,0,0
12857,868,12,0,0,0,12,0,2025,11,8,9,52,28,6,1,0,0,1,0,0
12858,868,13,0,1,0,14,1,2025,11,8,10,31,55,6,1,0,0,1,0,0
12859,868,19,1,0,0,20,1,2025,11,8,10,49,32,6,1,0,0,1,0,0
12860,868,9,0,0,0,9,1,2025,11,8,11,7,11,6,1,0,0,1,0,0
12861,868,9,0,0,0,9,1,2025,11,8,11,24,51,6,1,0,0,1,0,0
12862,868,10,3,0,0,13,2,2025,11,8,11,42,30,6,1,0,0,1,0,0
12863,868,13,0,0,0,13,1,2025,11,8,12,0,10,6,1,0,0,0,0,1
12864,868,10,0,0,0,10,1,2025,11,8,12,17,45,6,1,0,0,0,0,1
12865,868,10,0,0,0,10,1,2025,11,8,12,35,20,6,1,0,0,0,0,1
12866,868,19,1,0,0,20,1,2025,11,8,12,52,57,6,1,0,0,0,0,1
12867,868,12,0,0,0,12,1,2025,11,8,13,10,34,6,1,0,0,0,0,1
12868,868,13,0,0,0,13,1,2025,11,8,13,28,10,6,1,0,0,0,0,1
12869,868,15,0,0,0,15,1,2025,11,8,13,45,48,6,1,0,0,0,0,1
12870,868,12,0,0,0,12,1,2025,11,8,14,3,25,6,1,0,0,0,0,1
12871,868,12,0,0,0,12,1,2025,11,8,14,21,2,6,1,0,0,0,0,1
12872,868,13,0,0,0,13,1,2025,11,8,14,38,39,6,1,0,0,0,0,1
12873,868,5,0,0,0,5,0,2025,11,8,15,34,24,6,1,0,0,0,0,1
12874,868,1,0,0,0,1,0,2025,11,8,15,52,2,6,1,0,0,0,0,1
12875,868,1,0,0,0,1,0,2025,11,8,16,9,41,6,1,0,0,0,0,1
12876,868,0,0,0,0,0,0,2025,11,8,16,27,22,6,1,0,0,0,0,1
12877,868,0,0,0,0,0,0,2025,11,8,16,45,2,6,1,0,0,0,0,1
12878,868,0,1,0,0,1,2,2025,11,8,17,2,38,6,1,0,0,0,0,1
12879,868,7,0,0,0,7,0,2025,11,9,8,29,50,6,1,0,0,1,0,0
12880,868,10,1,1,0,12,1,2025,11,9,8,47,27,6,1,0,0,1,0,0
12881,868,9,0,0,0,9,0,2025,11,9,9,5,4,6,1,0,0,1,0,0
12882,868,8,0,0,0,8,0,2025,11,9,9,22,41,6,1,0,0,1,0,0
12883,868,11,0,0,0,11,0,2025,11,9,9,40,19,6,1,0,0,1,0,0
12884,868,9,0,0,0,9,0,2025,11,9,9,57,59,6,1,0,0,1,0,0
12885,868,9,1,0,0,10,1,2025,11,9,10,15,38,6,1,0,0,1,0,0
12886,868,7,0,0,0,7,0,2025,11,9,10,33,14,6,1,0,0,1,0,0
12887,868,11,2,0,0,13,1,2025,11,9,10,50,49,6,1,0,0,1,0,0
12888,868,8,0,0,0,8,0,2025,11,9,11,8,26,6,1,0,0,1,0,0
12889,868,14,0,2,0,16,1,2025,11,9,11,26,5,6,1,0,0,1,0,0
12890,868,8,0,0,0,8,1,2025,11,9,11,43,49,6,1,0,0,1,0,0
12891,868,10,0,0,0,10,1,2025,11,9,12,1,28,6,1,0,0,0,0,1
12892,868,6,1,0,0,7,1,2025,11,9,12,19,6,6,1,0,0,0,0,1
12893,868,10,0,0,0,10,0,2025,11,9,12,36,46,6,1,0,0,0,0,1
12894,868,11,0,0,0,11,1,2025,11,9,12,54,26,6,1,0,0,0,0,1
12895,868,10,1,0,0,11,2,2025,11,9,15,20,19,6,1,0,0,0,0,1
12896,868,14,0,1,0,15,1,2025,11,9,15,37,58,6,1,0,0,0,0,1
12897,868,10,0,0,0,10,0,2025,11,9,15,55,38,6,1,0,0,0,0,1
12898,868,10,0,0,0,10,0,2025,11,9,16,13,17,6,1,0,0,0,0,1
12899,868,13,0,0,0,13,0,2025,11,9,16,30,56,6,1,0,0,0,0,1
12900,868,13,1,0,0,14,1,2025,11,9,16,48,31,6,1,0,0,0,0,1
12901,868,10,0,0,0,10,0,2025,11,9,17,6,9,6,1,0,0,0,0,1
12902,868,18,1,0,0,19,1,2025,11,9,17,23,47,6,1,0,0,0,0,1
12903,868,16,0,0,0,16,1,2025,11,9,17,41,26,6,1,0,0,0,0,1
12904,868,11,0,0,0,11,0,2025,11,9,17,59,5,6,1,0,0,0,0,1
12905,868,11,0,0,0,11,1,2025,11,9,18,16,42,6,1,0,0,0,1,0
12906,868,12,0,0,0,12,1,2025,11,9,18,34,21,6,1,0,0,0,1,0
12907,868,3,0,0,0,3,0,2025,11,9,18,51,57,6,1,0,0,0,1,0
12908,868,8,1,0,0,9,1,2025,11,9,19,9,35,6,1,0,0,0,1,0
12909,868,3,0,0,0,3,0,2025,11,9,19,27,12,6,1,0,0,0,1,0
12910,868,3,0,0,0,3,0,2025,11,9,19,44,48,6,1,0,0,0,1,0
12911,868,14,0,0,0,14,2,2025,11,11,7,59,37,6,1,0,0,1,0,0
12912,868,10,1,0,0,11,1,2025,11,11,8,17,11,6,1,0,0,1,0,0
12913,868,13,1,1,0,15,1,2025,11,11,8,34,45,6,1,0,0,1,0,0
12914,868,14,0,0,0,14,1,2025,11,11,8,52,21,6,1,0,0,1,0,0
12915,868,11,1,1,0,13,1,2025,11,11,9,9,57,6,1,0,0,1,0,0
12916,868,16,0,2,0,18,2,2025,11,11,9,27,33,6,1,0,0,1,0,0
12917,868,13,0,0,0,13,1,2025,11,11,14,34,55,6,1,0,0,0,0,1
12918,868,10,0,0,0,10,1,2025,11,11,14,52,35,6,1,0,0,0,0,1
12919,868,15,0,1,0,16,2,2025,11,11,15,10,14,6,1,0,0,0,0,1
12920,868,14,1,0,0,15,1,2025,11,11,15,27,56,6,1,0,0,0,0,1
12921,868,16,0,1,0,17,2,2025,11,11,15,45,39,6,1,0,0,0,0,1
12922,868,15,0,0,0,15,1,2025,11,11,16,3,17,6,1,0,0,0,0,1
12923,868,29,0,0,0,29,2,2025,11,11,17,48,1,6,1,0,0,0,0,1
12924,868,16,0,1,0,17,1,2025,11,11,18,5,38,6,1,0,0,0,1,0
12925,868,26,0,0,0,26,1,2025,11,11,18,23,13,6,1,0,0,0,1,0
12926,868,14,2,0,0,16,2,2025,11,11,18,40,51,6,1,0,0,0,1,0
12927,868,5,0,0,0,5,1,2025,11,11,18,58,30,6,1,0,0,0,1,0
12928,868,12,0,0,0,12,1,2025,11,11,19,16,7,6,1,0,0,0,1,0
12929,868,11,0,0,0,11,1,2025,11,11,19,33,44,6,1,0,0,0,1,0
12930,868,7,1,0,0,8,0,2025,11,11,19,51,25,6,1,0,0,0,1,0
12931,868,16,0,0,0,16,1,2025,11,12,8,37,19,6,1,0,0,1,0,0
12932,868,14,1,0,0,15,1,2025,11,12,8,55,3,6,1,0,0,1,0,0
12933,868,12,1,0,0,13,1,2025,11,12,9,12,48,6,1,0,0,1,0,0
12934,868,17,4,0,0,21,1,2025,11,12,9,30,42,6,1,0,0,1,0,0
12935,868,6,0,1,0,7,1,2025,11,12,12,35,16,6,1,0,0,0,0,1
12936,868,11,0,0,0,11,1,2025,11,14,9,7,16,6,1,0,0,1,0,0
12937,868,16,1,0,0,17,1,2025,11,14,9,24,56,6,1,0,0,1,0,0
12938,868,13,0,0,0,13,1,2025,11,14,9,42,37,6,1,0,0,1,0,0
12939,868,8,1,0,0,9,0,2025,11,14,10,0,16,6,1,0,0,1,0,0
12940,868,10,0,0,0,10,1,2025,11,14,10,17,54,6,1,0,0,1,0,0
12941,868,6,0,0,0,6,0,2025,11,14,10,35,36,6,1,0,0,1,0,0
12942,868,6,1,0,0,7,1,2025,11,15,9,51,31,6,1,0,0,1,0,0
12943,868,5,0,1,0,6,1,2025,11,15,10,9,11,6,1,0,0,1,0,0
12944,868,4,0,0,0,4,0,2025,11,15,10,26,53,6,1,0,0,1,0,0
12945,868,4,0,0,0,4,1,2025,11,15,10,44,44,6,1,0,0,1,0,0
12946,868,13,0,0,0,13,1,2025,11,15,11,2,23,6,1,0,0,1,0,0
12947,868,6,0,0,0,6,0,2025,11,15,11,20,3,6,1,0,0,1,0,0
12948,868,8,2,0,0,10,1,2025,11,15,11,37,44,6,1,0,0,1,0,0
12949,868,11,1,0,0,12,1,2025,11,15,11,55,24,6,1,0,0,1,0,0
12950,868,12,1,0,0,13,1,2025,11,15,12,13,6,6,1,0,0,0,0,1
12951,868,14,0,0,0,14,1,2025,11,15,12,30,45,6,1,0,0,0,0,1
12952,868,11,0,0,0,11,1,2025,11,15,12,48,26,6,1,0,0,0,0,1
12953,868,19,0,0,0,19,1,2025,11,15,13,6,5,6,1,0,0,0,0,1
12954,868,8,0,0,0,8,0,2025,11,16,8,9,28,6,1,0,0,1,0,0
12955,868,6,0,0,0,6,0,2025,11,16,8,27,9,6,1,0,0,1,0,0
12956,868,9,0,0,0,9,0,2025,11,16,8,44,56,6,1,0,0,1,0,0
12957,868,6,0,0,0,6,0,2025,11,16,9,2,38,6,1,0,0,1,0,0
12958,868,8,0,0,0,8,0,2025,11,16,9,20,19,6,1,0,0,1,0,0
12959,868,9,0,0,0,9,0,2025,11,16,9,38,1,6,1,0,0,1,0,0
12960,868,8,0,0,0,8,1,2025,11,16,9,55,42,6,1,0,0,1,0,0
12961,868,14,0,0,0,14,0,2025,11,16,10,13,30,6,1,0,0,1,0,0
12962,868,10,0,0,0,10,0,2025,11,16,10,31,17,6,1,0,0,1,0,0
12963,868,11,0,0,0,11,0,2025,11,16,10,49,9,6,1,0,0,1,0,0
12964,868,11,0,1,0,12,1,2025,11,16,11,7,3,6,1,0,0,1,0,0
12965,868,14,1,0,0,15,1,2025,11,17,8,23,55,6,1,0,0,1,0,0
12966,868,14,0,0,0,14,1,2025,11,17,8,41,38,6,1,0,0,1,0,0
12967,868,14,0,0,0,14,1,2025,11,17,8,59,16,6,1,0,0,1,0,0
12968,868,6,0,0,0,6,1,2025,11,17,9,16,56,6,1,0,0,1,0,0
12969,868,13,0,0,0,13,1,2025,11,17,9,34,35,6,1,0,0,1,0,0
12970,868,8,1,0,0,9,0,2025,11,17,9,52,14,6,1,0,0,1,0,0
12971,868,7,0,0,0,7,1,2025,11,17,10,9,52,6,1,0,0,1,0,0
12972,868,8,1,0,0,9,1,2025,11,17,10,27,34,6,1,0,0,1,0,0
12973,868,12,1,0,0,13,1,2025,11,17,12,34,32,6,1,0,0,0,0,1
12974,868,9,0,0,0,9,0,2025,11,17,12,52,11,6,1,0,0,0,0,1
12975,868,5,2,0,0,7,1,2025,11,17,13,9,51,6,1,0,0,0,0,1
12976,872,19,1,2,0,22,2,2025,10,27,8,27,14,6,1,0,0,1,0,0
12977,872,21,1,2,0,24,2,2025,10,27,8,45,0,6,1,0,0,1,0,0
12978,872,22,1,0,0,23,1,2025,10,27,9,2,39,6,1,0,0,1,0,0
12979,872,20,3,2,0,25,1,2025,10,27,9,20,19,6,1,0,0,1,0,0
12980,872,19,1,0,0,20,1,2025,10,27,9,38,1,6,1,0,0,1,0,0
12981,872,15,3,0,0,18,1,2025,10,27,9,55,44,6,1,0,0,1,0,0
12982,872,18,1,0,0,19,1,2025,10,27,10,13,30,6,1,0,0,1,0,0
12983,872,15,1,0,0,16,1,2025,10,27,10,31,17,6,1,0,0,1,0,0
12984,872,17,1,0,0,18,1,2025,10,27,12,40,19,6,1,0,0,0,0,1
12985,872,21,0,1,0,22,1,2025,10,27,12,58,3,6,1,0,0,0,0,1
12986,872,18,1,1,0,20,1,2025,10,27,13,15,50,6,1,0,0,0,0,1
12987,872,19,2,0,0,21,2,2025,10,27,13,20,56,6,1,0,0,0,0,1
12988,872,25,0,0,0,25,1,2025,10,27,13,57,20,6,1,0,0,0,0,1
12989,872,31,0,0,0,31,1,2025,10,27,14,55,38,6,1,0,0,0,0,1
12990,872,18,3,0,0,21,1,2025,10,27,15,13,23,6,1,0,0,0,0,1
12991,872,18,2,1,0,21,1,2025,10,27,15,31,9,6,1,0,0,0,0,1
12992,872,23,1,0,0,24,1,2025,10,27,15,48,56,6,1,0,0,0,0,1
12993,872,2,0,0,0,2,0,2025,10,27,18,3,0,6,1,0,0,0,1,0
12994,872,16,0,0,0,16,1,2025,10,27,18,20,36,6,1,0,0,0,1,0
12995,872,17,0,1,0,18,1,2025,10,27,18,38,13,6,1,0,0,0,1,0
12996,872,24,1,1,0,26,2,2025,10,28,7,56,27,6,1,0,0,1,0,0
12997,872,23,0,1,0,24,2,2025,10,28,8,14,3,6,1,0,0,1,0,0
12998,872,19,1,0,0,20,1,2025,10,28,8,31,40,6,1,0,0,1,0,0
12999,872,17,2,0,0,19,1,2025,10,28,8,49,16,6,1,0,0,1,0,0
13000,872,19,1,2,0,22,2,2025,10,28,9,6,52,6,1,0,0,1,0,0
13001,872,16,2,1,0,19,1,2025,10,28,9,24,28,6,1,0,0,1,0,0
13002,872,19,0,0,0,19,1,2025,10,28,9,42,7,6,1,0,0,1,0,0
13003,872,21,0,0,0,21,1,2025,10,28,13,27,55,6,1,0,0,0,0,1
13004,872,21,2,2,0,25,2,2025,10,28,14,45,47,6,1,0,0,0,0,1
13005,872,24,1,2,0,27,2,2025,10,28,15,3,29,6,1,0,0,0,0,1
13006,872,20,3,0,0,23,2,2025,10,28,15,21,17,6,1,0,0,0,0,1
13007,872,16,1,1,0,18,1,2025,10,28,15,39,4,6,1,0,0,0,0,1
13008,872,16,1,0,0,17,0,2025,10,28,15,56,48,6,1,0,0,0,0,1
13009,872,18,0,2,0,20,1,2025,10,28,17,49,7,6,1,0,0,0,0,1
13010,872,22,0,1,0,23,1,2025,10,28,18,6,44,6,1,0,0,0,1,0
13011,872,25,0,1,0,26,1,2025,10,28,18,24,24,6,1,0,0,0,1,0
13012,872,23,0,0,0,23,1,2025,10,28,18,42,3,6,1,0,0,0,1,0
13013,872,14,0,0,0,14,1,2025,10,28,18,59,41,6,1,0,0,0,1,0
13014,872,15,1,0,0,16,1,2025,10,28,19,17,19,6,1,0,0,0,1,0
13015,872,19,0,0,0,19,1,2025,10,28,19,34,57,6,1,0,0,0,1,0
13016,872,16,0,0,0,16,1,2025,10,28,19,52,35,6,1,0,0,0,1,0
13017,872,21,0,0,0,21,1,2025,10,29,8,23,46,6,1,0,0,1,0,0
13018,872,17,0,1,0,18,1,2025,10,29,8,41,22,6,1,0,0,1,0,0
13019,872,19,0,0,0,19,1,2025,10,29,8,58,59,6,1,0,0,1,0,0
13020,872,22,0,1,0,23,1,2025,10,29,9,16,34,6,1,0,0,1,0,0
13021,872,19,1,0,0,20,1,2025,10,29,9,34,10,6,1,0,0,1,0,0
13022,872,10,3,1,0,14,1,2025,10,29,9,51,47,6,1,0,0,1,0,0
13023,872,13,0,0,0,13,0,2025,10,29,10,9,25,6,1,0,0,1,0,0
13024,872,8,1,2,0,11,1,2025,10,29,10,27,3,6,1,0,0,1,0,0
13025,872,14,0,0,0,14,1,2025,10,29,10,44,42,6,1,0,0,1,0,0
13026,872,28,0,2,0,30,1,2025,10,29,12,33,35,6,1,0,0,0,0,1
13027,872,27,6,1,0,34,1,2025,10,29,12,51,15,6,1,0,0,0,0,1
13028,872,26,4,0,0,30,1,2025,10,29,13,9,4,6,1,0,0,0,0,1
13029,872,22,0,1,0,23,1,2025,10,29,13,26,47,6,1,0,0,0,0,1
13030,872,24,2,2,0,28,2,2025,10,29,13,44,31,6,1,0,0,0,0,1
13031,872,33,1,1,0,35,2,2025,10,29,14,44,13,6,1,0,0,0,0,1
13032,872,31,2,2,0,35,2,2025,10,29,15,1,57,6,1,0,0,0,0,1
13033,872,26,0,0,0,26,1,2025,10,29,15,19,41,6,1,0,0,0,0,1
13034,872,32,2,1,0,35,2,2025,10,29,15,37,21,6,1,0,0,0,0,1
13035,872,28,4,1,0,33,2,2025,10,29,15,55,2,6,1,0,0,0,0,1
13036,872,18,0,0,0,18,1,2025,10,30,8,20,38,6,1,0,0,1,0,0
13037,872,32,1,6,0,39,3,2025,10,30,8,38,21,6,1,0,0,1,0,0
13038,872,28,0,5,0,33,3,2025,10,30,8,56,4,6,1,0,0,1,0,0
13039,872,34,4,6,0,44,3,2025,10,30,9,13,55,6,1,0,0,1,0,0
13040,872,32,2,2,0,36,3,2025,10,30,9,32,5,6,1,0,0,1,0,0
13041,872,36,3,3,0,42,3,2025,10,30,9,49,55,6,1,0,0,1,0,0
13042,872,23,7,3,0,33,3,2025,10,30,10,7,46,6,1,0,0,1,0,0
13043,872,28,3,3,0,34,2,2025,10,30,10,25,35,6,1,0,0,1,0,0
13044,872,25,2,0,0,27,2,2025,10,30,10,43,18,6,1,0,0,1,0,0
13045,872,21,5,0,0,26,2,2025,10,30,12,29,51,6,1,0,0,0,0,1
13046,872,21,3,0,0,24,1,2025,10,30,12,47,22,6,1,0,0,0,0,1
13047,872,32,2,0,0,34,1,2025,10,30,13,5,6,6,1,0,0,0,0,1
13048,872,23,4,0,0,27,1,2025,10,30,13,22,52,6,1,0,0,0,0,1
13049,872,30,3,1,0,34,1,2025,10,30,13,40,38,6,1,0,0,0,0,1
13050,872,27,2,0,0,29,1,2025,10,30,13,58,24,6,1,0,0,0,0,1
13051,872,31,3,0,0,34,1,2025,10,30,14,57,25,6,1,0,0,0,0,1
13052,872,30,3,1,0,34,2,2025,10,30,15,15,19,6,1,0,0,0,0,1
13053,872,36,0,2,0,38,2,2025,10,30,15,33,3,6,1,0,0,0,0,1
13054,872,28,3,1,0,32,1,2025,10,30,15,57,48,6,1,0,0,0,0,1
13055,872,26,0,1,0,27,1,2025,10,30,16,15,36,6,1,0,0,0,0,1
13056,872,9,3,0,0,12,1,2025,10,30,22,45,50,6,1,0,0,0,1,0
13057,872,16,4,1,0,21,1,2025,10,31,8,25,18,6,1,0,0,1,0,0
13058,872,23,4,1,0,28,1,2025,10,31,8,43,6,6,1,0,0,1,0,0
13059,872,17,1,0,0,18,1,2025,10,31,9,0,53,6,1,0,0,1,0,0
13060,872,16,0,0,0,16,0,2025,10,31,9,18,37,6,1,0,0,1,0,0
13061,872,15,1,3,0,19,2,2025,10,31,9,44,15,6,1,0,0,1,0,0
13062,872,14,1,0,0,15,0,2025,10,31,10,1,56,6,1,0,0,1,0,0
13063,872,20,4,0,0,24,1,2025,10,31,10,19,41,6,1,0,0,1,0,0
13064,872,14,2,0,0,16,0,2025,10,31,10,37,20,6,1,0,0,1,0,0
13065,872,37,1,0,0,38,2,2025,10,31,15,3,43,6,1,0,0,0,0,1
13066,872,36,0,1,0,37,2,2025,10,31,15,21,35,6,1,0,0,0,0,1
13067,872,31,1,1,0,33,2,2025,10,31,15,39,28,6,1,0,0,0,0,1
13068,872,23,1,0,0,24,0,2025,10,31,15,57,17,6,1,0,0,0,0,1
13069,872,3,0,0,0,3,0,2025,11,1,8,54,58,6,1,0,0,1,0,0
13070,872,6,0,0,0,6,0,2025,11,1,9,12,41,6,1,0,0,1,0,0
13071,872,7,0,0,0,7,0,2025,11,1,9,30,35,6,1,0,0,1,0,0
13072,872,6,1,0,0,7,1,2025,11,1,9,48,23,6,1,0,0,1,0,0
13073,872,9,0,0,0,9,0,2025,11,1,10,6,13,6,1,0,0,1,0,0
13074,872,10,1,0,0,11,1,2025,11,1,10,23,56,6,1,0,0,1,0,0
13075,872,12,0,0,0,12,1,2025,11,1,10,41,47,6,1,0,0,1,0,0
13076,872,15,0,0,0,15,1,2025,11,1,10,59,37,6,1,0,0,1,0,0
13077,872,10,0,0,0,10,0,2025,11,1,11,17,23,6,1,0,0,1,0,0
13078,872,10,0,0,0,10,0,2025,11,1,11,35,4,6,1,0,0,1,0,0
13079,872,15,0,0,0,15,1,2025,11,1,11,52,50,6,1,0,0,1,0,0
13080,872,16,0,0,0,16,1,2025,11,1,12,10,43,6,1,0,0,0,0,1
13081,872,20,0,0,0,20,1,2025,11,1,12,28,35,6,1,0,0,0,0,1
13082,872,19,0,0,0,19,1,2025,11,1,12,46,31,6,1,0,0,0,0,1
13083,872,16,0,0,0,16,1,2025,11,1,13,4,17,6,1,0,0,0,0,1
13084,872,16,0,0,0,16,1,2025,11,1,13,22,6,6,1,0,0,0,0,1
13085,872,17,1,0,0,18,1,2025,11,1,13,39,51,6,1,0,0,0,0,1
13086,872,12,0,0,0,12,1,2025,11,1,13,57,42,6,1,0,0,0,0,1
13087,872,26,2,0,0,28,1,2025,11,1,14,15,33,6,1,0,0,0,0,1
13088,872,23,2,0,0,25,1,2025,11,1,14,33,42,6,1,0,0,0,0,1
13089,872,25,1,0,0,26,1,2025,11,1,14,51,47,6,1,0,0,0,0,1
13090,872,13,0,0,0,13,0,2025,11,1,15,9,37,6,1,0,0,0,0,1
13091,872,12,1,0,0,13,0,2025,11,1,15,27,24,6,1,0,0,0,0,1
13092,872,14,2,0,0,16,1,2025,11,1,15,45,17,6,1,0,0,0,0,1
13093,872,12,3,0,0,15,0,2025,11,1,16,3,13,6,1,0,0,0,0,1
13094,872,0,0,0,0,0,0,2025,11,1,16,21,0,6,1,0,0,0,0,1
13095,872,18,1,0,0,19,1,2025,11,1,16,38,48,6,1,0,0,0,0,1
13096,872,18,2,1,0,21,1,2025,11,1,16,56,47,6,1,0,0,0,0,1
13097,872,25,0,0,0,25,1,2025,11,1,17,14,47,6,1,0,0,0,0,1
13098,872,24,0,0,0,24,1,2025,11,1,17,32,32,6,1,0,0,0,0,1
13099,872,20,0,1,0,21,1,2025,11,1,17,50,27,6,1,0,0,0,0,1
13100,872,21,1,0,0,22,1,2025,11,1,18,8,19,6,1,0,0,0,1,0
13101,872,19,1,0,0,20,1,2025,11,1,18,27,4,6,1,0,0,0,1,0
13102,872,21,0,0,0,21,1,2025,11,1,18,45,0,6,1,0,0,0,1,0
13103,872,15,0,0,0,15,1,2025,11,1,19,2,47,6,1,0,0,0,1,0
13104,872,19,0,0,0,19,1,2025,11,1,19,37,21,6,1,0,0,0,1,0
13105,872,11,0,0,0,11,0,2025,11,2,10,16,53,6,1,0,0,1,0,0
13106,872,11,0,0,0,11,0,2025,11,2,10,34,38,6,1,0,0,1,0,0
13107,872,13,0,1,0,14,1,2025,11,2,11,10,25,6,1,0,0,1,0,0
13108,872,13,0,0,0,13,0,2025,11,2,11,28,13,6,1,0,0,1,0,0
13109,872,18,2,0,0,20,1,2025,11,2,12,11,29,6,1,0,0,0,0,1
13110,872,20,1,0,0,21,1,2025,11,2,12,29,14,6,1,0,0,0,0,1
13111,872,13,2,0,0,15,0,2025,11,2,12,47,4,6,1,0,0,0,0,1
13112,872,19,0,0,0,19,1,2025,11,2,13,4,46,6,1,0,0,0,0,1
13113,872,14,1,0,0,15,0,2025,11,2,13,22,25,6,1,0,0,0,0,1
13114,872,18,0,0,0,18,1,2025,11,2,13,40,5,6,1,0,0,0,0,1
13115,872,17,2,1,0,20,1,2025,11,2,13,57,43,6,1,0,0,0,0,1
13116,872,17,0,0,0,17,1,2025,11,2,14,15,22,6,1,0,0,0,0,1
13117,872,20,4,0,0,24,1,2025,11,2,14,32,58,6,1,0,0,0,0,1
13118,872,10,1,0,0,11,0,2025,11,2,14,50,34,6,1,0,0,0,0,1
13119,872,6,1,1,0,8,0,2025,11,2,15,51,6,6,1,0,0,0,0,1
13120,872,12,0,0,0,12,0,2025,11,2,16,8,44,6,1,0,0,0,0,1
13121,872,17,0,0,0,17,1,2025,11,2,16,26,24,6,1,0,0,0,0,1
13122,872,19,1,0,0,20,1,2025,11,2,16,44,3,6,1,0,0,0,0,1
13123,872,14,1,1,0,16,1,2025,11,3,8,9,19,6,1,0,0,1,0,0
13124,872,18,0,0,0,18,1,2025,11,3,8,26,56,6,1,0,0,1,0,0
13125,872,7,0,1,0,8,1,2025,11,3,8,44,34,6,1,0,0,1,0,0
13126,872,9,0,0,0,9,0,2025,11,3,9,2,10,6,1,0,0,1,0,0
13127,872,11,0,0,0,11,0,2025,11,3,9,19,48,6,1,0,0,1,0,0
13128,872,12,0,0,0,12,0,2025,11,3,9,37,25,6,1,0,0,1,0,0
13129,872,18,3,3,0,24,2,2025,11,4,8,9,37,6,1,0,0,1,0,0
13130,872,25,0,4,0,29,2,2025,11,4,8,27,13,6,1,0,0,1,0,0
13131,872,21,1,2,0,24,1,2025,11,4,8,44,49,6,1,0,0,1,0,0
13132,872,26,0,0,0,26,1,2025,11,4,9,2,25,6,1,0,0,1,0,0
13133,872,16,1,0,0,17,1,2025,11,4,9,20,3,6,1,0,0,1,0,0
13134,872,27,1,2,0,30,2,2025,11,4,9,37,42,6,1,0,0,1,0,0
13135,872,21,4,0,0,25,2,2025,11,4,12,8,55,6,1,0,0,0,0,1
13136,872,22,1,2,0,25,1,2025,11,4,12,37,16,6,1,0,0,0,0,1
13137,872,20,3,1,0,24,1,2025,11,4,12,54,57,6,1,0,0,0,0,1
13138,872,18,4,0,0,22,2,2025,11,4,13,4,22,6,1,0,0,0,0,1
13139,872,28,2,2,0,32,2,2025,11,4,13,22,2,6,1,0,0,0,0,1
13140,872,26,5,0,0,31,2,2025,11,4,13,39,41,6,1,0,0,0,0,1
13141,872,21,2,0,0,23,1,2025,11,4,14,34,3,6,1,0,0,0,0,1
13142,872,22,2,1,0,25,2,2025,11,4,14,51,43,6,1,0,0,0,0,1
13143,872,17,0,0,0,17,1,2025,11,4,15,9,28,6,1,0,0,0,0,1
13144,872,18,0,1,0,19,1,2025,11,4,15,27,14,6,1,0,0,0,0,1
13145,872,21,0,1,0,22,1,2025,11,4,15,45,14,6,1,0,0,0,0,1
13146,872,12,2,0,0,14,0,2025,11,4,16,2,56,6,1,0,0,0,0,1
13147,872,20,0,1,0,21,1,2025,11,4,18,0,10,6,1,0,0,0,1,0
13148,872,20,0,0,0,20,1,2025,11,4,18,17,47,6,1,0,0,0,1,0
13149,872,11,0,0,0,11,1,2025,11,4,18,35,25,6,1,0,0,0,1,0
13150,872,1,0,0,0,1,0,2025,11,4,18,53,4,6,1,0,0,0,1,0
13151,872,1,0,0,0,1,1,2025,11,4,19,10,41,6,1,0,0,0,1,0
13152,872,1,0,0,0,1,0,2025,11,4,19,28,21,6,1,0,0,0,1,0
13153,872,2,0,0,0,2,0,2025,11,4,19,45,59,6,1,0,0,0,1,0
13154,872,7,1,0,0,8,0,2025,11,4,20,3,35,6,1,0,0,0,1,0
13155,872,5,0,0,0,5,1,2025,11,4,20,21,12,6,1,0,0,0,1,0
13156,872,11,0,0,0,11,0,2025,11,4,20,38,51,6,1,0,0,0,1,0
13157,872,23,0,1,0,24,2,2025,11,5,7,51,25,6,1,0,0,1,0,0
13158,872,21,0,2,0,23,2,2025,11,5,8,9,2,6,1,0,0,1,0,0
13159,872,30,0,0,0,30,2,2025,11,5,8,26,39,6,1,0,0,1,0,0
13160,872,23,3,1,0,27,1,2025,11,5,8,44,14,6,1,0,0,1,0,0
13161,872,17,0,0,0,17,1,2025,11,5,9,1,51,6,1,0,0,1,0,0
13162,872,27,0,1,0,28,1,2025,11,5,9,19,27,6,1,0,0,1,0,0
13163,872,26,0,0,0,26,1,2025,11,5,9,37,4,6,1,0,0,1,0,0
13164,872,20,2,3,0,25,1,2025,11,5,9,54,40,6,1,0,0,1,0,0
13165,872,27,2,0,0,29,1,2025,11,5,10,12,18,6,1,0,0,1,0,0
13166,872,22,3,1,0,26,1,2025,11,5,10,29,55,6,1,0,0,1,0,0
13167,872,23,0,1,0,24,2,2025,11,5,10,47,31,6,1,0,0,1,0,0
13168,872,23,4,1,0,28,1,2025,11,5,12,44,11,6,1,0,0,0,0,1
13169,872,25,4,1,0,30,2,2025,11,5,13,1,51,6,1,0,0,0,0,1
13170,872,29,6,1,0,36,2,2025,11,5,13,19,31,6,1,0,0,0,0,1
13171,872,34,1,0,0,35,2,2025,11,5,13,37,12,6,1,0,0,0,0,1
13172,872,34,3,0,0,37,2,2025,11,5,13,54,55,6,1,0,0,0,0,1
13173,872,30,2,3,0,35,2,2025,11,5,14,46,46,6,1,0,0,0,0,1
13174,872,33,1,2,0,36,2,2025,11,5,15,4,26,6,1,0,0,0,0,1
13175,872,28,1,1,0,30,2,2025,11,5,15,22,6,6,1,0,0,0,0,1
13176,872,34,3,3,0,40,2,2025,11,5,15,39,49,6,1,0,0,0,0,1
13177,872,35,1,1,0,37,2,2025,11,5,15,57,33,6,1,0,0,0,0,1
13178,872,29,2,2,0,33,2,2025,11,6,7,50,52,6,1,0,0,1,0,0
13179,872,27,2,1,0,30,2,2025,11,6,8,8,33,6,1,0,0,1,0,0
13180,872,29,1,1,0,31,2,2025,11,6,8,26,53,6,1,0,0,1,0,0
13181,872,28,1,1,0,30,2,2025,11,6,8,44,47,6,1,0,0,1,0,0
13182,872,21,0,0,0,21,1,2025,11,6,9,2,30,6,1,0,0,1,0,0
13183,872,29,0,1,0,30,1,2025,11,6,9,20,11,6,1,0,0,1,0,0
13184,872,21,0,0,0,21,1,2025,11,6,9,37,52,6,1,0,0,1,0,0
13185,872,21,2,2,0,25,1,2025,11,6,9,55,40,6,1,0,0,1,0,0
13186,872,15,2,0,0,17,1,2025,11,6,10,13,35,6,1,0,0,1,0,0
13187,872,22,2,0,0,24,1,2025,11,6,10,31,19,6,1,0,0,1,0,0
13188,872,24,1,1,0,26,1,2025,11,6,12,31,10,6,1,0,0,0,0,1
13189,872,24,4,2,0,30,1,2025,11,6,12,48,51,6,1,0,0,0,0,1
13190,872,32,1,1,0,34,2,2025,11,6,13,6,31,6,1,0,0,0,0,1
13191,872,32,4,1,0,37,2,2025,11,6,13,39,51,6,1,0,0,0,0,1
13192,872,25,1,1,0,27,1,2025,11,6,13,57,33,6,1,0,0,0,0,1
13193,872,13,0,0,0,13,1,2025,11,7,9,38,44,6,1,0,0,1,0,0
13194,872,8,1,2,0,11,1,2025,11,7,10,14,1,6,1,0,0,1,0,0
13195,872,12,0,1,0,13,1,2025,11,7,10,31,39,6,1,0,0,1,0,0
13196,872,28,3,0,0,31,1,2025,11,7,13,14,31,6,1,0,0,0,0,1
13197,872,25,0,0,0,25,1,2025,11,7,13,32,10,6,1,0,0,0,0,1
13198,872,28,4,0,0,32,1,2025,11,7,13,49,49,6,1,0,0,0,0,1
13199,872,22,2,0,0,24,1,2025,11,7,15,37,22,6,1,0,0,0,0,1
13200,872,16,1,4,0,21,1,2025,11,7,15,55,4,6,1,0,0,0,0,1
13201,872,3,0,0,0,3,0,2025,11,8,7,54,53,6,1,0,0,1,0,0
13202,872,2,0,0,0,2,0,2025,11,8,8,12,33,6,1,0,0,1,0,0
13203,872,1,0,0,0,1,0,2025,11,8,8,30,12,6,1,0,0,1,0,0
13204,872,0,0,0,0,0,0,2025,11,8,8,47,49,6,1,0,0,1,0,0
13205,872,5,0,0,0,5,0,2025,11,8,9,52,28,6,1,0,0,1,0,0
13206,872,0,0,0,0,0,0,2025,11,8,10,31,55,6,1,0,0,1,0,0
13207,872,8,0,0,0,8,0,2025,11,8,10,49,32,6,1,0,0,1,0,0
13208,872,3,0,0,0,3,0,2025,11,8,11,7,11,6,1,0,0,1,0,0
13209,872,2,1,1,0,4,0,2025,11,8,11,24,51,6,1,0,0,1,0,0
13210,872,5,0,0,0,5,0,2025,11,8,11,42,30,6,1,0,0,1,0,0
13211,872,10,0,0,0,10,1,2025,11,8,12,0,10,6,1,0,0,0,0,1
13212,872,10,0,0,0,10,1,2025,11,8,12,17,45,6,1,0,0,0,0,1
13213,872,10,0,0,0,10,1,2025,11,8,12,35,20,6,1,0,0,0,0,1
13214,872,7,0,0,0,7,0,2025,11,8,12,52,57,6,1,0,0,0,0,1
13215,872,6,0,0,0,6,0,2025,11,8,13,10,34,6,1,0,0,0,0,1
13216,872,25,1,0,0,26,1,2025,11,8,13,28,10,6,1,0,0,0,0,1
13217,872,26,3,0,0,29,2,2025,11,8,13,45,48,6,1,0,0,0,0,1
13218,872,24,0,0,0,24,2,2025,11,8,14,3,25,6,1,0,0,0,0,1
13219,872,20,0,2,0,22,1,2025,11,8,14,21,2,6,1,0,0,0,0,1
13220,872,22,0,0,0,22,1,2025,11,8,14,38,39,6,1,0,0,0,0,1
13221,872,11,1,0,0,12,0,2025,11,8,15,34,24,6,1,0,0,0,0,1
13222,872,14,1,0,0,15,0,2025,11,8,15,52,2,6,1,0,0,0,0,1
13223,872,12,0,0,0,12,0,2025,11,8,16,9,41,6,1,0,0,0,0,1
13224,872,15,0,0,0,15,0,2025,11,8,16,27,22,6,1,0,0,0,0,1
13225,872,16,1,0,0,17,1,2025,11,8,16,45,2,6,1,0,0,0,0,1
13226,872,12,0,0,0,12,0,2025,11,8,17,2,38,6,1,0,0,0,0,1
13227,872,19,0,0,0,19,1,2025,11,8,18,55,27,6,1,0,0,0,1,0
13228,872,19,1,0,0,20,1,2025,11,8,19,13,6,6,1,0,0,0,1,0
13229,872,4,0,2,0,6,0,2025,11,9,8,29,50,6,1,0,0,1,0,0
13230,872,6,0,0,0,6,0,2025,11,9,8,47,27,6,1,0,0,1,0,0
13231,872,3,0,0,0,3,0,2025,11,9,9,5,4,6,1,0,0,1,0,0
13232,872,2,0,0,0,2,0,2025,11,9,9,22,41,6,1,0,0,1,0,0
13233,872,4,1,0,0,5,0,2025,11,9,9,40,19,6,1,0,0,1,0,0
13234,872,12,2,0,0,14,1,2025,11,9,9,57,58,6,1,0,0,1,0,0
13235,872,7,1,1,0,9,0,2025,11,9,10,15,37,6,1,0,0,1,0,0
13236,872,11,0,0,0,11,1,2025,11,9,10,33,14,6,1,0,0,1,0,0
13237,872,12,0,0,0,12,0,2025,11,9,10,50,49,6,1,0,0,1,0,0
13238,872,9,0,0,0,9,0,2025,11,9,11,8,26,6,1,0,0,1,0,0
13239,872,7,1,0,0,8,0,2025,11,9,11,26,5,6,1,0,0,1,0,0
13240,872,10,0,1,0,11,1,2025,11,9,11,43,49,6,1,0,0,1,0,0
13241,872,12,0,0,0,12,0,2025,11,9,12,1,28,6,1,0,0,0,0,1
13242,872,13,0,0,0,13,1,2025,11,9,12,19,6,6,1,0,0,0,0,1
13243,872,12,1,0,0,13,1,2025,11,9,12,36,46,6,1,0,0,0,0,1
13244,872,14,0,0,0,14,0,2025,11,9,12,54,26,6,1,0,0,0,0,1
13245,872,4,0,0,0,4,0,2025,11,9,15,20,18,6,1,0,0,0,0,1
13246,872,5,1,0,0,6,0,2025,11,9,15,37,58,6,1,0,0,0,0,1
13247,872,7,0,0,0,7,0,2025,11,9,15,55,38,6,1,0,0,0,0,1
13248,872,9,1,0,0,10,0,2025,11,9,16,13,17,6,1,0,0,0,0,1
13249,872,11,1,0,0,12,0,2025,11,9,16,30,56,6,1,0,0,0,0,1
13250,872,11,2,0,0,13,0,2025,11,9,16,48,31,6,1,0,0,0,0,1
13251,872,10,0,0,0,10,0,2025,11,9,17,6,9,6,1,0,0,0,0,1
13252,872,14,1,0,0,15,0,2025,11,9,17,23,47,6,1,0,0,0,0,1
13253,872,10,0,0,0,10,0,2025,11,9,17,41,26,6,1,0,0,0,0,1
13254,872,22,0,0,0,22,1,2025,11,9,17,59,5,6,1,0,0,0,0,1
13255,872,19,0,0,0,19,1,2025,11,9,18,16,42,6,1,0,0,0,1,0
13256,872,14,0,0,0,14,0,2025,11,9,18,34,21,6,1,0,0,0,1,0
13257,872,9,0,1,0,10,1,2025,11,9,18,51,57,6,1,0,0,0,1,0
13258,872,22,2,0,0,24,1,2025,11,9,19,44,48,6,1,0,0,0,1,0
13259,872,28,1,1,0,30,2,2025,11,11,7,59,37,6,1,0,0,1,0,0
13260,872,25,4,3,0,32,2,2025,11,11,8,17,11,6,1,0,0,1,0,0
13261,872,29,1,3,0,33,2,2025,11,11,8,34,45,6,1,0,0,1,0,0
13262,872,28,2,0,0,30,1,2025,11,11,8,52,21,6,1,0,0,1,0,0
13263,872,21,4,0,0,25,1,2025,11,11,9,9,56,6,1,0,0,1,0,0
13264,872,23,1,0,0,24,1,2025,11,11,9,27,33,6,1,0,0,1,0,0
13265,872,36,2,0,0,38,1,2025,11,11,14,34,55,6,1,0,0,0,0,1
13266,872,32,0,3,0,35,2,2025,11,11,14,52,34,6,1,0,0,0,0,1
13267,872,27,4,1,0,32,2,2025,11,11,15,10,13,6,1,0,0,0,0,1
13268,872,17,2,1,0,20,1,2025,11,11,15,27,55,6,1,0,0,0,0,1
13269,872,14,1,0,0,15,0,2025,11,11,15,45,39,6,1,0,0,0,0,1
13270,872,7,3,0,0,10,0,2025,11,11,16,3,17,6,1,0,0,0,0,1
13271,872,22,1,1,0,24,1,2025,11,11,17,48,1,6,1,0,0,0,0,1
13272,872,22,3,0,0,25,1,2025,11,11,18,5,38,6,1,0,0,0,1,0
13273,872,16,3,1,0,20,1,2025,11,11,18,23,13,6,1,0,0,0,1,0
13274,872,19,2,1,0,22,2,2025,11,12,8,37,19,6,1,0,0,1,0,0
13275,872,28,0,0,0,28,1,2025,11,12,8,55,3,6,1,0,0,1,0,0
13276,872,27,1,1,0,29,1,2025,11,12,9,12,48,6,1,0,0,1,0,0
13277,872,28,2,0,0,30,1,2025,11,12,9,30,42,6,1,0,0,1,0,0
13278,872,15,4,1,0,20,1,2025,11,12,12,35,16,6,1,0,0,0,0,1
13279,872,23,1,0,0,24,1,2025,11,14,9,7,16,6,1,0,0,1,0,0
13280,872,15,3,1,0,19,1,2025,11,14,9,24,56,6,1,0,0,1,0,0
13281,872,11,1,0,0,12,0,2025,11,14,9,42,37,6,1,0,0,1,0,0
13282,872,16,0,0,0,16,0,2025,11,14,10,0,15,6,1,0,0,1,0,0
13283,872,13,3,2,0,18,1,2025,11,14,10,17,54,6,1,0,0,1,0,0
13284,872,16,1,1,0,18,0,2025,11,14,10,35,36,6,1,0,0,1,0,0
13285,872,15,0,0,0,15,1,2025,11,15,9,51,31,6,1,0,0,1,0,0
13286,872,20,1,0,0,21,1,2025,11,15,10,9,11,6,1,0,0,1,0,0
13287,872,11,1,1,0,13,1,2025,11,15,10,26,53,6,1,0,0,1,0,0
13288,872,14,0,0,0,14,0,2025,11,15,10,44,43,6,1,0,0,1,0,0
13289,872,18,0,0,0,18,1,2025,11,15,11,2,22,6,1,0,0,1,0,0
13290,872,26,2,0,0,28,1,2025,11,15,11,20,3,6,1,0,0,1,0,0
13291,872,20,1,0,0,21,2,2025,11,15,11,37,43,6,1,0,0,1,0,0
13292,872,18,2,1,0,21,1,2025,11,15,11,55,24,6,1,0,0,1,0,0
13293,872,28,2,0,0,30,2,2025,11,15,12,13,5,6,1,0,0,0,0,1
13294,872,32,2,1,0,35,2,2025,11,15,12,30,45,6,1,0,0,0,0,1
13295,872,27,4,3,0,34,2,2025,11,15,12,48,26,6,1,0,0,0,0,1
13296,872,32,1,0,0,33,2,2025,11,15,13,6,4,6,1,0,0,0,0,1
13297,872,5,0,0,0,5,0,2025,11,16,8,9,28,6,1,0,0,1,0,0
13298,872,6,0,0,0,6,0,2025,11,16,8,27,9,6,1,0,0,1,0,0
13299,872,6,0,0,0,6,0,2025,11,16,8,44,56,6,1,0,0,1,0,0
13300,872,3,1,2,0,6,0,2025,11,16,9,2,38,6,1,0,0,1,0,0
13301,872,6,0,0,0,6,0,2025,11,16,9,20,19,6,1,0,0,1,0,0
13302,872,3,0,1,0,4,0,2025,11,16,9,38,1,6,1,0,0,1,0,0
13303,872,6,0,0,0,6,0,2025,11,16,9,55,42,6,1,0,0,1,0,0
13304,872,8,0,0,0,8,0,2025,11,16,10,13,30,6,1,0,0,1,0,0
13305,872,10,2,0,0,12,0,2025,11,16,10,31,17,6,1,0,0,1,0,0
13306,872,16,1,0,0,17,0,2025,11,16,10,49,9,6,1,0,0,1,0,0
13307,872,16,4,0,0,20,1,2025,11,16,11,7,2,6,1,0,0,1,0,0
13308,872,28,0,0,0,28,1,2025,11,17,8,23,55,6,1,0,0,1,0,0
13309,872,23,1,2,0,26,2,2025,11,17,8,41,38,6,1,0,0,1,0,0
13310,872,28,1,0,0,29,1,2025,11,17,8,59,16,6,1,0,0,1,0,0
13311,872,24,1,0,0,25,1,2025,11,17,9,16,56,6,1,0,0,1,0,0
13312,872,20,1,0,0,21,1,2025,11,17,9,34,35,6,1,0,0,1,0,0
13313,872,16,0,1,0,17,1,2025,11,17,9,52,14,6,1,0,0,1,0,0
13314,872,18,1,0,0,19,1,2025,11,17,10,9,51,6,1,0,0,1,0,0
13315,872,15,0,0,0,15,1,2025,11,17,10,27,34,6,1,0,0,1,0,0
13316,872,12,1,0,0,13,1,2025,11,17,12,34,32,6,1,0,0,0,0,1
13317,872,25,1,0,0,26,1,2025,11,17,12,52,11,6,1,0,0,0,0,1
13318,872,29,0,0,0,29,1,2025,11,17,13,9,50,6,1,0,0,0,0,1
13319,873,19,0,0,0,19,1,2025,10,27,8,27,15,6,1,0,0,1,0,0
13320,873,17,0,0,0,17,1,2025,10,27,8,45,0,6,1,0,0,1,0,0
13321,873,10,1,0,0,11,1,2025,10,27,9,2,39,6,1,0,0,1,0,0
13322,873,9,2,0,0,11,1,2025,10,27,9,20,19,6,1,0,0,1,0,0
13323,873,17,1,0,0,18,1,2025,10,27,9,38,1,6,1,0,0,1,0,0
13324,873,6,1,0,0,7,0,2025,10,27,9,55,45,6,1,0,0,1,0,0
13325,873,6,1,0,0,7,0,2025,10,27,10,13,30,6,1,0,0,1,0,0
13326,873,7,0,0,0,7,0,2025,10,27,10,31,17,6,1,0,0,1,0,0
13327,873,10,3,0,0,13,1,2025,10,27,12,40,19,6,1,0,0,0,0,1
13328,873,9,0,0,0,9,0,2025,10,27,12,58,4,6,1,0,0,0,0,1
13329,873,13,0,0,0,13,0,2025,10,27,13,15,51,6,1,0,0,0,0,1
13330,873,12,0,0,0,12,0,2025,10,27,13,20,57,6,1,0,0,0,0,1
13331,873,9,1,0,0,10,0,2025,10,27,13,57,20,6,1,0,0,0,0,1
13332,873,11,0,0,0,11,1,2025,10,27,14,55,38,6,1,0,0,0,0,1
13333,873,7,1,0,0,8,1,2025,10,27,15,13,23,6,1,0,0,0,0,1
13334,873,14,0,0,0,14,1,2025,10,27,15,31,10,6,1,0,0,0,0,1
13335,873,8,0,0,0,8,0,2025,10,27,15,48,57,6,1,0,0,0,0,1
13336,873,8,0,0,0,8,0,2025,10,27,18,3,0,6,1,0,0,0,1,0
13337,873,14,0,0,0,14,1,2025,10,27,18,20,36,6,1,0,0,0,1,0
13338,873,14,0,0,0,14,1,2025,10,27,18,38,13,6,1,0,0,0,1,0
13339,873,19,2,0,0,21,1,2025,10,28,8,14,4,6,1,0,0,1,0,0
13340,873,21,0,0,0,21,1,2025,10,28,8,31,40,6,1,0,0,1,0,0
13341,873,20,0,0,0,20,1,2025,10,28,8,49,16,6,1,0,0,1,0,0
13342,873,19,0,0,0,19,1,2025,10,28,9,6,52,6,1,0,0,1,0,0
13343,873,22,0,0,0,22,1,2025,10,28,9,24,28,6,1,0,0,1,0,0
13344,873,23,1,0,0,24,1,2025,10,28,9,42,8,6,1,0,0,1,0,0
13345,873,25,1,0,0,26,1,2025,10,28,13,27,55,6,1,0,0,0,0,1
13346,873,11,1,2,0,14,1,2025,10,28,14,45,48,6,1,0,0,0,0,1
13347,873,16,1,0,0,17,1,2025,10,28,15,3,30,6,1,0,0,0,0,1
13348,873,8,0,0,0,8,0,2025,10,28,15,21,18,6,1,0,0,0,0,1
13349,873,20,0,0,0,20,1,2025,10,28,15,39,4,6,1,0,0,0,0,1
13350,873,15,0,1,0,16,1,2025,10,28,15,56,49,6,1,0,0,0,0,1
13351,873,19,0,1,0,20,1,2025,10,28,17,49,8,6,1,0,0,0,0,1
13352,873,21,0,0,0,21,1,2025,10,28,18,6,45,6,1,0,0,0,1,0
13353,873,15,0,0,0,15,1,2025,10,28,18,24,25,6,1,0,0,0,1,0
13354,873,14,1,1,0,16,1,2025,10,28,18,42,3,6,1,0,0,0,1,0
13355,873,6,0,0,0,6,0,2025,10,28,18,59,42,6,1,0,0,0,1,0
13356,873,14,2,0,0,16,1,2025,10,28,19,17,19,6,1,0,0,0,1,0
13357,873,20,0,0,0,20,1,2025,10,28,19,34,58,6,1,0,0,0,1,0
13358,873,15,0,0,0,15,1,2025,10,28,19,52,35,6,1,0,0,0,1,0
13359,873,16,1,2,0,19,1,2025,10,29,8,23,46,6,1,0,0,1,0,0
13360,873,23,1,0,0,24,1,2025,10,29,8,41,23,6,1,0,0,1,0,0
13361,873,18,3,3,0,24,2,2025,10,29,8,58,59,6,1,0,0,1,0,0
13362,873,24,1,1,0,26,1,2025,10,29,9,16,34,6,1,0,0,1,0,0
13363,873,19,3,1,0,23,1,2025,10,29,9,34,11,6,1,0,0,1,0,0
13364,873,23,1,1,0,25,1,2025,10,29,9,51,47,6,1,0,0,1,0,0
13365,873,22,3,2,0,27,1,2025,10,29,10,9,25,6,1,0,0,1,0,0
13366,873,21,2,0,0,23,1,2025,10,29,10,27,4,6,1,0,0,1,0,0
13367,873,20,0,1,0,21,1,2025,10,29,10,44,42,6,1,0,0,1,0,0
13368,873,25,2,0,0,27,1,2025,10,29,12,33,35,6,1,0,0,0,0,1
13369,873,24,2,0,0,26,1,2025,10,29,12,51,16,6,1,0,0,0,0,1
13370,873,20,0,0,0,20,1,2025,10,29,13,9,4,6,1,0,0,0,0,1
13371,873,17,5,0,0,22,1,2025,10,29,13,26,47,6,1,0,0,0,0,1
13372,873,27,1,0,0,28,1,2025,10,29,13,44,32,6,1,0,0,0,0,1
13373,873,31,3,0,0,34,1,2025,10,29,14,44,14,6,1,0,0,0,0,1
13374,873,24,2,0,0,26,1,2025,10,29,15,1,58,6,1,0,0,0,0,1
13375,873,30,0,1,0,31,1,2025,10,29,15,19,42,6,1,0,0,0,0,1
13376,873,23,1,1,0,25,1,2025,10,29,15,37,22,6,1,0,0,0,0,1
13377,873,29,2,1,0,32,1,2025,10,29,15,55,2,6,1,0,0,0,0,1
13378,873,16,1,1,0,18,1,2025,10,30,8,20,39,6,1,0,0,1,0,0
13379,873,24,0,0,0,24,1,2025,10,30,8,38,21,6,1,0,0,1,0,0
13380,873,19,0,1,0,20,1,2025,10,30,8,56,4,6,1,0,0,1,0,0
13381,873,15,0,3,0,18,1,2025,10,30,9,13,56,6,1,0,0,1,0,0
13382,873,19,1,2,0,22,2,2025,10,30,9,32,5,6,1,0,0,1,0,0
13383,873,20,2,0,0,22,1,2025,10,30,9,49,55,6,1,0,0,1,0,0
13384,873,13,2,0,0,15,1,2025,10,30,10,7,47,6,1,0,0,1,0,0
13385,873,13,1,0,0,14,0,2025,10,30,10,25,35,6,1,0,0,1,0,0
13386,873,12,2,0,0,14,0,2025,10,30,10,43,18,6,1,0,0,1,0,0
13387,873,13,1,0,0,14,1,2025,10,30,12,29,52,6,1,0,0,0,0,1
13388,873,14,2,0,0,16,1,2025,10,30,12,47,23,6,1,0,0,0,0,1
13389,873,10,1,0,0,11,0,2025,10,30,13,5,7,6,1,0,0,0,0,1
13390,873,11,1,0,0,12,1,2025,10,30,13,22,53,6,1,0,0,0,0,1
13391,873,15,1,1,0,17,1,2025,10,30,13,40,39,6,1,0,0,0,0,1
13392,873,11,1,0,0,12,0,2025,10,30,13,58,24,6,1,0,0,0,0,1
13393,873,13,1,0,0,14,1,2025,10,30,14,57,26,6,1,0,0,0,0,1
13394,873,17,1,0,0,18,1,2025,10,30,15,15,20,6,1,0,0,0,0,1
13395,873,14,1,0,0,15,1,2025,10,30,15,33,3,6,1,0,0,0,0,1
13396,873,20,0,2,0,22,1,2025,10,30,15,57,49,6,1,0,0,0,0,1
13397,873,19,2,0,0,21,1,2025,10,30,16,15,37,6,1,0,0,0,0,1
13398,873,5,0,0,0,5,0,2025,10,30,22,45,51,6,1,0,0,0,1,0
13399,873,15,2,1,0,18,1,2025,10,31,8,25,19,6,1,0,0,1,0,0
13400,873,17,2,0,0,19,1,2025,10,31,8,43,7,6,1,0,0,1,0,0
13401,873,19,1,0,0,20,1,2025,10,31,9,0,54,6,1,0,0,1,0,0
13402,873,22,1,0,0,23,1,2025,10,31,9,18,38,6,1,0,0,1,0,0
13403,873,15,1,0,0,16,1,2025,10,31,9,44,15,6,1,0,0,1,0,0
13404,873,8,1,0,0,9,0,2025,10,31,10,1,56,6,1,0,0,1,0,0
13405,873,12,1,0,0,13,0,2025,10,31,10,19,41,6,1,0,0,1,0,0
13406,873,17,2,2,0,21,1,2025,10,31,10,37,20,6,1,0,0,1,0,0
13407,873,24,1,0,0,25,1,2025,10,31,15,3,44,6,1,0,0,0,0,1
13408,873,17,2,3,0,22,1,2025,10,31,15,21,36,6,1,0,0,0,0,1
13409,873,18,4,1,0,23,1,2025,10,31,15,39,29,6,1,0,0,0,0,1
13410,873,23,2,2,0,27,1,2025,10,31,15,57,18,6,1,0,0,0,0,1
13411,873,12,0,0,0,12,0,2025,11,1,8,54,58,6,1,0,0,1,0,0
13412,873,13,1,0,0,14,1,2025,11,1,9,12,42,6,1,0,0,1,0,0
13413,873,12,0,1,0,13,0,2025,11,1,9,30,36,6,1,0,0,1,0,0
13414,873,12,2,1,0,15,1,2025,11,1,9,48,24,6,1,0,0,1,0,0
13415,873,12,1,0,0,13,1,2025,11,1,10,6,13,6,1,0,0,1,0,0
13416,873,12,0,0,0,12,1,2025,11,1,10,23,57,6,1,0,0,1,0,0
13417,873,20,0,0,0,20,1,2025,11,1,10,41,48,6,1,0,0,1,0,0
13418,873,22,0,0,0,22,1,2025,11,1,10,59,38,6,1,0,0,1,0,0
13419,873,16,2,0,0,18,1,2025,11,1,11,17,24,6,1,0,0,1,0,0
13420,873,20,1,0,0,21,1,2025,11,1,11,35,4,6,1,0,0,1,0,0
13421,873,23,0,0,0,23,1,2025,11,1,11,52,50,6,1,0,0,1,0,0
13422,873,18,0,0,0,18,1,2025,11,1,12,10,44,6,1,0,0,0,0,1
13423,873,24,1,0,0,25,1,2025,11,1,12,28,36,6,1,0,0,0,0,1
13424,873,25,0,0,0,25,1,2025,11,1,12,46,32,6,1,0,0,0,0,1
13425,873,25,0,0,0,25,1,2025,11,1,13,4,18,6,1,0,0,0,0,1
13426,873,25,0,1,0,26,1,2025,11,1,13,22,6,6,1,0,0,0,0,1
13427,873,24,0,2,0,26,1,2025,11,1,13,39,51,6,1,0,0,0,0,1
13428,873,22,1,0,0,23,1,2025,11,1,13,57,43,6,1,0,0,0,0,1
13429,873,20,1,0,0,21,1,2025,11,1,14,15,33,6,1,0,0,0,0,1
13430,873,15,0,1,0,16,1,2025,11,1,14,33,46,6,1,0,0,0,0,1
13431,873,15,2,0,0,17,0,2025,11,1,14,51,48,6,1,0,0,0,0,1
13432,873,11,0,0,0,11,0,2025,11,1,15,9,37,6,1,0,0,0,0,1
13433,873,14,1,0,0,15,1,2025,11,1,15,27,25,6,1,0,0,0,0,1
13434,873,13,1,0,0,14,1,2025,11,1,15,45,18,6,1,0,0,0,0,1
13435,873,13,1,0,0,14,0,2025,11,1,16,3,13,6,1,0,0,0,0,1
13436,873,24,0,0,0,24,1,2025,11,1,16,21,1,6,1,0,0,0,0,1
13437,873,28,1,0,0,29,1,2025,11,1,16,38,49,6,1,0,0,0,0,1
13438,873,25,0,1,0,26,1,2025,11,1,16,56,47,6,1,0,0,0,0,1
13439,873,39,1,0,0,40,1,2025,11,1,17,14,48,6,1,0,0,0,0,1
13440,873,32,0,0,0,32,1,2025,11,1,17,32,33,6,1,0,0,0,0,1
13441,873,28,0,0,0,28,1,2025,11,1,17,50,28,6,1,0,0,0,0,1
13442,873,29,0,0,0,29,1,2025,11,1,18,8,20,6,1,0,0,0,1,0
13443,873,24,0,0,0,24,1,2025,11,1,18,27,5,6,1,0,0,0,1,0
13444,873,17,0,0,0,17,1,2025,11,1,18,45,1,6,1,0,0,0,1,0
13445,873,13,0,1,0,14,1,2025,11,1,19,2,48,6,1,0,0,0,1,0
13446,873,13,0,0,0,13,0,2025,11,1,19,37,22,6,1,0,0,0,1,0
13447,873,5,0,0,0,5,0,2025,11,2,10,16,54,6,1,0,0,1,0,0
13448,873,9,0,0,0,9,0,2025,11,2,10,34,48,6,1,0,0,1,0,0
13449,873,12,0,0,0,12,0,2025,11,2,10,52,33,6,1,0,0,1,0,0
13450,873,21,0,0,0,21,1,2025,11,2,11,10,25,6,1,0,0,1,0,0
13451,873,17,0,1,0,18,1,2025,11,2,11,28,13,6,1,0,0,1,0,0
13452,873,14,1,0,0,15,0,2025,11,2,12,11,30,6,1,0,0,0,0,1
13453,873,16,0,0,0,16,1,2025,11,2,12,29,15,6,1,0,0,0,0,1
13454,873,9,0,0,0,9,0,2025,11,2,12,47,4,6,1,0,0,0,0,1
13455,873,14,0,0,0,14,1,2025,11,2,13,4,47,6,1,0,0,0,0,1
13456,873,16,2,0,0,18,1,2025,11,2,13,22,26,6,1,0,0,0,0,1
13457,873,17,0,1,0,18,1,2025,11,2,13,40,5,6,1,0,0,0,0,1
13458,873,18,1,1,0,20,1,2025,11,2,13,57,43,6,1,0,0,0,0,1
13459,873,18,0,0,0,18,1,2025,11,2,14,15,22,6,1,0,0,0,0,1
13460,873,14,1,0,0,15,1,2025,11,2,14,32,58,6,1,0,0,0,0,1
13461,873,11,0,0,0,11,0,2025,11,2,14,50,34,6,1,0,0,0,0,1
13462,873,8,1,0,0,9,0,2025,11,2,15,51,7,6,1,0,0,0,0,1
13463,873,8,0,0,0,8,0,2025,11,2,16,8,45,6,1,0,0,0,0,1
13464,873,12,0,0,0,12,0,2025,11,2,16,26,24,6,1,0,0,0,0,1
13465,873,10,2,1,0,13,1,2025,11,2,16,44,3,6,1,0,0,0,0,1
13466,873,6,1,0,0,7,0,2025,11,3,8,9,20,6,1,0,0,1,0,0
13467,873,7,1,0,0,8,0,2025,11,3,8,26,56,6,1,0,0,1,0,0
13468,873,23,0,0,0,23,1,2025,11,3,8,44,34,6,1,0,0,1,0,0
13469,873,19,0,0,0,19,1,2025,11,3,9,2,11,6,1,0,0,1,0,0
13470,873,14,0,0,0,14,0,2025,11,3,9,19,48,6,1,0,0,1,0,0
13471,873,19,2,0,0,21,1,2025,11,3,9,37,26,6,1,0,0,1,0,0
13472,873,14,1,1,0,16,2,2025,11,4,8,9,37,6,1,0,0,1,0,0
13473,873,16,0,1,0,17,3,2025,11,4,8,27,13,6,1,0,0,1,0,0
13474,873,13,0,2,0,15,2,2025,11,4,8,44,49,6,1,0,0,1,0,0
13475,873,14,2,0,0,16,2,2025,11,4,9,2,25,6,1,0,0,1,0,0
13476,873,18,1,0,0,19,2,2025,11,4,9,20,3,6,1,0,0,1,0,0
13477,873,15,2,0,0,17,2,2025,11,4,9,37,43,6,1,0,0,1,0,0
13478,873,10,0,0,0,10,2,2025,11,4,12,8,56,6,1,0,0,0,0,1
13479,873,7,1,0,0,8,1,2025,11,4,12,37,17,6,1,0,0,0,0,1
13480,873,7,4,0,0,11,3,2025,11,4,12,54,58,6,1,0,0,0,0,1
13481,873,7,4,0,0,11,3,2025,11,4,13,4,23,6,1,0,0,0,0,1
13482,873,9,1,0,0,10,1,2025,11,4,13,22,2,6,1,0,0,0,0,1
13483,873,10,0,0,0,10,1,2025,11,4,13,39,42,6,1,0,0,0,0,1
13484,873,17,0,0,0,17,2,2025,11,4,14,34,4,6,1,0,0,0,0,1
13485,873,10,4,0,0,14,1,2025,11,4,14,51,43,6,1,0,0,0,0,1
13486,873,6,0,0,0,6,0,2025,11,4,15,9,29,6,1,0,0,0,0,1
13487,873,6,1,0,0,7,1,2025,11,4,15,27,15,6,1,0,0,0,0,1
13488,873,7,0,0,0,7,0,2025,11,4,15,45,14,6,1,0,0,0,0,1
13489,873,10,1,0,0,11,0,2025,11,4,16,2,56,6,1,0,0,0,0,1
13490,873,18,1,1,0,20,2,2025,11,4,18,0,10,6,1,0,0,0,1,0
13491,873,21,1,0,0,22,2,2025,11,4,18,17,47,6,1,0,0,0,1,0
13492,873,23,1,0,0,24,2,2025,11,4,18,35,26,6,1,0,0,0,1,0
13493,873,17,1,0,0,18,2,2025,11,4,18,53,4,6,1,0,0,0,1,0
13494,873,15,0,1,0,16,2,2025,11,4,19,10,42,6,1,0,0,0,1,0
13495,873,15,1,0,0,16,2,2025,11,4,19,28,21,6,1,0,0,0,1,0
13496,873,14,0,0,0,14,1,2025,11,4,19,45,59,6,1,0,0,0,1,0
13497,873,8,0,1,0,9,1,2025,11,4,20,3,35,6,1,0,0,0,1,0
13498,873,8,2,0,0,10,1,2025,11,4,20,21,12,6,1,0,0,0,1,0
13499,873,7,0,0,0,7,0,2025,11,4,20,38,51,6,1,0,0,0,1,0
13500,873,19,1,0,0,20,1,2025,11,5,7,51,25,6,1,0,0,1,0,0
13501,873,17,1,2,0,20,1,2025,11,5,8,9,2,6,1,0,0,1,0,0
13502,873,16,1,1,0,18,2,2025,11,5,8,26,39,6,1,0,0,1,0,0
13503,873,18,1,0,0,19,1,2025,11,5,8,44,15,6,1,0,0,1,0,0
13504,873,17,2,0,0,19,1,2025,11,5,9,1,51,6,1,0,0,1,0,0
13505,873,23,2,0,0,25,1,2025,11,5,9,19,28,6,1,0,0,1,0,0
13506,873,2,0,0,0,2,1,2025,11,5,9,54,41,6,1,0,0,1,0,0
13507,873,9,0,1,0,10,1,2025,11,5,10,12,18,6,1,0,0,1,0,0
13508,873,9,0,1,0,10,1,2025,11,5,10,29,56,6,1,0,0,1,0,0
13509,873,11,1,0,0,12,0,2025,11,5,10,47,31,6,1,0,0,1,0,0
13510,873,10,1,0,0,11,1,2025,11,5,12,44,11,6,1,0,0,0,0,1
13511,873,8,0,0,0,8,0,2025,11,5,13,1,51,6,1,0,0,0,0,1
13512,873,7,0,1,0,8,1,2025,11,5,13,19,31,6,1,0,0,0,0,1
13513,873,13,0,0,0,13,1,2025,11,5,13,37,13,6,1,0,0,0,0,1
13514,873,6,1,0,0,7,0,2025,11,5,13,54,56,6,1,0,0,0,0,1
13515,873,16,0,0,0,16,1,2025,11,5,14,46,47,6,1,0,0,0,0,1
13516,873,15,1,0,0,16,1,2025,11,5,15,4,27,6,1,0,0,0,0,1
13517,873,18,0,0,0,18,1,2025,11,5,15,22,7,6,1,0,0,0,0,1
13518,873,13,0,0,0,13,1,2025,11,5,15,39,49,6,1,0,0,0,0,1
13519,873,13,0,0,0,13,1,2025,11,5,15,57,33,6,1,0,0,0,0,1
13520,873,17,0,2,0,19,1,2025,11,6,7,50,53,6,1,0,0,1,0,0
13521,873,20,0,1,0,21,1,2025,11,6,8,8,34,6,1,0,0,1,0,0
13522,873,14,1,1,0,16,1,2025,11,6,8,27,0,6,1,0,0,1,0,0
13523,873,14,2,0,0,16,1,2025,11,6,8,44,47,6,1,0,0,1,0,0
13524,873,15,1,0,0,16,2,2025,11,6,9,2,30,6,1,0,0,1,0,0
13525,873,15,0,0,0,15,1,2025,11,6,9,20,11,6,1,0,0,1,0,0
13526,873,21,0,1,0,22,1,2025,11,6,9,37,53,6,1,0,0,1,0,0
13527,873,17,1,0,0,18,1,2025,11,6,9,55,41,6,1,0,0,1,0,0
13528,873,8,0,0,0,8,1,2025,11,6,10,13,36,6,1,0,0,1,0,0
13529,873,10,2,1,0,13,1,2025,11,6,10,31,19,6,1,0,0,1,0,0
13530,873,10,1,0,0,11,0,2025,11,6,12,31,11,6,1,0,0,0,0,1
13531,873,14,1,0,0,15,1,2025,11,6,12,48,51,6,1,0,0,0,0,1
13532,873,6,2,0,0,8,0,2025,11,6,13,6,31,6,1,0,0,0,0,1
13533,873,9,1,0,0,10,0,2025,11,6,13,39,52,6,1,0,0,0,0,1
13534,873,25,1,1,0,27,2,2025,11,6,13,57,34,6,1,0,0,0,0,1
13535,873,13,0,1,0,14,1,2025,11,7,9,38,45,6,1,0,0,1,0,0
13536,873,12,0,0,0,12,1,2025,11,7,10,14,1,6,1,0,0,1,0,0
13537,873,8,0,0,0,8,0,2025,11,7,10,31,39,6,1,0,0,1,0,0
13538,873,8,0,0,0,8,1,2025,11,7,13,14,32,6,1,0,0,0,0,1
13539,873,14,0,0,0,14,1,2025,11,7,13,32,10,6,1,0,0,0,0,1
13540,873,20,1,0,0,21,1,2025,11,7,13,49,49,6,1,0,0,0,0,1
13541,873,18,0,0,0,18,1,2025,11,7,15,37,22,6,1,0,0,0,0,1
13542,873,16,0,0,0,16,1,2025,11,7,15,55,4,6,1,0,0,0,0,1
13543,873,2,0,0,0,2,0,2025,11,8,8,12,33,6,1,0,0,1,0,0
13544,873,3,0,0,0,3,0,2025,11,8,8,30,12,6,1,0,0,1,0,0
13545,873,10,0,0,0,10,0,2025,11,8,8,47,49,6,1,0,0,1,0,0
13546,873,16,0,0,0,16,1,2025,11,8,9,52,29,6,1,0,0,1,0,0
13547,873,19,0,0,0,19,1,2025,11,8,10,31,55,6,1,0,0,1,0,0
13548,873,23,0,0,0,23,1,2025,11,8,10,49,32,6,1,0,0,1,0,0
13549,873,16,0,0,0,16,1,2025,11,8,11,7,11,6,1,0,0,1,0,0
13550,873,15,1,0,0,16,0,2025,11,8,11,24,51,6,1,0,0,1,0,0
13551,873,16,0,0,0,16,1,2025,11,8,11,42,30,6,1,0,0,1,0,0
13552,873,22,0,0,0,22,1,2025,11,8,12,0,10,6,1,0,0,0,0,1
13553,873,13,0,0,0,13,1,2025,11,8,12,17,45,6,1,0,0,0,0,1
13554,873,15,0,0,0,15,1,2025,11,8,12,35,20,6,1,0,0,0,0,1
13555,873,15,1,0,0,16,1,2025,11,8,12,52,57,6,1,0,0,0,0,1
13556,873,14,0,0,0,14,1,2025,11,8,13,10,34,6,1,0,0,0,0,1
13557,873,16,0,0,0,16,1,2025,11,8,13,28,10,6,1,0,0,0,0,1
13558,873,15,0,0,0,15,1,2025,11,8,13,45,48,6,1,0,0,0,0,1
13559,873,17,0,0,0,17,1,2025,11,8,14,3,26,6,1,0,0,0,0,1
13560,873,15,0,0,0,15,1,2025,11,8,14,21,2,6,1,0,0,0,0,1
13561,873,16,0,0,0,16,1,2025,11,8,14,38,39,6,1,0,0,0,0,1
13562,873,10,0,1,0,11,1,2025,11,8,15,34,24,6,1,0,0,0,0,1
13563,873,9,0,0,0,9,1,2025,11,8,15,52,2,6,1,0,0,0,0,1
13564,873,12,0,0,0,12,0,2025,11,8,16,9,42,6,1,0,0,0,0,1
13565,873,12,0,0,0,12,1,2025,11,8,16,27,22,6,1,0,0,0,0,1
13566,873,6,0,1,0,7,1,2025,11,8,16,45,2,6,1,0,0,0,0,1
13567,873,13,0,0,0,13,1,2025,11,8,17,2,39,6,1,0,0,0,0,1
13568,873,10,0,0,0,10,0,2025,11,8,18,55,27,6,1,0,0,0,1,0
13569,873,10,1,0,0,11,0,2025,11,8,19,13,6,6,1,0,0,0,1,0
13570,873,12,0,0,0,12,1,2025,11,8,19,30,45,6,1,0,0,0,1,0
13571,873,16,0,0,0,16,1,2025,11,8,19,48,20,6,1,0,0,0,1,0
13572,873,8,1,1,0,10,1,2025,11,9,8,29,51,6,1,0,0,1,0,0
13573,873,3,0,0,0,3,0,2025,11,9,8,47,27,6,1,0,0,1,0,0
13574,873,7,1,0,0,8,0,2025,11,9,9,5,5,6,1,0,0,1,0,0
13575,873,8,0,0,0,8,0,2025,11,9,9,22,41,6,1,0,0,1,0,0
13576,873,8,0,0,0,8,0,2025,11,9,9,40,20,6,1,0,0,1,0,0
13577,873,11,0,0,0,11,0,2025,11,9,9,57,59,6,1,0,0,1,0,0
13578,873,21,2,0,0,23,1,2025,11,9,10,15,38,6,1,0,0,1,0,0
13579,873,13,0,0,0,13,1,2025,11,9,10,33,14,6,1,0,0,1,0,0
13580,873,18,0,0,0,18,1,2025,11,9,10,50,49,6,1,0,0,1,0,0
13581,873,14,2,0,0,16,0,2025,11,9,11,8,26,6,1,0,0,1,0,0
13582,873,20,1,0,0,21,1,2025,11,9,11,26,5,6,1,0,0,1,0,0
13583,873,14,0,0,0,14,1,2025,11,9,11,43,49,6,1,0,0,1,0,0
13584,873,15,0,0,0,15,0,2025,11,9,12,1,28,6,1,0,0,0,0,1
13585,873,15,0,0,0,15,1,2025,11,9,12,19,6,6,1,0,0,0,0,1
13586,873,15,0,0,0,15,1,2025,11,9,12,36,46,6,1,0,0,0,0,1
13587,873,18,0,0,0,18,1,2025,11,9,12,54,26,6,1,0,0,0,0,1
13588,873,12,0,0,0,12,0,2025,11,9,15,20,19,6,1,0,0,0,0,1
13589,873,12,0,1,0,13,0,2025,11,9,15,37,59,6,1,0,0,0,0,1
13590,873,9,0,0,0,9,0,2025,11,9,15,55,38,6,1,0,0,0,0,1
13591,873,11,0,0,0,11,0,2025,11,9,16,13,18,6,1,0,0,0,0,1
13592,873,15,0,0,0,15,0,2025,11,9,16,30,56,6,1,0,0,0,0,1
13593,873,12,0,0,0,12,0,2025,11,9,16,48,31,6,1,0,0,0,0,1
13594,873,16,1,0,0,17,1,2025,11,9,17,6,9,6,1,0,0,0,0,1
13595,873,11,0,0,0,11,0,2025,11,9,17,23,47,6,1,0,0,0,0,1
13596,873,18,0,1,0,19,1,2025,11,9,17,41,26,6,1,0,0,0,0,1
13597,873,20,0,0,0,20,1,2025,11,9,17,59,6,6,1,0,0,0,0,1
13598,873,19,1,0,0,20,1,2025,11,9,18,16,42,6,1,0,0,0,1,0
13599,873,9,0,1,0,10,1,2025,11,9,18,34,21,6,1,0,0,0,1,0
13600,873,18,0,2,0,20,2,2025,11,11,7,59,37,6,1,0,0,1,0,0
13601,873,19,1,1,0,21,1,2025,11,11,8,17,11,6,1,0,0,1,0,0
13602,873,17,2,0,0,19,1,2025,11,11,8,34,46,6,1,0,0,1,0,0
13603,873,19,2,1,0,22,1,2025,11,11,8,52,21,6,1,0,0,1,0,0
13604,873,17,2,0,0,19,1,2025,11,11,9,9,57,6,1,0,0,1,0,0
13605,873,17,0,0,0,17,1,2025,11,11,9,27,33,6,1,0,0,1,0,0
13606,873,19,3,1,0,23,1,2025,11,11,15,45,39,6,1,0,0,0,0,1
13607,873,14,1,0,0,15,1,2025,11,11,16,3,18,6,1,0,0,0,0,1
13608,873,14,2,0,0,16,2,2025,11,11,17,48,1,6,1,0,0,0,0,1
13609,873,19,3,1,0,23,1,2025,11,11,18,5,38,6,1,0,0,0,1,0
13610,873,26,0,0,0,26,1,2025,11,11,18,23,13,6,1,0,0,0,1,0
13611,873,18,0,0,0,18,1,2025,11,11,18,40,52,6,1,0,0,0,1,0
13612,873,20,0,0,0,20,1,2025,11,11,18,58,30,6,1,0,0,0,1,0
13613,873,15,1,0,0,16,1,2025,11,11,19,16,7,6,1,0,0,0,1,0
13614,873,13,0,0,0,13,1,2025,11,11,19,33,44,6,1,0,0,0,1,0
13615,873,12,0,0,0,12,1,2025,11,11,19,51,26,6,1,0,0,0,1,0
13616,873,21,1,2,0,24,2,2025,11,12,8,37,20,6,1,0,0,1,0,0
13617,873,17,3,0,0,20,2,2025,11,12,8,55,3,6,1,0,0,1,0,0
13618,873,19,0,1,0,20,1,2025,11,12,9,12,49,6,1,0,0,1,0,0
13619,873,12,0,0,0,12,1,2025,11,12,9,30,42,6,1,0,0,1,0,0
13620,873,10,1,0,0,11,0,2025,11,12,12,35,16,6,1,0,0,0,0,1
13621,873,8,4,0,0,12,1,2025,11,14,9,7,17,6,1,0,0,1,0,0
13622,873,7,1,0,0,8,0,2025,11,14,9,24,57,6,1,0,0,1,0,0
13623,873,5,1,0,0,6,0,2025,11,14,9,42,37,6,1,0,0,1,0,0
13624,873,10,2,0,0,12,1,2025,11,14,10,0,16,6,1,0,0,1,0,0
13625,873,7,1,0,0,8,1,2025,11,14,10,17,58,6,1,0,0,1,0,0
13626,873,3,1,0,0,4,0,2025,11,14,10,35,36,6,1,0,0,1,0,0
13627,873,5,0,0,0,5,0,2025,11,15,9,51,31,6,1,0,0,1,0,0
13628,873,4,0,0,0,4,0,2025,11,15,10,9,12,6,1,0,0,1,0,0
13629,873,10,0,0,0,10,0,2025,11,15,10,26,53,6,1,0,0,1,0,0
13630,873,4,1,0,0,5,0,2025,11,15,10,44,44,6,1,0,0,1,0,0
13631,873,11,2,0,0,13,0,2025,11,15,11,2,23,6,1,0,0,1,0,0
13632,873,13,1,0,0,14,1,2025,11,15,11,20,3,6,1,0,0,1,0,0
13633,873,14,0,0,0,14,1,2025,11,15,11,37,44,6,1,0,0,1,0,0
13634,873,10,0,1,0,11,1,2025,11,15,11,55,24,6,1,0,0,1,0,0
13635,873,14,0,0,0,14,0,2025,11,15,12,13,6,6,1,0,0,0,0,1
13636,873,13,2,0,0,15,1,2025,11,15,12,30,45,6,1,0,0,0,0,1
13637,873,14,0,0,0,14,1,2025,11,15,12,48,26,6,1,0,0,0,0,1
13638,873,14,0,0,0,14,1,2025,11,15,13,6,5,6,1,0,0,0,0,1
13639,873,3,0,0,0,3,0,2025,11,16,8,9,28,6,1,0,0,1,0,0
13640,873,0,0,0,0,0,0,2025,11,16,8,27,10,6,1,0,0,1,0,0
13641,873,0,0,0,0,0,0,2025,11,16,8,44,57,6,1,0,0,1,0,0
13642,873,3,0,0,0,3,0,2025,11,16,9,2,39,6,1,0,0,1,0,0
13643,873,3,1,0,0,4,0,2025,11,16,9,20,19,6,1,0,0,1,0,0
13644,873,5,0,0,0,5,0,2025,11,16,9,38,1,6,1,0,0,1,0,0
13645,873,7,0,0,0,7,0,2025,11,16,9,55,42,6,1,0,0,1,0,0
13646,873,3,0,0,0,3,0,2025,11,16,10,13,31,6,1,0,0,1,0,0
13647,873,5,0,0,0,5,0,2025,11,16,10,31,17,6,1,0,0,1,0,0
13648,873,13,0,0,0,13,0,2025,11,16,10,49,10,6,1,0,0,1,0,0
13649,873,4,1,0,0,5,0,2025,11,16,11,7,3,6,1,0,0,1,0,0
13650,873,26,1,0,0,27,1,2025,11,17,8,23,55,6,1,0,0,1,0,0
13651,873,18,1,1,0,20,1,2025,11,17,8,41,39,6,1,0,0,1,0,0
13652,873,20,1,0,0,21,1,2025,11,17,8,59,16,6,1,0,0,1,0,0
13653,873,21,0,0,0,21,1,2025,11,17,9,16,56,6,1,0,0,1,0,0
13654,873,20,1,0,0,21,1,2025,11,17,9,34,35,6,1,0,0,1,0,0
13655,873,12,0,0,0,12,0,2025,11,17,9,52,14,6,1,0,0,1,0,0
13656,873,15,0,0,0,15,0,2025,11,17,10,9,52,6,1,0,0,1,0,0
13657,873,14,0,1,0,15,1,2025,11,17,10,27,34,6,1,0,0,1,0,0
13658,873,21,1,2,0,24,1,2025,11,17,12,34,32,6,1,0,0,0,0,1
13659,873,20,2,0,0,22,1,2025,11,17,12,52,11,6,1,0,0,0,0,1
13660,873,25,1,0,0,26,1,2025,11,17,13,9,51,6,1,0,0,0,0,1
13661,877,16,0,0,0,16,1,2025,10,27,8,27,11,6,1,0,0,1,0,0
13662,877,16,0,0,0,16,1,2025,10,27,8,44,54,6,1,0,0,1,0,0
13663,877,17,1,1,0,19,1,2025,10,27,9,2,36,6,1,0,0,1,0,0
13664,877,15,0,1,0,16,1,2025,10,27,9,20,15,6,1,0,0,1,0,0
13665,877,17,0,3,0,20,2,2025,10,27,9,37,57,6,1,0,0,1,0,0
13666,877,24,0,0,0,24,1,2025,10,27,9,55,37,6,1,0,0,1,0,0
13667,877,14,1,0,0,15,1,2025,10,27,10,13,23,6,1,0,0,1,0,0
13668,877,6,0,0,0,6,0,2025,10,27,10,31,12,6,1,0,0,1,0,0
13669,877,7,1,1,0,9,0,2025,10,27,12,40,14,6,1,0,0,0,0,1
13670,877,12,0,0,0,12,1,2025,10,27,12,57,57,6,1,0,0,0,0,1
13671,877,16,2,0,0,18,1,2025,10,27,13,15,43,6,1,0,0,0,0,1
13672,877,12,3,0,0,15,1,2025,10,27,13,20,50,6,1,0,0,0,0,1
13673,877,5,0,0,0,5,0,2025,10,27,13,57,14,6,1,0,0,0,0,1
13674,877,10,0,0,0,10,0,2025,10,27,14,55,34,6,1,0,0,0,0,1
13675,877,8,0,0,0,8,1,2025,10,27,15,13,20,6,1,0,0,0,0,1
13676,877,9,0,2,0,11,1,2025,10,27,15,31,6,6,1,0,0,0,0,1
13677,877,14,0,0,0,14,1,2025,10,27,15,48,54,6,1,0,0,0,0,1
13678,877,17,0,0,0,17,2,2025,10,27,18,2,58,6,1,0,0,0,1,0
13679,877,19,0,2,0,21,2,2025,10,27,18,20,34,6,1,0,0,0,1,0
13680,877,16,1,0,0,17,2,2025,10,27,18,38,10,6,1,0,0,0,1,0
13681,877,16,0,2,0,18,1,2025,10,28,7,56,25,6,1,0,0,1,0,0
13682,877,24,0,1,0,25,1,2025,10,28,8,14,2,6,1,0,0,1,0,0
13683,877,20,0,3,0,23,2,2025,10,28,8,31,38,6,1,0,0,1,0,0
13684,877,22,0,0,0,22,2,2025,10,28,8,49,14,6,1,0,0,1,0,0
13685,877,18,1,0,0,19,2,2025,10,28,9,6,50,6,1,0,0,1,0,0
13686,877,19,1,2,0,22,2,2025,10,28,9,24,26,6,1,0,0,1,0,0
13687,877,19,2,1,0,22,1,2025,10,28,9,42,3,6,1,0,0,1,0,0
13688,877,9,1,0,0,10,1,2025,10,28,13,27,50,6,1,0,0,0,0,1
13689,877,11,1,0,0,12,1,2025,10,28,14,45,42,6,1,0,0,0,0,1
13690,877,12,1,1,0,14,1,2025,10,28,15,3,24,6,1,0,0,0,0,1
13691,877,7,0,0,0,7,0,2025,10,28,15,21,8,6,1,0,0,0,0,1
13692,877,11,1,2,0,14,2,2025,10,28,15,38,58,6,1,0,0,0,0,1
13693,877,10,0,0,0,10,0,2025,10,28,15,56,43,6,1,0,0,0,0,1
13694,877,16,1,0,0,17,1,2025,10,28,17,49,5,6,1,0,0,0,0,1
13695,877,14,0,1,0,15,1,2025,10,28,18,6,41,6,1,0,0,0,1,0
13696,877,14,0,1,0,15,1,2025,10,28,18,24,20,6,1,0,0,0,1,0
13697,877,7,2,1,0,10,0,2025,10,28,18,42,0,6,1,0,0,0,1,0
13698,877,16,0,0,0,16,1,2025,10,28,18,59,38,6,1,0,0,0,1,0
13699,877,15,1,0,0,16,1,2025,10,28,19,17,16,6,1,0,0,0,1,0
13700,877,17,0,0,0,17,1,2025,10,28,19,34,53,6,1,0,0,0,1,0
13701,877,17,1,0,0,18,1,2025,10,28,19,52,32,6,1,0,0,0,1,0
13702,877,23,3,3,0,29,2,2025,10,29,8,23,44,6,1,0,0,1,0,0
13703,877,21,1,3,0,25,2,2025,10,29,8,41,20,6,1,0,0,1,0,0
13704,877,23,1,2,0,26,2,2025,10,29,8,58,57,6,1,0,0,1,0,0
13705,877,25,0,0,0,25,2,2025,10,29,9,16,32,6,1,0,0,1,0,0
13706,877,9,0,1,0,10,1,2025,10,29,9,34,8,6,1,0,0,1,0,0
13707,877,7,1,0,0,8,0,2025,10,29,9,51,44,6,1,0,0,1,0,0
13708,877,22,0,1,0,23,2,2025,10,29,10,9,21,6,1,0,0,1,0,0
13709,877,5,1,2,0,8,1,2025,10,29,10,27,0,6,1,0,0,1,0,0
13710,877,3,1,1,0,5,1,2025,10,29,10,44,39,6,1,0,0,1,0,0
13711,877,8,0,0,0,8,1,2025,10,29,12,33,29,6,1,0,0,0,0,1
13712,877,20,1,0,0,21,1,2025,10,29,12,51,11,6,1,0,0,0,0,1
13713,877,11,1,0,0,12,1,2025,10,29,13,8,54,6,1,0,0,0,0,1
13714,877,13,1,0,0,14,1,2025,10,29,13,26,42,6,1,0,0,0,0,1
13715,877,9,3,0,0,12,1,2025,10,29,13,44,23,6,1,0,0,0,0,1
13716,877,14,0,3,0,17,1,2025,10,29,14,44,9,6,1,0,0,0,0,1
13717,877,16,3,3,0,22,1,2025,10,29,15,1,51,6,1,0,0,0,0,1
13718,877,16,2,1,0,19,1,2025,10,29,15,19,37,6,1,0,0,0,0,1
13719,877,17,0,1,0,18,2,2025,10,29,15,37,17,6,1,0,0,0,0,1
13720,877,16,0,0,0,16,0,2025,10,29,15,54,57,6,1,0,0,0,0,1
13721,877,18,0,1,0,19,1,2025,10,30,8,20,33,6,1,0,0,1,0,0
13722,877,19,0,1,0,20,1,2025,10,30,8,38,16,6,1,0,0,1,0,0
13723,877,12,0,3,0,15,1,2025,10,30,8,55,59,6,1,0,0,1,0,0
13724,877,20,1,0,0,21,2,2025,10,30,9,13,51,6,1,0,0,1,0,0
13725,877,14,0,1,0,15,1,2025,10,30,9,31,49,6,1,0,0,1,0,0
13726,877,16,0,4,0,20,2,2025,10,30,9,49,51,6,1,0,0,1,0,0
13727,877,18,0,4,0,22,2,2025,10,30,10,7,35,6,1,0,0,1,0,0
13728,877,15,2,1,0,18,1,2025,10,30,10,25,30,6,1,0,0,1,0,0
13729,877,10,3,5,0,18,1,2025,10,30,10,43,12,6,1,0,0,1,0,0
13730,877,11,0,1,0,12,1,2025,10,30,12,29,45,6,1,0,0,0,0,1
13731,877,12,1,1,0,14,1,2025,10,30,12,47,17,6,1,0,0,0,0,1
13732,877,11,1,1,0,13,1,2025,10,30,13,5,1,6,1,0,0,0,0,1
13733,877,11,1,1,0,13,1,2025,10,30,13,22,46,6,1,0,0,0,0,1
13734,877,19,0,1,0,20,1,2025,10,30,13,40,32,6,1,0,0,0,0,1
13735,877,15,0,1,0,16,1,2025,10,30,13,58,18,6,1,0,0,0,0,1
13736,877,12,1,4,0,17,1,2025,10,30,14,57,19,6,1,0,0,0,0,1
13737,877,11,2,3,0,16,1,2025,10,30,15,15,13,6,1,0,0,0,0,1
13738,877,13,1,3,0,17,1,2025,10,30,15,32,58,6,1,0,0,0,0,1
13739,877,15,1,3,0,19,1,2025,10,30,15,57,41,6,1,0,0,0,0,1
13740,877,12,0,0,0,12,0,2025,10,30,16,15,29,6,1,0,0,0,0,1
13741,877,5,0,0,0,5,0,2025,10,30,22,45,46,6,1,0,0,0,1,0
13742,877,13,0,0,0,13,1,2025,10,31,8,25,15,6,1,0,0,1,0,0
13743,877,14,0,1,0,15,1,2025,10,31,8,42,58,6,1,0,0,1,0,0
13744,877,11,2,2,0,15,0,2025,10,31,9,0,44,6,1,0,0,1,0,0
13745,877,11,2,0,0,13,0,2025,10,31,9,18,32,6,1,0,0,1,0,0
13746,877,16,0,1,0,17,1,2025,10,31,9,44,11,6,1,0,0,1,0,0
13747,877,8,0,1,0,9,0,2025,10,31,10,1,53,6,1,0,0,1,0,0
13748,877,10,0,2,0,12,0,2025,10,31,10,19,35,6,1,0,0,1,0,0
13749,877,9,0,1,0,10,0,2025,10,31,10,37,17,6,1,0,0,1,0,0
13750,877,13,0,1,0,14,0,2025,10,31,15,3,37,6,1,0,0,0,0,1
13751,877,13,2,1,0,16,1,2025,10,31,15,21,30,6,1,0,0,0,0,1
13752,877,11,2,3,0,16,1,2025,10,31,15,39,23,6,1,0,0,0,0,1
13753,877,18,0,1,0,19,1,2025,10,31,15,57,12,6,1,0,0,0,0,1
13754,877,2,0,0,0,2,0,2025,11,1,8,54,49,6,1,0,0,1,0,0
13755,877,5,0,0,0,5,0,2025,11,1,9,12,36,6,1,0,0,1,0,0
13756,877,4,1,0,0,5,0,2025,11,1,9,30,30,6,1,0,0,1,0,0
13757,877,4,0,1,0,5,0,2025,11,1,9,48,17,6,1,0,0,1,0,0
13758,877,7,0,0,0,7,0,2025,11,1,10,6,7,6,1,0,0,1,0,0
13759,877,5,0,0,0,5,0,2025,11,1,10,23,51,6,1,0,0,1,0,0
13760,877,7,0,0,0,7,0,2025,11,1,10,41,36,6,1,0,0,1,0,0
13761,877,4,1,2,0,7,0,2025,11,1,10,59,31,6,1,0,0,1,0,0
13762,877,6,0,2,0,8,0,2025,11,1,11,17,18,6,1,0,0,1,0,0
13763,877,8,2,1,0,11,0,2025,11,1,11,35,1,6,1,0,0,1,0,0
13764,877,12,1,0,0,13,1,2025,11,1,11,52,43,6,1,0,0,1,0,0
13765,877,6,2,0,0,8,0,2025,11,1,12,10,38,6,1,0,0,0,0,1
13766,877,14,1,0,0,15,0,2025,11,1,12,28,24,6,1,0,0,0,0,1
13767,877,13,2,0,0,15,1,2025,11,1,12,46,16,6,1,0,0,0,0,1
13768,877,9,2,0,0,11,1,2025,11,1,13,4,13,6,1,0,0,0,0,1
13769,877,9,1,0,0,10,0,2025,11,1,13,21,59,6,1,0,0,0,0,1
13770,877,16,0,0,0,16,1,2025,11,1,13,39,45,6,1,0,0,0,0,1
13771,877,12,2,2,0,16,1,2025,11,1,13,57,34,6,1,0,0,0,0,1
13772,877,10,0,1,0,11,1,2025,11,1,14,15,26,6,1,0,0,0,0,1
13773,877,11,0,2,0,13,0,2025,11,1,14,33,28,6,1,0,0,0,0,1
13774,877,8,0,0,0,8,0,2025,11,1,14,51,34,6,1,0,0,0,0,1
13775,877,7,0,1,0,8,0,2025,11,1,15,9,31,6,1,0,0,0,0,1
13776,877,2,0,0,0,2,0,2025,11,1,15,27,18,6,1,0,0,0,0,1
13777,877,5,1,0,0,6,0,2025,11,1,15,45,8,6,1,0,0,0,0,1
13778,877,6,1,0,0,7,0,2025,11,1,16,3,5,6,1,0,0,0,0,1
13779,877,7,0,1,0,8,0,2025,11,1,16,20,53,6,1,0,0,0,0,1
13780,877,6,0,1,0,7,1,2025,11,1,16,38,43,6,1,0,0,0,0,1
13781,877,8,0,0,0,8,0,2025,11,1,16,56,39,6,1,0,0,0,0,1
13782,877,8,0,2,0,10,1,2025,11,1,17,14,35,6,1,0,0,0,0,1
13783,877,12,2,0,0,14,1,2025,11,1,17,32,24,6,1,0,0,0,0,1
13784,877,13,0,0,0,13,0,2025,11,1,17,50,14,6,1,0,0,0,0,1
13785,877,10,0,0,0,10,1,2025,11,1,18,8,9,6,1,0,0,0,1,0
13786,877,5,1,0,0,6,0,2025,11,1,18,26,59,6,1,0,0,0,1,0
13787,877,4,0,0,0,4,0,2025,11,1,18,44,51,6,1,0,0,0,1,0
13788,877,3,1,0,0,4,1,2025,11,1,19,2,40,6,1,0,0,0,1,0
13789,877,5,0,0,0,5,0,2025,11,1,19,37,17,6,1,0,0,0,1,0
13790,877,6,0,0,0,6,0,2025,11,2,10,16,48,6,1,0,0,1,0,0
13791,877,2,0,0,0,2,0,2025,11,2,10,34,32,6,1,0,0,1,0,0
13792,877,3,1,0,0,4,0,2025,11,2,10,52,26,6,1,0,0,1,0,0
13793,877,6,0,0,0,6,1,2025,11,2,11,10,10,6,1,0,0,1,0,0
13794,877,4,0,1,0,5,0,2025,11,2,11,28,6,6,1,0,0,1,0,0
13795,877,8,1,2,0,11,1,2025,11,2,12,11,22,6,1,0,0,0,0,1
13796,877,5,0,0,0,5,0,2025,11,2,12,29,9,6,1,0,0,0,0,1
13797,877,11,0,1,0,12,1,2025,11,2,12,46,58,6,1,0,0,0,0,1
13798,877,11,0,0,0,11,0,2025,11,2,13,4,42,6,1,0,0,0,0,1
13799,877,3,0,0,0,3,0,2025,11,2,13,22,22,6,1,0,0,0,0,1
13800,877,8,1,1,0,10,1,2025,11,2,13,40,1,6,1,0,0,0,0,1
13801,877,9,0,0,0,9,0,2025,11,2,13,57,40,6,1,0,0,0,0,1
13802,877,8,0,1,0,9,1,2025,11,2,14,15,18,6,1,0,0,0,0,1
13803,877,11,1,0,0,12,1,2025,11,2,14,32,56,6,1,0,0,0,0,1
13804,877,10,0,0,0,10,0,2025,11,2,14,50,32,6,1,0,0,0,0,1
13805,877,6,0,0,0,6,0,2025,11,2,15,51,4,6,1,0,0,0,0,1
13806,877,4,0,0,0,4,0,2025,11,2,16,8,41,6,1,0,0,0,0,1
13807,877,4,0,0,0,4,0,2025,11,2,16,26,20,6,1,0,0,0,0,1
13808,877,9,0,0,0,9,0,2025,11,2,16,43,59,6,1,0,0,0,0,1
13809,877,13,0,1,0,14,1,2025,11,3,8,9,17,6,1,0,0,1,0,0
13810,877,5,0,1,0,6,0,2025,11,3,8,26,53,6,1,0,0,1,0,0
13811,877,13,0,1,0,14,1,2025,11,3,8,44,31,6,1,0,0,1,0,0
13812,877,22,0,0,0,22,1,2025,11,3,9,2,9,6,1,0,0,1,0,0
13813,877,21,0,0,0,21,2,2025,11,3,9,19,45,6,1,0,0,1,0,0
13814,877,0,0,1,0,1,1,2025,11,3,9,37,22,6,1,0,0,1,0,0
13815,877,19,0,2,0,21,2,2025,11,4,8,9,34,6,1,0,0,1,0,0
13816,877,22,0,0,0,22,2,2025,11,4,8,27,11,6,1,0,0,1,0,0
13817,877,20,1,1,0,22,2,2025,11,4,8,44,47,6,1,0,0,1,0,0
13818,877,19,1,0,0,20,1,2025,11,4,9,2,23,6,1,0,0,1,0,0
13819,877,12,3,1,0,16,1,2025,11,4,9,19,59,6,1,0,0,1,0,0
13820,877,24,0,0,0,24,2,2025,11,4,9,37,39,6,1,0,0,1,0,0
13821,877,9,1,1,0,11,1,2025,11,4,12,8,51,6,1,0,0,0,0,1
13822,877,17,0,0,0,17,1,2025,11,4,12,37,13,6,1,0,0,0,0,1
13823,877,11,1,0,0,12,1,2025,11,4,12,54,53,6,1,0,0,0,0,1
13824,877,11,1,0,0,12,1,2025,11,4,13,4,19,6,1,0,0,0,0,1
13825,877,8,1,2,0,11,1,2025,11,4,13,21,58,6,1,0,0,0,0,1
13826,877,7,1,1,0,9,1,2025,11,4,13,39,38,6,1,0,0,0,0,1
13827,877,10,1,2,0,13,1,2025,11,4,14,34,0,6,1,0,0,0,0,1
13828,877,12,1,0,0,13,1,2025,11,4,14,51,39,6,1,0,0,0,0,1
13829,877,7,0,1,0,8,0,2025,11,4,15,9,19,6,1,0,0,0,0,1
13830,877,9,0,1,0,10,1,2025,11,4,15,27,8,6,1,0,0,0,0,1
13831,877,7,1,1,0,9,1,2025,11,4,15,45,8,6,1,0,0,0,0,1
13832,877,14,0,0,0,14,0,2025,11,4,16,2,51,6,1,0,0,0,0,1
13833,877,16,0,0,0,16,1,2025,11,4,18,0,7,6,1,0,0,0,1,0
13834,877,9,0,1,0,10,1,2025,11,4,18,17,45,6,1,0,0,0,1,0
13835,877,18,0,1,0,19,2,2025,11,4,18,35,22,6,1,0,0,0,1,0
13836,877,17,0,0,0,17,1,2025,11,4,18,53,1,6,1,0,0,0,1,0
13837,877,21,0,0,0,21,1,2025,11,4,19,10,39,6,1,0,0,0,1,0
13838,877,13,0,1,0,14,1,2025,11,4,19,28,17,6,1,0,0,0,1,0
13839,877,8,1,3,0,12,2,2025,11,4,19,45,56,6,1,0,0,0,1,0
13840,877,14,0,0,0,14,1,2025,11,4,20,3,33,6,1,0,0,0,1,0
13841,877,8,1,1,0,10,1,2025,11,4,20,21,9,6,1,0,0,0,1,0
13842,877,8,0,0,0,8,1,2025,11,4,20,38,47,6,1,0,0,0,1,0
13843,877,14,0,1,0,15,1,2025,11,5,7,51,23,6,1,0,0,1,0,0
13844,877,22,0,1,0,23,2,2025,11,5,8,8,59,6,1,0,0,1,0,0
13845,877,26,0,0,0,26,1,2025,11,5,8,26,37,6,1,0,0,1,0,0
13846,877,25,0,2,0,27,2,2025,11,5,8,44,12,6,1,0,0,1,0,0
13847,877,18,0,2,0,20,2,2025,11,5,9,1,49,6,1,0,0,1,0,0
13848,877,22,1,0,0,23,2,2025,11,5,9,19,25,6,1,0,0,1,0,0
13849,877,27,1,2,0,30,2,2025,11,5,9,37,1,6,1,0,0,1,0,0
13850,877,18,2,1,0,21,1,2025,11,5,9,54,38,6,1,0,0,1,0,0
13851,877,7,0,0,0,7,0,2025,11,5,10,12,15,6,1,0,0,1,0,0
13852,877,5,0,2,0,7,0,2025,11,5,10,29,53,6,1,0,0,1,0,0
13853,877,11,0,0,0,11,1,2025,11,5,10,47,29,6,1,0,0,1,0,0
13854,877,20,0,1,0,21,1,2025,11,5,12,44,6,6,1,0,0,0,0,1
13855,877,15,0,0,0,15,1,2025,11,5,13,1,47,6,1,0,0,0,0,1
13856,877,14,2,1,0,17,1,2025,11,5,13,19,26,6,1,0,0,0,0,1
13857,877,9,0,3,0,12,1,2025,11,5,13,37,7,6,1,0,0,0,0,1
13858,877,14,0,1,0,15,1,2025,11,5,13,54,51,6,1,0,0,0,0,1
13859,877,15,0,0,0,15,1,2025,11,5,14,46,42,6,1,0,0,0,0,1
13860,877,15,1,2,0,18,1,2025,11,5,15,4,22,6,1,0,0,0,0,1
13861,877,10,0,2,0,12,1,2025,11,5,15,22,2,6,1,0,0,0,0,1
13862,877,19,0,1,0,20,1,2025,11,5,15,39,44,6,1,0,0,0,0,1
13863,877,17,1,2,0,20,1,2025,11,5,15,57,27,6,1,0,0,0,0,1
13864,877,10,0,3,0,13,1,2025,11,6,7,50,49,6,1,0,0,1,0,0
13865,877,17,0,0,0,17,1,2025,11,6,8,8,29,6,1,0,0,1,0,0
13866,877,23,0,3,0,26,2,2025,11,6,8,26,13,6,1,0,0,1,0,0
13867,877,28,0,1,0,29,2,2025,11,6,8,44,44,6,1,0,0,1,0,0
13868,877,23,0,2,0,25,2,2025,11,6,9,2,25,6,1,0,0,1,0,0
13869,877,23,0,0,0,23,2,2025,11,6,9,20,7,6,1,0,0,1,0,0
13870,877,26,0,1,0,27,2,2025,11,6,9,37,47,6,1,0,0,1,0,0
13871,877,22,0,2,0,24,1,2025,11,6,9,55,35,6,1,0,0,1,0,0
13872,877,15,2,2,0,19,1,2025,11,6,10,13,26,6,1,0,0,1,0,0
13873,877,14,1,0,0,15,1,2025,11,6,10,31,14,6,1,0,0,1,0,0
13874,877,11,0,0,0,11,1,2025,11,6,12,11,36,6,1,0,0,0,0,1
13875,877,8,1,0,0,9,0,2025,11,6,12,31,6,6,1,0,0,0,0,1
13876,877,10,1,0,0,11,1,2025,11,6,12,48,46,6,1,0,0,0,0,1
13877,877,8,1,0,0,9,0,2025,11,6,13,6,27,6,1,0,0,0,0,1
13878,877,13,1,0,0,14,0,2025,11,6,13,39,45,6,1,0,0,0,0,1
13879,877,13,1,2,0,16,1,2025,11,6,13,57,28,6,1,0,0,0,0,1
13880,877,13,0,0,0,13,1,2025,11,7,9,38,42,6,1,0,0,1,0,0
13881,877,8,0,0,0,8,1,2025,11,7,10,13,57,6,1,0,0,1,0,0
13882,877,10,0,0,0,10,1,2025,11,7,10,31,37,6,1,0,0,1,0,0
13883,877,14,2,1,0,17,1,2025,11,7,13,14,27,6,1,0,0,0,0,1
13884,877,10,1,0,0,11,1,2025,11,7,13,32,7,6,1,0,0,0,0,1
13885,877,9,1,2,0,12,1,2025,11,7,13,49,45,6,1,0,0,0,0,1
13886,877,19,0,0,0,19,1,2025,11,7,15,37,20,6,1,0,0,0,0,1
13887,877,19,0,3,0,22,1,2025,11,7,15,55,2,6,1,0,0,0,0,1
13888,877,1,0,0,0,1,0,2025,11,8,7,54,49,6,1,0,0,1,0,0
13889,877,4,0,0,0,4,0,2025,11,8,8,12,29,6,1,0,0,1,0,0
13890,877,1,0,0,0,1,0,2025,11,8,8,30,9,6,1,0,0,1,0,0
13891,877,4,0,0,0,4,0,2025,11,8,8,47,47,6,1,0,0,1,0,0
13892,877,6,1,0,0,7,0,2025,11,8,9,52,25,6,1,0,0,1,0,0
13893,877,2,0,0,0,2,0,2025,11,8,10,31,53,6,1,0,0,1,0,0
13894,877,8,0,0,0,8,0,2025,11,8,10,49,29,6,1,0,0,1,0,0
13895,877,15,0,0,0,15,0,2025,11,8,11,7,7,6,1,0,0,1,0,0
13896,877,5,0,0,0,5,0,2025,11,8,11,24,47,6,1,0,0,1,0,0
13897,877,9,0,0,0,9,0,2025,11,8,11,42,26,6,1,0,0,1,0,0
13898,877,10,0,0,0,10,1,2025,11,8,12,0,7,6,1,0,0,0,0,1
13899,877,11,0,1,0,12,1,2025,11,8,12,17,43,6,1,0,0,0,0,1
13900,877,11,0,0,0,11,0,2025,11,8,12,35,18,6,1,0,0,0,0,1
13901,877,7,0,0,0,7,0,2025,11,8,12,52,54,6,1,0,0,0,0,1
13902,877,7,0,1,0,8,0,2025,11,8,13,10,31,6,1,0,0,0,0,1
13903,877,5,0,0,0,5,0,2025,11,8,13,28,7,6,1,0,0,0,0,1
13904,877,10,0,1,0,11,1,2025,11,8,13,45,45,6,1,0,0,0,0,1
13905,877,6,2,1,0,9,0,2025,11,8,14,3,23,6,1,0,0,0,0,1
13906,877,6,1,0,0,7,0,2025,11,8,14,20,59,6,1,0,0,0,0,1
13907,877,8,0,0,0,8,0,2025,11,8,14,38,36,6,1,0,0,0,0,1
13908,877,2,0,0,0,2,0,2025,11,8,15,34,21,6,1,0,0,0,0,1
13909,877,2,0,0,0,2,0,2025,11,8,15,51,58,6,1,0,0,0,0,1
13910,877,3,1,0,0,4,0,2025,11,8,16,9,38,6,1,0,0,0,0,1
13911,877,3,0,1,0,4,0,2025,11,8,16,27,17,6,1,0,0,0,0,1
13912,877,4,0,0,0,4,0,2025,11,8,16,44,57,6,1,0,0,0,0,1
13913,877,11,2,0,0,13,1,2025,11,8,17,2,37,6,1,0,0,0,0,1
13914,877,9,0,0,0,9,1,2025,11,8,18,55,24,6,1,0,0,0,1,0
13915,877,10,0,0,0,10,1,2025,11,8,19,13,2,6,1,0,0,0,1,0
13916,877,9,0,0,0,9,1,2025,11,8,19,30,41,6,1,0,0,0,1,0
13917,877,8,0,0,0,8,0,2025,11,8,19,48,18,6,1,0,0,0,1,0
13918,877,4,0,0,0,4,0,2025,11,9,8,29,47,6,1,0,0,1,0,0
13919,877,4,0,0,0,4,0,2025,11,9,8,47,25,6,1,0,0,1,0,0
13920,877,3,0,0,0,3,0,2025,11,9,9,5,1,6,1,0,0,1,0,0
13921,877,4,2,0,0,6,1,2025,11,9,9,22,38,6,1,0,0,1,0,0
13922,877,0,0,0,0,0,0,2025,11,9,9,40,16,6,1,0,0,1,0,0
13923,877,3,0,0,0,3,0,2025,11,9,9,57,55,6,1,0,0,1,0,0
13924,877,2,0,0,0,2,0,2025,11,9,10,15,34,6,1,0,0,1,0,0
13925,877,3,0,0,0,3,0,2025,11,9,10,33,12,6,1,0,0,1,0,0
13926,877,4,0,0,0,4,0,2025,11,9,10,50,47,6,1,0,0,1,0,0
13927,877,5,0,0,0,5,0,2025,11,9,11,8,23,6,1,0,0,1,0,0
13928,877,10,0,1,0,11,1,2025,11,9,11,26,1,6,1,0,0,1,0,0
13929,877,8,0,0,0,8,0,2025,11,9,11,43,45,6,1,0,0,1,0,0
13930,877,4,0,0,0,4,0,2025,11,9,12,1,25,6,1,0,0,0,0,1
13931,877,8,0,0,0,8,0,2025,11,9,12,19,2,6,1,0,0,0,0,1
13932,877,7,0,0,0,7,0,2025,11,9,12,36,41,6,1,0,0,0,0,1
13933,877,16,0,0,0,16,1,2025,11,9,12,54,22,6,1,0,0,0,0,1
13934,877,6,0,0,0,6,0,2025,11,9,15,20,15,6,1,0,0,0,0,1
13935,877,4,0,0,0,4,0,2025,11,9,15,37,54,6,1,0,0,0,0,1
13936,877,9,1,2,0,12,2,2025,11,9,15,55,34,6,1,0,0,0,0,1
13937,877,3,0,0,0,3,0,2025,11,9,16,13,13,6,1,0,0,0,0,1
13938,877,5,2,0,0,7,1,2025,11,9,16,30,53,6,1,0,0,0,0,1
13939,877,5,0,0,0,5,0,2025,11,9,16,48,30,6,1,0,0,0,0,1
13940,877,5,0,0,0,5,0,2025,11,9,17,6,5,6,1,0,0,0,0,1
13941,877,5,0,1,0,6,1,2025,11,9,17,23,44,6,1,0,0,0,0,1
13942,877,10,0,0,0,10,0,2025,11,9,17,41,22,6,1,0,0,0,0,1
13943,877,7,1,0,0,8,0,2025,11,9,17,59,2,6,1,0,0,0,0,1
13944,877,5,1,3,0,9,0,2025,11,9,18,16,40,6,1,0,0,0,1,0
13945,877,5,0,1,0,6,1,2025,11,9,18,34,17,6,1,0,0,0,1,0
13946,877,14,1,1,0,16,1,2025,11,11,7,59,35,6,1,0,0,1,0,0
13947,877,25,0,0,0,25,2,2025,11,11,8,17,9,6,1,0,0,1,0,0
13948,877,22,0,0,0,22,1,2025,11,11,8,34,43,6,1,0,0,1,0,0
13949,877,24,0,2,0,26,1,2025,11,11,8,52,18,6,1,0,0,1,0,0
13950,877,20,0,1,0,21,2,2025,11,11,9,9,55,6,1,0,0,1,0,0
13951,877,24,1,3,0,28,2,2025,11,11,9,27,30,6,1,0,0,1,0,0
13952,877,15,0,1,0,16,1,2025,11,11,14,34,51,6,1,0,0,0,0,1
13953,877,13,2,0,0,15,1,2025,11,11,14,52,30,6,1,0,0,0,0,1
13954,877,11,1,0,0,12,1,2025,11,11,15,10,10,6,1,0,0,0,0,1
13955,877,12,0,1,0,13,1,2025,11,11,15,27,51,6,1,0,0,0,0,1
13956,877,12,0,0,0,12,1,2025,11,11,15,45,34,6,1,0,0,0,0,1
13957,877,14,0,0,0,14,1,2025,11,11,16,3,14,6,1,0,0,0,0,1
13958,877,14,0,0,0,14,1,2025,11,11,17,47,59,6,1,0,0,0,0,1
13959,877,15,1,2,0,18,1,2025,11,11,18,5,35,6,1,0,0,0,1,0
13960,877,13,0,0,0,13,0,2025,11,11,18,23,11,6,1,0,0,0,1,0
13961,877,9,1,0,0,10,1,2025,11,11,18,40,48,6,1,0,0,0,1,0
13962,877,18,0,0,0,18,1,2025,11,12,8,37,14,6,1,0,0,1,0,0
13963,877,22,0,1,0,23,1,2025,11,12,8,54,58,6,1,0,0,1,0,0
13964,877,21,0,1,0,22,2,2025,11,12,9,12,41,6,1,0,0,1,0,0
13965,877,21,1,0,0,22,2,2025,11,12,9,30,34,6,1,0,0,1,0,0
13966,877,10,0,0,0,10,0,2025,11,12,12,35,10,6,1,0,0,0,0,1
13967,877,17,0,1,0,18,1,2025,11,14,9,7,14,6,1,0,0,1,0,0
13968,877,19,3,1,0,23,1,2025,11,14,9,24,52,6,1,0,0,1,0,0
13969,877,2,2,0,0,4,0,2025,11,14,9,42,34,6,1,0,0,1,0,0
13970,877,10,1,1,0,12,0,2025,11,14,10,0,12,6,1,0,0,1,0,0
13971,877,7,0,0,0,7,0,2025,11,14,10,17,51,6,1,0,0,1,0,0
13972,877,7,0,0,0,7,0,2025,11,14,10,35,33,6,1,0,0,1,0,0
13973,877,10,0,0,0,10,0,2025,11,15,9,51,26,6,1,0,0,1,0,0
13974,877,12,0,0,0,12,0,2025,11,15,10,9,8,6,1,0,0,1,0,0
13975,877,7,0,1,0,8,0,2025,11,15,10,26,49,6,1,0,0,1,0,0
13976,877,13,1,0,0,14,1,2025,11,15,10,44,32,6,1,0,0,1,0,0
13977,877,14,0,0,0,14,0,2025,11,15,11,2,20,6,1,0,0,1,0,0
13978,877,10,1,0,0,11,1,2025,11,15,11,19,59,6,1,0,0,1,0,0
13979,877,10,0,0,0,10,0,2025,11,15,11,37,39,6,1,0,0,1,0,0
13980,877,15,1,0,0,16,1,2025,11,15,11,55,20,6,1,0,0,1,0,0
13981,877,8,0,1,0,9,0,2025,11,15,12,13,1,6,1,0,0,0,0,1
13982,877,15,0,0,0,15,1,2025,11,15,12,30,41,6,1,0,0,0,0,1
13983,877,12,2,0,0,14,1,2025,11,15,12,48,23,6,1,0,0,0,0,1
13984,877,10,0,0,0,10,0,2025,11,15,13,6,0,6,1,0,0,0,0,1
13985,877,3,0,0,0,3,0,2025,11,16,8,9,25,6,1,0,0,1,0,0
13986,877,4,0,0,0,4,0,2025,11,16,8,27,5,6,1,0,0,1,0,0
13987,877,2,0,0,0,2,0,2025,11,16,8,44,53,6,1,0,0,1,0,0
13988,877,4,0,0,0,4,0,2025,11,16,9,2,35,6,1,0,0,1,0,0
13989,877,4,0,0,0,4,0,2025,11,16,9,20,15,6,1,0,0,1,0,0
13990,877,2,0,1,0,3,0,2025,11,16,9,37,57,6,1,0,0,1,0,0
13991,877,4,0,0,0,4,0,2025,11,16,9,55,38,6,1,0,0,1,0,0
13992,877,7,1,0,0,8,0,2025,11,16,10,13,26,6,1,0,0,1,0,0
13993,877,6,1,0,0,7,0,2025,11,16,10,31,13,6,1,0,0,1,0,0
13994,877,1,1,0,0,2,0,2025,11,16,10,48,56,6,1,0,0,1,0,0
13995,877,8,1,0,0,9,0,2025,11,16,11,6,57,6,1,0,0,1,0,0
13996,877,15,1,2,0,18,1,2025,11,17,8,23,52,6,1,0,0,1,0,0
13997,877,16,0,0,0,16,1,2025,11,17,8,41,36,6,1,0,0,1,0,0
13998,877,24,0,0,0,24,2,2025,11,17,8,59,13,6,1,0,0,1,0,0
13999,877,24,1,3,0,28,2,2025,11,17,9,16,52,6,1,0,0,1,0,0
14000,877,8,1,1,0,10,1,2025,11,17,9,34,31,6,1,0,0,1,0,0
14001,877,12,0,0,0,12,1,2025,11,17,9,52,10,6,1,0,0,1,0,0
14002,877,9,1,2,0,12,1,2025,11,17,10,9,48,6,1,0,0,1,0,0
14003,877,7,0,1,0,8,0,2025,11,17,10,27,30,6,1,0,0,1,0,0
14004,877,10,1,1,0,12,1,2025,11,17,12,34,29,6,1,0,0,0,0,1
14005,877,8,0,0,0,8,0,2025,11,17,12,52,8,6,1,0,0,0,0,1
14006,877,8,1,0,0,9,0,2025,11,17,13,9,47,6,1,0,0,0,0,1
14007,897,7,1,0,0,8,0,2025,10,27,8,27,15,6,1,0,0,1,0,0
14008,897,3,0,0,0,3,0,2025,10,27,8,45,1,6,1,0,0,1,0,0
14009,897,2,0,0,0,2,0,2025,10,27,9,2,39,6,1,0,0,1,0,0
14010,897,8,3,1,0,12,1,2025,10,27,9,20,20,6,1,0,0,1,0,0
14011,897,8,1,1,0,10,1,2025,10,27,9,38,2,6,1,0,0,1,0,0
14012,897,8,2,0,0,10,0,2025,10,27,9,55,45,6,1,0,0,1,0,0
14013,897,9,1,0,0,10,1,2025,10,27,10,13,31,6,1,0,0,1,0,0
14014,897,4,3,2,0,9,1,2025,10,27,10,31,18,6,1,0,0,1,0,0
14015,897,12,3,0,0,15,1,2025,10,27,12,40,20,6,1,0,0,0,0,1
14016,897,8,1,1,0,10,1,2025,10,27,12,58,5,6,1,0,0,0,0,1
14017,897,7,2,0,0,9,0,2025,10,27,13,15,52,6,1,0,0,0,0,1
14018,897,7,2,0,0,9,1,2025,10,27,13,20,58,6,1,0,0,0,0,1
14019,897,6,4,0,0,10,1,2025,10,27,13,57,21,6,1,0,0,0,0,1
14020,897,10,1,1,0,12,1,2025,10,27,14,55,39,6,1,0,0,0,0,1
14021,897,7,0,1,0,8,1,2025,10,27,15,13,24,6,1,0,0,0,0,1
14022,897,7,3,0,0,10,0,2025,10,27,15,31,11,6,1,0,0,0,0,1
14023,897,9,4,0,0,13,1,2025,10,27,15,48,57,6,1,0,0,0,0,1
14024,897,10,2,1,0,13,0,2025,10,27,18,3,0,6,1,0,0,0,1,0
14025,897,10,1,1,0,12,0,2025,10,27,18,20,37,6,1,0,0,0,1,0
14026,897,22,1,0,0,23,1,2025,10,27,18,38,14,6,1,0,0,0,1,0
14027,897,10,3,1,0,14,1,2025,10,28,7,56,28,6,1,0,0,1,0,0
14028,897,9,1,0,0,10,1,2025,10,28,8,14,4,6,1,0,0,1,0,0
14029,897,3,1,0,0,4,0,2025,10,28,8,31,40,6,1,0,0,1,0,0
14030,897,3,0,1,0,4,0,2025,10,28,8,49,17,6,1,0,0,1,0,0
14031,897,4,1,0,0,5,0,2025,10,28,9,6,52,6,1,0,0,1,0,0
14032,897,2,1,0,0,3,0,2025,10,28,9,24,29,6,1,0,0,1,0,0
14033,897,6,1,0,0,7,0,2025,10,28,9,42,8,6,1,0,0,1,0,0
14034,897,11,1,0,0,12,1,2025,10,28,13,27,56,6,1,0,0,0,0,1
14035,897,12,1,1,0,14,1,2025,10,28,14,45,49,6,1,0,0,0,0,1
14036,897,7,3,1,0,11,0,2025,10,28,15,3,31,6,1,0,0,0,0,1
14037,897,9,0,2,0,11,1,2025,10,28,15,21,20,6,1,0,0,0,0,1
14038,897,7,4,1,0,12,1,2025,10,28,15,39,6,6,1,0,0,0,0,1
14039,897,11,1,0,0,12,0,2025,10,28,15,56,50,6,1,0,0,0,0,1
14040,897,5,3,1,0,9,1,2025,10,28,17,49,8,6,1,0,0,0,0,1
14041,897,8,1,1,0,10,0,2025,10,28,18,6,45,6,1,0,0,0,1,0
14042,897,8,1,0,0,9,0,2025,10,28,18,24,26,6,1,0,0,0,1,0
14043,897,5,0,0,0,5,0,2025,10,28,18,42,4,6,1,0,0,0,1,0
14044,897,9,1,0,0,10,1,2025,10,29,8,23,47,6,1,0,0,1,0,0
14045,897,11,1,1,0,13,1,2025,10,29,8,41,23,6,1,0,0,1,0,0
14046,897,7,4,0,0,11,1,2025,10,29,8,59,0,6,1,0,0,1,0,0
14047,897,7,1,0,0,8,0,2025,10,29,9,16,34,6,1,0,0,1,0,0
14048,897,12,1,1,0,14,1,2025,10,29,9,34,11,6,1,0,0,1,0,0
14049,897,5,2,1,0,8,1,2025,10,29,9,51,47,6,1,0,0,1,0,0
14050,897,7,2,1,0,10,0,2025,10,29,10,9,26,6,1,0,0,1,0,0
14051,897,13,3,1,0,17,1,2025,10,29,10,27,4,6,1,0,0,1,0,0
14052,897,10,1,1,0,12,0,2025,10,29,10,44,43,6,1,0,0,1,0,0
14053,897,7,5,0,0,12,1,2025,10,29,12,33,36,6,1,0,0,0,0,1
14054,897,6,0,1,0,7,1,2025,10,29,12,51,17,6,1,0,0,0,0,1
14055,897,1,4,0,0,5,0,2025,10,29,13,9,6,6,1,0,0,0,0,1
14056,897,3,1,0,0,4,0,2025,10,29,13,26,48,6,1,0,0,0,0,1
14057,897,2,3,2,0,7,1,2025,10,29,13,44,33,6,1,0,0,0,0,1
14058,897,7,6,0,0,13,1,2025,10,29,14,44,15,6,1,0,0,0,0,1
14059,897,8,3,0,0,11,1,2025,10,29,15,2,0,6,1,0,0,0,0,1
14060,897,12,4,1,0,17,1,2025,10,29,15,19,43,6,1,0,0,0,0,1
14061,897,14,2,0,0,16,1,2025,10,29,15,37,22,6,1,0,0,0,0,1
14062,897,10,3,0,0,13,1,2025,10,29,15,55,3,6,1,0,0,0,0,1
14063,897,11,2,1,0,14,1,2025,10,30,8,20,40,6,1,0,0,1,0,0
14064,897,8,0,1,0,9,1,2025,10,30,8,38,22,6,1,0,0,1,0,0
14065,897,16,2,1,0,19,1,2025,10,30,8,56,5,6,1,0,0,1,0,0
14066,897,15,3,0,0,18,1,2025,10,30,9,13,57,6,1,0,0,1,0,0
14067,897,14,3,1,0,18,1,2025,10,30,9,32,7,6,1,0,0,1,0,0
14068,897,13,2,0,0,15,1,2025,10,30,9,49,57,6,1,0,0,1,0,0
14069,897,10,1,3,0,14,1,2025,10,30,10,7,49,6,1,0,0,1,0,0
14070,897,7,2,0,0,9,1,2025,10,30,10,25,36,6,1,0,0,1,0,0
14071,897,9,3,1,0,13,1,2025,10,30,10,43,19,6,1,0,0,1,0,0
14072,897,16,2,1,0,19,1,2025,10,30,12,29,53,6,1,0,0,0,0,1
14073,897,10,3,1,0,14,1,2025,10,30,12,47,24,6,1,0,0,0,0,1
14074,897,13,0,0,0,13,0,2025,10,30,13,5,7,6,1,0,0,0,0,1
14075,897,14,2,0,0,16,1,2025,10,30,13,22,54,6,1,0,0,0,0,1
14076,897,12,4,0,0,16,1,2025,10,30,13,40,41,6,1,0,0,0,0,1
14077,897,13,2,1,0,16,1,2025,10,30,13,58,26,6,1,0,0,0,0,1
14078,897,11,5,2,0,18,1,2025,10,30,14,57,27,6,1,0,0,0,0,1
14079,897,16,1,2,0,19,0,2025,10,30,15,15,21,6,1,0,0,0,0,1
14080,897,15,2,0,0,17,1,2025,10,30,15,33,4,6,1,0,0,0,0,1
14081,897,14,2,1,0,17,1,2025,10,30,15,57,51,6,1,0,0,0,0,1
14082,897,8,3,0,0,11,1,2025,10,30,16,15,38,6,1,0,0,0,0,1
14083,897,13,2,0,0,15,1,2025,10,31,8,25,20,6,1,0,0,1,0,0
14084,897,17,0,1,0,18,1,2025,10,31,8,43,8,6,1,0,0,1,0,0
14085,897,8,3,1,0,12,1,2025,10,31,9,0,54,6,1,0,0,1,0,0
14086,897,11,3,0,0,14,1,2025,10,31,9,18,38,6,1,0,0,1,0,0
14087,897,7,3,1,0,11,1,2025,10,31,9,44,16,6,1,0,0,1,0,0
14088,897,11,5,0,0,16,1,2025,10,31,10,1,57,6,1,0,0,1,0,0
14089,897,8,0,0,0,8,0,2025,10,31,10,19,42,6,1,0,0,1,0,0
14090,897,7,1,2,0,10,1,2025,10,31,10,37,21,6,1,0,0,1,0,0
14091,897,18,2,0,0,20,1,2025,10,31,15,3,46,6,1,0,0,0,0,1
14092,897,14,2,1,0,17,1,2025,10,31,15,21,37,6,1,0,0,0,0,1
14093,897,15,1,0,0,16,0,2025,10,31,15,39,30,6,1,0,0,0,0,1
14094,897,15,5,0,0,20,1,2025,10,31,15,57,19,6,1,0,0,0,0,1
14095,897,5,2,0,0,7,1,2025,11,1,8,54,59,6,1,0,0,1,0,0
14096,897,9,1,0,0,10,0,2025,11,1,9,12,44,6,1,0,0,1,0,0
14097,897,11,2,1,0,14,1,2025,11,1,9,30,37,6,1,0,0,1,0,0
14098,897,14,1,1,0,16,1,2025,11,1,9,48,25,6,1,0,0,1,0,0
14099,897,11,1,0,0,12,0,2025,11,1,10,6,14,6,1,0,0,1,0,0
14100,897,17,0,0,0,17,1,2025,11,1,10,23,57,6,1,0,0,1,0,0
14101,897,19,0,0,0,19,1,2025,11,1,10,41,48,6,1,0,0,1,0,0
14102,897,9,1,0,0,10,0,2025,11,1,10,59,39,6,1,0,0,1,0,0
14103,897,12,4,0,0,16,1,2025,11,1,11,17,25,6,1,0,0,1,0,0
14104,897,22,1,0,0,23,1,2025,11,1,11,35,5,6,1,0,0,1,0,0
14105,897,15,2,0,0,17,1,2025,11,1,11,52,51,6,1,0,0,1,0,0
14106,897,15,2,2,0,19,1,2025,11,1,12,10,45,6,1,0,0,0,0,1
14107,897,20,3,0,0,23,1,2025,11,1,12,28,37,6,1,0,0,0,0,1
14108,897,20,2,0,0,22,1,2025,11,1,12,46,33,6,1,0,0,0,0,1
14109,897,14,2,0,0,16,1,2025,11,1,13,4,19,6,1,0,0,0,0,1
14110,897,28,0,0,0,28,1,2025,11,1,13,22,8,6,1,0,0,0,0,1
14111,897,19,0,1,0,20,1,2025,11,1,13,39,54,6,1,0,0,0,0,1
14112,897,16,2,0,0,18,1,2025,11,1,13,57,44,6,1,0,0,0,0,1
14113,897,12,2,0,0,14,1,2025,11,1,14,15,35,6,1,0,0,0,0,1
14114,897,10,2,2,0,14,0,2025,11,1,14,33,54,6,1,0,0,0,0,1
14115,897,12,2,0,0,14,1,2025,11,1,14,51,50,6,1,0,0,0,0,1
14116,897,9,1,0,0,10,1,2025,11,1,15,9,39,6,1,0,0,0,0,1
14117,897,12,2,0,0,14,1,2025,11,1,15,27,26,6,1,0,0,0,0,1
14118,897,10,1,0,0,11,0,2025,11,1,15,45,19,6,1,0,0,0,0,1
14119,897,12,1,0,0,13,0,2025,11,1,16,3,14,6,1,0,0,0,0,1
14120,897,5,2,0,0,7,0,2025,11,1,16,21,2,6,1,0,0,0,0,1
14121,897,13,1,1,0,15,1,2025,11,1,16,38,50,6,1,0,0,0,0,1
14122,897,12,0,0,0,12,1,2025,11,1,16,56,55,6,1,0,0,0,0,1
14123,897,9,1,0,0,10,0,2025,11,1,17,14,49,6,1,0,0,0,0,1
14124,897,5,1,0,0,6,1,2025,11,1,17,32,34,6,1,0,0,0,0,1
14125,897,13,0,0,0,13,0,2025,11,1,17,50,29,6,1,0,0,0,0,1
14126,897,11,0,0,0,11,1,2025,11,1,18,8,22,6,1,0,0,0,1,0
14127,897,11,0,0,0,11,1,2025,11,1,18,27,6,6,1,0,0,0,1,0
14128,897,10,0,1,0,11,0,2025,11,1,18,45,2,6,1,0,0,0,1,0
14129,897,8,0,0,0,8,0,2025,11,2,10,16,55,6,1,0,0,1,0,0
14130,897,11,1,0,0,12,1,2025,11,2,10,34,49,6,1,0,0,1,0,0
14131,897,10,1,0,0,11,0,2025,11,2,10,52,34,6,1,0,0,1,0,0
14132,897,12,1,0,0,13,1,2025,11,2,11,10,26,6,1,0,0,1,0,0
14133,897,9,1,0,0,10,0,2025,11,2,11,28,15,6,1,0,0,1,0,0
14134,897,11,1,0,0,12,1,2025,11,2,12,11,31,6,1,0,0,0,0,1
14135,897,9,0,0,0,9,0,2025,11,2,12,29,15,6,1,0,0,0,0,1
14136,897,14,0,0,0,14,1,2025,11,2,12,47,5,6,1,0,0,0,0,1
14137,897,9,0,0,0,9,0,2025,11,2,13,4,48,6,1,0,0,0,0,1
14138,897,16,2,0,0,18,1,2025,11,2,13,22,26,6,1,0,0,0,0,1
14139,897,7,0,0,0,7,0,2025,11,2,13,40,5,6,1,0,0,0,0,1
14140,897,10,1,0,0,11,1,2025,11,2,13,57,44,6,1,0,0,0,0,1
14141,897,13,2,0,0,15,1,2025,11,2,14,15,23,6,1,0,0,0,0,1
14142,897,16,1,1,0,18,1,2025,11,2,14,32,58,6,1,0,0,0,0,1
14143,897,13,2,0,0,15,1,2025,11,2,14,50,35,6,1,0,0,0,0,1
14144,897,10,4,0,0,14,1,2025,11,2,15,51,7,6,1,0,0,0,0,1
14145,897,10,2,0,0,12,1,2025,11,2,16,8,46,6,1,0,0,0,0,1
14146,897,13,0,0,0,13,0,2025,11,2,16,26,25,6,1,0,0,0,0,1
14147,897,16,0,0,0,16,1,2025,11,2,16,44,4,6,1,0,0,0,0,1
14148,897,6,1,0,0,7,0,2025,11,3,8,9,20,6,1,0,0,1,0,0
14149,897,2,2,0,0,4,0,2025,11,3,8,26,56,6,1,0,0,1,0,0
14150,897,1,1,0,0,2,0,2025,11,3,8,44,35,6,1,0,0,1,0,0
14151,897,2,1,0,0,3,0,2025,11,3,9,2,11,6,1,0,0,1,0,0
14152,897,2,2,0,0,4,0,2025,11,3,9,19,48,6,1,0,0,1,0,0
14153,897,4,0,0,0,4,0,2025,11,3,9,37,26,6,1,0,0,1,0,0
14154,897,10,2,1,0,13,0,2025,11,4,8,9,38,6,1,0,0,1,0,0
14155,897,8,1,0,0,9,0,2025,11,4,8,27,13,6,1,0,0,1,0,0
14156,897,4,2,0,0,6,0,2025,11,4,8,44,50,6,1,0,0,1,0,0
14157,897,2,4,0,0,6,0,2025,11,4,9,2,26,6,1,0,0,1,0,0
14158,897,8,0,1,0,9,1,2025,11,4,9,20,4,6,1,0,0,1,0,0
14159,897,5,5,0,0,10,1,2025,11,4,9,37,43,6,1,0,0,1,0,0
14160,897,11,1,0,0,12,1,2025,11,4,12,8,57,6,1,0,0,0,0,1
14161,897,7,0,0,0,7,0,2025,11,4,12,37,18,6,1,0,0,0,0,1
14162,897,9,0,0,0,9,0,2025,11,4,12,54,58,6,1,0,0,0,0,1
14163,897,8,3,0,0,11,0,2025,11,4,13,4,23,6,1,0,0,0,0,1
14164,897,10,0,0,0,10,0,2025,11,4,13,22,3,6,1,0,0,0,0,1
14165,897,8,0,1,0,9,1,2025,11,4,13,39,43,6,1,0,0,0,0,1
14166,897,5,2,0,0,7,1,2025,11,4,14,34,4,6,1,0,0,0,0,1
14167,897,5,1,0,0,6,0,2025,11,4,14,51,44,6,1,0,0,0,0,1
14168,897,6,3,0,0,9,1,2025,11,4,15,9,31,6,1,0,0,0,0,1
14169,897,7,3,0,0,10,0,2025,11,4,15,27,16,6,1,0,0,0,0,1
14170,897,11,1,0,0,12,0,2025,11,4,15,45,16,6,1,0,0,0,0,1
14171,897,9,2,0,0,11,0,2025,11,4,16,2,57,6,1,0,0,0,0,1
14172,897,9,0,2,0,11,1,2025,11,4,18,0,11,6,1,0,0,0,1,0
14173,897,9,0,1,0,10,0,2025,11,4,18,17,48,6,1,0,0,0,1,0
14174,897,10,0,1,0,11,0,2025,11,4,18,35,26,6,1,0,0,0,1,0
14175,897,12,0,2,0,14,1,2025,11,5,7,51,25,6,1,0,0,1,0,0
14176,897,9,0,0,0,9,0,2025,11,5,8,9,3,6,1,0,0,1,0,0
14177,897,9,0,0,0,9,0,2025,11,5,8,26,40,6,1,0,0,1,0,0
14178,897,10,2,0,0,12,1,2025,11,5,8,44,15,6,1,0,0,1,0,0
14179,897,6,2,1,0,9,1,2025,11,5,9,1,52,6,1,0,0,1,0,0
14180,897,9,2,0,0,11,1,2025,11,5,9,19,28,6,1,0,0,1,0,0
14181,897,7,3,0,0,10,1,2025,11,5,9,37,5,6,1,0,0,1,0,0
14182,897,5,1,0,0,6,0,2025,11,5,9,54,41,6,1,0,0,1,0,0
14183,897,7,5,1,0,13,1,2025,11,5,10,12,19,6,1,0,0,1,0,0
14184,897,7,5,1,0,13,1,2025,11,5,10,29,56,6,1,0,0,1,0,0
14185,897,5,1,1,0,7,0,2025,11,5,10,47,31,6,1,0,0,1,0,0
14186,897,4,2,0,0,6,0,2025,11,5,12,44,12,6,1,0,0,0,0,1
14187,897,2,3,1,0,6,0,2025,11,5,13,1,52,6,1,0,0,0,0,1
14188,897,8,2,0,0,10,0,2025,11,5,13,19,32,6,1,0,0,0,0,1
14189,897,10,2,0,0,12,1,2025,11,5,13,37,15,6,1,0,0,0,0,1
14190,897,11,3,0,0,14,1,2025,11,5,13,54,57,6,1,0,0,0,0,1
14191,897,3,1,0,0,4,0,2025,11,5,14,46,47,6,1,0,0,0,0,1
14192,897,6,0,1,0,7,0,2025,11,5,15,4,28,6,1,0,0,0,0,1
14193,897,11,4,0,0,15,1,2025,11,5,15,22,8,6,1,0,0,0,0,1
14194,897,7,2,1,0,10,0,2025,11,5,15,39,50,6,1,0,0,0,0,1
14195,897,8,1,0,0,9,0,2025,11,5,15,57,35,6,1,0,0,0,0,1
14196,897,5,0,0,0,5,0,2025,11,6,7,50,54,6,1,0,0,1,0,0
14197,897,9,1,1,0,11,1,2025,11,6,8,8,36,6,1,0,0,1,0,0
14198,897,3,0,0,0,3,0,2025,11,6,8,27,7,6,1,0,0,1,0,0
14199,897,0,0,0,0,0,0,2025,11,6,8,44,48,6,1,0,0,1,0,0
14200,897,2,0,0,0,2,0,2025,11,6,9,2,31,6,1,0,0,1,0,0
14201,897,2,1,0,0,3,0,2025,11,6,9,20,12,6,1,0,0,1,0,0
14202,897,6,1,2,0,9,1,2025,11,6,9,37,58,6,1,0,0,1,0,0
14203,897,7,1,0,0,8,0,2025,11,6,9,55,43,6,1,0,0,1,0,0
14204,897,7,2,0,0,9,0,2025,11,6,10,13,37,6,1,0,0,1,0,0
14205,897,8,3,1,0,12,1,2025,11,6,10,31,20,6,1,0,0,1,0,0
14206,897,3,3,1,0,7,1,2025,11,6,12,31,11,6,1,0,0,0,0,1
14207,897,4,2,0,0,6,0,2025,11,6,12,48,52,6,1,0,0,0,0,1
14208,897,4,4,0,0,8,0,2025,11,6,13,6,32,6,1,0,0,0,0,1
14209,897,4,3,0,0,7,0,2025,11,6,13,39,53,6,1,0,0,0,0,1
14210,897,6,2,1,0,9,1,2025,11,6,13,57,35,6,1,0,0,0,0,1
14211,897,3,2,0,0,5,0,2025,11,7,9,38,45,6,1,0,0,1,0,0
14212,897,8,0,2,0,10,0,2025,11,7,10,14,2,6,1,0,0,1,0,0
14213,897,11,1,0,0,12,1,2025,11,7,10,31,40,6,1,0,0,1,0,0
14214,897,8,3,1,0,12,1,2025,11,7,13,14,33,6,1,0,0,0,0,1
14215,897,6,0,1,0,7,0,2025,11,7,13,32,10,6,1,0,0,0,0,1
14216,897,10,3,0,0,13,1,2025,11,7,13,49,50,6,1,0,0,0,0,1
14217,897,7,1,0,0,8,0,2025,11,7,15,37,23,6,1,0,0,0,0,1
14218,897,8,1,0,0,9,0,2025,11,7,15,55,4,6,1,0,0,0,0,1
14219,897,4,0,0,0,4,0,2025,11,8,7,54,54,6,1,0,0,1,0,0
14220,897,7,0,1,0,8,1,2025,11,8,8,12,34,6,1,0,0,1,0,0
14221,897,2,0,0,0,2,0,2025,11,8,8,30,13,6,1,0,0,1,0,0
14222,897,1,0,0,0,1,0,2025,11,8,8,47,49,6,1,0,0,1,0,0
14223,897,5,0,0,0,5,0,2025,11,8,9,52,29,6,1,0,0,1,0,0
14224,897,7,1,1,0,9,0,2025,11,8,10,31,56,6,1,0,0,1,0,0
14225,897,4,2,0,0,6,0,2025,11,8,10,49,33,6,1,0,0,1,0,0
14226,897,5,1,0,0,6,0,2025,11,8,11,7,12,6,1,0,0,1,0,0
14227,897,9,0,0,0,9,0,2025,11,8,11,24,52,6,1,0,0,1,0,0
14228,897,7,1,0,0,8,1,2025,11,8,11,42,31,6,1,0,0,1,0,0
14229,897,3,1,0,0,4,0,2025,11,8,12,0,11,6,1,0,0,0,0,1
14230,897,8,1,0,0,9,0,2025,11,8,12,17,46,6,1,0,0,0,0,1
14231,897,6,0,0,0,6,0,2025,11,8,12,35,21,6,1,0,0,0,0,1
14232,897,5,0,0,0,5,0,2025,11,8,12,52,58,6,1,0,0,0,0,1
14233,897,5,0,0,0,5,0,2025,11,8,13,10,34,6,1,0,0,0,0,1
14234,897,5,0,0,0,5,0,2025,11,8,13,28,11,6,1,0,0,0,0,1
14235,897,7,0,0,0,7,0,2025,11,8,13,45,49,6,1,0,0,0,0,1
14236,897,5,1,0,0,6,0,2025,11,8,14,3,26,6,1,0,0,0,0,1
14237,897,4,0,0,0,4,0,2025,11,8,14,21,3,6,1,0,0,0,0,1
14238,897,3,1,0,0,4,0,2025,11,8,14,38,40,6,1,0,0,0,0,1
14239,897,4,0,0,0,4,0,2025,11,8,15,34,25,6,1,0,0,0,0,1
14240,897,3,0,0,0,3,0,2025,11,8,15,52,3,6,1,0,0,0,0,1
14241,897,3,1,2,0,6,0,2025,11,8,16,9,42,6,1,0,0,0,0,1
14242,897,5,0,0,0,5,0,2025,11,8,16,27,23,6,1,0,0,0,0,1
14243,897,3,1,0,0,4,0,2025,11,8,16,45,3,6,1,0,0,0,0,1
14244,897,3,1,0,0,4,0,2025,11,8,17,2,39,6,1,0,0,0,0,1
14245,897,8,0,0,0,8,0,2025,11,9,8,29,51,6,1,0,0,1,0,0
14246,897,3,1,0,0,4,0,2025,11,9,8,47,28,6,1,0,0,1,0,0
14247,897,6,1,0,0,7,0,2025,11,9,9,5,5,6,1,0,0,1,0,0
14248,897,9,0,0,0,9,0,2025,11,9,9,22,41,6,1,0,0,1,0,0
14249,897,11,2,0,0,13,1,2025,11,9,9,40,20,6,1,0,0,1,0,0
14250,897,14,2,0,0,16,0,2025,11,9,9,58,0,6,1,0,0,1,0,0
14251,897,9,1,0,0,10,1,2025,11,9,10,15,38,6,1,0,0,1,0,0
14252,897,9,1,0,0,10,0,2025,11,9,10,33,14,6,1,0,0,1,0,0
14253,897,11,1,0,0,12,1,2025,11,9,10,50,50,6,1,0,0,1,0,0
14254,897,13,1,0,0,14,1,2025,11,9,11,8,27,6,1,0,0,1,0,0
14255,897,17,0,0,0,17,0,2025,11,9,11,26,6,6,1,0,0,1,0,0
14256,897,15,0,0,0,15,1,2025,11,9,11,43,50,6,1,0,0,1,0,0
14257,897,12,1,0,0,13,0,2025,11,9,12,1,29,6,1,0,0,0,0,1
14258,897,6,1,1,0,8,1,2025,11,9,12,19,7,6,1,0,0,0,0,1
14259,897,8,1,1,0,10,1,2025,11,9,12,36,47,6,1,0,0,0,0,1
14260,897,8,0,0,0,8,1,2025,11,9,12,54,27,6,1,0,0,0,0,1
14261,897,3,0,0,0,3,0,2025,11,9,15,20,20,6,1,0,0,0,0,1
14262,897,3,0,0,0,3,0,2025,11,9,15,37,59,6,1,0,0,0,0,1
14263,897,7,0,0,0,7,0,2025,11,9,15,55,39,6,1,0,0,0,0,1
14264,897,4,0,0,0,4,0,2025,11,9,16,13,18,6,1,0,0,0,0,1
14265,897,6,0,0,0,6,0,2025,11,9,16,30,57,6,1,0,0,0,0,1
14266,897,9,1,0,0,10,0,2025,11,9,16,48,32,6,1,0,0,0,0,1
14267,897,10,0,0,0,10,0,2025,11,9,17,6,9,6,1,0,0,0,0,1
14268,897,11,0,0,0,11,0,2025,11,9,17,23,48,6,1,0,0,0,0,1
14269,897,11,1,0,0,12,0,2025,11,9,17,41,27,6,1,0,0,0,0,1
14270,897,5,1,0,0,6,0,2025,11,9,17,59,6,6,1,0,0,0,0,1
14271,897,10,0,0,0,10,0,2025,11,9,18,16,43,6,1,0,0,0,1,0
14272,897,4,2,1,0,7,0,2025,11,11,7,59,37,6,1,0,0,1,0,0
14273,897,9,2,1,0,12,0,2025,11,11,8,17,11,6,1,0,0,1,0,0
14274,897,9,2,1,0,12,0,2025,11,11,8,34,46,6,1,0,0,1,0,0
14275,897,15,0,0,0,15,0,2025,11,11,8,52,21,6,1,0,0,1,0,0
14276,897,16,4,1,0,21,1,2025,11,11,9,9,57,6,1,0,0,1,0,0
14277,897,18,3,0,0,21,1,2025,11,11,9,27,33,6,1,0,0,1,0,0
14278,897,9,1,0,0,10,0,2025,11,11,14,34,56,6,1,0,0,0,0,1
14279,897,12,0,0,0,12,0,2025,11,11,14,52,35,6,1,0,0,0,0,1
14280,897,9,3,1,0,13,1,2025,11,11,15,10,15,6,1,0,0,0,0,1
14281,897,11,1,0,0,12,0,2025,11,11,15,27,57,6,1,0,0,0,0,1
14282,897,12,2,1,0,15,1,2025,11,11,15,45,40,6,1,0,0,0,0,1
14283,897,5,3,1,0,9,1,2025,11,11,16,3,18,6,1,0,0,0,0,1
14284,897,11,1,0,0,12,0,2025,11,11,17,48,2,6,1,0,0,0,0,1
14285,897,12,2,0,0,14,1,2025,11,11,18,5,39,6,1,0,0,0,1,0
14286,897,11,0,0,0,11,0,2025,11,11,18,23,13,6,1,0,0,0,1,0
14287,897,8,1,0,0,9,0,2025,11,12,8,37,21,6,1,0,0,1,0,0
14288,897,8,3,1,0,12,0,2025,11,12,8,55,4,6,1,0,0,1,0,0
14289,897,3,2,0,0,5,0,2025,11,12,9,12,50,6,1,0,0,1,0,0
14290,897,3,0,1,0,4,0,2025,11,12,9,30,43,6,1,0,0,1,0,0
14291,897,8,1,0,0,9,0,2025,11,12,12,35,17,6,1,0,0,0,0,1
14292,897,10,2,2,0,14,1,2025,11,14,9,7,17,6,1,0,0,1,0,0
14293,897,17,0,2,0,19,1,2025,11,14,9,24,58,6,1,0,0,1,0,0
14294,897,15,4,0,0,19,1,2025,11,14,9,42,38,6,1,0,0,1,0,0
14295,897,11,4,0,0,15,0,2025,11,14,10,0,16,6,1,0,0,1,0,0
14296,897,9,2,0,0,11,1,2025,11,14,10,17,59,6,1,0,0,1,0,0
14297,897,16,6,0,0,22,1,2025,11,14,10,35,36,6,1,0,0,1,0,0
14298,897,6,1,0,0,7,0,2025,11,15,9,51,31,6,1,0,0,1,0,0
14299,897,9,0,0,0,9,0,2025,11,15,10,9,12,6,1,0,0,1,0,0
14300,897,11,0,0,0,11,0,2025,11,15,10,26,54,6,1,0,0,1,0,0
14301,897,11,1,0,0,12,0,2025,11,15,10,44,46,6,1,0,0,1,0,0
14302,897,6,3,0,0,9,1,2025,11,15,11,2,23,6,1,0,0,1,0,0
14303,897,6,2,0,0,8,1,2025,11,15,11,20,5,6,1,0,0,1,0,0
14304,897,8,4,1,0,13,1,2025,11,15,11,37,45,6,1,0,0,1,0,0
14305,897,17,0,0,0,17,1,2025,11,15,11,55,25,6,1,0,0,1,0,0
14306,897,5,1,0,0,6,0,2025,11,15,12,13,6,6,1,0,0,0,0,1
14307,897,6,1,0,0,7,0,2025,11,15,12,30,45,6,1,0,0,0,0,1
14308,897,13,4,0,0,17,1,2025,11,15,12,48,26,6,1,0,0,0,0,1
14309,897,7,3,0,0,10,1,2025,11,15,13,6,5,6,1,0,0,0,0,1
14310,897,5,0,0,0,5,0,2025,11,16,8,9,29,6,1,0,0,1,0,0
14311,897,3,0,0,0,3,0,2025,11,16,8,27,11,6,1,0,0,1,0,0
14312,897,5,1,0,0,6,0,2025,11,16,8,44,58,6,1,0,0,1,0,0
14313,897,2,0,0,0,2,0,2025,11,16,9,2,39,6,1,0,0,1,0,0
14314,897,6,1,0,0,7,0,2025,11,16,9,20,19,6,1,0,0,1,0,0
14315,897,1,1,0,0,2,0,2025,11,16,9,38,2,6,1,0,0,1,0,0
14316,897,2,1,0,0,3,0,2025,11,16,9,55,43,6,1,0,0,1,0,0
14317,897,0,0,0,0,0,0,2025,11,16,10,13,32,6,1,0,0,1,0,0
14318,897,8,0,0,0,8,0,2025,11,16,10,31,18,6,1,0,0,1,0,0
14319,897,1,1,0,0,2,0,2025,11,16,10,49,11,6,1,0,0,1,0,0
14320,897,8,1,0,0,9,0,2025,11,16,11,7,4,6,1,0,0,1,0,0
14321,897,8,1,0,0,9,0,2025,11,17,8,23,55,6,1,0,0,1,0,0
14322,897,0,0,0,0,0,0,2025,11,17,13,9,52,6,1,0,0,0,0,1
14323,926,20,3,0,0,23,2,2025,10,27,9,2,37,40,0,1,0,1,0,0
14324,926,13,4,0,0,17,2,2025,10,27,9,20,17,40,0,1,0,1,0,0
14325,926,25,6,0,0,31,1,2025,10,27,9,37,59,40,0,1,0,1,0,0
14326,926,28,5,1,0,34,3,2025,10,27,9,55,41,40,0,1,0,1,0,0
14327,926,24,4,1,0,29,2,2025,10,27,10,13,27,40,0,1,0,1,0,0
14328,926,21,4,1,0,26,2,2025,10,27,10,31,14,40,0,1,0,1,0,0
14329,926,21,3,0,0,24,1,2025,10,27,12,40,16,40,0,1,0,0,0,1
14330,926,26,2,1,0,29,2,2025,10,27,12,58,0,40,0,1,0,0,0,1
14331,926,20,2,1,0,23,2,2025,10,27,13,15,46,40,0,1,0,0,0,1
14332,926,13,4,0,0,17,1,2025,10,27,13,20,53,40,0,1,0,0,0,1
14333,926,14,5,0,0,19,1,2025,10,27,13,57,16,40,0,1,0,0,0,1
14334,926,27,3,2,0,32,2,2025,10,27,14,55,35,40,0,1,0,0,0,1
14335,926,12,1,0,0,13,2,2025,10,27,15,13,21,40,0,1,0,0,0,1
14336,926,16,0,0,0,16,2,2025,10,27,15,31,7,40,0,1,0,0,0,1
14337,926,5,0,0,0,5,0,2025,10,27,15,48,55,40,0,1,0,0,0,1
14338,926,20,2,0,0,22,2,2025,10,27,18,2,59,40,0,1,0,0,1,0
14339,926,24,3,1,0,28,2,2025,10,27,18,20,35,40,0,1,0,0,1,0
14340,926,27,1,0,0,28,1,2025,10,27,18,38,11,40,0,1,0,0,1,0
14341,926,18,2,1,0,21,1,2025,10,28,7,56,26,40,0,1,0,1,0,0
14342,926,21,3,1,0,25,1,2025,10,28,8,14,2,40,0,1,0,1,0,0
14343,926,23,0,0,0,23,1,2025,10,28,8,31,39,40,0,1,0,1,0,0
14344,926,22,2,0,0,24,1,2025,10,28,8,49,15,40,0,1,0,1,0,0
14345,926,25,1,0,0,26,1,2025,10,28,9,6,50,40,0,1,0,1,0,0
14346,926,24,3,0,0,27,1,2025,10,28,9,24,27,40,0,1,0,1,0,0
14347,926,22,4,1,0,27,1,2025,10,28,9,42,5,40,0,1,0,1,0,0
14348,926,21,3,0,0,24,1,2025,10,28,13,27,52,40,0,1,0,0,0,1
14349,926,22,0,1,0,23,1,2025,10,28,14,45,44,40,0,1,0,0,0,1
14350,926,23,2,1,0,26,1,2025,10,28,15,3,26,40,0,1,0,0,0,1
14351,926,27,0,1,0,28,1,2025,10,28,15,21,12,40,0,1,0,0,0,1
14352,926,24,1,0,0,25,1,2025,10,28,15,39,0,40,0,1,0,0,0,1
14353,926,23,2,0,0,25,1,2025,10,28,15,56,45,40,0,1,0,0,0,1
14354,926,22,3,1,0,26,1,2025,10,28,17,49,6,40,0,1,0,0,0,1
14355,926,31,3,1,0,35,2,2025,10,28,18,6,42,40,0,1,0,0,1,0
14356,926,31,0,0,0,31,2,2025,10,28,18,24,22,40,0,1,0,0,1,0
14357,926,24,2,0,0,26,2,2025,10,28,18,42,1,40,0,1,0,0,1,0
14358,926,24,1,1,0,26,1,2025,10,28,18,59,39,40,0,1,0,0,1,0
14359,926,20,1,0,0,21,1,2025,10,28,19,17,17,40,0,1,0,0,1,0
14360,926,23,0,0,0,23,1,2025,10,28,19,34,55,40,0,1,0,0,1,0
14361,926,17,0,0,0,17,1,2025,10,28,19,52,33,40,0,1,0,0,1,0
14362,926,21,1,0,0,22,1,2025,10,29,8,23,45,40,0,1,0,1,0,0
14363,926,23,1,0,0,24,1,2025,10,29,8,41,21,40,0,1,0,1,0,0
14364,926,29,2,0,0,31,1,2025,10,29,8,58,58,40,0,1,0,1,0,0
14365,926,18,2,1,0,21,1,2025,10,29,9,16,32,40,0,1,0,1,0,0
14366,926,17,0,0,0,17,1,2025,10,29,9,34,9,40,0,1,0,1,0,0
14367,926,25,2,0,0,27,1,2025,10,29,9,51,45,40,0,1,0,1,0,0
14368,926,21,1,0,0,22,1,2025,10,29,10,9,23,40,0,1,0,1,0,0
14369,926,11,0,0,0,11,0,2025,10,29,10,27,2,40,0,1,0,1,0,0
14370,926,20,1,0,0,21,1,2025,10,29,10,44,40,40,0,1,0,1,0,0
14371,926,20,0,0,0,20,1,2025,10,29,12,33,32,40,0,1,0,0,0,1
14372,926,19,0,1,0,20,1,2025,10,29,12,51,13,40,0,1,0,0,0,1
14373,926,14,1,1,0,16,1,2025,10,29,13,8,57,40,0,1,0,0,0,1
14374,926,14,3,0,0,17,1,2025,10,29,13,26,44,40,0,1,0,0,0,1
14375,926,15,2,0,0,17,1,2025,10,29,13,44,27,40,0,1,0,0,0,1
14376,926,17,4,1,0,22,1,2025,10,29,14,44,10,40,0,1,0,0,0,1
14377,926,22,1,0,0,23,0,2025,10,29,15,1,52,40,0,1,0,0,0,1
14378,926,24,1,0,0,25,1,2025,10,29,15,19,38,40,0,1,0,0,0,1
14379,926,25,4,0,0,29,1,2025,10,29,15,37,19,40,0,1,0,0,0,1
14380,926,24,1,0,0,25,1,2025,10,29,15,54,59,40,0,1,0,0,0,1
14381,926,21,1,0,0,22,1,2025,10,30,8,20,35,40,0,1,0,1,0,0
14382,926,23,1,0,0,24,1,2025,10,30,8,38,18,40,0,1,0,1,0,0
14383,926,24,3,0,0,27,1,2025,10,30,8,56,1,40,0,1,0,1,0,0
14384,926,13,1,0,0,14,1,2025,10,30,9,13,52,40,0,1,0,1,0,0
14385,926,28,3,0,0,31,1,2025,10,30,9,31,57,40,0,1,0,1,0,0
14386,926,23,5,1,0,29,1,2025,10,30,9,49,52,40,0,1,0,1,0,0
14387,926,17,0,0,0,17,1,2025,10,30,10,7,43,40,0,1,0,1,0,0
14388,926,19,2,0,0,21,1,2025,10,30,10,25,32,40,0,1,0,1,0,0
14389,926,14,2,0,0,16,1,2025,10,30,10,43,14,40,0,1,0,1,0,0
14390,926,16,2,0,0,18,2,2025,10,30,12,29,47,40,0,1,0,0,0,1
14391,926,19,2,1,0,22,2,2025,10,30,12,47,18,40,0,1,0,0,0,1
14392,926,17,0,1,0,18,1,2025,10,30,13,5,3,40,0,1,0,0,0,1
14393,926,19,2,0,0,21,1,2025,10,30,13,22,48,40,0,1,0,0,0,1
14394,926,12,1,0,0,13,1,2025,10,30,13,40,35,40,0,1,0,0,0,1
14395,926,16,1,1,0,18,1,2025,10,30,13,58,20,40,0,1,0,0,0,1
14396,926,26,2,1,0,29,2,2025,10,30,14,57,22,40,0,1,0,0,0,1
14397,926,17,2,1,0,20,2,2025,10,30,15,15,16,40,0,1,0,0,0,1
14398,926,15,2,1,0,18,1,2025,10,30,15,33,0,40,0,1,0,0,0,1
14399,926,16,1,0,0,17,1,2025,10,30,15,57,44,40,0,1,0,0,0,1
14400,926,14,2,1,0,17,1,2025,10,30,16,15,32,40,0,1,0,0,0,1
14401,926,7,0,0,0,7,0,2025,10,30,22,45,48,40,0,1,0,0,1,0
14402,926,21,4,2,0,27,1,2025,10,31,8,25,16,40,0,1,0,1,0,0
14403,926,22,1,0,0,23,1,2025,10,31,8,43,2,40,0,1,0,1,0,0
14404,926,15,2,0,0,17,0,2025,10,31,9,0,49,40,0,1,0,1,0,0
14405,926,8,2,0,0,10,1,2025,10,31,9,18,34,40,0,1,0,1,0,0
14406,926,20,0,0,0,20,1,2025,10,31,9,44,13,40,0,1,0,1,0,0
14407,926,12,1,0,0,13,0,2025,10,31,10,1,54,40,0,1,0,1,0,0
14408,926,15,1,0,0,16,0,2025,10,31,10,19,38,40,0,1,0,1,0,0
14409,926,17,2,0,0,19,1,2025,10,31,10,37,19,40,0,1,0,1,0,0
14410,926,24,2,0,0,26,1,2025,10,31,15,3,39,40,0,1,0,0,0,1
14411,926,26,1,0,0,27,1,2025,10,31,15,21,32,40,0,1,0,0,0,1
14412,926,22,0,0,0,22,1,2025,10,31,15,39,25,40,0,1,0,0,0,1
14413,926,22,1,0,0,23,1,2025,10,31,15,57,14,40,0,1,0,0,0,1
14414,926,10,2,0,0,12,1,2025,11,1,8,54,52,40,0,1,0,1,0,0
14415,926,15,3,0,0,18,1,2025,11,1,9,12,38,40,0,1,0,1,0,0
14416,926,9,4,0,0,13,0,2025,11,1,9,30,32,40,0,1,0,1,0,0
14417,926,12,1,0,0,13,1,2025,11,1,9,48,19,40,0,1,0,1,0,0
14418,926,20,0,0,0,20,1,2025,11,1,10,6,9,40,0,1,0,1,0,0
14419,926,13,1,0,0,14,1,2025,11,1,10,23,54,40,0,1,0,1,0,0
14420,926,25,0,0,0,25,1,2025,11,1,10,41,39,40,0,1,0,1,0,0
14421,926,26,0,0,0,26,1,2025,11,1,10,59,35,40,0,1,0,1,0,0
14422,926,26,3,0,0,29,1,2025,11,1,11,17,21,40,0,1,0,1,0,0
14423,926,23,1,0,0,24,1,2025,11,1,11,35,2,40,0,1,0,1,0,0
14424,926,27,0,0,0,27,1,2025,11,1,11,52,46,40,0,1,0,1,0,0
14425,926,20,3,1,0,24,1,2025,11,1,12,10,40,40,0,1,0,0,0,1
14426,926,20,2,2,0,24,1,2025,11,1,12,28,27,40,0,1,0,0,0,1
14427,926,26,3,1,0,30,3,2025,11,1,12,46,19,40,0,1,0,0,0,1
14428,926,14,0,0,0,14,0,2025,11,1,13,4,15,40,0,1,0,0,0,1
14429,926,23,0,0,0,23,1,2025,11,1,13,22,2,40,0,1,0,0,0,1
14430,926,18,1,0,0,19,1,2025,11,1,13,39,47,40,0,1,0,0,0,1
14431,926,18,2,0,0,20,1,2025,11,1,13,57,38,40,0,1,0,0,0,1
14432,926,19,1,0,0,20,1,2025,11,1,14,15,29,40,0,1,0,0,0,1
14433,926,15,2,1,0,18,1,2025,11,1,14,33,33,40,0,1,0,0,0,1
14434,926,18,0,0,0,18,1,2025,11,1,14,51,37,40,0,1,0,0,0,1
14435,926,13,0,0,0,13,1,2025,11,1,15,9,33,40,0,1,0,0,0,1
14436,926,15,0,0,0,15,1,2025,11,1,15,27,20,40,0,1,0,0,0,1
14437,926,14,1,0,0,15,1,2025,11,1,15,45,12,40,0,1,0,0,0,1
14438,926,10,1,0,0,11,0,2025,11,1,16,3,7,40,0,1,0,0,0,1
14439,926,9,1,0,0,10,1,2025,11,1,16,20,56,40,0,1,0,0,0,1
14440,926,22,0,0,0,22,1,2025,11,1,16,38,45,40,0,1,0,0,0,1
14441,926,13,0,0,0,13,0,2025,11,1,16,56,42,40,0,1,0,0,0,1
14442,926,16,0,0,0,16,0,2025,11,1,17,14,40,40,0,1,0,0,0,1
14443,926,21,1,0,0,22,1,2025,11,1,17,32,28,40,0,1,0,0,0,1
14444,926,18,2,0,0,20,1,2025,11,1,17,50,22,40,0,1,0,0,0,1
14445,926,16,0,0,0,16,1,2025,11,1,18,8,11,40,0,1,0,0,1,0
14446,926,18,1,0,0,19,1,2025,11,1,18,27,1,40,0,1,0,0,1,0
14447,926,14,0,0,0,14,1,2025,11,1,18,44,56,40,0,1,0,0,1,0
14448,926,18,1,0,0,19,1,2025,11,1,19,2,43,40,0,1,0,0,1,0
14449,926,19,0,0,0,19,1,2025,11,1,19,37,19,40,0,1,0,0,1,0
14450,926,14,0,0,0,14,1,2025,11,2,10,16,50,40,0,1,0,1,0,0
14451,926,22,0,0,0,22,3,2025,11,2,10,34,35,40,0,1,0,1,0,0
14452,926,15,1,0,0,16,3,2025,11,2,10,52,28,40,0,1,0,1,0,0
14453,926,14,2,0,0,16,1,2025,11,2,11,10,12,40,0,1,0,1,0,0
14454,926,20,1,0,0,21,2,2025,11,2,11,28,10,40,0,1,0,1,0,0
14455,926,18,1,1,0,20,2,2025,11,2,12,11,24,40,0,1,0,0,0,1
14456,926,24,2,0,0,26,3,2025,11,2,12,29,11,40,0,1,0,0,0,1
14457,926,24,0,0,0,24,3,2025,11,2,12,47,0,40,0,1,0,0,0,1
14458,926,15,0,0,0,15,0,2025,11,2,13,4,44,40,0,1,0,0,0,1
14459,926,19,0,0,0,19,1,2025,11,2,13,22,23,40,0,1,0,0,0,1
14460,926,13,0,0,0,13,0,2025,11,2,13,40,3,40,0,1,0,0,0,1
14461,926,18,0,0,0,18,0,2025,11,2,13,57,41,40,0,1,0,0,0,1
14462,926,14,0,1,0,15,1,2025,11,2,14,15,20,40,0,1,0,0,0,1
14463,926,17,1,0,0,18,1,2025,11,2,14,32,57,40,0,1,0,0,0,1
14464,926,15,0,0,0,15,0,2025,11,2,14,50,33,40,0,1,0,0,0,1
14465,926,18,1,0,0,19,1,2025,11,2,15,51,5,40,0,1,0,0,0,1
14466,926,21,2,0,0,23,1,2025,11,2,16,8,42,40,0,1,0,0,0,1
14467,926,28,0,0,0,28,1,2025,11,2,16,26,22,40,0,1,0,0,0,1
14468,926,24,4,0,0,28,1,2025,11,2,16,44,1,40,0,1,0,0,0,1
14469,926,21,1,1,0,23,1,2025,11,3,8,9,18,40,0,1,0,1,0,0
14470,926,21,1,0,0,22,1,2025,11,3,8,26,54,40,0,1,0,1,0,0
14471,926,16,5,1,0,22,2,2025,11,3,8,44,32,40,0,1,0,1,0,0
14472,926,13,9,1,0,23,2,2025,11,3,9,2,10,40,0,1,0,1,0,0
14473,926,9,4,3,0,16,1,2025,11,3,9,19,46,40,0,1,0,1,0,0
14474,926,9,2,0,0,11,1,2025,11,3,9,37,23,40,0,1,0,1,0,0
14475,926,23,3,1,0,27,1,2025,11,4,8,9,35,40,0,1,0,1,0,0
14476,926,28,6,2,0,36,2,2025,11,4,8,27,12,40,0,1,0,1,0,0
14477,926,29,6,1,0,36,2,2025,11,4,8,44,48,40,0,1,0,1,0,0
14478,926,30,2,1,0,33,1,2025,11,4,9,2,24,40,0,1,0,1,0,0
14479,926,23,7,3,0,33,2,2025,11,4,9,20,1,40,0,1,0,1,0,0
14480,926,35,0,0,0,35,1,2025,11,4,9,37,40,40,0,1,0,1,0,0
14481,926,21,6,0,0,27,1,2025,11,4,12,8,53,40,0,1,0,0,0,1
14482,926,19,7,0,0,26,2,2025,11,4,12,37,15,40,0,1,0,0,0,1
14483,926,25,4,0,0,29,1,2025,11,4,12,54,55,40,0,1,0,0,0,1
14484,926,25,4,0,0,29,1,2025,11,4,13,4,20,40,0,1,0,0,0,1
14485,926,26,4,0,0,30,1,2025,11,4,13,21,59,40,0,1,0,0,0,1
14486,926,23,3,1,0,27,1,2025,11,4,13,39,39,40,0,1,0,0,0,1
14487,926,20,2,0,0,22,1,2025,11,4,14,34,1,40,0,1,0,0,0,1
14488,926,22,2,1,0,25,1,2025,11,4,14,51,40,40,0,1,0,0,0,1
14489,926,21,1,0,0,22,1,2025,11,4,15,9,23,40,0,1,0,0,0,1
14490,926,27,4,0,0,31,2,2025,11,4,15,27,11,40,0,1,0,0,0,1
14491,926,23,2,0,0,25,1,2025,11,4,15,45,11,40,0,1,0,0,0,1
14492,926,22,1,1,0,24,1,2025,11,4,16,2,53,40,0,1,0,0,0,1
14493,926,18,1,0,0,19,1,2025,11,4,18,0,8,40,0,1,0,0,1,0
14494,926,12,3,0,0,15,1,2025,11,4,18,17,46,40,0,1,0,0,1,0
14495,926,17,1,0,0,18,1,2025,11,4,18,35,24,40,0,1,0,0,1,0
14496,926,22,1,0,0,23,1,2025,11,4,18,53,2,40,0,1,0,0,1,0
14497,926,18,0,0,0,18,1,2025,11,4,19,10,40,40,0,1,0,0,1,0
14498,926,18,1,0,0,19,1,2025,11,4,19,28,19,40,0,1,0,0,1,0
14499,926,11,0,0,0,11,1,2025,11,4,19,45,57,40,0,1,0,0,1,0
14500,926,10,0,0,0,10,0,2025,11,4,20,3,34,40,0,1,0,0,1,0
14501,926,14,1,0,0,15,1,2025,11,4,20,21,10,40,0,1,0,0,1,0
14502,926,14,0,0,0,14,1,2025,11,4,20,38,49,40,0,1,0,0,1,0
14503,926,23,0,0,0,23,1,2025,11,5,7,51,24,40,0,1,0,1,0,0
14504,926,21,2,0,0,23,1,2025,11,5,8,9,0,40,0,1,0,1,0,0
14505,926,29,1,0,0,30,1,2025,11,5,8,26,38,40,0,1,0,1,0,0
14506,926,18,1,0,0,19,1,2025,11,5,8,44,13,40,0,1,0,1,0,0
14507,926,16,0,0,0,16,0,2025,11,5,9,1,50,40,0,1,0,1,0,0
14508,926,20,0,0,0,20,1,2025,11,5,9,19,26,40,0,1,0,1,0,0
14509,926,20,1,0,0,21,1,2025,11,5,9,37,3,40,0,1,0,1,0,0
14510,926,17,1,0,0,18,1,2025,11,5,9,54,39,40,0,1,0,1,0,0
14511,926,12,3,0,0,15,1,2025,11,5,10,12,16,40,0,1,0,1,0,0
14512,926,12,3,0,0,15,1,2025,11,5,10,29,54,40,0,1,0,1,0,0
14513,926,19,1,0,0,20,1,2025,11,5,10,47,30,40,0,1,0,1,0,0
14514,926,15,1,0,0,16,1,2025,11,5,12,44,8,40,0,1,0,0,0,1
14515,926,23,1,1,0,25,1,2025,11,5,13,1,48,40,0,1,0,0,0,1
14516,926,23,3,0,0,26,1,2025,11,5,13,19,28,40,0,1,0,0,0,1
14517,926,14,3,0,0,17,1,2025,11,5,13,37,10,40,0,1,0,0,0,1
14518,926,18,0,0,0,18,1,2025,11,5,13,54,53,40,0,1,0,0,0,1
14519,926,26,1,0,0,27,1,2025,11,5,14,46,44,40,0,1,0,0,0,1
14520,926,24,0,0,0,24,1,2025,11,5,15,4,24,40,0,1,0,0,0,1
14521,926,26,0,0,0,26,1,2025,11,5,15,22,4,40,0,1,0,0,0,1
14522,926,21,1,0,0,22,1,2025,11,5,15,39,46,40,0,1,0,0,0,1
14523,926,20,3,0,0,23,2,2025,11,5,15,57,29,40,0,1,0,0,0,1
14524,926,17,3,0,0,20,1,2025,11,6,7,50,50,40,0,1,0,1,0,0
14525,926,18,0,0,0,18,1,2025,11,6,8,8,31,40,0,1,0,1,0,0
14526,926,19,0,1,0,20,1,2025,11,6,8,26,15,40,0,1,0,1,0,0
14527,926,19,2,0,0,21,1,2025,11,6,8,44,45,40,0,1,0,1,0,0
14528,926,18,3,0,0,21,1,2025,11,6,9,2,27,40,0,1,0,1,0,0
14529,926,19,2,0,0,21,1,2025,11,6,9,20,8,40,0,1,0,1,0,0
14530,926,17,1,1,0,19,1,2025,11,6,9,37,49,40,0,1,0,1,0,0
14531,926,15,2,0,0,17,1,2025,11,6,9,55,37,40,0,1,0,1,0,0
14532,926,14,1,0,0,15,1,2025,11,6,10,13,28,40,0,1,0,1,0,0
14533,926,14,0,0,0,14,0,2025,11,6,10,31,16,40,0,1,0,1,0,0
14534,926,21,0,1,0,22,1,2025,11,6,12,31,8,40,0,1,0,0,0,1
14535,926,12,0,0,0,12,0,2025,11,6,12,48,48,40,0,1,0,0,0,1
14536,926,17,0,0,0,17,1,2025,11,6,13,6,28,40,0,1,0,0,0,1
14537,926,5,5,0,0,10,3,2025,11,6,13,39,48,40,0,1,0,0,0,1
14538,926,7,3,1,0,11,3,2025,11,6,13,57,31,40,0,1,0,0,0,1
14539,926,20,0,0,0,20,1,2025,11,7,9,38,43,40,0,1,0,1,0,0
14540,926,14,2,0,0,16,1,2025,11,7,10,13,59,40,0,1,0,1,0,0
14541,926,17,4,0,0,21,1,2025,11,7,10,31,38,40,0,1,0,1,0,0
14542,926,24,6,0,0,30,2,2025,11,7,13,14,29,40,0,1,0,0,0,1
14543,926,33,4,0,0,37,1,2025,11,7,13,32,8,40,0,1,0,0,0,1
14544,926,28,2,0,0,30,1,2025,11,7,13,49,46,40,0,1,0,0,0,1
14545,926,21,2,0,0,23,3,2025,11,7,15,37,21,40,0,1,0,0,0,1
14546,926,20,4,0,0,24,3,2025,11,7,15,55,3,40,0,1,0,0,0,1
14547,926,4,1,0,0,5,0,2025,11,8,7,54,51,40,0,1,0,1,0,0
14548,926,4,0,0,0,4,0,2025,11,8,8,12,30,40,0,1,0,1,0,0
14549,926,6,1,0,0,7,0,2025,11,8,8,30,10,40,0,1,0,1,0,0
14550,926,25,1,0,0,26,2,2025,11,8,8,47,48,40,0,1,0,1,0,0
14551,926,31,4,0,0,35,2,2025,11,8,9,52,26,40,0,1,0,1,0,0
14552,926,24,2,1,0,27,1,2025,11,8,10,31,54,40,0,1,0,1,0,0
14553,926,24,3,0,0,27,2,2025,11,8,10,49,31,40,0,1,0,1,0,0
14554,926,27,2,0,0,29,2,2025,11,8,11,7,8,40,0,1,0,1,0,0
14555,926,20,0,0,0,20,1,2025,11,8,11,24,49,40,0,1,0,1,0,0
14556,926,15,0,0,0,15,1,2025,11,8,11,42,28,40,0,1,0,1,0,0
14557,926,18,2,0,0,20,1,2025,11,8,12,0,8,40,0,1,0,0,0,1
14558,926,24,2,0,0,26,1,2025,11,8,12,17,44,40,0,1,0,0,0,1
14559,926,19,0,0,0,19,1,2025,11,8,12,35,19,40,0,1,0,0,0,1
14560,926,21,1,0,0,22,1,2025,11,8,12,52,55,40,0,1,0,0,0,1
14561,926,22,0,0,0,22,1,2025,11,8,13,10,32,40,0,1,0,0,0,1
14562,926,20,0,0,0,20,1,2025,11,8,13,28,8,40,0,1,0,0,0,1
14563,926,22,1,0,0,23,1,2025,11,8,13,45,47,40,0,1,0,0,0,1
14564,926,20,0,1,0,21,1,2025,11,8,14,3,24,40,0,1,0,0,0,1
14565,926,19,0,0,0,19,1,2025,11,8,14,21,0,40,0,1,0,0,0,1
14566,926,23,4,1,0,28,1,2025,11,8,14,38,37,40,0,1,0,0,0,1
14567,926,13,0,0,0,13,0,2025,11,8,15,34,22,40,0,1,0,0,0,1
14568,926,21,0,0,0,21,1,2025,11,8,15,52,0,40,0,1,0,0,0,1
14569,926,16,1,0,0,17,1,2025,11,8,16,9,39,40,0,1,0,0,0,1
14570,926,17,1,0,0,18,1,2025,11,8,16,27,19,40,0,1,0,0,0,1
14571,926,21,1,0,0,22,1,2025,11,8,16,44,59,40,0,1,0,0,0,1
14572,926,20,0,0,0,20,1,2025,11,8,17,2,37,40,0,1,0,0,0,1
14573,926,18,0,0,0,18,1,2025,11,8,18,55,25,40,0,1,0,0,1,0
14574,926,13,0,0,0,13,0,2025,11,8,19,13,3,40,0,1,0,0,1,0
14575,926,11,0,0,0,11,0,2025,11,8,19,30,43,40,0,1,0,0,1,0
14576,926,12,0,0,0,12,1,2025,11,8,19,48,19,40,0,1,0,0,1,0
14577,926,5,0,0,0,5,0,2025,11,9,8,29,49,40,0,1,0,1,0,0
14578,926,7,1,0,0,8,0,2025,11,9,8,47,26,40,0,1,0,1,0,0
14579,926,6,0,0,0,6,0,2025,11,9,9,5,2,40,0,1,0,1,0,0
14580,926,8,0,0,0,8,0,2025,11,9,9,22,40,40,0,1,0,1,0,0
14581,926,12,0,0,0,12,0,2025,11,9,9,40,17,40,0,1,0,1,0,0
14582,926,13,1,0,0,14,0,2025,11,9,9,57,56,40,0,1,0,1,0,0
14583,926,13,1,0,0,14,1,2025,11,9,10,15,35,40,0,1,0,1,0,0
14584,926,13,1,0,0,14,0,2025,11,9,10,33,13,40,0,1,0,1,0,0
14585,926,17,0,0,0,17,1,2025,11,9,10,50,48,40,0,1,0,1,0,0
14586,926,19,0,0,0,19,1,2025,11,9,11,8,24,40,0,1,0,1,0,0
14587,926,13,1,0,0,14,0,2025,11,9,11,26,3,40,0,1,0,1,0,0
14588,926,15,1,0,0,16,0,2025,11,9,11,43,47,40,0,1,0,1,0,0
14589,926,18,0,1,0,19,1,2025,11,9,12,1,26,40,0,1,0,0,0,1
14590,926,17,0,0,0,17,1,2025,11,9,12,19,3,40,0,1,0,0,0,1
14591,926,16,0,0,0,16,1,2025,11,9,12,36,43,40,0,1,0,0,0,1
14592,926,17,0,0,0,17,0,2025,11,9,12,54,24,40,0,1,0,0,0,1
14593,926,19,0,0,0,19,1,2025,11,9,15,20,17,40,0,1,0,0,0,1
14594,926,17,0,0,0,17,1,2025,11,9,15,37,56,40,0,1,0,0,0,1
14595,926,20,1,0,0,21,1,2025,11,9,15,55,36,40,0,1,0,0,0,1
14596,926,15,0,0,0,15,0,2025,11,9,16,13,15,40,0,1,0,0,0,1
14597,926,12,0,0,0,12,0,2025,11,9,16,30,54,40,0,1,0,0,0,1
14598,926,18,0,0,0,18,1,2025,11,9,16,48,30,40,0,1,0,0,0,1
14599,926,16,0,0,0,16,1,2025,11,9,17,6,7,40,0,1,0,0,0,1
14600,926,20,0,0,0,20,1,2025,11,9,17,23,45,40,0,1,0,0,0,1
14601,926,22,0,0,0,22,1,2025,11,9,17,41,24,40,0,1,0,0,0,1
14602,926,19,1,0,0,20,1,2025,11,9,17,59,3,40,0,1,0,0,0,1
14603,926,15,0,0,0,15,0,2025,11,9,18,16,41,40,0,1,0,0,1,0
14604,926,17,1,0,0,18,1,2025,11,9,18,34,19,40,0,1,0,0,1,0
14605,926,15,0,0,0,15,1,2025,11,9,18,51,56,40,0,1,0,0,1,0
14606,926,20,2,0,0,22,1,2025,11,9,19,9,33,40,0,1,0,0,1,0
14607,926,5,0,0,0,5,0,2025,11,9,19,27,10,40,0,1,0,0,1,0
14608,926,13,0,0,0,13,0,2025,11,9,19,44,46,40,0,1,0,0,1,0
14609,926,18,5,0,0,23,2,2025,11,11,7,59,36,40,0,1,0,1,0,0
14610,926,24,2,1,0,27,1,2025,11,11,8,17,10,40,0,1,0,1,0,0
14611,926,25,5,0,0,30,2,2025,11,11,8,34,44,40,0,1,0,1,0,0
14612,926,29,2,0,0,31,2,2025,11,11,8,52,19,40,0,1,0,1,0,0
14613,926,25,5,0,0,30,2,2025,11,11,9,9,55,40,0,1,0,1,0,0
14614,926,21,1,0,0,22,1,2025,11,11,9,27,31,40,0,1,0,1,0,0
14615,926,11,1,0,0,12,2,2025,11,11,14,34,53,40,0,1,0,0,0,1
14616,926,29,1,0,0,30,1,2025,11,11,14,52,32,40,0,1,0,0,0,1
14617,926,26,0,2,0,28,1,2025,11,11,15,10,12,40,0,1,0,0,0,1
14618,926,23,7,2,0,32,2,2025,11,11,15,27,53,40,0,1,0,0,0,1
14619,926,25,2,0,0,27,1,2025,11,11,15,45,37,40,0,1,0,0,0,1
14620,926,26,4,0,0,30,1,2025,11,11,16,3,15,40,0,1,0,0,0,1
14621,926,21,5,0,0,26,1,2025,11,11,17,48,0,40,0,1,0,0,0,1
14622,926,32,3,0,0,35,1,2025,11,11,18,5,37,40,0,1,0,0,1,0
14623,926,33,3,1,0,37,2,2025,11,11,18,23,12,40,0,1,0,0,1,0
14624,926,17,3,0,0,20,2,2025,11,11,18,40,49,40,0,1,0,0,1,0
14625,926,21,2,0,0,23,1,2025,11,12,8,37,16,40,0,1,0,1,0,0
14626,926,22,1,0,0,23,1,2025,11,12,8,55,0,40,0,1,0,1,0,0
14627,926,18,0,1,0,19,1,2025,11,12,9,12,43,40,0,1,0,1,0,0
14628,926,15,0,2,0,17,2,2025,11,12,9,30,36,40,0,1,0,1,0,0
14629,926,16,4,0,0,20,2,2025,11,12,12,35,12,40,0,1,0,0,0,1
14630,926,17,5,0,0,22,2,2025,11,14,9,7,15,40,0,1,0,1,0,0
14631,926,20,6,0,0,26,2,2025,11,14,9,24,54,40,0,1,0,1,0,0
14632,926,18,6,0,0,24,2,2025,11,14,9,42,35,40,0,1,0,1,0,0
14633,926,24,3,0,0,27,2,2025,11,14,10,0,14,40,0,1,0,1,0,0
14634,926,19,2,1,0,22,2,2025,11,14,10,17,52,40,0,1,0,1,0,0
14635,926,21,4,0,0,25,2,2025,11,14,10,35,34,40,0,1,0,1,0,0
14636,926,18,4,0,0,22,1,2025,11,15,9,51,28,40,0,1,0,1,0,0
14637,926,29,3,1,0,33,1,2025,11,15,10,9,10,40,0,1,0,1,0,0
14638,926,27,1,1,0,29,1,2025,11,15,10,26,50,40,0,1,0,1,0,0
14639,926,24,3,3,0,30,1,2025,11,15,10,44,37,40,0,1,0,1,0,0
14640,926,20,6,0,0,26,1,2025,11,15,11,2,21,40,0,1,0,1,0,0
14641,926,26,4,2,0,32,1,2025,11,15,11,20,1,40,0,1,0,1,0,0
14642,926,35,3,0,0,38,1,2025,11,15,11,37,41,40,0,1,0,1,0,0
14643,926,35,4,0,0,39,2,2025,11,15,11,55,22,40,0,1,0,1,0,0
14644,926,29,3,0,0,32,2,2025,11,15,12,13,3,40,0,1,0,0,0,1
14645,926,40,2,1,0,43,2,2025,11,15,12,30,42,40,0,1,0,0,0,1
14646,926,24,6,0,0,30,2,2025,11,15,12,48,24,40,0,1,0,0,0,1
14647,926,38,2,0,0,40,2,2025,11,15,13,6,2,40,0,1,0,0,0,1
14648,926,9,0,0,0,9,0,2025,11,16,8,9,26,40,0,1,0,1,0,0
14649,926,3,0,0,0,3,0,2025,11,16,8,27,7,40,0,1,0,1,0,0
14650,926,20,0,0,0,20,1,2025,11,16,8,44,54,40,0,1,0,1,0,0
14651,926,16,1,0,0,17,1,2025,11,16,9,2,36,40,0,1,0,1,0,0
14652,926,7,0,0,0,7,0,2025,11,16,9,20,16,40,0,1,0,1,0,0
14653,926,14,0,0,0,14,1,2025,11,16,9,37,59,40,0,1,0,1,0,0
14654,926,16,0,0,0,16,1,2025,11,16,9,55,40,40,0,1,0,1,0,0
14655,926,3,0,0,0,3,0,2025,11,16,10,13,28,40,0,1,0,1,0,0
14656,926,9,1,0,0,10,1,2025,11,16,10,31,14,40,0,1,0,1,0,0
14657,926,10,0,0,0,10,0,2025,11,16,10,49,7,40,0,1,0,1,0,0
14658,926,9,0,0,0,9,0,2025,11,16,11,6,59,40,0,1,0,1,0,0
14659,926,28,7,0,0,35,2,2025,11,17,8,23,53,40,0,1,0,1,0,0
14660,926,27,2,0,0,29,2,2025,11,17,8,41,37,40,0,1,0,1,0,0
14661,926,28,3,0,0,31,1,2025,11,17,8,59,14,40,0,1,0,1,0,0
14662,926,26,3,0,0,29,2,2025,11,17,9,16,53,40,0,1,0,1,0,0
14663,926,28,4,0,0,32,2,2025,11,17,9,34,33,40,0,1,0,1,0,0
14664,926,28,3,0,0,31,2,2025,11,17,9,52,12,40,0,1,0,1,0,0
14665,926,19,1,0,0,20,1,2025,11,17,10,9,50,40,0,1,0,1,0,0
14666,926,23,3,1,0,27,1,2025,11,17,10,27,31,40,0,1,0,1,0,0
14667,926,22,6,1,0,29,2,2025,11,17,12,34,30,40,0,1,0,0,0,1
14668,926,22,5,1,0,28,1,2025,11,17,12,52,9,40,0,1,0,0,0,1
14669,926,15,5,0,0,20,1,2025,11,17,13,9,48,40,0,1,0,0,0,1
14670,967,0,0,0,0,0,0,2025,10,27,8,27,11,50,0,1,0,1,0,0
14671,967,0,0,0,0,0,0,2025,10,27,8,44,53,50,0,1,0,1,0,0
14672,967,0,0,0,0,0,0,2025,10,27,9,2,36,50,0,1,0,1,0,0
14673,967,1,0,0,0,1,0,2025,10,27,9,20,14,50,0,1,0,1,0,0
14674,967,3,2,0,0,5,0,2025,10,27,9,37,57,50,0,1,0,1,0,0
14675,967,2,0,0,0,2,0,2025,10,27,9,55,37,50,0,1,0,1,0,0
14676,967,3,0,0,0,3,0,2025,10,27,10,13,23,50,0,1,0,1,0,0
14677,967,3,1,0,0,4,0,2025,10,27,10,31,12,50,0,1,0,1,0,0
14678,967,5,0,0,0,5,0,2025,10,27,12,40,14,50,0,1,0,0,0,1
14679,967,0,0,0,0,0,0,2025,10,27,12,57,57,50,0,1,0,0,0,1
14680,967,1,0,0,0,1,0,2025,10,27,13,15,42,50,0,1,0,0,0,1
14681,967,3,0,0,0,3,0,2025,10,27,13,20,49,50,0,1,0,0,0,1
14682,967,0,0,0,0,0,0,2025,10,27,13,57,14,50,0,1,0,0,0,1
14683,967,0,0,0,0,0,0,2025,10,27,14,55,33,50,0,1,0,0,0,1
14684,967,3,0,0,0,3,0,2025,10,27,15,13,19,50,0,1,0,0,0,1
14685,967,1,0,0,0,1,0,2025,10,27,15,31,5,50,0,1,0,0,0,1
14686,967,1,1,0,0,2,0,2025,10,27,15,48,54,50,0,1,0,0,0,1
14687,967,2,0,0,0,2,0,2025,10,27,18,2,58,50,0,1,0,0,1,0
14688,967,4,2,0,0,6,1,2025,10,27,18,20,33,50,0,1,0,0,1,0
14689,967,1,0,0,0,1,0,2025,10,27,18,38,10,50,0,1,0,0,1,0
14690,967,2,0,0,0,2,0,2025,10,28,7,56,25,50,0,1,0,1,0,0
14691,967,4,0,0,0,4,0,2025,10,28,8,14,1,50,0,1,0,1,0,0
14692,967,2,0,0,0,2,0,2025,10,28,8,31,38,50,0,1,0,1,0,0
14693,967,3,1,0,0,4,0,2025,10,28,8,49,14,50,0,1,0,1,0,0
14694,967,1,0,0,0,1,0,2025,10,28,9,6,49,50,0,1,0,1,0,0
14695,967,0,1,0,0,1,0,2025,10,28,9,24,25,50,0,1,0,1,0,0
14696,967,4,1,0,0,5,1,2025,10,28,9,42,3,50,0,1,0,1,0,0
14697,967,1,0,0,0,1,0,2025,10,28,13,27,49,50,0,1,0,0,0,1
14698,967,6,0,0,0,6,0,2025,10,28,14,45,41,50,0,1,0,0,0,1
14699,967,1,0,0,0,1,0,2025,10,28,15,3,24,50,0,1,0,0,0,1
14700,967,2,0,0,0,2,0,2025,10,28,15,21,7,50,0,1,0,0,0,1
14701,967,2,0,0,0,2,0,2025,10,28,15,38,57,50,0,1,0,0,0,1
14702,967,5,0,0,0,5,0,2025,10,28,15,56,41,50,0,1,0,0,0,1
14703,967,7,0,0,0,7,0,2025,10,28,17,49,5,50,0,1,0,0,0,1
14704,967,1,1,0,0,2,0,2025,10,28,18,6,41,50,0,1,0,0,1,0
14705,967,14,0,1,0,15,0,2025,10,28,18,24,20,50,0,1,0,0,1,0
14706,967,5,0,0,0,5,0,2025,10,28,18,42,0,50,0,1,0,0,1,0
14707,967,8,3,0,0,11,1,2025,10,29,8,23,43,50,0,1,0,1,0,0
14708,967,7,3,0,0,10,2,2025,10,29,8,41,20,50,0,1,0,1,0,0
14709,967,16,1,1,0,18,2,2025,10,29,8,58,56,50,0,1,0,1,0,0
14710,967,15,2,1,0,18,2,2025,10,29,9,16,32,50,0,1,0,1,0,0
14711,967,7,4,0,0,11,1,2025,10,29,9,34,8,50,0,1,0,1,0,0
14712,967,11,3,0,0,14,2,2025,10,29,9,51,44,50,0,1,0,1,0,0
14713,967,7,5,0,0,12,2,2025,10,29,10,9,21,50,0,1,0,1,0,0
14714,967,7,5,0,0,12,2,2025,10,29,10,27,0,50,0,1,0,1,0,0
14715,967,9,7,0,0,16,2,2025,10,29,10,44,38,50,0,1,0,1,0,0
14716,967,5,2,0,0,7,2,2025,10,29,12,33,29,50,0,1,0,0,0,1
14717,967,2,5,0,0,7,1,2025,10,29,12,51,11,50,0,1,0,0,0,1
14718,967,10,4,1,0,15,2,2025,10,29,13,8,52,50,0,1,0,0,0,1
14719,967,11,4,0,0,15,1,2025,10,29,13,26,42,50,0,1,0,0,0,1
14720,967,10,1,1,0,12,1,2025,10,29,13,44,22,50,0,1,0,0,0,1
14721,967,10,3,0,0,13,1,2025,10,29,14,44,9,50,0,1,0,0,0,1
14722,967,13,2,0,0,15,2,2025,10,29,15,1,50,50,0,1,0,0,0,1
14723,967,13,5,0,0,18,2,2025,10,29,15,19,36,50,0,1,0,0,0,1
14724,967,3,2,0,0,5,1,2025,10,29,15,37,17,50,0,1,0,0,0,1
14725,967,8,7,0,0,15,2,2025,10,29,15,54,57,50,0,1,0,0,0,1
14726,967,11,1,0,0,12,1,2025,10,30,8,20,33,50,0,1,0,1,0,0
14727,967,9,2,0,0,11,1,2025,10,30,8,38,16,50,0,1,0,1,0,0
14728,967,3,0,0,0,3,0,2025,10,30,8,55,58,50,0,1,0,1,0,0
14729,967,10,0,1,0,11,0,2025,10,30,9,13,50,50,0,1,0,1,0,0
14730,967,10,1,0,0,11,0,2025,10,30,9,49,50,50,0,1,0,1,0,0
14731,967,6,3,0,0,9,1,2025,10,30,10,7,34,50,0,1,0,1,0,0
14732,967,6,2,0,0,8,0,2025,10,30,10,25,29,50,0,1,0,1,0,0
14733,967,1,1,1,0,3,3,2025,10,30,10,43,12,50,0,1,0,1,0,0
14734,967,4,8,0,0,12,1,2025,10,30,12,29,44,50,0,1,0,0,0,1
14735,967,6,4,0,0,10,1,2025,10,30,12,47,16,50,0,1,0,0,0,1
14736,967,12,2,0,0,14,0,2025,10,30,13,5,0,50,0,1,0,0,0,1
14737,967,9,2,0,0,11,1,2025,10,30,13,22,45,50,0,1,0,0,0,1
14738,967,12,1,1,0,14,1,2025,10,30,13,40,31,50,0,1,0,0,0,1
14739,967,8,2,0,0,10,0,2025,10,30,13,58,17,50,0,1,0,0,0,1
14740,967,11,4,0,0,15,1,2025,10,30,14,57,19,50,0,1,0,0,0,1
14741,967,9,2,0,0,11,0,2025,10,30,15,15,12,50,0,1,0,0,0,1
14742,967,11,3,0,0,14,1,2025,10,30,15,32,57,50,0,1,0,0,0,1
14743,967,10,3,0,0,13,0,2025,10,30,15,57,41,50,0,1,0,0,0,1
14744,967,12,1,0,0,13,1,2025,10,30,16,15,28,50,0,1,0,0,0,1
14745,967,11,2,0,0,13,1,2025,10,31,8,25,14,50,0,1,0,1,0,0
14746,967,8,3,1,0,12,1,2025,10,31,8,42,57,50,0,1,0,1,0,0
14747,967,7,3,0,0,10,0,2025,10,31,9,0,43,50,0,1,0,1,0,0
14748,967,9,0,0,0,9,0,2025,10,31,9,18,32,50,0,1,0,1,0,0
14749,967,5,1,0,0,6,0,2025,10,31,9,44,10,50,0,1,0,1,0,0
14750,967,4,2,0,0,6,0,2025,10,31,10,1,52,50,0,1,0,1,0,0
14751,967,2,3,0,0,5,0,2025,10,31,10,19,34,50,0,1,0,1,0,0
14752,967,7,3,1,0,11,1,2025,10,31,10,37,16,50,0,1,0,1,0,0
14753,967,8,0,0,0,8,0,2025,10,31,15,3,36,50,0,1,0,0,0,1
14754,967,7,1,0,0,8,0,2025,10,31,15,21,29,50,0,1,0,0,0,1
14755,967,6,0,0,0,6,0,2025,10,31,15,39,22,50,0,1,0,0,0,1
14756,967,9,0,0,0,9,0,2025,10,31,15,57,12,50,0,1,0,0,0,1
14757,967,0,0,0,0,0,0,2025,11,1,8,54,48,50,0,1,0,1,0,0
14758,967,3,0,0,0,3,0,2025,11,1,9,12,35,50,0,1,0,1,0,0
14759,967,1,1,0,0,2,0,2025,11,1,9,30,29,50,0,1,0,1,0,0
14760,967,2,0,0,0,2,0,2025,11,1,9,48,17,50,0,1,0,1,0,0
14761,967,1,0,0,0,1,0,2025,11,1,10,6,6,50,0,1,0,1,0,0
14762,967,3,1,0,0,4,0,2025,11,1,10,23,51,50,0,1,0,1,0,0
14763,967,4,0,0,0,4,0,2025,11,1,10,41,35,50,0,1,0,1,0,0
14764,967,10,1,0,0,11,0,2025,11,1,10,59,30,50,0,1,0,1,0,0
14765,967,3,1,0,0,4,0,2025,11,1,11,17,17,50,0,1,0,1,0,0
14766,967,11,0,0,0,11,0,2025,11,1,11,35,1,50,0,1,0,1,0,0
14767,967,7,0,0,0,7,0,2025,11,1,11,52,43,50,0,1,0,1,0,0
14768,967,7,1,0,0,8,0,2025,11,1,12,10,37,50,0,1,0,0,0,1
14769,967,5,0,0,0,5,0,2025,11,1,12,28,23,50,0,1,0,0,0,1
14770,967,4,2,0,0,6,0,2025,11,1,12,46,15,50,0,1,0,0,0,1
14771,967,8,0,0,0,8,0,2025,11,1,13,4,12,50,0,1,0,0,0,1
14772,967,2,0,0,0,2,0,2025,11,1,13,21,58,50,0,1,0,0,0,1
14773,967,6,0,0,0,6,0,2025,11,1,13,39,45,50,0,1,0,0,0,1
14774,967,4,0,0,0,4,0,2025,11,1,13,57,33,50,0,1,0,0,0,1
14775,967,4,1,0,0,5,0,2025,11,1,14,15,25,50,0,1,0,0,0,1
14776,967,4,0,0,0,4,0,2025,11,1,14,33,23,50,0,1,0,0,0,1
14777,967,1,1,0,0,2,0,2025,11,1,14,51,33,50,0,1,0,0,0,1
14778,967,6,0,0,0,6,0,2025,11,1,15,9,30,50,0,1,0,0,0,1
14779,967,2,0,0,0,2,0,2025,11,1,15,27,17,50,0,1,0,0,0,1
14780,967,3,0,0,0,3,0,2025,11,1,15,45,8,50,0,1,0,0,0,1
14781,967,5,0,0,0,5,0,2025,11,1,16,3,4,50,0,1,0,0,0,1
14782,967,4,0,0,0,4,0,2025,11,1,16,20,52,50,0,1,0,0,0,1
14783,967,3,0,0,0,3,0,2025,11,1,16,38,42,50,0,1,0,0,0,1
14784,967,10,0,0,0,10,0,2025,11,1,16,56,38,50,0,1,0,0,0,1
14785,967,4,0,0,0,4,0,2025,11,1,17,14,34,50,0,1,0,0,0,1
14786,967,3,1,0,0,4,0,2025,11,1,17,32,24,50,0,1,0,0,0,1
14787,967,6,1,0,0,7,0,2025,11,1,17,50,13,50,0,1,0,0,0,1
14788,967,8,0,0,0,8,0,2025,11,1,18,8,8,50,0,1,0,0,1,0
14789,967,6,0,0,0,6,0,2025,11,1,18,26,58,50,0,1,0,0,1,0
14790,967,4,0,0,0,4,0,2025,11,2,10,16,48,50,0,1,0,1,0,0
14791,967,2,2,0,0,4,1,2025,11,2,10,34,32,50,0,1,0,1,0,0
14792,967,0,0,0,0,0,0,2025,11,2,10,52,26,50,0,1,0,1,0,0
14793,967,5,1,0,0,6,0,2025,11,2,11,10,9,50,0,1,0,1,0,0
14794,967,4,0,0,0,4,0,2025,11,2,11,28,6,50,0,1,0,1,0,0
14795,967,8,0,0,0,8,0,2025,11,2,12,11,21,50,0,1,0,0,0,1
14796,967,3,1,0,0,4,0,2025,11,2,12,29,8,50,0,1,0,0,0,1
14797,967,7,1,0,0,8,0,2025,11,2,12,46,58,50,0,1,0,0,0,1
14798,967,4,0,0,0,4,0,2025,11,2,13,4,41,50,0,1,0,0,0,1
14799,967,5,0,0,0,5,0,2025,11,2,13,22,21,50,0,1,0,0,0,1
14800,967,3,0,0,0,3,0,2025,11,2,13,40,1,50,0,1,0,0,0,1
14801,967,1,2,0,0,3,0,2025,11,2,13,57,40,50,0,1,0,0,0,1
14802,967,5,0,0,0,5,0,2025,11,2,14,15,18,50,0,1,0,0,0,1
14803,967,3,2,0,0,5,0,2025,11,2,14,32,56,50,0,1,0,0,0,1
14804,967,3,1,0,0,4,0,2025,11,2,14,50,31,50,0,1,0,0,0,1
14805,967,4,0,0,0,4,0,2025,11,2,15,51,3,50,0,1,0,0,0,1
14806,967,7,0,0,0,7,0,2025,11,2,16,8,40,50,0,1,0,0,0,1
14807,967,3,0,0,0,3,0,2025,11,2,16,26,20,50,0,1,0,0,0,1
14808,967,4,1,0,0,5,0,2025,11,2,16,43,59,50,0,1,0,0,0,1
14809,967,6,0,0,0,6,0,2025,11,3,8,44,31,50,0,1,0,1,0,0
14810,967,1,0,0,0,1,0,2025,11,3,9,2,9,50,0,1,0,1,0,0
14811,967,2,0,0,0,2,0,2025,11,3,9,19,45,50,0,1,0,1,0,0
14812,967,4,0,0,0,4,0,2025,11,3,9,37,22,50,0,1,0,1,0,0
14813,967,9,3,0,0,12,1,2025,11,4,8,9,34,50,0,1,0,1,0,0
14814,967,14,4,0,0,18,1,2025,11,4,8,27,11,50,0,1,0,1,0,0
14815,967,4,4,0,0,8,2,2025,11,4,8,44,47,50,0,1,0,1,0,0
14816,967,8,4,0,0,12,1,2025,11,4,9,2,23,50,0,1,0,1,0,0
14817,967,13,4,0,0,17,2,2025,11,4,9,19,59,50,0,1,0,1,0,0
14818,967,15,5,1,0,21,2,2025,11,4,9,37,38,50,0,1,0,1,0,0
14819,967,1,0,0,0,1,0,2025,11,4,12,8,51,50,0,1,0,0,0,1
14820,967,4,1,1,0,6,0,2025,11,4,12,37,13,50,0,1,0,0,0,1
14821,967,5,2,0,0,7,0,2025,11,4,12,54,52,50,0,1,0,0,0,1
14822,967,3,0,0,0,3,0,2025,11,4,13,4,19,50,0,1,0,0,0,1
14823,967,3,2,0,0,5,1,2025,11,4,13,21,57,50,0,1,0,0,0,1
14824,967,2,1,0,0,3,0,2025,11,4,13,39,37,50,0,1,0,0,0,1
14825,967,2,1,0,0,3,0,2025,11,4,14,33,59,50,0,1,0,0,0,1
14826,967,3,1,0,0,4,0,2025,11,4,14,51,39,50,0,1,0,0,0,1
14827,967,7,2,0,0,9,1,2025,11,4,15,9,19,50,0,1,0,0,0,1
14828,967,2,1,0,0,3,0,2025,11,4,15,27,7,50,0,1,0,0,0,1
14829,967,8,1,0,0,9,1,2025,11,4,15,45,3,50,0,1,0,0,0,1
14830,967,7,3,0,0,10,1,2025,11,4,16,2,50,50,0,1,0,0,0,1
14831,967,13,2,0,0,15,1,2025,11,4,18,0,6,50,0,1,0,0,1,0
14832,967,6,1,0,0,7,1,2025,11,4,18,17,45,50,0,1,0,0,1,0
14833,967,11,3,0,0,14,1,2025,11,4,18,35,22,50,0,1,0,0,1,0
14834,967,10,2,1,0,13,1,2025,11,5,7,51,22,50,0,1,0,1,0,0
14835,967,13,0,0,0,13,0,2025,11,5,8,8,59,50,0,1,0,1,0,0
14836,967,9,2,0,0,11,0,2025,11,5,8,26,36,50,0,1,0,1,0,0
14837,967,13,2,0,0,15,0,2025,11,5,8,44,12,50,0,1,0,1,0,0
14838,967,11,3,0,0,14,1,2025,11,5,9,1,49,50,0,1,0,1,0,0
14839,967,7,2,0,0,9,0,2025,11,5,9,19,25,50,0,1,0,1,0,0
14840,967,11,2,0,0,13,1,2025,11,5,9,37,1,50,0,1,0,1,0,0
14841,967,7,3,0,0,10,0,2025,11,5,9,54,38,50,0,1,0,1,0,0
14842,967,7,1,0,0,8,0,2025,11,5,10,12,15,50,0,1,0,1,0,0
14843,967,7,1,0,0,8,0,2025,11,5,10,29,53,50,0,1,0,1,0,0
14844,967,0,4,0,0,4,1,2025,11,5,10,47,29,50,0,1,0,1,0,0
14845,967,11,2,0,0,13,1,2025,11,5,12,44,6,50,0,1,0,0,0,1
14846,967,2,3,1,0,6,0,2025,11,5,13,1,47,50,0,1,0,0,0,1
14847,967,5,3,0,0,8,0,2025,11,5,13,19,26,50,0,1,0,0,0,1
14848,967,5,1,0,0,6,0,2025,11,5,13,37,7,50,0,1,0,0,0,1
14849,967,3,3,0,0,6,1,2025,11,5,13,54,51,50,0,1,0,0,0,1
14850,967,5,3,0,0,8,1,2025,11,5,14,46,42,50,0,1,0,0,0,1
14851,967,12,2,0,0,14,1,2025,11,5,15,4,22,50,0,1,0,0,0,1
14852,967,15,2,0,0,17,1,2025,11,5,15,22,2,50,0,1,0,0,0,1
14853,967,11,0,0,0,11,0,2025,11,5,15,39,43,50,0,1,0,0,0,1
14854,967,8,3,0,0,11,0,2025,11,5,15,57,26,50,0,1,0,0,0,1
14855,967,6,4,0,0,10,1,2025,11,6,7,50,48,50,0,1,0,1,0,0
14856,967,8,1,0,0,9,0,2025,11,6,8,8,28,50,0,1,0,1,0,0
14857,967,13,2,1,0,16,1,2025,11,6,8,26,13,50,0,1,0,1,0,0
14858,967,9,2,0,0,11,1,2025,11,6,8,44,43,50,0,1,0,1,0,0
14859,967,7,3,1,0,11,1,2025,11,6,9,2,24,50,0,1,0,1,0,0
14860,967,14,3,0,0,17,1,2025,11,6,9,20,6,50,0,1,0,1,0,0
14861,967,15,2,0,0,17,1,2025,11,6,9,37,46,50,0,1,0,1,0,0
14862,967,8,0,0,0,8,0,2025,11,6,9,55,34,50,0,1,0,1,0,0
14863,967,6,1,1,0,8,0,2025,11,6,10,13,25,50,0,1,0,1,0,0
14864,967,3,0,0,0,3,0,2025,11,6,10,31,14,50,0,1,0,1,0,0
14865,967,2,1,0,0,3,0,2025,11,6,12,11,35,50,0,1,0,0,0,1
14866,967,1,0,0,0,1,0,2025,11,6,12,31,6,50,0,1,0,0,0,1
14867,967,0,1,0,0,1,0,2025,11,6,12,48,46,50,0,1,0,0,0,1
14868,967,0,2,0,0,2,1,2025,11,6,13,6,26,50,0,1,0,0,0,1
14869,967,1,1,1,0,3,0,2025,11,6,13,39,44,50,0,1,0,0,0,1
14870,967,5,0,0,0,5,0,2025,11,6,13,57,28,50,0,1,0,0,0,1
14871,967,2,2,1,0,5,1,2025,11,7,9,38,42,50,0,1,0,1,0,0
14872,967,5,0,0,0,5,0,2025,11,7,10,13,57,50,0,1,0,1,0,0
14873,967,1,2,0,0,3,0,2025,11,7,10,31,36,50,0,1,0,1,0,0
14874,967,4,3,0,0,7,0,2025,11,7,13,14,27,50,0,1,0,0,0,1
14875,967,6,0,0,0,6,0,2025,11,7,13,32,7,50,0,1,0,0,0,1
14876,967,4,2,1,0,7,0,2025,11,7,13,49,45,50,0,1,0,0,0,1
14877,967,7,0,0,0,7,1,2025,11,7,15,37,20,50,0,1,0,0,0,1
14878,967,7,2,0,0,9,0,2025,11,7,15,55,2,50,0,1,0,0,0,1
14879,967,0,0,0,0,0,0,2025,11,8,7,54,49,50,0,1,0,1,0,0
14880,967,1,0,0,0,1,0,2025,11,8,8,12,28,50,0,1,0,1,0,0
14881,967,0,0,0,0,0,0,2025,11,8,8,30,8,50,0,1,0,1,0,0
14882,967,2,0,0,0,2,0,2025,11,8,8,47,46,50,0,1,0,1,0,0
14883,967,0,0,0,0,0,0,2025,11,8,9,52,24,50,0,1,0,1,0,0
14884,967,0,1,0,0,1,0,2025,11,8,10,31,52,50,0,1,0,1,0,0
14885,967,2,0,0,0,2,0,2025,11,8,10,49,29,50,0,1,0,1,0,0
14886,967,4,3,0,0,7,0,2025,11,8,11,7,6,50,0,1,0,1,0,0
14887,967,5,3,0,0,8,0,2025,11,8,11,24,46,50,0,1,0,1,0,0
14888,967,6,2,1,0,9,0,2025,11,8,11,42,26,50,0,1,0,1,0,0
14889,967,6,2,0,0,8,0,2025,11,8,12,0,6,50,0,1,0,0,0,1
14890,967,6,3,0,0,9,0,2025,11,8,12,17,43,50,0,1,0,0,0,1
14891,967,9,0,0,0,9,0,2025,11,8,12,35,18,50,0,1,0,0,0,1
14892,967,9,2,0,0,11,0,2025,11,8,12,52,54,50,0,1,0,0,0,1
14893,967,5,1,0,0,6,0,2025,11,8,13,10,31,50,0,1,0,0,0,1
14894,967,7,1,0,0,8,0,2025,11,8,13,28,7,50,0,1,0,0,0,1
14895,967,7,1,0,0,8,0,2025,11,8,13,45,45,50,0,1,0,0,0,1
14896,967,10,1,0,0,11,0,2025,11,8,14,3,22,50,0,1,0,0,0,1
14897,967,5,0,0,0,5,0,2025,11,8,14,20,59,50,0,1,0,0,0,1
14898,967,6,0,0,0,6,0,2025,11,8,14,38,36,50,0,1,0,0,0,1
14899,967,2,0,0,0,2,0,2025,11,8,15,34,20,50,0,1,0,0,0,1
14900,967,3,0,0,0,3,0,2025,11,8,15,51,58,50,0,1,0,0,0,1
14901,967,4,1,0,0,5,0,2025,11,8,16,9,37,50,0,1,0,0,0,1
14902,967,0,0,0,0,0,0,2025,11,8,16,27,17,50,0,1,0,0,0,1
14903,967,3,0,0,0,3,0,2025,11,8,16,44,57,50,0,1,0,0,0,1
14904,967,3,1,0,0,4,0,2025,11,8,17,2,37,50,0,1,0,0,0,1
14905,967,1,1,0,0,2,0,2025,11,9,8,29,47,50,0,1,0,1,0,0
14906,967,2,0,0,0,2,0,2025,11,9,8,47,25,50,0,1,0,1,0,0
14907,967,0,0,0,0,0,0,2025,11,9,9,5,0,50,0,1,0,1,0,0
14908,967,0,0,0,0,0,0,2025,11,9,9,22,38,50,0,1,0,1,0,0
14909,967,4,1,0,0,5,0,2025,11,9,9,40,15,50,0,1,0,1,0,0
14910,967,6,0,0,0,6,0,2025,11,9,9,57,55,50,0,1,0,1,0,0
14911,967,0,0,0,0,0,0,2025,11,9,10,15,33,50,0,1,0,1,0,0
14912,967,4,0,0,0,4,0,2025,11,9,10,33,12,50,0,1,0,1,0,0
14913,967,4,0,0,0,4,0,2025,11,9,10,50,47,50,0,1,0,1,0,0
14914,967,4,0,0,0,4,0,2025,11,9,11,8,23,50,0,1,0,1,0,0
14915,967,5,0,0,0,5,0,2025,11,9,11,26,0,50,0,1,0,1,0,0
14916,967,7,1,0,0,8,0,2025,11,9,11,43,45,50,0,1,0,1,0,0
14917,967,5,0,0,0,5,0,2025,11,9,12,1,24,50,0,1,0,0,0,1
14918,967,2,1,0,0,3,1,2025,11,9,12,19,2,50,0,1,0,0,0,1
14919,967,5,1,0,0,6,0,2025,11,9,12,36,40,50,0,1,0,0,0,1
14920,967,8,3,0,0,11,1,2025,11,9,12,54,21,50,0,1,0,0,0,1
14921,967,4,0,0,0,4,0,2025,11,9,15,20,15,50,0,1,0,0,0,1
14922,967,1,0,0,0,1,0,2025,11,9,15,37,53,50,0,1,0,0,0,1
14923,967,5,0,0,0,5,0,2025,11,9,15,55,34,50,0,1,0,0,0,1
14924,967,7,0,0,0,7,0,2025,11,9,16,13,13,50,0,1,0,0,0,1
14925,967,2,1,1,0,4,0,2025,11,9,16,30,52,50,0,1,0,0,0,1
14926,967,6,0,0,0,6,0,2025,11,9,16,48,30,50,0,1,0,0,0,1
14927,967,12,1,0,0,13,0,2025,11,9,17,6,4,50,0,1,0,0,0,1
14928,967,11,2,0,0,13,0,2025,11,9,17,23,43,50,0,1,0,0,0,1
14929,967,5,0,0,0,5,0,2025,11,9,17,41,22,50,0,1,0,0,0,1
14930,967,7,0,0,0,7,0,2025,11,9,17,59,1,50,0,1,0,0,0,1
14931,967,6,0,0,0,6,0,2025,11,9,18,16,39,50,0,1,0,0,1,0
14932,967,2,1,0,0,3,0,2025,11,9,18,34,17,50,0,1,0,0,1,0
14933,967,9,5,0,0,14,0,2025,11,11,7,59,35,50,0,1,0,1,0,0
14934,967,19,1,0,0,20,1,2025,11,11,8,17,9,50,0,1,0,1,0,0
14935,967,19,1,0,0,20,1,2025,11,11,8,34,43,50,0,1,0,1,0,0
14936,967,11,1,1,0,13,0,2025,11,11,8,52,18,50,0,1,0,1,0,0
14937,967,9,1,1,0,11,0,2025,11,11,9,9,54,50,0,1,0,1,0,0
14938,967,4,1,0,0,5,0,2025,11,11,9,27,30,50,0,1,0,1,0,0
14939,967,8,0,0,0,8,1,2025,11,11,14,34,51,50,0,1,0,0,0,1
14940,967,12,0,0,0,12,1,2025,11,11,14,52,30,50,0,1,0,0,0,1
14941,967,11,0,1,0,12,1,2025,11,11,15,10,9,50,0,1,0,0,0,1
14942,967,12,0,3,0,15,1,2025,11,11,15,27,50,50,0,1,0,0,0,1
14943,967,11,1,0,0,12,0,2025,11,11,15,45,33,50,0,1,0,0,0,1
14944,967,5,1,0,0,6,0,2025,11,11,16,3,13,50,0,1,0,0,0,1
14945,967,8,2,0,0,10,1,2025,11,11,17,47,59,50,0,1,0,0,0,1
14946,967,13,3,0,0,16,1,2025,11,11,18,5,35,50,0,1,0,0,1,0
14947,967,14,1,0,0,15,1,2025,11,11,18,23,11,50,0,1,0,0,1,0
14948,967,10,2,0,0,12,0,2025,11,12,8,37,14,50,0,1,0,1,0,0
14949,967,6,2,0,0,8,1,2025,11,12,8,54,57,50,0,1,0,1,0,0
14950,967,9,4,0,0,13,1,2025,11,12,9,12,41,50,0,1,0,1,0,0
14951,967,4,1,0,0,5,1,2025,11,12,9,30,34,50,0,1,0,1,0,0
14952,967,3,2,1,0,6,1,2025,11,12,12,35,8,50,0,1,0,0,0,1
14953,967,7,4,0,0,11,1,2025,11,14,9,7,14,50,0,1,0,1,0,0
14954,967,9,1,1,0,11,1,2025,11,14,9,24,52,50,0,1,0,1,0,0
14955,967,3,2,0,0,5,0,2025,11,14,9,42,34,50,0,1,0,1,0,0
14956,967,13,1,1,0,15,1,2025,11,14,10,0,12,50,0,1,0,1,0,0
14957,967,6,0,0,0,6,0,2025,11,14,10,17,51,50,0,1,0,1,0,0
14958,967,4,2,0,0,6,0,2025,11,14,10,35,32,50,0,1,0,1,0,0
14959,967,0,0,0,0,0,0,2025,11,15,9,51,26,50,0,1,0,1,0,0
14960,967,0,0,0,0,0,0,2025,11,17,13,9,46,50,0,1,0,0,0,1
14961,971,7,2,0,0,9,0,2025,10,27,8,27,11,50,0,1,0,1,0,0
14962,971,6,2,1,0,9,0,2025,10,27,8,44,55,50,0,1,0,1,0,0
14963,971,1,0,1,0,2,0,2025,10,27,9,2,37,50,0,1,0,1,0,0
14964,971,1,1,1,0,3,1,2025,10,27,9,20,15,50,0,1,0,1,0,0
14965,971,1,1,0,0,2,0,2025,10,27,9,37,58,50,0,1,0,1,0,0
14966,971,3,2,0,0,5,0,2025,10,27,9,55,39,50,0,1,0,1,0,0
14967,971,0,1,1,0,2,0,2025,10,27,10,13,26,50,0,1,0,1,0,0
14968,971,1,2,0,0,3,0,2025,10,27,10,31,13,50,0,1,0,1,0,0
14969,971,1,4,0,0,5,0,2025,10,27,12,40,15,50,0,1,0,0,0,1
14970,971,5,3,0,0,8,1,2025,10,27,12,57,58,50,0,1,0,0,0,1
14971,971,8,2,1,0,11,0,2025,10,27,13,15,44,50,0,1,0,0,0,1
14972,971,5,3,1,0,9,0,2025,10,27,13,20,51,50,0,1,0,0,0,1
14973,971,0,0,0,0,0,0,2025,10,28,8,14,2,50,0,1,0,1,0,0
14974,971,1,0,0,0,1,0,2025,10,28,8,31,38,50,0,1,0,1,0,0
14975,971,1,0,0,0,1,0,2025,10,28,8,49,14,50,0,1,0,1,0,0
14976,971,0,0,0,0,0,0,2025,10,28,9,6,50,50,0,1,0,1,0,0
14977,971,11,7,0,0,18,1,2025,10,28,9,24,26,50,0,1,0,1,0,0
14978,971,12,7,0,0,19,1,2025,10,28,9,42,4,50,0,1,0,1,0,0
14979,971,4,3,0,0,7,0,2025,10,28,13,27,51,50,0,1,0,0,0,1
14980,971,18,8,0,0,26,2,2025,10,28,14,45,43,50,0,1,0,0,0,1
14981,971,5,4,0,0,9,0,2025,10,28,15,3,25,50,0,1,0,0,0,1
14982,971,11,1,0,0,12,1,2025,10,28,15,21,10,50,0,1,0,0,0,1
14983,971,20,0,1,0,21,1,2025,10,28,15,38,59,50,0,1,0,0,0,1
14984,971,5,1,0,0,6,0,2025,10,28,15,56,43,50,0,1,0,0,0,1
14985,971,7,1,0,0,8,0,2025,10,28,17,49,5,50,0,1,0,0,0,1
14986,971,14,1,0,0,15,0,2025,10,28,18,6,41,50,0,1,0,0,1,0
14987,971,16,3,0,0,19,1,2025,10,28,18,24,21,50,0,1,0,0,1,0
14988,971,11,4,0,0,15,1,2025,10,28,18,42,0,50,0,1,0,0,1,0
14989,971,0,0,0,0,0,0,2025,10,30,12,29,46,50,0,1,0,0,0,1
14990,971,0,0,0,0,0,0,2025,10,30,13,5,2,50,0,1,0,0,0,1
14991,971,6,0,1,0,7,0,2025,10,30,13,22,47,50,0,1,0,0,0,1
14992,971,5,4,1,0,10,1,2025,10,30,13,40,33,50,0,1,0,0,0,1
14993,971,9,4,0,0,13,1,2025,10,30,13,58,19,50,0,1,0,0,0,1
14994,971,11,1,0,0,12,1,2025,10,30,14,57,20,50,0,1,0,0,0,1
14995,971,3,1,1,0,5,1,2025,10,30,15,15,14,50,0,1,0,0,0,1
14996,971,15,3,0,0,18,0,2025,10,30,15,32,59,50,0,1,0,0,0,1
14997,971,20,1,0,0,21,1,2025,10,30,15,57,42,50,0,1,0,0,0,1
14998,971,8,4,0,0,12,0,2025,10,30,16,15,30,50,0,1,0,0,0,1
14999,971,1,0,0,0,1,1,2025,10,31,15,3,38,50,0,1,0,0,0,1
15000,971,14,0,1,0,15,1,2025,10,31,15,21,31,50,0,1,0,0,0,1
15001,971,15,0,0,0,15,0,2025,10,31,15,39,24,50,0,1,0,0,0,1
15002,971,13,5,2,0,20,1,2025,10,31,15,57,13,50,0,1,0,0,0,1
15003,971,0,0,0,0,0,0,2025,11,1,9,30,31,50,0,1,0,1,0,0
15004,971,1,0,0,0,1,1,2025,11,1,9,48,18,50,0,1,0,1,0,0
15005,971,0,0,0,0,0,0,2025,11,1,10,6,8,50,0,1,0,1,0,0
15006,971,0,0,0,0,0,0,2025,11,1,10,23,52,50,0,1,0,1,0,0
15007,971,0,0,0,0,0,0,2025,11,1,10,41,37,50,0,1,0,1,0,0
15008,971,0,0,0,0,0,0,2025,11,1,10,59,32,50,0,1,0,1,0,0
15009,971,0,0,0,0,0,0,2025,11,1,11,17,20,50,0,1,0,1,0,0
15010,971,0,0,0,0,0,0,2025,11,1,11,35,1,50,0,1,0,1,0,0
15011,971,0,0,0,0,0,0,2025,11,1,11,52,44,50,0,1,0,1,0,0
15012,971,1,0,0,0,1,1,2025,11,1,12,10,39,50,0,1,0,0,0,1
15013,971,0,0,0,0,0,0,2025,11,1,12,28,25,50,0,1,0,0,0,1
15014,971,0,0,0,0,0,0,2025,11,1,12,46,17,50,0,1,0,0,0,1
15015,971,1,0,0,0,1,1,2025,11,1,13,4,14,50,0,1,0,0,0,1
15016,971,0,0,0,0,0,0,2025,11,1,13,22,0,50,0,1,0,0,0,1
15017,971,0,0,0,0,0,0,2025,11,1,13,39,46,50,0,1,0,0,0,1
15018,971,0,0,0,0,0,0,2025,11,1,13,57,35,50,0,1,0,0,0,1
15019,971,0,0,0,0,0,0,2025,11,1,14,15,27,50,0,1,0,0,0,1
15020,971,0,0,0,0,0,0,2025,11,1,14,33,28,50,0,1,0,0,0,1
15021,971,1,0,0,0,1,1,2025,11,1,14,51,35,50,0,1,0,0,0,1
15022,971,0,0,0,0,0,0,2025,11,1,15,9,32,50,0,1,0,0,0,1
15023,971,0,0,0,0,0,0,2025,11,1,15,27,19,50,0,1,0,0,0,1
15024,971,0,0,0,0,0,0,2025,11,1,15,45,10,50,0,1,0,0,0,1
15025,971,0,0,0,0,0,0,2025,11,1,16,3,6,50,0,1,0,0,0,1
15026,971,0,0,0,0,0,0,2025,11,1,16,20,54,50,0,1,0,0,0,1
15027,971,0,0,0,0,0,0,2025,11,1,16,38,44,50,0,1,0,0,0,1
15028,971,0,0,0,0,0,0,2025,11,1,16,56,40,50,0,1,0,0,0,1
15029,971,0,0,0,0,0,0,2025,11,1,17,14,37,50,0,1,0,0,0,1
15030,971,0,0,0,0,0,0,2025,11,1,17,32,25,50,0,1,0,0,0,1
15031,971,0,0,0,0,0,0,2025,11,1,17,50,16,50,0,1,0,0,0,1
15032,971,0,0,0,0,0,1,2025,11,1,18,8,10,50,0,1,0,0,1,0
15033,971,0,0,0,0,0,0,2025,11,1,18,27,0,50,0,1,0,0,1,0
15034,971,1,1,0,0,2,1,2025,11,1,18,44,53,50,0,1,0,0,1,0
15035,971,1,0,0,0,1,0,2025,11,1,19,2,41,50,0,1,0,0,1,0
15036,971,0,0,0,0,0,0,2025,11,1,19,37,18,50,0,1,0,0,1,0
15037,971,0,0,0,0,0,0,2025,11,2,10,16,49,50,0,1,0,1,0,0
15038,971,0,0,0,0,0,0,2025,11,2,10,34,33,50,0,1,0,1,0,0
15039,971,0,0,0,0,0,0,2025,11,2,10,52,28,50,0,1,0,1,0,0
15040,971,0,0,0,0,0,0,2025,11,2,11,10,11,50,0,1,0,1,0,0
15041,971,0,0,0,0,0,0,2025,11,2,11,28,7,50,0,1,0,1,0,0
15042,971,1,0,0,0,1,1,2025,11,2,12,11,23,50,0,1,0,0,0,1
15043,971,0,0,0,0,0,0,2025,11,2,12,29,10,50,0,1,0,0,0,1
15044,971,0,0,0,0,0,0,2025,11,2,12,46,59,50,0,1,0,0,0,1
15045,971,5,0,0,0,5,0,2025,11,2,13,4,43,50,0,1,0,0,0,1
15046,971,9,0,0,0,9,0,2025,11,2,13,22,23,50,0,1,0,0,0,1
15047,971,7,0,0,0,7,0,2025,11,2,13,40,2,50,0,1,0,0,0,1
15048,971,6,0,0,0,6,0,2025,11,2,13,57,40,50,0,1,0,0,0,1
15049,971,17,0,0,0,17,0,2025,11,2,14,15,19,50,0,1,0,0,0,1
15050,971,10,2,0,0,12,0,2025,11,2,14,32,56,50,0,1,0,0,0,1
15051,971,9,1,0,0,10,0,2025,11,2,14,50,32,50,0,1,0,0,0,1
15052,971,6,0,0,0,6,0,2025,11,2,15,51,4,50,0,1,0,0,0,1
15053,971,8,2,0,0,10,0,2025,11,2,16,8,41,50,0,1,0,0,0,1
15054,971,7,0,0,0,7,0,2025,11,2,16,26,21,50,0,1,0,0,0,1
15055,971,4,0,0,0,4,0,2025,11,2,16,44,0,50,0,1,0,0,0,1
15056,971,0,0,0,0,0,0,2025,11,3,8,26,54,50,0,1,0,1,0,0
15057,971,8,0,0,0,8,0,2025,11,3,8,44,31,50,0,1,0,1,0,0
15058,971,5,0,1,0,6,1,2025,11,3,9,2,9,50,0,1,0,1,0,0
15059,971,2,0,0,0,2,0,2025,11,3,9,19,45,50,0,1,0,1,0,0
15060,971,3,2,0,0,5,1,2025,11,3,9,37,23,50,0,1,0,1,0,0
15061,971,1,1,0,0,2,2,2025,11,4,8,44,47,50,0,1,0,1,0,0
15062,971,0,0,0,0,0,0,2025,11,4,9,2,24,50,0,1,0,1,0,0
15063,971,4,1,0,0,5,1,2025,11,4,9,20,0,50,0,1,0,1,0,0
15064,971,23,7,4,0,34,2,2025,11,4,9,37,39,50,0,1,0,1,0,0
15065,971,11,13,0,0,24,2,2025,11,4,12,8,52,50,0,1,0,0,0,1
15066,971,13,8,0,0,21,1,2025,11,4,12,37,14,50,0,1,0,0,0,1
15067,971,12,10,0,0,22,1,2025,11,4,12,54,54,50,0,1,0,0,0,1
15068,971,12,10,0,0,22,1,2025,11,4,13,4,19,50,0,1,0,0,0,1
15069,971,15,8,2,0,25,2,2025,11,4,13,21,58,50,0,1,0,0,0,1
15070,971,14,6,0,0,20,1,2025,11,4,13,39,38,50,0,1,0,0,0,1
15071,971,16,9,0,0,25,1,2025,11,4,14,34,0,50,0,1,0,0,0,1
15072,971,17,8,0,0,25,2,2025,11,4,14,51,40,50,0,1,0,0,0,1
15073,971,18,7,0,0,25,1,2025,11,4,15,9,20,50,0,1,0,0,0,1
15074,971,26,6,0,0,32,1,2025,11,4,15,27,9,50,0,1,0,0,0,1
15075,971,18,5,0,0,23,1,2025,11,4,15,45,10,50,0,1,0,0,0,1
15076,971,21,5,0,0,26,1,2025,11,4,16,2,52,50,0,1,0,0,0,1
15077,971,24,2,0,0,26,2,2025,11,4,18,0,7,50,0,1,0,0,1,0
15078,971,18,4,0,0,22,2,2025,11,4,18,17,46,50,0,1,0,0,1,0
15079,971,18,3,0,0,21,1,2025,11,4,18,35,23,50,0,1,0,0,1,0
15080,971,0,0,0,0,0,0,2025,11,5,9,54,39,50,0,1,0,1,0,0
15081,971,0,0,0,0,0,0,2025,11,5,10,12,15,50,0,1,0,1,0,0
15082,971,0,0,0,0,0,0,2025,11,5,10,29,54,50,0,1,0,1,0,0
15083,971,0,0,0,0,0,0,2025,11,5,10,47,29,50,0,1,0,1,0,0
15084,971,3,5,1,0,9,0,2025,11,5,12,44,7,50,0,1,0,0,0,1
15085,971,13,4,0,0,17,1,2025,11,5,13,1,48,50,0,1,0,0,0,1
15086,971,8,6,0,0,14,1,2025,11,5,13,19,27,50,0,1,0,0,0,1
15087,971,6,3,0,0,9,1,2025,11,5,13,37,9,50,0,1,0,0,0,1
15088,971,6,5,0,0,11,1,2025,11,5,13,54,52,50,0,1,0,0,0,1
15089,971,0,0,0,0,0,0,2025,11,6,8,26,14,50,0,1,0,1,0,0
15090,971,1,0,0,0,1,0,2025,11,6,8,44,44,50,0,1,0,1,0,0
15091,971,0,0,0,0,0,0,2025,11,6,9,2,25,50,0,1,0,1,0,0
15092,971,2,0,0,0,2,0,2025,11,6,9,20,7,50,0,1,0,1,0,0
15093,971,1,1,1,0,3,0,2025,11,6,9,37,48,50,0,1,0,1,0,0
15094,971,9,1,0,0,10,0,2025,11,6,9,55,35,50,0,1,0,1,0,0
15095,971,3,1,0,0,4,0,2025,11,6,10,13,27,50,0,1,0,1,0,0
15096,971,11,4,1,0,16,1,2025,11,6,10,31,15,50,0,1,0,1,0,0
15097,971,9,7,1,0,17,1,2025,11,6,12,11,37,50,0,1,0,0,0,1
15098,971,16,10,0,0,26,1,2025,11,6,12,31,7,50,0,1,0,0,0,1
15099,971,9,9,2,0,20,1,2025,11,6,12,48,47,50,0,1,0,0,0,1
15100,971,6,2,0,0,8,0,2025,11,6,13,6,27,50,0,1,0,0,0,1
15101,971,11,5,2,0,18,1,2025,11,6,13,39,46,50,0,1,0,0,0,1
15102,971,9,3,1,0,13,0,2025,11,6,13,57,29,50,0,1,0,0,0,1
15103,971,0,0,0,0,0,0,2025,11,7,9,38,42,50,0,1,0,1,0,0
15104,971,8,4,0,0,12,0,2025,11,7,10,13,58,50,0,1,0,1,0,0
15105,971,9,4,1,0,14,1,2025,11,7,10,31,37,50,0,1,0,1,0,0
15106,971,0,0,0,0,0,0,2025,11,7,13,14,27,50,0,1,0,0,0,1
15107,971,16,5,3,0,24,1,2025,11,7,13,32,8,50,0,1,0,0,0,1
15108,971,22,10,0,0,32,1,2025,11,7,13,49,45,50,0,1,0,0,0,1
15109,971,14,2,3,0,19,1,2025,11,7,15,37,20,50,0,1,0,0,0,1
15110,971,13,4,2,0,19,1,2025,11,7,15,55,2,50,0,1,0,0,0,1
15111,971,0,0,0,0,0,0,2025,11,8,8,30,9,50,0,1,0,1,0,0
15112,971,0,0,0,0,0,0,2025,11,8,8,47,47,50,0,1,0,1,0,0
15113,971,0,0,0,0,0,0,2025,11,8,9,52,25,50,0,1,0,1,0,0
15114,971,0,0,0,0,0,0,2025,11,8,10,31,53,50,0,1,0,1,0,0
15115,971,0,0,0,0,0,0,2025,11,8,10,49,30,50,0,1,0,1,0,0
15116,971,1,0,0,0,1,0,2025,11,8,11,7,7,50,0,1,0,1,0,0
15117,971,0,0,0,0,0,0,2025,11,8,11,24,48,50,0,1,0,1,0,0
15118,971,0,0,0,0,0,0,2025,11,8,11,42,27,50,0,1,0,1,0,0
15119,971,1,0,0,0,1,0,2025,11,8,12,0,7,50,0,1,0,0,0,1
15120,971,0,0,0,0,0,0,2025,11,8,12,17,44,50,0,1,0,0,0,1
15121,971,10,0,0,0,10,0,2025,11,8,12,35,18,50,0,1,0,0,0,1
15122,971,8,0,0,0,8,0,2025,11,8,12,52,54,50,0,1,0,0,0,1
15123,971,8,1,0,0,9,0,2025,11,8,13,10,31,50,0,1,0,0,0,1
15124,971,12,1,0,0,13,0,2025,11,8,13,28,8,50,0,1,0,0,0,1
15125,971,9,0,0,0,9,0,2025,11,8,13,45,45,50,0,1,0,0,0,1
15126,971,8,0,0,0,8,0,2025,11,8,14,3,23,50,0,1,0,0,0,1
15127,971,3,0,0,0,3,0,2025,11,8,14,21,0,50,0,1,0,0,0,1
15128,971,6,0,0,0,6,0,2025,11,8,14,38,36,50,0,1,0,0,0,1
15129,971,1,0,0,0,1,0,2025,11,8,15,34,21,50,0,1,0,0,0,1
15130,971,4,0,0,0,4,0,2025,11,8,15,51,59,50,0,1,0,0,0,1
15131,971,1,0,0,0,1,0,2025,11,8,16,9,38,50,0,1,0,0,0,1
15132,971,4,0,0,0,4,0,2025,11,8,16,27,18,50,0,1,0,0,0,1
15133,971,3,0,0,0,3,0,2025,11,8,16,44,58,50,0,1,0,0,0,1
15134,971,6,0,0,0,6,0,2025,11,8,17,2,37,50,0,1,0,0,0,1
15135,971,20,1,1,0,22,2,2025,11,9,12,19,3,50,0,1,0,0,0,1
15136,971,19,0,0,0,19,1,2025,11,9,12,36,41,50,0,1,0,0,0,1
15137,971,13,3,0,0,16,1,2025,11,9,12,54,22,50,0,1,0,0,0,1
15138,971,12,0,0,0,12,1,2025,11,9,15,20,16,50,0,1,0,0,0,1
15139,971,13,2,0,0,15,1,2025,11,9,15,37,55,50,0,1,0,0,0,1
15140,971,11,2,0,0,13,1,2025,11,9,15,55,35,50,0,1,0,0,0,1
15141,971,15,1,0,0,16,1,2025,11,9,16,13,14,50,0,1,0,0,0,1
15142,971,6,1,0,0,7,0,2025,11,9,16,30,53,50,0,1,0,0,0,1
15143,971,5,0,1,0,6,0,2025,11,9,16,48,30,50,0,1,0,0,0,1
15144,971,13,1,0,0,14,1,2025,11,9,17,6,5,50,0,1,0,0,0,1
15145,971,14,0,0,0,14,1,2025,11,9,17,23,44,50,0,1,0,0,0,1
15146,971,15,0,0,0,15,0,2025,11,9,17,41,23,50,0,1,0,0,0,1
15147,971,15,0,0,0,15,1,2025,11,9,17,59,2,50,0,1,0,0,0,1
15148,971,9,1,0,0,10,1,2025,11,9,18,16,40,50,0,1,0,0,1,0
15149,971,21,7,0,0,28,2,2025,11,11,14,34,52,50,0,1,0,0,0,1
15150,971,22,4,1,0,27,2,2025,11,11,14,52,31,50,0,1,0,0,0,1
15151,971,17,5,0,0,22,1,2025,11,11,15,10,11,50,0,1,0,0,0,1
15152,971,15,3,0,0,18,1,2025,11,11,15,27,52,50,0,1,0,0,0,1
15153,971,15,7,0,0,22,1,2025,11,11,15,45,36,50,0,1,0,0,0,1
15154,971,13,6,0,0,19,1,2025,11,11,16,3,14,50,0,1,0,0,0,1
15155,971,26,2,0,0,28,1,2025,11,11,17,48,0,50,0,1,0,0,0,1
15156,971,11,2,0,0,13,0,2025,11,11,18,5,36,50,0,1,0,0,1,0
15157,971,14,1,0,0,15,1,2025,11,11,18,23,11,50,0,1,0,0,1,0
15158,971,0,0,0,0,0,0,2025,11,17,13,9,47,50,0,1,0,0,0,1
15159,972,12,0,1,0,13,0,2025,10,27,8,44,53,50,0,1,0,1,0,0
15160,972,9,8,1,0,18,1,2025,10,27,9,2,36,50,0,1,0,1,0,0
15161,972,13,2,0,0,15,1,2025,10,27,9,20,14,50,0,1,0,1,0,0
15162,972,8,3,0,0,11,1,2025,10,27,9,37,56,50,0,1,0,1,0,0
15163,972,10,2,0,0,12,1,2025,10,27,9,55,37,50,0,1,0,1,0,0
15164,972,9,3,0,0,12,1,2025,10,27,10,13,22,50,0,1,0,1,0,0
15165,972,4,4,0,0,8,1,2025,10,27,10,31,11,50,0,1,0,1,0,0
15166,972,5,4,0,0,9,1,2025,10,27,12,40,13,50,0,1,0,0,0,1
15167,972,6,7,0,0,13,1,2025,10,27,12,57,56,50,0,1,0,0,0,1
15168,972,3,4,1,0,8,1,2025,10,27,13,15,42,50,0,1,0,0,0,1
15169,972,5,6,0,0,11,0,2025,10,27,13,20,49,50,0,1,0,0,0,1
15170,972,9,0,0,0,9,0,2025,10,27,13,57,13,50,0,1,0,0,0,1
15171,972,9,1,0,0,10,1,2025,10,27,14,55,33,50,0,1,0,0,0,1
15172,972,7,6,0,0,13,1,2025,10,27,15,13,19,50,0,1,0,0,0,1
15173,972,15,3,0,0,18,1,2025,10,27,15,31,5,50,0,1,0,0,0,1
15174,972,5,1,0,0,6,0,2025,10,27,15,48,54,50,0,1,0,0,0,1
15175,972,13,2,0,0,15,1,2025,10,27,18,2,57,50,0,1,0,0,1,0
15176,972,12,4,0,0,16,1,2025,10,28,8,49,14,50,0,1,0,1,0,0
15177,972,16,4,0,0,20,2,2025,10,28,9,6,49,50,0,1,0,1,0,0
15178,972,11,4,0,0,15,1,2025,10,28,9,24,25,50,0,1,0,1,0,0
15179,972,12,5,0,0,17,1,2025,10,28,9,42,3,50,0,1,0,1,0,0
15180,972,7,6,0,0,13,1,2025,10,28,13,27,49,50,0,1,0,0,0,1
15181,972,3,2,1,0,6,0,2025,10,28,14,45,41,50,0,1,0,0,0,1
15182,972,10,0,2,0,12,0,2025,10,28,15,3,24,50,0,1,0,0,0,1
15183,972,17,6,0,0,23,1,2025,10,28,15,21,7,50,0,1,0,0,0,1
15184,972,8,1,0,0,9,0,2025,10,28,15,38,57,50,0,1,0,0,0,1
15185,972,7,4,0,0,11,1,2025,10,28,15,56,41,50,0,1,0,0,0,1
15186,972,15,4,0,0,19,2,2025,10,28,17,49,5,50,0,1,0,0,0,1
15187,972,22,4,0,0,26,1,2025,10,28,18,24,19,50,0,1,0,0,1,0
15188,972,22,4,0,0,26,1,2025,10,28,18,42,0,50,0,1,0,0,1,0
15189,972,13,5,0,0,18,1,2025,10,29,9,16,31,50,0,1,0,1,0,0
15190,972,8,4,0,0,12,0,2025,10,30,12,29,44,50,0,1,0,0,0,1
15191,972,8,2,0,0,10,1,2025,10,30,12,47,16,50,0,1,0,0,0,1
15192,972,10,2,0,0,12,0,2025,10,30,13,5,0,50,0,1,0,0,0,1
15193,972,9,3,1,0,13,1,2025,10,30,13,22,45,50,0,1,0,0,0,1
15194,972,8,2,0,0,10,0,2025,10,30,13,40,31,50,0,1,0,0,0,1
15195,972,6,3,0,0,9,1,2025,10,30,13,58,17,50,0,1,0,0,0,1
15196,972,8,3,0,0,11,1,2025,10,30,14,57,19,50,0,1,0,0,0,1
15197,972,8,2,1,0,11,0,2025,10,30,15,15,12,50,0,1,0,0,0,1
15198,972,15,2,0,0,17,1,2025,10,30,15,32,57,50,0,1,0,0,0,1
15199,972,10,5,1,0,16,1,2025,10,30,15,57,40,50,0,1,0,0,0,1
15200,972,10,2,0,0,12,1,2025,10,30,16,15,28,50,0,1,0,0,0,1
15201,972,8,5,0,0,13,1,2025,10,31,10,37,16,50,0,1,0,1,0,0
15202,972,19,4,4,0,27,2,2025,10,31,15,3,36,50,0,1,0,0,0,1
15203,972,21,6,0,0,27,2,2025,10,31,15,21,29,50,0,1,0,0,0,1
15204,972,30,3,1,0,34,2,2025,10,31,15,39,22,50,0,1,0,0,0,1
15205,972,22,4,0,0,26,2,2025,10,31,15,57,11,50,0,1,0,0,0,1
15206,972,5,1,0,0,6,0,2025,11,1,9,30,28,50,0,1,0,1,0,0
15207,972,7,2,0,0,9,1,2025,11,1,9,48,16,50,0,1,0,1,0,0
15208,972,8,0,0,0,8,0,2025,11,1,10,6,6,50,0,1,0,1,0,0
15209,972,5,2,0,0,7,0,2025,11,1,10,23,51,50,0,1,0,1,0,0
15210,972,5,1,0,0,6,0,2025,11,1,10,41,35,50,0,1,0,1,0,0
15211,972,5,2,0,0,7,1,2025,11,1,10,59,30,50,0,1,0,1,0,0
15212,972,7,1,0,0,8,0,2025,11,1,11,17,17,50,0,1,0,1,0,0
15213,972,8,1,0,0,9,0,2025,11,1,11,35,0,50,0,1,0,1,0,0
15214,972,11,2,0,0,13,0,2025,11,1,11,52,42,50,0,1,0,1,0,0
15215,972,6,0,0,0,6,0,2025,11,1,12,10,37,50,0,1,0,0,0,1
15216,972,14,1,0,0,15,1,2025,11,1,12,28,23,50,0,1,0,0,0,1
15217,972,16,3,0,0,19,1,2025,11,1,12,46,15,50,0,1,0,0,0,1
15218,972,11,1,1,0,13,0,2025,11,1,13,4,11,50,0,1,0,0,0,1
15219,972,4,1,1,0,6,0,2025,11,1,13,21,57,50,0,1,0,0,0,1
15220,972,12,0,0,0,12,0,2025,11,1,13,39,44,50,0,1,0,0,0,1
15221,972,18,0,0,0,18,0,2025,11,1,13,57,33,50,0,1,0,0,0,1
15222,972,18,0,0,0,18,1,2025,11,1,14,15,25,50,0,1,0,0,0,1
15223,972,13,0,0,0,13,0,2025,11,1,14,33,19,50,0,1,0,0,0,1
15224,972,10,0,0,0,10,0,2025,11,1,14,51,32,50,0,1,0,0,0,1
15225,972,5,0,0,0,5,0,2025,11,1,15,9,30,50,0,1,0,0,0,1
15226,972,7,0,0,0,7,0,2025,11,1,15,27,17,50,0,1,0,0,0,1
15227,972,8,0,0,0,8,0,2025,11,1,15,45,8,50,0,1,0,0,0,1
15228,972,2,0,0,0,2,0,2025,11,1,16,3,4,50,0,1,0,0,0,1
15229,972,9,0,0,0,9,0,2025,11,1,16,20,52,50,0,1,0,0,0,1
15230,972,5,0,0,0,5,0,2025,11,1,16,38,41,50,0,1,0,0,0,1
15231,972,8,0,0,0,8,0,2025,11,1,16,56,37,50,0,1,0,0,0,1
15232,972,7,1,0,0,8,0,2025,11,1,17,14,34,50,0,1,0,0,0,1
15233,972,6,0,0,0,6,0,2025,11,2,10,16,48,50,0,1,0,1,0,0
15234,972,5,1,0,0,6,0,2025,11,2,10,34,31,50,0,1,0,1,0,0
15235,972,3,0,0,0,3,0,2025,11,2,10,52,26,50,0,1,0,1,0,0
15236,972,3,1,0,0,4,0,2025,11,2,11,10,9,50,0,1,0,1,0,0
15237,972,4,2,0,0,6,0,2025,11,2,11,28,5,50,0,1,0,1,0,0
15238,972,6,1,0,0,7,0,2025,11,2,12,11,20,50,0,1,0,0,0,1
15239,972,7,2,0,0,9,1,2025,11,2,12,29,8,50,0,1,0,0,0,1
15240,972,16,1,0,0,17,1,2025,11,2,12,46,57,50,0,1,0,0,0,1
15241,972,9,2,0,0,11,0,2025,11,2,13,4,41,50,0,1,0,0,0,1
15242,972,9,2,0,0,11,0,2025,11,2,13,22,21,50,0,1,0,0,0,1
15243,972,10,0,0,0,10,0,2025,11,2,13,40,0,50,0,1,0,0,0,1
15244,972,12,0,0,0,12,0,2025,11,2,13,57,40,50,0,1,0,0,0,1
15245,972,9,1,0,0,10,0,2025,11,2,14,15,18,50,0,1,0,0,0,1
15246,972,10,1,0,0,11,0,2025,11,2,14,32,56,50,0,1,0,0,0,1
15247,972,7,0,0,0,7,0,2025,11,2,14,50,31,50,0,1,0,0,0,1
15248,972,4,0,0,0,4,0,2025,11,2,15,51,3,50,0,1,0,0,0,1
15249,972,6,2,0,0,8,1,2025,11,2,16,8,40,50,0,1,0,0,0,1
15250,972,8,1,0,0,9,0,2025,11,2,16,26,20,50,0,1,0,0,0,1
15251,972,7,1,0,0,8,0,2025,11,2,16,43,59,50,0,1,0,0,0,1
15252,972,9,4,0,0,13,1,2025,11,3,8,44,31,50,0,1,0,1,0,0
15253,972,5,2,0,0,7,0,2025,11,3,9,2,9,50,0,1,0,1,0,0
15254,972,8,4,0,0,12,1,2025,11,3,9,19,44,50,0,1,0,1,0,0
15255,972,7,1,0,0,8,1,2025,11,3,9,37,22,50,0,1,0,1,0,0
15256,972,9,4,0,0,13,1,2025,11,4,8,44,47,50,0,1,0,1,0,0
15257,972,14,5,0,0,19,2,2025,11,4,9,2,23,50,0,1,0,1,0,0
15258,972,8,9,0,0,17,2,2025,11,4,9,19,59,50,0,1,0,1,0,0
15259,972,9,6,2,0,17,2,2025,11,4,9,37,38,50,0,1,0,1,0,0
15260,972,6,9,0,0,15,2,2025,11,4,12,8,51,50,0,1,0,0,0,1
15261,972,10,3,0,0,13,1,2025,11,4,12,37,13,50,0,1,0,0,0,1
15262,972,10,2,0,0,12,1,2025,11,4,12,54,52,50,0,1,0,0,0,1
15263,972,10,2,0,0,12,1,2025,11,4,13,4,18,50,0,1,0,0,0,1
15264,972,6,3,0,0,9,0,2025,11,4,13,21,57,50,0,1,0,0,0,1
15265,972,8,4,0,0,12,0,2025,11,4,13,39,37,50,0,1,0,0,0,1
15266,972,11,6,1,0,18,1,2025,11,4,14,33,59,50,0,1,0,0,0,1
15267,972,12,1,0,0,13,1,2025,11,4,14,51,38,50,0,1,0,0,0,1
15268,972,14,2,1,0,17,1,2025,11,4,15,9,19,50,0,1,0,0,0,1
15269,972,13,2,2,0,17,1,2025,11,4,15,27,7,50,0,1,0,0,0,1
15270,972,22,3,1,0,26,2,2025,11,4,15,45,0,50,0,1,0,0,0,1
15271,972,11,5,1,0,17,1,2025,11,4,16,2,50,50,0,1,0,0,0,1
15272,972,17,5,0,0,22,1,2025,11,5,9,37,1,50,0,1,0,1,0,0
15273,972,11,6,0,0,17,1,2025,11,5,9,54,38,50,0,1,0,1,0,0
15274,972,11,3,0,0,14,1,2025,11,5,10,12,15,50,0,1,0,1,0,0
15275,972,11,3,0,0,14,1,2025,11,5,10,29,53,50,0,1,0,1,0,0
15276,972,10,6,0,0,16,1,2025,11,5,10,47,29,50,0,1,0,1,0,0
15277,972,5,6,0,0,11,1,2025,11,5,12,44,6,50,0,1,0,0,0,1
15278,972,8,4,0,0,12,0,2025,11,5,13,1,46,50,0,1,0,0,0,1
15279,972,9,2,0,0,11,0,2025,11,5,13,19,26,50,0,1,0,0,0,1
15280,972,10,3,0,0,13,1,2025,11,5,13,37,6,50,0,1,0,0,0,1
15281,972,12,3,0,0,15,1,2025,11,5,13,54,50,50,0,1,0,0,0,1
15282,972,14,3,1,0,18,1,2025,11,5,15,22,2,50,0,1,0,0,0,1
15283,972,11,4,0,0,15,1,2025,11,5,15,39,43,50,0,1,0,0,0,1
15284,972,16,6,0,0,22,2,2025,11,6,8,26,13,50,0,1,0,1,0,0
15285,972,17,3,1,0,21,2,2025,11,6,8,44,43,50,0,1,0,1,0,0
15286,972,10,8,1,0,19,1,2025,11,6,9,2,24,50,0,1,0,1,0,0
15287,972,10,6,0,0,16,1,2025,11,6,9,20,6,50,0,1,0,1,0,0
15288,972,14,5,1,0,20,1,2025,11,6,9,37,46,50,0,1,0,1,0,0
15289,972,12,5,1,0,18,1,2025,11,6,9,55,34,50,0,1,0,1,0,0
15290,972,7,2,0,0,9,1,2025,11,6,10,13,25,50,0,1,0,1,0,0
15291,972,8,5,0,0,13,1,2025,11,6,10,31,14,50,0,1,0,1,0,0
15292,972,4,9,0,0,13,1,2025,11,6,12,11,35,50,0,1,0,0,0,1
15293,972,5,6,0,0,11,1,2025,11,6,12,31,6,50,0,1,0,0,0,1
15294,972,2,0,0,0,2,0,2025,11,6,12,48,46,50,0,1,0,0,0,1
15295,972,4,2,0,0,6,0,2025,11,6,13,6,26,50,0,1,0,0,0,1
15296,972,5,4,0,0,9,0,2025,11,6,13,39,44,50,0,1,0,0,0,1
15297,972,6,0,0,0,6,0,2025,11,6,13,57,28,50,0,1,0,0,0,1
15298,972,11,6,1,0,18,1,2025,11,7,9,38,42,50,0,1,0,1,0,0
15299,972,12,6,0,0,18,2,2025,11,7,10,13,57,50,0,1,0,1,0,0
15300,972,9,3,0,0,12,2,2025,11,7,10,31,36,50,0,1,0,1,0,0
15301,972,6,5,1,0,12,1,2025,11,7,13,14,27,50,0,1,0,0,0,1
15302,972,16,6,0,0,22,1,2025,11,7,13,32,7,50,0,1,0,0,0,1
15303,972,3,1,0,0,4,0,2025,11,8,8,30,8,50,0,1,0,1,0,0
15304,972,1,0,0,0,1,0,2025,11,8,8,47,46,50,0,1,0,1,0,0
15305,972,5,1,0,0,6,0,2025,11,8,9,52,24,50,0,1,0,1,0,0
15306,972,11,0,1,0,12,0,2025,11,8,10,31,52,50,0,1,0,1,0,0
15307,972,7,1,0,0,8,0,2025,11,8,10,49,29,50,0,1,0,1,0,0
15308,972,8,1,1,0,10,0,2025,11,8,11,7,6,50,0,1,0,1,0,0
15309,972,12,0,0,0,12,1,2025,11,8,11,24,46,50,0,1,0,1,0,0
15310,972,7,0,0,0,7,0,2025,11,8,11,42,25,50,0,1,0,1,0,0
15311,972,13,0,0,0,13,0,2025,11,8,12,0,6,50,0,1,0,0,0,1
15312,972,14,2,0,0,16,1,2025,11,8,12,17,43,50,0,1,0,0,0,1
15313,972,4,1,0,0,5,0,2025,11,8,12,35,18,50,0,1,0,0,0,1
15314,972,7,1,0,0,8,0,2025,11,8,12,52,54,50,0,1,0,0,0,1
15315,972,6,1,0,0,7,0,2025,11,8,13,10,31,50,0,1,0,0,0,1
15316,972,5,0,0,0,5,0,2025,11,8,13,28,7,50,0,1,0,0,0,1
15317,972,5,0,0,0,5,0,2025,11,8,13,45,45,50,0,1,0,0,0,1
15318,972,11,1,0,0,12,0,2025,11,8,14,3,22,50,0,1,0,0,0,1
15319,972,8,0,0,0,8,0,2025,11,8,14,20,59,50,0,1,0,0,0,1
15320,972,4,2,0,0,6,0,2025,11,8,14,38,36,50,0,1,0,0,0,1
15321,972,1,0,0,0,1,0,2025,11,8,15,34,20,50,0,1,0,0,0,1
15322,972,0,1,0,0,1,0,2025,11,8,15,51,58,50,0,1,0,0,0,1
15323,972,1,0,0,0,1,0,2025,11,8,16,9,37,50,0,1,0,0,0,1
15324,972,4,0,0,0,4,0,2025,11,8,16,27,16,50,0,1,0,0,0,1
15325,972,2,0,0,0,2,0,2025,11,8,16,44,57,50,0,1,0,0,0,1
15326,972,3,0,0,0,3,0,2025,11,8,17,2,36,50,0,1,0,0,0,1
15327,972,8,1,0,0,9,0,2025,11,9,8,29,47,50,0,1,0,1,0,0
15328,972,2,1,0,0,3,0,2025,11,9,8,47,25,50,0,1,0,1,0,0
15329,972,1,0,0,0,1,0,2025,11,9,9,5,0,50,0,1,0,1,0,0
15330,972,2,0,0,0,2,0,2025,11,9,9,22,38,50,0,1,0,1,0,0
15331,972,8,0,0,0,8,0,2025,11,9,9,40,15,50,0,1,0,1,0,0
15332,972,7,3,0,0,10,1,2025,11,9,9,57,54,50,0,1,0,1,0,0
15333,972,6,1,0,0,7,0,2025,11,9,10,15,33,50,0,1,0,1,0,0
15334,972,10,1,1,0,12,1,2025,11,9,10,33,12,50,0,1,0,1,0,0
15335,972,10,0,0,0,10,0,2025,11,9,10,50,47,50,0,1,0,1,0,0
15336,972,5,1,0,0,6,0,2025,11,9,11,8,22,50,0,1,0,1,0,0
15337,972,7,1,0,0,8,0,2025,11,9,11,26,0,50,0,1,0,1,0,0
15338,972,13,0,0,0,13,1,2025,11,9,11,43,45,50,0,1,0,1,0,0
15339,972,7,0,0,0,7,0,2025,11,9,12,1,24,50,0,1,0,0,0,1
15340,972,11,0,0,0,11,0,2025,11,9,12,19,2,50,0,1,0,0,0,1
15341,972,6,0,0,0,6,0,2025,11,9,12,36,40,50,0,1,0,0,0,1
15342,972,7,1,0,0,8,0,2025,11,9,12,54,21,50,0,1,0,0,0,1
15343,972,7,0,0,0,7,0,2025,11,9,15,20,15,50,0,1,0,0,0,1
15344,972,3,1,0,0,4,0,2025,11,9,15,37,53,50,0,1,0,0,0,1
15345,972,5,3,0,0,8,1,2025,11,9,15,55,34,50,0,1,0,0,0,1
15346,972,7,1,0,0,8,0,2025,11,9,16,13,12,50,0,1,0,0,0,1
15347,972,9,3,0,0,12,1,2025,11,9,16,30,52,50,0,1,0,0,0,1
15348,972,13,2,0,0,15,1,2025,11,9,16,48,30,50,0,1,0,0,0,1
15349,972,23,3,0,0,26,1,2025,11,9,17,6,4,50,0,1,0,0,0,1
15350,972,20,1,0,0,21,1,2025,11,9,17,23,43,50,0,1,0,0,0,1
15351,972,3,6,0,0,9,1,2025,11,11,14,34,50,50,0,1,0,0,0,1
15352,972,9,3,0,0,12,0,2025,11,11,14,52,30,50,0,1,0,0,0,1
15353,972,9,3,0,0,12,1,2025,11,11,15,10,9,50,0,1,0,0,0,1
15354,972,14,4,1,0,19,1,2025,11,11,15,27,50,50,0,1,0,0,0,1
15355,972,14,4,0,0,18,1,2025,11,11,15,45,33,50,0,1,0,0,0,1
15356,972,10,5,0,0,15,1,2025,11,11,16,3,13,50,0,1,0,0,0,1
15357,972,7,6,0,0,13,1,2025,11,12,9,30,33,50,0,1,0,1,0,0
15358,972,10,7,0,0,17,1,2025,11,12,12,35,8,50,0,1,0,0,0,1
15359,972,6,7,0,0,13,1,2025,11,14,9,24,52,50,0,1,0,1,0,0
15360,972,8,5,0,0,13,1,2025,11,14,9,42,34,50,0,1,0,1,0,0
15361,972,14,3,0,0,17,1,2025,11,14,10,0,12,50,0,1,0,1,0,0
15362,972,5,9,0,0,14,1,2025,11,14,10,17,51,50,0,1,0,1,0,0
15363,972,7,5,0,0,12,1,2025,11,14,10,35,32,50,0,1,0,1,0,0
15364,972,9,0,0,0,9,0,2025,11,15,9,51,26,50,0,1,0,1,0,0
15365,972,9,0,0,0,9,0,2025,11,15,10,9,7,50,0,1,0,1,0,0
15366,972,0,0,0,0,0,0,2025,11,17,13,9,46,50,0,1,0,0,0,1
