id_entrada,id_camara,cars,trucks,buses,bikes,total,nivel_ocupacion,anio,mes,dia,hora,minuto,segundo,carretera_numero,carretera_letra_A,carretera_letra_M,carretera_letra_N,franja_horaria_mañana,franja_horaria_noche,franja_horaria_tarde
1,1004,22,0,0,0,22,1,2025,10,27,8,27,13,40,0,1,0,1,0,0
2,1004,24,1,0,0,25,1,2025,10,27,8,44,57,40,0,1,0,1,0,0
3,1004,17,2,0,0,19,2,2025,10,27,9,2,37,40,0,1,0,1,0,0
4,1004,14,1,0,0,15,1,2025,10,27,9,20,18,40,0,1,0,1,0,0
5,1004,8,0,1,0,9,1,2025,10,27,9,38,0,40,0,1,0,1,0,0
6,1004,12,2,0,0,14,1,2025,10,27,9,55,42,40,0,1,0,1,0,0
7,1004,6,0,0,0,6,0,2025,10,27,10,13,28,40,0,1,0,1,0,0
8,1004,4,0,0,0,4,0,2025,10,27,10,31,15,40,0,1,0,1,0,0
9,1004,2,0,0,0,2,0,2025,10,27,12,40,17,40,0,1,0,0,0,1
10,1004,17,1,0,0,18,1,2025,10,27,12,58,0,40,0,1,0,0,0,1
11,1004,10,3,0,0,13,1,2025,10,27,13,15,47,40,0,1,0,0,0,1
12,1004,17,2,0,0,19,1,2025,10,27,13,20,53,40,0,1,0,0,0,1
13,1004,25,1,0,0,26,1,2025,10,27,13,57,17,40,0,1,0,0,0,1
14,1004,25,2,0,0,27,1,2025,10,27,14,55,36,40,0,1,0,0,0,1
15,1004,24,1,0,0,25,1,2025,10,27,15,13,21,40,0,1,0,0,0,1
16,1004,21,1,0,0,22,1,2025,10,27,15,31,8,40,0,1,0,0,0,1
17,1004,24,1,0,0,25,1,2025,10,27,15,48,55,40,0,1,0,0,0,1
18,1004,21,0,0,0,21,1,2025,10,27,18,2,59,40,0,1,0,0,1,0
19,1004,17,0,0,0,17,1,2025,10,27,18,20,35,40,0,1,0,0,1,0
20,1004,20,0,2,0,22,1,2025,10,27,18,38,12,40,0,1,0,0,1,0
21,1004,17,1,0,0,18,1,2025,10,28,7,56,26,40,0,1,0,1,0,0
22,1004,22,0,1,0,23,1,2025,10,28,8,14,2,40,0,1,0,1,0,0
23,1004,19,0,0,0,19,1,2025,10,28,8,31,39,40,0,1,0,1,0,0
24,1004,21,0,0,0,21,1,2025,10,28,8,49,15,40,0,1,0,1,0,0
25,1004,18,1,0,0,19,2,2025,10,28,9,6,51,40,0,1,0,1,0,0
26,1004,15,0,0,0,15,1,2025,10,28,9,24,27,40,0,1,0,1,0,0
27,1004,12,4,0,0,16,2,2025,10,28,9,42,5,40,0,1,0,1,0,0
28,1004,20,3,0,0,23,1,2025,10,28,13,27,53,40,0,1,0,0,0,1
29,1004,13,0,0,0,13,0,2025,10,28,14,45,45,40,0,1,0,0,0,1
30,1004,22,0,0,0,22,1,2025,10,28,15,3,27,40,0,1,0,0,0,1
31,1004,20,0,0,0,20,1,2025,10,28,15,21,13,40,0,1,0,0,0,1
32,1004,19,0,0,0,19,1,2025,10,28,15,39,1,40,0,1,0,0,0,1
33,1004,13,1,0,0,14,1,2025,10,28,15,56,46,40,0,1,0,0,0,1
34,1004,18,2,0,0,20,1,2025,10,28,17,49,6,40,0,1,0,0,0,1
35,1004,22,0,0,0,22,1,2025,10,28,18,6,43,40,0,1,0,0,1,0
36,1004,22,0,0,0,22,1,2025,10,28,18,24,22,40,0,1,0,0,1,0
37,1004,23,0,0,0,23,1,2025,10,28,18,42,2,40,0,1,0,0,1,0
38,1004,15,0,0,0,15,1,2025,10,28,18,59,40,40,0,1,0,0,1,0
39,1004,24,0,0,0,24,1,2025,10,28,19,17,18,40,0,1,0,0,1,0
40,1004,10,0,0,0,10,0,2025,10,28,19,34,55,40,0,1,0,0,1,0
41,1004,9,1,0,0,10,0,2025,10,28,19,52,34,40,0,1,0,0,1,0
42,1004,20,3,0,0,23,1,2025,10,29,8,23,45,40,0,1,0,1,0,0
43,1004,23,0,0,0,23,1,2025,10,29,8,41,21,40,0,1,0,1,0,0
44,1004,20,1,0,0,21,2,2025,10,29,8,58,58,40,0,1,0,1,0,0
45,1004,16,2,0,0,18,1,2025,10,29,9,16,33,40,0,1,0,1,0,0
46,1004,17,3,0,0,20,1,2025,10,29,9,34,9,40,0,1,0,1,0,0
47,1004,16,3,0,0,19,1,2025,10,29,9,51,46,40,0,1,0,1,0,0
48,1004,17,2,0,0,19,1,2025,10,29,10,9,23,40,0,1,0,1,0,0
49,1004,15,3,0,0,18,1,2025,10,29,10,27,2,40,0,1,0,1,0,0
50,1004,15,1,0,0,16,1,2025,10,29,10,44,41,40,0,1,0,1,0,0
51,1004,23,1,0,0,24,1,2025,10,29,12,33,32,40,0,1,0,0,0,1
52,1004,17,1,1,0,19,1,2025,10,29,12,51,13,40,0,1,0,0,0,1
53,1004,15,1,0,0,16,1,2025,10,29,13,8,58,40,0,1,0,0,0,1
54,1004,12,7,0,0,19,1,2025,10,29,13,26,45,40,0,1,0,0,0,1
55,1004,13,1,0,0,14,1,2025,10,29,13,44,29,40,0,1,0,0,0,1
56,1004,23,2,0,0,25,1,2025,10,29,14,44,11,40,0,1,0,0,0,1
57,1004,29,1,0,0,30,1,2025,10,29,15,1,53,40,0,1,0,0,0,1
58,1004,20,3,0,0,23,1,2025,10,29,15,19,39,40,0,1,0,0,0,1
59,1004,24,2,0,0,26,1,2025,10,29,15,37,19,40,0,1,0,0,0,1
60,1004,19,5,0,0,24,1,2025,10,29,15,54,59,40,0,1,0,0,0,1
61,1004,19,0,0,0,19,1,2025,10,30,8,20,36,40,0,1,0,1,0,0
62,1004,16,0,0,0,16,1,2025,10,30,8,38,19,40,0,1,0,1,0,0
63,1004,16,1,0,0,17,0,2025,10,30,8,56,1,40,0,1,0,1,0,0
64,1004,16,0,0,0,16,1,2025,10,30,9,13,53,40,0,1,0,1,0,0
65,1004,13,0,0,0,13,1,2025,10,30,9,31,58,40,0,1,0,1,0,0
66,1004,14,3,0,0,17,1,2025,10,30,9,49,53,40,0,1,0,1,0,0
67,1004,11,0,1,0,12,1,2025,10,30,10,7,43,40,0,1,0,1,0,0
68,1004,14,1,1,0,16,1,2025,10,30,10,25,33,40,0,1,0,1,0,0
69,1004,6,3,0,0,9,1,2025,10,30,10,43,15,40,0,1,0,1,0,0
70,1004,7,0,0,0,7,0,2025,10,30,12,29,48,40,0,1,0,0,0,1
71,1004,10,2,0,0,12,1,2025,10,30,12,47,19,40,0,1,0,0,0,1
72,1004,10,0,0,0,10,0,2025,10,30,13,5,4,40,0,1,0,0,0,1
73,1004,7,2,0,0,9,0,2025,10,30,13,22,49,40,0,1,0,0,0,1
74,1004,9,0,0,0,9,0,2025,10,30,13,40,35,40,0,1,0,0,0,1
75,1004,13,0,0,0,13,0,2025,10,30,13,58,21,40,0,1,0,0,0,1
76,1004,25,1,0,0,26,2,2025,10,30,14,57,23,40,0,1,0,0,0,1
77,1004,28,3,0,0,31,2,2025,10,30,15,15,16,40,0,1,0,0,0,1
78,1004,29,1,0,0,30,1,2025,10,30,15,33,1,40,0,1,0,0,0,1
79,1004,25,3,0,0,28,1,2025,10,30,15,57,45,40,0,1,0,0,0,1
80,1004,32,1,0,0,33,2,2025,10,30,16,15,33,40,0,1,0,0,0,1
81,1004,5,1,1,0,7,1,2025,10,30,22,45,48,40,0,1,0,0,1,0
82,1004,12,0,0,0,12,0,2025,10,31,8,25,17,40,0,1,0,1,0,0
83,1004,11,1,0,0,12,0,2025,10,31,8,43,3,40,0,1,0,1,0,0
84,1004,17,0,0,0,17,1,2025,10,31,9,0,50,40,0,1,0,1,0,0
85,1004,15,0,0,0,15,0,2025,10,31,9,18,35,40,0,1,0,1,0,0
86,1004,14,1,0,0,15,1,2025,10,31,9,44,13,40,0,1,0,1,0,0
87,1004,12,2,0,0,14,1,2025,10,31,10,1,54,40,0,1,0,1,0,0
88,1004,15,0,0,0,15,0,2025,10,31,10,19,38,40,0,1,0,1,0,0
89,1004,13,0,0,0,13,0,2025,10,31,10,37,19,40,0,1,0,1,0,0
90,1004,18,4,0,0,22,1,2025,10,31,15,3,40,40,0,1,0,0,0,1
91,1004,19,2,0,0,21,1,2025,10,31,15,21,33,40,0,1,0,0,0,1
92,1004,22,0,0,0,22,1,2025,10,31,15,39,26,40,0,1,0,0,0,1
93,1004,23,1,1,0,25,1,2025,10,31,15,57,15,40,0,1,0,0,0,1
94,1004,5,2,0,0,7,0,2025,11,1,8,54,53,40,0,1,0,1,0,0
95,1004,6,0,0,0,6,0,2025,11,1,9,12,38,40,0,1,0,1,0,0
96,1004,8,1,0,0,9,0,2025,11,1,9,30,33,40,0,1,0,1,0,0
97,1004,3,0,0,0,3,0,2025,11,1,9,48,20,40,0,1,0,1,0,0
98,1004,7,0,0,0,7,0,2025,11,1,10,6,10,40,0,1,0,1,0,0
99,1004,9,0,0,0,9,0,2025,11,1,10,23,54,40,0,1,0,1,0,0
100,1004,9,0,0,0,9,0,2025,11,1,10,41,40,40,0,1,0,1,0,0
101,1004,15,0,0,0,15,1,2025,11,1,10,59,36,40,0,1,0,1,0,0
102,1004,10,1,0,0,11,0,2025,11,1,11,17,21,40,0,1,0,1,0,0
103,1004,12,0,0,0,12,1,2025,11,1,11,35,3,40,0,1,0,1,0,0
104,1004,12,1,0,0,13,0,2025,11,1,11,52,47,40,0,1,0,1,0,0
105,1004,14,0,0,0,14,1,2025,11,1,12,10,41,40,0,1,0,0,0,1
106,1004,12,0,0,0,12,0,2025,11,1,12,28,27,40,0,1,0,0,0,1
107,1004,14,0,0,0,14,1,2025,11,1,12,46,20,40,0,1,0,0,0,1
108,1004,12,0,0,0,12,0,2025,11,1,13,4,15,40,0,1,0,0,0,1
109,1004,13,0,0,0,13,1,2025,11,1,13,22,3,40,0,1,0,0,0,1
110,1004,10,0,0,0,10,1,2025,11,1,13,39,48,40,0,1,0,0,0,1
111,1004,9,0,0,0,9,0,2025,11,1,13,57,39,40,0,1,0,0,0,1
112,1004,11,1,0,0,12,1,2025,11,1,14,15,30,40,0,1,0,0,0,1
113,1004,14,0,0,0,14,1,2025,11,1,14,33,34,40,0,1,0,0,0,1
114,1004,10,0,0,0,10,0,2025,11,1,14,51,37,40,0,1,0,0,0,1
115,1004,2,0,0,0,2,0,2025,11,1,15,9,34,40,0,1,0,0,0,1
116,1004,9,0,0,0,9,0,2025,11,1,15,27,21,40,0,1,0,0,0,1
117,1004,4,0,0,0,4,0,2025,11,1,15,45,12,40,0,1,0,0,0,1
118,1004,7,0,0,0,7,0,2025,11,1,16,3,9,40,0,1,0,0,0,1
119,1004,15,1,0,0,16,1,2025,11,1,16,20,58,40,0,1,0,0,0,1
120,1004,11,0,0,0,11,0,2025,11,1,16,38,46,40,0,1,0,0,0,1
121,1004,13,0,0,0,13,0,2025,11,1,16,56,43,40,0,1,0,0,0,1
122,1004,14,0,0,0,14,1,2025,11,1,17,14,41,40,0,1,0,0,0,1
123,1004,14,0,0,0,14,0,2025,11,1,17,32,29,40,0,1,0,0,0,1
124,1004,18,0,0,0,18,1,2025,11,1,17,50,23,40,0,1,0,0,0,1
125,1004,17,1,0,0,18,1,2025,11,1,18,8,12,40,0,1,0,0,1,0
126,1004,12,0,0,0,12,0,2025,11,1,18,27,2,40,0,1,0,0,1,0
127,1004,14,0,0,0,14,1,2025,11,1,18,44,57,40,0,1,0,0,1,0
128,1004,10,0,0,0,10,0,2025,11,1,19,2,44,40,0,1,0,0,1,0
129,1004,7,0,0,0,7,0,2025,11,1,19,37,20,40,0,1,0,0,1,0
130,1010,25,2,1,0,28,2,2025,10,27,8,27,13,40,0,1,0,1,0,0
131,1010,16,0,0,0,16,1,2025,10,27,8,44,57,40,0,1,0,1,0,0
132,1010,22,1,0,0,23,1,2025,10,27,9,2,37,40,0,1,0,1,0,0
133,1010,20,4,0,0,24,2,2025,10,27,9,20,17,40,0,1,0,1,0,0
134,1010,10,1,0,0,11,1,2025,10,27,9,37,59,40,0,1,0,1,0,0
135,1010,14,1,0,0,15,1,2025,10,27,9,55,42,40,0,1,0,1,0,0
136,1010,13,0,0,0,13,1,2025,10,27,10,13,28,40,0,1,0,1,0,0
137,1010,17,2,0,0,19,1,2025,10,27,10,31,15,40,0,1,0,1,0,0
138,1010,14,2,0,0,16,1,2025,10,27,12,40,16,40,0,1,0,0,0,1
139,1010,12,0,0,0,12,2,2025,10,27,12,58,0,40,0,1,0,0,0,1
140,1010,11,0,0,0,11,1,2025,10,27,13,15,46,40,0,1,0,0,0,1
141,1010,15,1,0,0,16,1,2025,10,27,13,20,53,40,0,1,0,0,0,1
142,1010,8,1,0,0,9,1,2025,10,27,13,57,17,40,0,1,0,0,0,1
143,1010,11,0,0,0,11,1,2025,10,27,14,55,36,40,0,1,0,0,0,1
144,1010,19,2,0,0,21,1,2025,10,27,15,13,21,40,0,1,0,0,0,1
145,1010,11,1,1,0,13,2,2025,10,27,15,31,8,40,0,1,0,0,0,1
146,1010,18,1,0,0,19,1,2025,10,27,15,48,55,40,0,1,0,0,0,1
147,1010,15,1,0,0,16,1,2025,10,27,18,2,59,40,0,1,0,0,1,0
148,1010,15,0,0,0,15,1,2025,10,27,18,20,35,40,0,1,0,0,1,0
149,1010,22,1,0,0,23,1,2025,10,27,18,38,12,40,0,1,0,0,1,0
150,1010,20,2,0,0,22,1,2025,10,28,7,56,26,40,0,1,0,1,0,0
151,1010,19,1,0,0,20,1,2025,10,28,8,14,2,40,0,1,0,1,0,0
152,1010,21,0,0,0,21,1,2025,10,28,8,31,39,40,0,1,0,1,0,0
153,1010,20,1,0,0,21,1,2025,10,28,8,49,15,40,0,1,0,1,0,0
154,1010,15,0,0,0,15,1,2025,10,28,9,6,50,40,0,1,0,1,0,0
155,1010,10,0,0,0,10,1,2025,10,28,9,24,27,40,0,1,0,1,0,0
156,1010,20,1,0,0,21,1,2025,10,28,9,42,5,40,0,1,0,1,0,0
157,1010,12,1,0,0,13,1,2025,10,28,13,27,52,40,0,1,0,0,0,1
158,1010,16,2,0,0,18,1,2025,10,28,14,45,44,40,0,1,0,0,0,1
159,1010,12,0,0,0,12,0,2025,10,28,15,3,27,40,0,1,0,0,0,1
160,1010,13,1,1,0,15,1,2025,10,28,15,21,13,40,0,1,0,0,0,1
161,1010,18,0,0,0,18,1,2025,10,28,15,39,1,40,0,1,0,0,0,1
162,1010,13,0,0,0,13,1,2025,10,28,15,56,45,40,0,1,0,0,0,1
163,1010,18,0,0,0,18,1,2025,10,28,17,49,6,40,0,1,0,0,0,1
164,1010,18,1,0,0,19,1,2025,10,28,18,6,43,40,0,1,0,0,1,0
165,1010,21,0,1,0,22,2,2025,10,28,18,24,22,40,0,1,0,0,1,0
166,1010,22,1,0,0,23,1,2025,10,28,18,42,1,40,0,1,0,0,1,0
167,1010,12,0,0,0,12,1,2025,10,28,18,59,40,40,0,1,0,0,1,0
168,1010,14,0,0,0,14,1,2025,10,28,19,17,17,40,0,1,0,0,1,0
169,1010,17,0,0,0,17,1,2025,10,28,19,34,55,40,0,1,0,0,1,0
170,1010,17,0,0,0,17,1,2025,10,28,19,52,34,40,0,1,0,0,1,0
171,1010,18,4,0,0,22,1,2025,10,29,8,23,45,40,0,1,0,1,0,0
172,1010,23,0,0,0,23,1,2025,10,29,8,41,21,40,0,1,0,1,0,0
173,1010,18,1,0,0,19,2,2025,10,29,8,58,58,40,0,1,0,1,0,0
174,1010,22,1,0,0,23,1,2025,10,29,9,16,33,40,0,1,0,1,0,0
175,1010,19,1,0,0,20,2,2025,10,29,9,34,9,40,0,1,0,1,0,0
176,1010,24,0,0,0,24,1,2025,10,29,9,51,45,40,0,1,0,1,0,0
177,1010,13,3,2,0,18,1,2025,10,29,10,9,23,40,0,1,0,1,0,0
178,1010,26,0,2,0,28,2,2025,10,29,10,27,2,40,0,1,0,1,0,0
179,1010,13,1,1,0,15,1,2025,10,29,10,44,40,40,0,1,0,1,0,0
180,1010,7,2,0,0,9,0,2025,10,29,12,33,32,40,0,1,0,0,0,1
181,1010,9,0,0,0,9,1,2025,10,29,12,51,13,40,0,1,0,0,0,1
182,1010,11,0,0,0,11,0,2025,10,29,13,8,57,40,0,1,0,0,0,1
183,1010,13,1,0,0,14,1,2025,10,29,13,26,44,40,0,1,0,0,0,1
184,1010,13,2,0,0,15,1,2025,10,29,13,44,28,40,0,1,0,0,0,1
185,1010,25,1,0,0,26,1,2025,10,29,14,44,11,40,0,1,0,0,0,1
186,1010,23,0,0,0,23,2,2025,10,29,15,1,53,40,0,1,0,0,0,1
187,1010,21,1,0,0,22,1,2025,10,29,15,19,39,40,0,1,0,0,0,1
188,1010,22,0,0,0,22,1,2025,10,29,15,37,19,40,0,1,0,0,0,1
189,1010,14,1,1,0,16,1,2025,10,29,15,54,59,40,0,1,0,0,0,1
190,1010,21,0,0,0,21,1,2025,10,30,8,20,36,40,0,1,0,1,0,0
191,1010,14,3,0,0,17,1,2025,10,30,8,38,18,40,0,1,0,1,0,0
192,1010,24,5,0,0,29,1,2025,10,30,8,56,1,40,0,1,0,1,0,0
193,1010,16,5,2,0,23,1,2025,10,30,9,13,53,40,0,1,0,1,0,0
194,1010,26,2,0,0,28,2,2025,10,30,9,31,58,40,0,1,0,1,0,0
195,1010,23,2,1,0,26,1,2025,10,30,9,49,53,40,0,1,0,1,0,0
196,1010,22,1,1,0,24,1,2025,10,30,10,7,43,40,0,1,0,1,0,0
197,1010,18,4,0,0,22,1,2025,10,30,10,25,32,40,0,1,0,1,0,0
198,1010,18,2,0,0,20,1,2025,10,30,10,43,15,40,0,1,0,1,0,0
199,1010,19,1,0,0,20,1,2025,10,30,12,29,48,40,0,1,0,0,0,1
200,1010,16,4,1,0,21,1,2025,10,30,12,47,19,40,0,1,0,0,0,1
201,1010,21,4,1,0,26,1,2025,10,30,13,5,3,40,0,1,0,0,0,1
202,1010,22,1,0,0,23,1,2025,10,30,13,22,49,40,0,1,0,0,0,1
203,1010,26,3,0,0,29,1,2025,10,30,13,40,35,40,0,1,0,0,0,1
204,1010,24,1,0,0,25,1,2025,10,30,13,58,21,40,0,1,0,0,0,1
205,1010,20,1,0,0,21,1,2025,10,30,14,57,22,40,0,1,0,0,0,1
206,1010,18,2,0,0,20,1,2025,10,30,15,15,16,40,0,1,0,0,0,1
207,1010,19,0,0,0,19,1,2025,10,30,15,33,0,40,0,1,0,0,0,1
208,1010,20,0,0,0,20,1,2025,10,30,15,57,45,40,0,1,0,0,0,1
209,1010,11,0,1,0,12,1,2025,10,30,16,15,32,40,0,1,0,0,0,1
210,1010,4,1,0,0,5,0,2025,10,30,22,45,48,40,0,1,0,0,1,0
211,1010,18,0,0,0,18,1,2025,10,31,8,25,17,40,0,1,0,1,0,0
212,1010,14,1,0,0,15,1,2025,10,31,8,43,2,40,0,1,0,1,0,0
213,1010,15,2,0,0,17,1,2025,10,31,9,0,50,40,0,1,0,1,0,0
214,1010,10,1,0,0,11,1,2025,10,31,9,18,35,40,0,1,0,1,0,0
215,1010,14,0,0,0,14,1,2025,10,31,9,44,13,40,0,1,0,1,0,0
216,1010,15,1,0,0,16,1,2025,10,31,10,1,54,40,0,1,0,1,0,0
217,1010,12,1,0,0,13,1,2025,10,31,10,19,38,40,0,1,0,1,0,0
218,1010,8,2,0,0,10,1,2025,10,31,10,37,19,40,0,1,0,1,0,0
219,1010,18,0,0,0,18,1,2025,10,31,15,3,40,40,0,1,0,0,0,1
220,1010,24,2,0,0,26,2,2025,10,31,15,21,32,40,0,1,0,0,0,1
221,1010,28,3,1,0,32,2,2025,10,31,15,39,25,40,0,1,0,0,0,1
222,1010,28,2,0,0,30,2,2025,10,31,15,57,14,40,0,1,0,0,0,1
223,1010,13,2,0,0,15,1,2025,11,1,8,54,53,40,0,1,0,1,0,0
224,1010,12,1,0,0,13,1,2025,11,1,9,12,38,40,0,1,0,1,0,0
225,1010,11,1,0,0,12,1,2025,11,1,9,30,33,40,0,1,0,1,0,0
226,1010,15,0,0,0,15,0,2025,11,1,9,48,19,40,0,1,0,1,0,0
227,1010,11,0,0,0,11,0,2025,11,1,10,6,10,40,0,1,0,1,0,0
228,1010,16,2,0,0,18,1,2025,11,1,10,23,54,40,0,1,0,1,0,0
229,1010,15,1,0,0,16,0,2025,11,1,10,41,39,40,0,1,0,1,0,0
230,1010,11,1,0,0,12,1,2025,11,1,10,59,35,40,0,1,0,1,0,0
231,1010,19,0,0,0,19,1,2025,11,1,11,17,21,40,0,1,0,1,0,0
232,1010,19,1,0,0,20,1,2025,11,1,11,35,2,40,0,1,0,1,0,0
233,1010,20,2,0,0,22,1,2025,11,1,11,52,46,40,0,1,0,1,0,0
234,1010,16,1,0,0,17,1,2025,11,1,12,10,41,40,0,1,0,0,0,1
235,1010,24,0,0,0,24,1,2025,11,1,12,28,27,40,0,1,0,0,0,1
236,1010,23,2,0,0,25,1,2025,11,1,12,46,19,40,0,1,0,0,0,1
237,1010,23,0,0,0,23,1,2025,11,1,13,4,15,40,0,1,0,0,0,1
238,1010,28,1,0,0,29,1,2025,11,1,13,22,3,40,0,1,0,0,0,1
239,1010,23,1,0,0,24,1,2025,11,1,13,39,48,40,0,1,0,0,0,1
240,1010,24,2,0,0,26,1,2025,11,1,13,57,39,40,0,1,0,0,0,1
241,1010,23,0,0,0,23,1,2025,11,1,14,15,29,40,0,1,0,0,0,1
242,1010,25,0,0,0,25,1,2025,11,1,14,33,33,40,0,1,0,0,0,1
243,1010,17,1,0,0,18,1,2025,11,1,14,51,37,40,0,1,0,0,0,1
244,1010,16,0,0,0,16,1,2025,11,1,15,9,34,40,0,1,0,0,0,1
245,1010,17,0,0,0,17,1,2025,11,1,15,27,21,40,0,1,0,0,0,1
246,1010,19,0,0,0,19,1,2025,11,1,15,45,12,40,0,1,0,0,0,1
247,1010,11,0,0,0,11,1,2025,11,1,16,3,7,40,0,1,0,0,0,1
248,1010,10,0,0,0,10,0,2025,11,1,16,20,57,40,0,1,0,0,0,1
249,1010,13,0,0,0,13,1,2025,11,1,16,38,45,40,0,1,0,0,0,1
250,1010,19,0,0,0,19,1,2025,11,1,16,56,42,40,0,1,0,0,0,1
251,1010,16,1,0,0,17,1,2025,11,1,17,14,41,40,0,1,0,0,0,1
252,1010,20,1,0,0,21,1,2025,11,1,17,32,28,40,0,1,0,0,0,1
253,1010,18,1,0,0,19,1,2025,11,1,17,50,23,40,0,1,0,0,0,1
254,1010,19,0,0,0,19,1,2025,11,1,18,8,12,40,0,1,0,0,1,0
255,1010,16,0,0,0,16,1,2025,11,1,18,27,1,40,0,1,0,0,1,0
256,1010,10,0,0,0,10,1,2025,11,1,18,44,56,40,0,1,0,0,1,0
257,1010,17,0,0,0,17,2,2025,11,1,19,2,43,40,0,1,0,0,1,0
258,1010,11,0,0,0,11,0,2025,11,1,19,37,20,40,0,1,0,0,1,0
259,1097,10,0,0,0,10,0,2025,10,27,8,27,16,2,1,0,0,1,0,0
260,1097,17,0,1,0,18,1,2025,10,27,8,45,2,2,1,0,0,1,0,0
261,1097,11,3,2,0,16,2,2025,10,27,9,2,40,2,1,0,0,1,0,0
262,1097,10,2,0,0,12,1,2025,10,27,9,20,21,2,1,0,0,1,0,0
263,1097,7,2,0,0,9,1,2025,10,27,9,38,3,2,1,0,0,1,0,0
264,1097,13,2,0,0,15,1,2025,10,27,9,55,47,2,1,0,0,1,0,0
265,1097,20,5,1,0,26,2,2025,10,27,10,13,33,2,1,0,0,1,0,0
266,1097,14,8,0,0,22,2,2025,10,27,10,31,19,2,1,0,0,1,0,0
267,1097,14,6,0,0,20,2,2025,10,27,12,40,22,2,1,0,0,0,0,1
268,1097,13,2,0,0,15,2,2025,10,27,12,58,6,2,1,0,0,0,0,1
269,1097,8,1,1,0,10,1,2025,10,27,13,15,54,2,1,0,0,0,0,1
270,1097,11,1,1,0,13,1,2025,10,27,13,21,0,2,1,0,0,0,0,1
271,1097,14,7,0,0,21,2,2025,10,27,13,57,23,2,1,0,0,0,0,1
272,1097,19,4,2,0,25,3,2025,10,27,14,55,40,2,1,0,0,0,0,1
273,1097,20,6,1,0,27,2,2025,10,27,15,13,25,2,1,0,0,0,0,1
274,1097,16,8,1,0,25,3,2025,10,27,15,31,15,2,1,0,0,0,0,1
275,1097,15,3,0,0,18,1,2025,10,27,15,48,58,2,1,0,0,0,0,1
276,1097,13,4,0,0,17,1,2025,10,27,18,3,1,2,1,0,0,0,1,0
277,1097,17,3,1,0,21,1,2025,10,27,18,20,38,2,1,0,0,0,1,0
278,1097,11,1,0,0,12,1,2025,10,27,18,38,14,2,1,0,0,0,1,0
279,1097,16,3,0,0,19,1,2025,10,28,7,56,28,2,1,0,0,1,0,0
280,1097,10,1,1,0,12,1,2025,10,28,8,14,5,2,1,0,0,1,0,0
281,1097,9,4,0,0,13,1,2025,10,28,8,31,41,2,1,0,0,1,0,0
282,1097,12,4,0,0,16,1,2025,10,28,8,49,18,2,1,0,0,1,0,0
283,1097,6,3,0,0,9,1,2025,10,28,9,6,53,2,1,0,0,1,0,0
284,1097,11,1,0,0,12,1,2025,10,28,9,24,30,2,1,0,0,1,0,0
285,1097,9,4,0,0,13,1,2025,10,28,9,42,10,2,1,0,0,1,0,0
286,1097,11,7,2,0,20,2,2025,10,28,13,27,57,2,1,0,0,0,0,1
287,1097,10,4,0,0,14,1,2025,10,28,14,45,50,2,1,0,0,0,0,1
288,1097,17,6,1,0,24,1,2025,10,28,15,3,32,2,1,0,0,0,0,1
289,1097,13,3,1,0,17,2,2025,10,28,15,21,22,2,1,0,0,0,0,1
290,1097,9,2,1,0,12,1,2025,10,28,15,39,7,2,1,0,0,0,0,1
291,1097,11,2,0,0,13,1,2025,10,28,15,56,52,2,1,0,0,0,0,1
292,1097,15,5,2,0,22,2,2025,10,28,17,49,8,2,1,0,0,0,0,1
293,1097,11,6,2,0,19,2,2025,10,28,18,6,46,2,1,0,0,0,1,0
294,1097,20,3,0,0,23,1,2025,10,28,18,24,27,2,1,0,0,0,1,0
295,1097,17,4,0,0,21,1,2025,10,28,18,42,5,2,1,0,0,0,1,0
296,1097,12,3,1,0,16,1,2025,10,28,18,59,43,2,1,0,0,0,1,0
297,1097,5,1,0,0,6,0,2025,10,28,19,17,20,2,1,0,0,0,1,0
298,1097,5,0,0,0,5,0,2025,10,28,19,34,59,2,1,0,0,0,1,0
299,1097,6,2,0,0,8,1,2025,10,28,19,52,37,2,1,0,0,0,1,0
300,1097,16,2,0,0,18,1,2025,10,29,8,23,48,2,1,0,0,1,0,0
301,1097,16,5,0,0,21,1,2025,10,29,8,41,24,2,1,0,0,1,0,0
302,1097,9,5,2,0,16,1,2025,10,29,8,59,0,2,1,0,0,1,0,0
303,1097,15,2,0,0,17,0,2025,10,29,9,16,35,2,1,0,0,1,0,0
304,1097,11,5,0,0,16,1,2025,10,29,9,34,12,2,1,0,0,1,0,0
305,1097,9,4,1,0,14,1,2025,10,29,9,51,48,2,1,0,0,1,0,0
306,1097,10,6,0,0,16,1,2025,10,29,10,9,27,2,1,0,0,1,0,0
307,1097,5,6,0,0,11,1,2025,10,29,10,27,5,2,1,0,0,1,0,0
308,1097,6,5,1,0,12,1,2025,10,29,10,44,44,2,1,0,0,1,0,0
309,1097,7,5,1,0,13,1,2025,10,29,12,33,37,2,1,0,0,0,0,1
310,1097,11,2,0,0,13,1,2025,10,29,12,51,18,2,1,0,0,0,0,1
311,1097,7,3,0,0,10,0,2025,10,29,13,9,8,2,1,0,0,0,0,1
312,1097,13,3,0,0,16,1,2025,10,29,13,26,49,2,1,0,0,0,0,1
313,1097,10,2,0,0,12,1,2025,10,29,13,44,34,2,1,0,0,0,0,1
314,1097,11,4,2,0,17,1,2025,10,29,14,44,16,2,1,0,0,0,0,1
315,1097,9,5,0,0,14,1,2025,10,29,15,2,2,2,1,0,0,0,0,1
316,1097,13,1,2,0,16,1,2025,10,29,15,19,44,2,1,0,0,0,0,1
317,1097,14,3,0,0,17,1,2025,10,29,15,37,23,2,1,0,0,0,0,1
318,1097,8,2,1,0,11,1,2025,10,29,15,55,5,2,1,0,0,0,0,1
319,1097,14,0,1,0,15,1,2025,10,30,8,20,41,2,1,0,0,1,0,0
320,1097,9,5,1,0,15,1,2025,10,30,8,38,24,2,1,0,0,1,0,0
321,1097,9,3,0,0,12,1,2025,10,30,8,56,6,2,1,0,0,1,0,0
322,1097,10,3,1,0,14,1,2025,10,30,9,13,58,2,1,0,0,1,0,0
323,1097,8,6,0,0,14,1,2025,10,30,9,32,8,2,1,0,0,1,0,0
324,1097,9,3,1,0,13,1,2025,10,30,9,49,58,2,1,0,0,1,0,0
325,1097,9,3,0,0,12,1,2025,10,30,10,7,55,2,1,0,0,1,0,0
326,1097,12,4,0,0,16,1,2025,10,30,10,25,39,2,1,0,0,1,0,0
327,1097,5,2,0,0,7,1,2025,10,30,10,43,20,2,1,0,0,1,0,0
328,1097,6,7,1,0,14,1,2025,10,30,12,29,54,2,1,0,0,0,0,1
329,1097,10,6,1,0,17,2,2025,10,30,12,47,25,2,1,0,0,0,0,1
330,1097,5,3,0,0,8,0,2025,10,30,13,5,9,2,1,0,0,0,0,1
331,1097,5,3,0,0,8,0,2025,10,30,13,22,56,2,1,0,0,0,0,1
332,1097,13,1,0,0,14,1,2025,10,30,13,40,42,2,1,0,0,0,0,1
333,1097,6,1,0,0,7,0,2025,10,30,13,58,27,2,1,0,0,0,0,1
334,1097,9,3,3,0,15,1,2025,10,30,14,57,29,2,1,0,0,0,0,1
335,1097,12,7,0,0,19,1,2025,10,30,15,15,23,2,1,0,0,0,0,1
336,1097,14,4,0,0,18,1,2025,10,30,15,33,6,2,1,0,0,0,0,1
337,1097,8,4,2,0,14,2,2025,10,30,15,57,52,2,1,0,0,0,0,1
338,1097,6,1,0,0,7,0,2025,10,30,16,15,40,2,1,0,0,0,0,1
339,1097,3,1,0,0,4,1,2025,10,30,22,45,53,2,1,0,0,0,1,0
340,1097,12,5,0,0,17,1,2025,10,31,8,25,21,2,1,0,0,1,0,0
341,1097,11,1,0,0,12,1,2025,10,31,8,43,9,2,1,0,0,1,0,0
342,1097,9,3,1,0,13,2,2025,10,31,9,0,55,2,1,0,0,1,0,0
343,1097,9,0,1,0,10,0,2025,10,31,9,18,39,2,1,0,0,1,0,0
344,1097,11,1,2,0,14,0,2025,10,31,9,44,17,2,1,0,0,1,0,0
345,1097,10,6,1,0,17,1,2025,10,31,10,2,0,2,1,0,0,1,0,0
346,1097,8,5,2,0,15,1,2025,10,31,10,19,43,2,1,0,0,1,0,0
347,1097,6,9,0,0,15,1,2025,10,31,10,37,22,2,1,0,0,1,0,0
348,1097,12,2,1,0,15,1,2025,10,31,15,3,48,2,1,0,0,0,0,1
349,1097,12,5,0,0,17,2,2025,10,31,15,21,41,2,1,0,0,0,0,1
350,1097,10,3,0,0,13,1,2025,10,31,15,39,31,2,1,0,0,0,0,1
351,1097,12,2,0,0,14,1,2025,10,31,15,57,21,2,1,0,0,0,0,1
352,1097,4,0,0,0,4,0,2025,11,1,8,55,1,2,1,0,0,1,0,0
353,1097,4,1,1,0,6,0,2025,11,1,9,12,50,2,1,0,0,1,0,0
354,1097,4,3,0,0,7,0,2025,11,1,9,30,38,2,1,0,0,1,0,0
355,1097,10,0,0,0,10,1,2025,11,1,9,48,30,2,1,0,0,1,0,0
356,1097,4,1,0,0,5,0,2025,11,1,10,6,15,2,1,0,0,1,0,0
357,1097,6,1,0,0,7,0,2025,11,1,10,24,0,2,1,0,0,1,0,0
358,1097,8,0,0,0,8,0,2025,11,1,10,41,55,2,1,0,0,1,0,0
359,1097,13,1,0,0,14,1,2025,11,1,10,59,41,2,1,0,0,1,0,0
360,1097,14,0,0,0,14,1,2025,11,1,11,17,28,2,1,0,0,1,0,0
361,1097,17,1,0,0,18,1,2025,11,1,11,35,6,2,1,0,0,1,0,0
362,1097,9,2,0,0,11,0,2025,11,1,11,52,58,2,1,0,0,1,0,0
363,1097,7,1,0,0,8,1,2025,11,1,12,10,46,2,1,0,0,0,0,1
364,1097,13,2,0,0,15,1,2025,11,1,12,28,39,2,1,0,0,0,0,1
365,1097,11,1,0,0,12,1,2025,11,1,12,46,34,2,1,0,0,0,0,1
366,1097,9,0,0,0,9,0,2025,11,1,13,4,21,2,1,0,0,0,0,1
367,1097,14,1,0,0,15,1,2025,11,1,13,22,10,2,1,0,0,0,0,1
368,1097,4,0,0,0,4,0,2025,11,1,13,39,56,2,1,0,0,0,0,1
369,1097,6,1,0,0,7,0,2025,11,1,13,57,47,2,1,0,0,0,0,1
370,1097,8,3,0,0,11,1,2025,11,1,14,15,36,2,1,0,0,0,0,1
371,1097,11,1,0,0,12,1,2025,11,1,14,33,55,2,1,0,0,0,0,1
372,1097,4,1,0,0,5,0,2025,11,1,14,51,52,2,1,0,0,0,0,1
373,1097,6,1,0,0,7,0,2025,11,1,15,9,40,2,1,0,0,0,0,1
374,1097,12,0,0,0,12,1,2025,11,1,15,27,28,2,1,0,0,0,0,1
375,1097,5,0,0,0,5,0,2025,11,1,15,45,26,2,1,0,0,0,0,1
376,1097,5,1,0,0,6,0,2025,11,1,16,3,15,2,1,0,0,0,0,1
377,1097,17,1,0,0,18,1,2025,11,1,16,21,4,2,1,0,0,0,0,1
378,1097,9,1,0,0,10,0,2025,11,1,16,38,55,2,1,0,0,0,0,1
379,1097,5,0,0,0,5,0,2025,11,1,16,56,57,2,1,0,0,0,0,1
380,1097,5,0,0,0,5,0,2025,11,1,17,14,51,2,1,0,0,0,0,1
381,1097,12,0,0,0,12,1,2025,11,1,17,32,36,2,1,0,0,0,0,1
382,1097,16,1,0,0,17,1,2025,11,1,17,50,30,2,1,0,0,0,0,1
383,1097,7,1,0,0,8,0,2025,11,1,18,8,24,2,1,0,0,0,1,0
384,1097,16,0,0,0,16,1,2025,11,1,18,27,8,2,1,0,0,0,1,0
385,1097,3,0,0,0,3,0,2025,11,1,18,45,4,2,1,0,0,0,1,0
386,1097,8,0,0,0,8,0,2025,11,1,19,2,49,2,1,0,0,0,1,0
387,1097,7,0,0,0,7,1,2025,11,1,19,37,24,2,1,0,0,0,1,0
388,1125,9,0,0,0,9,1,2025,10,27,8,27,13,5,1,0,0,1,0,0
389,1125,8,0,0,0,8,0,2025,10,27,8,44,58,5,1,0,0,1,0,0
390,1125,5,0,1,0,6,1,2025,10,27,9,2,38,5,1,0,0,1,0,0
391,1125,1,1,0,0,2,0,2025,10,27,9,20,18,5,1,0,0,1,0,0
392,1125,10,1,0,0,11,1,2025,10,27,9,38,0,5,1,0,0,1,0,0
393,1125,10,2,0,0,12,1,2025,10,27,9,55,43,5,1,0,0,1,0,0
394,1125,6,4,0,0,10,1,2025,10,27,10,13,28,5,1,0,0,1,0,0
395,1125,7,3,1,0,11,1,2025,10,27,10,31,15,5,1,0,0,1,0,0
396,1125,3,3,0,0,6,1,2025,10,27,12,40,17,5,1,0,0,0,0,1
397,1125,1,2,1,0,4,1,2025,10,27,12,58,1,5,1,0,0,0,0,1
398,1125,6,1,0,0,7,1,2025,10,27,13,15,48,5,1,0,0,0,0,1
399,1125,11,2,0,0,13,1,2025,10,27,13,20,54,5,1,0,0,0,0,1
400,1125,6,1,0,0,7,0,2025,10,27,13,57,18,5,1,0,0,0,0,1
401,1125,10,2,0,0,12,0,2025,10,27,14,55,36,5,1,0,0,0,0,1
402,1125,13,1,0,0,14,0,2025,10,27,15,13,22,5,1,0,0,0,0,1
403,1125,9,2,1,0,12,1,2025,10,27,15,31,8,5,1,0,0,0,0,1
404,1125,10,0,0,0,10,0,2025,10,27,15,48,55,5,1,0,0,0,0,1
405,1125,3,0,0,0,3,0,2025,10,27,18,2,59,5,1,0,0,0,1,0
406,1125,7,0,0,0,7,0,2025,10,27,18,20,35,5,1,0,0,0,1,0
407,1125,9,1,0,0,10,0,2025,10,27,18,38,12,5,1,0,0,0,1,0
408,1125,12,1,0,0,13,1,2025,10,28,7,56,26,5,1,0,0,1,0,0
409,1125,10,0,0,0,10,0,2025,10,28,8,14,3,5,1,0,0,1,0,0
410,1125,12,1,0,0,13,1,2025,10,28,8,31,39,5,1,0,0,1,0,0
411,1125,8,2,1,0,11,1,2025,10,28,8,49,15,5,1,0,0,1,0,0
412,1125,7,2,0,0,9,0,2025,10,28,9,6,51,5,1,0,0,1,0,0
413,1125,5,1,0,0,6,0,2025,10,28,9,24,27,5,1,0,0,1,0,0
414,1125,9,0,0,0,9,0,2025,10,28,9,42,6,5,1,0,0,1,0,0
415,1125,12,0,0,0,12,0,2025,10,28,13,27,53,5,1,0,0,0,0,1
416,1125,12,2,0,0,14,1,2025,10,28,14,45,45,5,1,0,0,0,0,1
417,1125,9,1,0,0,10,0,2025,10,28,15,3,27,5,1,0,0,0,0,1
418,1125,10,0,0,0,10,1,2025,10,28,15,21,14,5,1,0,0,0,0,1
419,1125,11,1,0,0,12,1,2025,10,28,15,39,1,5,1,0,0,0,0,1
420,1125,12,0,0,0,12,0,2025,10,28,15,56,46,5,1,0,0,0,0,1
421,1125,17,0,0,0,17,1,2025,10,28,17,49,7,5,1,0,0,0,0,1
422,1125,23,3,0,0,26,1,2025,10,28,18,6,43,5,1,0,0,0,1,0
423,1125,17,2,0,0,19,1,2025,10,28,18,24,22,5,1,0,0,0,1,0
424,1125,23,1,0,0,24,1,2025,10,28,18,42,2,5,1,0,0,0,1,0
425,1125,11,0,0,0,11,1,2025,10,28,18,59,40,5,1,0,0,0,1,0
426,1125,6,0,0,0,6,0,2025,10,28,19,17,18,5,1,0,0,0,1,0
427,1125,5,1,0,0,6,0,2025,10,28,19,34,56,5,1,0,0,0,1,0
428,1125,7,0,0,0,7,1,2025,10,28,19,52,34,5,1,0,0,0,1,0
429,1125,20,3,0,0,23,1,2025,10,29,8,23,45,5,1,0,0,1,0,0
430,1125,14,1,0,0,15,1,2025,10,29,8,41,22,5,1,0,0,1,0,0
431,1125,18,1,0,0,19,1,2025,10,29,8,58,58,5,1,0,0,1,0,0
432,1125,24,1,0,0,25,1,2025,10,29,9,16,33,5,1,0,0,1,0,0
433,1125,15,3,0,0,18,1,2025,10,29,9,34,9,5,1,0,0,1,0,0
434,1125,14,2,0,0,16,1,2025,10,29,9,51,46,5,1,0,0,1,0,0
435,1125,18,7,0,0,25,1,2025,10,29,10,9,24,5,1,0,0,1,0,0
436,1125,17,3,0,0,20,1,2025,10,29,10,27,2,5,1,0,0,1,0,0
437,1125,13,5,1,0,19,1,2025,10,29,10,44,41,5,1,0,0,1,0,0
438,1125,7,1,0,0,8,0,2025,10,29,12,33,33,5,1,0,0,0,0,1
439,1125,13,1,0,0,14,1,2025,10,29,12,51,14,5,1,0,0,0,0,1
440,1125,13,5,0,0,18,1,2025,10,29,13,9,0,5,1,0,0,0,0,1
441,1125,13,2,0,0,15,1,2025,10,29,13,26,45,5,1,0,0,0,0,1
442,1125,9,0,0,0,9,0,2025,10,29,13,44,29,5,1,0,0,0,0,1
443,1125,14,4,0,0,18,1,2025,10,29,14,44,12,5,1,0,0,0,0,1
444,1125,22,3,0,0,25,1,2025,10,29,15,1,54,5,1,0,0,0,0,1
445,1125,19,4,0,0,23,1,2025,10,29,15,19,39,5,1,0,0,0,0,1
446,1125,18,3,0,0,21,1,2025,10,29,15,37,20,5,1,0,0,0,0,1
447,1125,23,3,1,0,27,1,2025,10,29,15,55,0,5,1,0,0,0,0,1
448,1125,18,3,0,0,21,1,2025,10,30,8,20,37,5,1,0,0,1,0,0
449,1125,14,3,0,0,17,1,2025,10,30,8,38,19,5,1,0,0,1,0,0
450,1125,17,2,1,0,20,1,2025,10,30,8,56,2,5,1,0,0,1,0,0
451,1125,14,2,0,0,16,1,2025,10,30,9,13,54,5,1,0,0,1,0,0
452,1125,19,3,0,0,22,1,2025,10,30,9,31,59,5,1,0,0,1,0,0
453,1125,19,4,0,0,23,1,2025,10,30,9,49,53,5,1,0,0,1,0,0
454,1125,10,6,1,0,17,1,2025,10,30,10,7,44,5,1,0,0,1,0,0
455,1125,9,9,2,0,20,1,2025,10,30,10,25,33,5,1,0,0,1,0,0
456,1125,15,0,0,0,15,1,2025,10,30,10,43,15,5,1,0,0,1,0,0
457,1125,10,4,1,0,15,1,2025,10,30,12,29,49,5,1,0,0,0,0,1
458,1125,16,9,0,0,25,1,2025,10,30,12,47,20,5,1,0,0,0,0,1
459,1125,13,4,0,0,17,1,2025,10,30,13,5,4,5,1,0,0,0,0,1
460,1125,18,3,2,0,23,1,2025,10,30,13,22,50,5,1,0,0,0,0,1
461,1125,21,5,0,0,26,1,2025,10,30,13,40,36,5,1,0,0,0,0,1
462,1125,16,4,0,0,20,1,2025,10,30,13,58,22,5,1,0,0,0,0,1
463,1125,18,3,1,0,22,1,2025,10,30,14,57,23,5,1,0,0,0,0,1
464,1125,18,6,0,0,24,1,2025,10,30,15,15,17,5,1,0,0,0,0,1
465,1125,22,3,0,0,25,1,2025,10,30,15,33,1,5,1,0,0,0,0,1
466,1125,20,3,1,0,24,1,2025,10,30,15,57,46,5,1,0,0,0,0,1
467,1125,20,2,0,0,22,1,2025,10,30,16,15,33,5,1,0,0,0,0,1
468,1125,5,1,0,0,6,0,2025,10,30,22,45,49,5,1,0,0,0,1,0
469,1125,25,2,0,0,27,1,2025,10,31,8,25,17,5,1,0,0,1,0,0
470,1125,20,2,0,0,22,1,2025,10,31,8,43,4,5,1,0,0,1,0,0
471,1125,15,3,0,0,18,1,2025,10,31,9,0,51,5,1,0,0,1,0,0
472,1125,16,4,0,0,20,1,2025,10,31,9,18,35,5,1,0,0,1,0,0
473,1125,15,2,0,0,17,1,2025,10,31,9,44,13,5,1,0,0,1,0,0
474,1125,20,4,0,0,24,1,2025,10,31,10,1,55,5,1,0,0,1,0,0
475,1125,14,3,0,0,17,1,2025,10,31,10,19,39,5,1,0,0,1,0,0
476,1125,19,2,0,0,21,1,2025,10,31,10,37,19,5,1,0,0,1,0,0
477,1125,28,1,0,0,29,1,2025,10,31,15,3,41,5,1,0,0,0,0,1
478,1125,20,1,0,0,21,1,2025,10,31,15,21,33,5,1,0,0,0,0,1
479,1125,23,1,0,0,24,1,2025,10,31,15,39,26,5,1,0,0,0,0,1
480,1125,19,4,0,0,23,1,2025,10,31,15,57,15,5,1,0,0,0,0,1
481,1125,7,1,0,0,8,0,2025,11,1,8,54,54,5,1,0,0,1,0,0
482,1125,5,0,0,0,5,0,2025,11,1,9,12,39,5,1,0,0,1,0,0
483,1125,11,0,0,0,11,0,2025,11,1,9,30,34,5,1,0,0,1,0,0
484,1125,0,0,0,0,0,0,2025,11,1,9,48,20,5,1,0,0,1,0,0
485,1125,6,0,0,0,6,0,2025,11,1,10,6,11,5,1,0,0,1,0,0
486,1125,4,1,0,0,5,0,2025,11,1,10,23,54,5,1,0,0,1,0,0
487,1125,4,0,0,0,4,0,2025,11,1,10,41,40,5,1,0,0,1,0,0
488,1125,6,1,0,0,7,0,2025,11,1,10,59,36,5,1,0,0,1,0,0
489,1125,2,1,0,0,3,0,2025,11,1,11,17,22,5,1,0,0,1,0,0
490,1125,12,3,0,0,15,1,2025,11,1,11,35,3,5,1,0,0,1,0,0
491,1125,2,1,0,0,3,0,2025,11,1,11,52,48,5,1,0,0,1,0,0
492,1125,5,1,0,0,6,0,2025,11,1,12,10,41,5,1,0,0,0,0,1
493,1125,6,1,0,0,7,0,2025,11,1,12,28,33,5,1,0,0,0,0,1
494,1125,6,1,0,0,7,0,2025,11,1,12,46,20,5,1,0,0,0,0,1
495,1125,7,0,0,0,7,0,2025,11,1,13,4,16,5,1,0,0,0,0,1
496,1125,9,0,0,0,9,0,2025,11,1,13,22,4,5,1,0,0,0,0,1
497,1125,9,1,0,0,10,0,2025,11,1,13,39,49,5,1,0,0,0,0,1
498,1125,6,0,0,0,6,0,2025,11,1,13,57,40,5,1,0,0,0,0,1
499,1125,8,2,0,0,10,0,2025,11,1,14,15,30,5,1,0,0,0,0,1
500,1125,11,3,0,0,14,1,2025,11,1,14,33,40,5,1,0,0,0,0,1
501,1125,4,0,0,0,4,0,2025,11,1,14,51,38,5,1,0,0,0,0,1
502,1125,9,0,0,0,9,0,2025,11,1,15,9,34,5,1,0,0,0,0,1
503,1125,6,0,0,0,6,0,2025,11,1,15,27,22,5,1,0,0,0,0,1
504,1125,4,0,0,0,4,0,2025,11,1,15,45,13,5,1,0,0,0,0,1
505,1125,8,2,0,0,10,0,2025,11,1,16,3,10,5,1,0,0,0,0,1
506,1125,8,1,0,0,9,0,2025,11,1,16,20,58,5,1,0,0,0,0,1
507,1125,9,1,0,0,10,0,2025,11,1,16,38,46,5,1,0,0,0,0,1
508,1125,12,0,0,0,12,0,2025,11,1,16,56,43,5,1,0,0,0,0,1
509,1125,10,1,0,0,11,0,2025,11,1,17,14,43,5,1,0,0,0,0,1
510,1125,8,0,0,0,8,0,2025,11,1,17,32,30,5,1,0,0,0,0,1
511,1125,4,1,0,0,5,0,2025,11,1,17,50,24,5,1,0,0,0,0,1
512,1125,9,1,0,0,10,0,2025,11,1,18,8,13,5,1,0,0,0,1,0
513,1125,9,2,0,0,11,0,2025,11,1,18,27,2,5,1,0,0,0,1,0
514,1125,3,0,0,0,3,0,2025,11,1,18,44,58,5,1,0,0,0,1,0
515,1125,5,0,0,0,5,0,2025,11,1,19,2,45,5,1,0,0,0,1,0
516,1125,3,0,0,0,3,0,2025,11,1,19,37,20,5,1,0,0,0,1,0
517,1158,17,0,3,0,20,2,2025,10,27,8,27,15,6,1,0,0,1,0,0
518,1158,18,0,2,0,20,2,2025,10,27,8,45,1,6,1,0,0,1,0,0
519,1158,16,1,2,0,19,2,2025,10,27,9,2,39,6,1,0,0,1,0,0
520,1158,8,1,0,0,9,0,2025,10,27,9,20,20,6,1,0,0,1,0,0
521,1158,8,1,1,0,10,1,2025,10,27,9,38,2,6,1,0,0,1,0,0
522,1158,10,1,0,0,11,1,2025,10,27,9,55,45,6,1,0,0,1,0,0
523,1158,7,0,0,0,7,0,2025,10,27,10,13,31,6,1,0,0,1,0,0
524,1158,7,1,0,0,8,0,2025,10,27,10,31,18,6,1,0,0,1,0,0
525,1158,4,0,0,0,4,0,2025,10,27,12,40,20,6,1,0,0,0,0,1
526,1158,6,0,1,0,7,0,2025,10,27,12,58,4,6,1,0,0,0,0,1
527,1158,5,1,0,0,6,0,2025,10,27,13,15,52,6,1,0,0,0,0,1
528,1158,3,0,0,0,3,0,2025,10,27,13,20,58,6,1,0,0,0,0,1
529,1158,2,0,0,0,2,0,2025,10,27,13,57,21,6,1,0,0,0,0,1
530,1158,3,1,2,0,6,0,2025,10,27,14,55,39,6,1,0,0,0,0,1
531,1158,4,1,0,0,5,0,2025,10,27,15,13,24,6,1,0,0,0,0,1
532,1158,1,0,0,0,1,0,2025,10,27,15,31,10,6,1,0,0,0,0,1
533,1158,7,0,0,0,7,1,2025,10,27,15,48,57,6,1,0,0,0,0,1
534,1158,9,0,0,0,9,0,2025,10,27,18,3,0,6,1,0,0,0,1,0
535,1158,18,0,0,0,18,1,2025,10,27,18,20,37,6,1,0,0,0,1,0
536,1158,15,0,0,0,15,1,2025,10,27,18,38,13,6,1,0,0,0,1,0
537,1158,18,0,1,0,19,1,2025,10,28,7,56,27,6,1,0,0,1,0,0
538,1158,24,1,1,0,26,2,2025,10,28,8,14,4,6,1,0,0,1,0,0
539,1158,27,0,2,0,29,2,2025,10,28,8,31,40,6,1,0,0,1,0,0
540,1158,28,0,3,0,31,2,2025,10,28,8,49,17,6,1,0,0,1,0,0
541,1158,0,0,0,0,0,0,2025,10,28,9,6,52,6,1,0,0,1,0,0
542,1158,17,0,1,0,18,1,2025,10,28,9,24,29,6,1,0,0,1,0,0
543,1158,18,0,0,0,18,1,2025,10,28,9,42,8,6,1,0,0,1,0,0
544,1158,7,1,0,0,8,0,2025,10,28,13,27,56,6,1,0,0,0,0,1
545,1158,14,0,1,0,15,1,2025,10,28,14,45,49,6,1,0,0,0,0,1
546,1158,14,0,0,0,14,0,2025,10,28,15,3,30,6,1,0,0,0,0,1
547,1158,12,1,0,0,13,1,2025,10,28,15,21,20,6,1,0,0,0,0,1
548,1158,7,3,0,0,10,1,2025,10,28,15,39,5,6,1,0,0,0,0,1
549,1158,7,1,1,0,9,1,2025,10,28,15,56,50,6,1,0,0,0,0,1
550,1158,17,0,0,0,17,1,2025,10,28,17,49,8,6,1,0,0,0,0,1
551,1158,16,0,0,0,16,1,2025,10,28,18,6,45,6,1,0,0,0,1,0
552,1158,16,0,0,0,16,1,2025,10,28,18,24,25,6,1,0,0,0,1,0
553,1158,19,1,0,0,20,1,2025,10,28,18,42,4,6,1,0,0,0,1,0
554,1158,21,0,0,0,21,2,2025,10,28,18,59,42,6,1,0,0,0,1,0
555,1158,18,0,0,0,18,1,2025,10,28,19,17,20,6,1,0,0,0,1,0
556,1158,14,0,0,0,14,1,2025,10,28,19,34,58,6,1,0,0,0,1,0
557,1158,18,0,0,0,18,1,2025,10,28,19,52,36,6,1,0,0,0,1,0
558,1158,9,0,0,0,9,0,2025,10,29,8,23,47,6,1,0,0,1,0,0
559,1158,10,0,3,0,13,2,2025,10,29,8,41,23,6,1,0,0,1,0,0
560,1158,10,0,4,0,14,2,2025,10,29,8,59,0,6,1,0,0,1,0,0
561,1158,12,1,1,0,14,1,2025,10,29,9,16,34,6,1,0,0,1,0,0
562,1158,13,0,4,0,17,2,2025,10,29,9,34,11,6,1,0,0,1,0,0
563,1158,13,0,0,0,13,1,2025,10,29,9,51,47,6,1,0,0,1,0,0
564,1158,15,0,1,0,16,1,2025,10,29,10,9,26,6,1,0,0,1,0,0
565,1158,8,0,0,0,8,0,2025,10,29,10,27,4,6,1,0,0,1,0,0
566,1158,14,0,0,0,14,0,2025,10,29,10,44,43,6,1,0,0,1,0,0
567,1158,8,0,0,0,8,0,2025,10,29,12,33,36,6,1,0,0,0,0,1
568,1158,5,0,0,0,5,0,2025,10,29,12,51,16,6,1,0,0,0,0,1
569,1158,10,0,0,0,10,0,2025,10,29,13,9,6,6,1,0,0,0,0,1
570,1158,8,0,0,0,8,0,2025,10,29,13,26,48,6,1,0,0,0,0,1
571,1158,6,0,0,0,6,0,2025,10,29,13,44,33,6,1,0,0,0,0,1
572,1158,8,0,2,0,10,1,2025,10,29,14,44,15,6,1,0,0,0,0,1
573,1158,20,1,0,0,21,1,2025,10,29,15,2,0,6,1,0,0,0,0,1
574,1158,20,0,0,0,20,1,2025,10,29,15,19,43,6,1,0,0,0,0,1
575,1158,14,0,0,0,14,1,2025,10,29,15,37,22,6,1,0,0,0,0,1
576,1158,18,0,3,0,21,2,2025,10,29,15,55,3,6,1,0,0,0,0,1
577,1158,9,0,0,0,9,0,2025,10,30,8,20,40,6,1,0,0,1,0,0
578,1158,11,2,2,0,15,2,2025,10,30,8,38,22,6,1,0,0,1,0,0
579,1158,20,1,1,0,22,2,2025,10,30,8,56,5,6,1,0,0,1,0,0
580,1158,16,0,0,0,16,1,2025,10,30,9,13,57,6,1,0,0,1,0,0
581,1158,23,0,0,0,23,1,2025,10,30,9,32,7,6,1,0,0,1,0,0
582,1158,14,1,2,0,17,0,2025,10,30,9,49,56,6,1,0,0,1,0,0
583,1158,11,1,1,0,13,0,2025,10,30,10,7,49,6,1,0,0,1,0,0
584,1158,12,1,0,0,13,0,2025,10,30,10,25,36,6,1,0,0,1,0,0
585,1158,10,1,1,0,12,0,2025,10,30,10,43,19,6,1,0,0,1,0,0
586,1158,1,1,0,0,2,0,2025,10,30,12,29,53,6,1,0,0,0,0,1
587,1158,0,1,0,0,1,0,2025,10,30,12,47,24,6,1,0,0,0,0,1
588,1158,1,1,0,0,2,0,2025,10,30,13,5,7,6,1,0,0,0,0,1
589,1158,0,0,0,0,0,0,2025,10,30,13,22,53,6,1,0,0,0,0,1
590,1158,7,1,0,0,8,0,2025,10,30,13,40,40,6,1,0,0,0,0,1
591,1158,9,0,0,0,9,0,2025,10,30,13,58,25,6,1,0,0,0,0,1
592,1158,8,1,1,0,10,1,2025,10,30,14,57,27,6,1,0,0,0,0,1
593,1158,12,0,0,0,12,1,2025,10,30,15,15,21,6,1,0,0,0,0,1
594,1158,9,0,0,0,9,0,2025,10,30,15,33,4,6,1,0,0,0,0,1
595,1158,6,1,1,0,8,1,2025,10,30,15,57,50,6,1,0,0,0,0,1
596,1158,8,1,0,0,9,0,2025,10,30,16,15,38,6,1,0,0,0,0,1
597,1158,1,0,0,0,1,0,2025,10,30,22,45,51,6,1,0,0,0,1,0
598,1158,11,0,0,0,11,0,2025,10,31,8,25,20,6,1,0,0,1,0,0
599,1158,10,0,1,0,11,1,2025,10,31,8,43,8,6,1,0,0,1,0,0
600,1158,15,1,0,0,16,1,2025,10,31,9,0,54,6,1,0,0,1,0,0
601,1158,12,0,1,0,13,0,2025,10,31,9,18,38,6,1,0,0,1,0,0
602,1158,13,1,0,0,14,0,2025,10,31,9,44,16,6,1,0,0,1,0,0
603,1158,10,0,0,0,10,0,2025,10,31,10,1,57,6,1,0,0,1,0,0
604,1158,6,0,0,0,6,1,2025,10,31,10,19,42,6,1,0,0,1,0,0
605,1158,11,0,0,0,11,0,2025,10,31,10,37,21,6,1,0,0,1,0,0
606,1158,14,0,1,0,15,1,2025,10,31,15,3,45,6,1,0,0,0,0,1
607,1158,15,1,0,0,16,1,2025,10,31,15,21,37,6,1,0,0,0,0,1
608,1158,8,0,0,0,8,0,2025,10,31,15,39,30,6,1,0,0,0,0,1
609,1158,21,3,0,0,24,0,2025,10,31,15,57,19,6,1,0,0,0,0,1
610,1158,6,0,0,0,6,0,2025,11,1,8,54,59,6,1,0,0,1,0,0
611,1158,0,1,1,0,2,1,2025,11,1,9,12,42,6,1,0,0,1,0,0
612,1158,4,0,1,0,5,0,2025,11,1,9,30,36,6,1,0,0,1,0,0
613,1158,2,0,0,0,2,0,2025,11,1,9,48,25,6,1,0,0,1,0,0
614,1158,5,1,0,0,6,0,2025,11,1,10,6,14,6,1,0,0,1,0,0
615,1158,4,0,0,0,4,0,2025,11,1,10,23,57,6,1,0,0,1,0,0
616,1158,2,0,0,0,2,0,2025,11,1,10,41,48,6,1,0,0,1,0,0
617,1158,10,0,0,0,10,0,2025,11,1,10,59,39,6,1,0,0,1,0,0
618,1158,3,0,0,0,3,0,2025,11,1,11,17,24,6,1,0,0,1,0,0
619,1158,13,2,0,0,15,1,2025,11,1,11,35,5,6,1,0,0,1,0,0
620,1158,8,0,1,0,9,1,2025,11,1,11,52,51,6,1,0,0,1,0,0
621,1158,11,1,0,0,12,1,2025,11,1,12,10,44,6,1,0,0,0,0,1
622,1158,10,0,0,0,10,0,2025,11,1,12,28,37,6,1,0,0,0,0,1
623,1158,8,0,0,0,8,0,2025,11,1,12,46,32,6,1,0,0,0,0,1
624,1158,12,0,0,0,12,0,2025,11,1,13,4,19,6,1,0,0,0,0,1
625,1158,12,0,1,0,13,1,2025,11,1,13,22,8,6,1,0,0,0,0,1
626,1158,12,1,0,0,13,1,2025,11,1,13,39,53,6,1,0,0,0,0,1
627,1158,5,1,0,0,6,0,2025,11,1,13,57,44,6,1,0,0,0,0,1
628,1158,13,1,0,0,14,1,2025,11,1,14,15,34,6,1,0,0,0,0,1
629,1158,10,0,0,0,10,1,2025,11,1,14,33,53,6,1,0,0,0,0,1
630,1158,3,1,1,0,5,0,2025,11,1,14,51,50,6,1,0,0,0,0,1
631,1158,5,1,0,0,6,0,2025,11,1,15,9,38,6,1,0,0,0,0,1
632,1158,4,0,0,0,4,0,2025,11,1,15,27,25,6,1,0,0,0,0,1
633,1158,4,0,0,0,4,0,2025,11,1,15,45,19,6,1,0,0,0,0,1
634,1158,9,1,0,0,10,0,2025,11,1,16,3,14,6,1,0,0,0,0,1
635,1158,5,0,0,0,5,0,2025,11,1,16,21,2,6,1,0,0,0,0,1
636,1158,3,0,1,0,4,0,2025,11,1,16,38,49,6,1,0,0,0,0,1
637,1158,10,0,0,0,10,0,2025,11,1,16,56,54,6,1,0,0,0,0,1
638,1158,10,0,0,0,10,0,2025,11,1,17,14,49,6,1,0,0,0,0,1
639,1158,9,0,0,0,9,0,2025,11,1,17,32,34,6,1,0,0,0,0,1
640,1158,8,0,0,0,8,0,2025,11,1,17,50,28,6,1,0,0,0,0,1
641,1158,8,0,0,0,8,0,2025,11,1,18,8,21,6,1,0,0,0,1,0
642,1158,7,0,0,0,7,0,2025,11,1,18,27,6,6,1,0,0,0,1,0
643,1158,2,0,0,0,2,0,2025,11,1,18,45,2,6,1,0,0,0,1,0
644,1158,4,0,0,0,4,1,2025,11,1,19,2,48,6,1,0,0,0,1,0
645,1158,1,0,0,0,1,1,2025,11,1,19,37,22,6,1,0,0,0,1,0
646,1160,0,0,0,0,0,0,2025,10,27,8,27,9,6,1,0,0,1,0,0
647,1160,0,0,0,0,0,0,2025,10,27,8,44,50,6,1,0,0,1,0,0
648,1160,0,0,0,0,0,0,2025,10,27,9,2,35,6,1,0,0,1,0,0
649,1160,0,0,0,0,0,0,2025,10,27,9,20,13,6,1,0,0,1,0,0
650,1160,0,0,0,0,0,0,2025,10,27,9,37,53,6,1,0,0,1,0,0
651,1160,0,0,0,0,0,0,2025,10,27,9,55,35,6,1,0,0,1,0,0
652,1160,0,0,0,0,0,0,2025,10,27,10,13,21,6,1,0,0,1,0,0
653,1160,0,0,0,0,0,0,2025,10,27,10,31,10,6,1,0,0,1,0,0
654,1160,0,0,0,0,0,0,2025,10,27,12,40,12,6,1,0,0,0,0,1
655,1160,0,0,0,0,0,0,2025,10,27,12,57,54,6,1,0,0,0,0,1
656,1160,0,0,0,0,0,0,2025,10,27,13,15,40,6,1,0,0,0,0,1
657,1160,0,0,0,0,0,0,2025,10,27,13,20,47,6,1,0,0,0,0,1
658,1160,0,0,0,0,0,0,2025,10,27,13,57,12,6,1,0,0,0,0,1
659,1160,0,0,0,0,0,0,2025,10,27,14,55,32,6,1,0,0,0,0,1
660,1160,2,0,0,0,2,2,2025,10,27,15,13,18,6,1,0,0,0,0,1
661,1160,2,0,0,0,2,0,2025,10,27,15,31,4,6,1,0,0,0,0,1
662,1160,2,0,0,0,2,0,2025,10,27,15,48,53,6,1,0,0,0,0,1
663,1160,4,0,0,0,4,0,2025,10,27,18,2,57,6,1,0,0,0,1,0
664,1160,4,0,0,0,4,1,2025,10,27,18,20,32,6,1,0,0,0,1,0
665,1160,3,0,0,0,3,1,2025,10,27,18,38,9,6,1,0,0,0,1,0
666,1160,0,0,0,0,0,0,2025,10,28,7,56,24,6,1,0,0,1,0,0
667,1160,0,0,0,0,0,0,2025,10,28,8,14,0,6,1,0,0,1,0,0
668,1160,0,0,0,0,0,0,2025,10,28,8,31,37,6,1,0,0,1,0,0
669,1160,0,0,0,0,0,0,2025,10,28,8,49,12,6,1,0,0,1,0,0
670,1160,0,0,0,0,0,0,2025,10,28,9,6,49,6,1,0,0,1,0,0
671,1160,0,0,0,0,0,0,2025,10,28,9,24,24,6,1,0,0,1,0,0
672,1160,0,0,0,0,0,0,2025,10,28,9,42,2,6,1,0,0,1,0,0
673,1160,0,0,0,0,0,0,2025,10,28,13,27,47,6,1,0,0,0,0,1
674,1160,0,0,0,0,0,0,2025,10,28,14,45,40,6,1,0,0,0,0,1
675,1160,0,0,0,0,0,0,2025,10,28,15,3,22,6,1,0,0,0,0,1
676,1160,3,0,0,0,3,0,2025,10,28,15,21,5,6,1,0,0,0,0,1
677,1160,0,0,0,0,0,0,2025,10,28,15,38,56,6,1,0,0,0,0,1
678,1160,1,0,0,0,1,0,2025,10,28,15,56,40,6,1,0,0,0,0,1
679,1160,2,0,0,0,2,0,2025,10,28,17,49,4,6,1,0,0,0,0,1
680,1160,3,0,0,0,3,0,2025,10,28,18,6,40,6,1,0,0,0,1,0
681,1160,0,0,0,0,0,0,2025,10,28,18,24,19,6,1,0,0,0,1,0
682,1160,3,0,0,0,3,1,2025,10,28,18,41,59,6,1,0,0,0,1,0
683,1160,2,0,0,0,2,0,2025,10,28,18,59,36,6,1,0,0,0,1,0
684,1160,3,0,0,0,3,2,2025,10,28,19,17,15,6,1,0,0,0,1,0
685,1160,1,0,0,0,1,0,2025,10,28,19,34,52,6,1,0,0,0,1,0
686,1160,3,0,0,0,3,1,2025,10,28,19,52,31,6,1,0,0,0,1,0
687,1160,1,0,0,0,1,0,2025,10,29,8,23,43,6,1,0,0,1,0,0
688,1160,0,0,0,0,0,0,2025,10,29,8,41,19,6,1,0,0,1,0,0
689,1160,0,0,0,0,0,0,2025,10,29,8,58,56,6,1,0,0,1,0,0
690,1160,1,0,0,0,1,0,2025,10,29,9,16,31,6,1,0,0,1,0,0
691,1160,0,0,0,0,0,0,2025,10,29,9,34,7,6,1,0,0,1,0,0
692,1160,0,0,0,0,0,0,2025,10,29,9,51,43,6,1,0,0,1,0,0
693,1160,0,0,0,0,0,0,2025,10,29,10,9,20,6,1,0,0,1,0,0
694,1160,0,0,0,0,0,0,2025,10,29,10,26,59,6,1,0,0,1,0,0
695,1160,0,0,0,0,0,0,2025,10,29,10,44,37,6,1,0,0,1,0,0
696,1160,0,0,0,0,0,0,2025,10,29,12,33,27,6,1,0,0,0,0,1
697,1160,0,0,0,0,0,0,2025,10,29,12,51,10,6,1,0,0,0,0,1
698,1160,0,0,0,0,0,0,2025,10,29,13,8,50,6,1,0,0,0,0,1
699,1160,0,0,0,0,0,0,2025,10,29,13,26,40,6,1,0,0,0,0,1
700,1160,0,0,0,0,0,0,2025,10,29,13,44,21,6,1,0,0,0,0,1
701,1160,3,0,0,0,3,1,2025,10,29,14,44,7,6,1,0,0,0,0,1
702,1160,2,0,0,0,2,0,2025,10,29,15,1,48,6,1,0,0,0,0,1
703,1160,1,0,0,0,1,0,2025,10,29,15,19,35,6,1,0,0,0,0,1
704,1160,2,0,0,0,2,0,2025,10,29,15,37,16,6,1,0,0,0,0,1
705,1160,0,0,0,0,0,0,2025,10,29,15,54,55,6,1,0,0,0,0,1
706,1160,0,0,0,0,0,0,2025,10,30,8,20,30,6,1,0,0,1,0,0
707,1160,0,0,0,0,0,0,2025,10,30,8,38,14,6,1,0,0,1,0,0
708,1160,0,0,0,0,0,0,2025,10,30,8,55,57,6,1,0,0,1,0,0
709,1160,0,0,0,0,0,0,2025,10,30,9,13,40,6,1,0,0,1,0,0
710,1160,0,0,0,0,0,0,2025,10,30,9,31,33,6,1,0,0,1,0,0
711,1160,0,0,0,0,0,0,2025,10,30,9,49,43,6,1,0,0,1,0,0
712,1160,0,0,0,0,0,0,2025,10,30,10,7,32,6,1,0,0,1,0,0
713,1160,0,0,0,0,0,0,2025,10,30,10,25,28,6,1,0,0,1,0,0
714,1160,0,0,0,0,0,0,2025,10,30,10,43,11,6,1,0,0,1,0,0
715,1160,0,0,0,0,0,0,2025,10,30,12,29,42,6,1,0,0,0,0,1
716,1160,0,0,0,0,0,0,2025,10,30,12,47,14,6,1,0,0,0,0,1
717,1160,0,0,0,0,0,0,2025,10,30,13,4,59,6,1,0,0,0,0,1
718,1160,1,0,0,0,1,0,2025,10,30,13,22,42,6,1,0,0,0,0,1
719,1160,0,0,0,0,0,0,2025,10,30,13,40,29,6,1,0,0,0,0,1
720,1160,1,0,0,0,1,0,2025,10,30,13,58,15,6,1,0,0,0,0,1
721,1160,1,0,0,0,1,0,2025,10,30,14,57,17,6,1,0,0,0,0,1
722,1160,1,1,1,0,3,0,2025,10,30,15,15,10,6,1,0,0,0,0,1
723,1160,1,0,0,0,1,1,2025,10,30,15,32,55,6,1,0,0,0,0,1
724,1160,0,0,0,0,0,0,2025,10,30,15,57,37,6,1,0,0,0,0,1
725,1160,0,0,0,0,0,0,2025,10,30,16,15,26,6,1,0,0,0,0,1
726,1160,0,0,0,0,0,0,2025,10,30,22,45,44,6,1,0,0,0,1,0
727,1160,0,0,0,0,0,0,2025,10,31,8,25,12,6,1,0,0,1,0,0
728,1160,0,0,0,0,0,0,2025,10,31,8,42,55,6,1,0,0,1,0,0
729,1160,0,0,0,0,0,0,2025,10,31,9,0,42,6,1,0,0,1,0,0
730,1160,0,0,0,0,0,0,2025,10,31,9,18,30,6,1,0,0,1,0,0
731,1160,0,0,0,0,0,0,2025,10,31,9,44,9,6,1,0,0,1,0,0
732,1160,0,0,0,0,0,0,2025,10,31,10,1,51,6,1,0,0,1,0,0
733,1160,0,0,0,0,0,0,2025,10,31,10,19,33,6,1,0,0,1,0,0
734,1160,0,0,0,0,0,0,2025,10,31,10,37,15,6,1,0,0,1,0,0
735,1160,4,0,0,0,4,0,2025,10,31,15,3,34,6,1,0,0,0,0,1
736,1160,4,0,0,0,4,0,2025,10,31,15,21,27,6,1,0,0,0,0,1
737,1160,4,0,0,0,4,0,2025,10,31,15,39,20,6,1,0,0,0,0,1
738,1160,3,0,0,0,3,0,2025,10,31,15,57,10,6,1,0,0,0,0,1
739,1160,0,0,0,0,0,0,2025,11,1,8,54,46,6,1,0,0,1,0,0
740,1160,0,0,0,0,0,0,2025,11,1,9,12,34,6,1,0,0,1,0,0
741,1160,0,0,0,0,0,0,2025,11,1,9,30,26,6,1,0,0,1,0,0
742,1160,1,0,0,0,1,1,2025,11,1,9,48,14,6,1,0,0,1,0,0
743,1160,3,0,0,0,3,0,2025,11,1,10,6,4,6,1,0,0,1,0,0
744,1160,2,0,0,0,2,0,2025,11,1,10,23,48,6,1,0,0,1,0,0
745,1160,2,0,0,0,2,1,2025,11,1,10,41,33,6,1,0,0,1,0,0
746,1160,1,0,0,0,1,0,2025,11,1,10,59,28,6,1,0,0,1,0,0
747,1160,3,0,0,0,3,0,2025,11,1,11,17,14,6,1,0,0,1,0,0
748,1160,2,0,0,0,2,0,2025,11,1,11,35,0,6,1,0,0,1,0,0
749,1160,0,0,0,0,0,0,2025,11,1,11,52,41,6,1,0,0,1,0,0
750,1160,2,0,0,0,2,1,2025,11,1,12,10,36,6,1,0,0,0,0,1
751,1160,0,0,0,0,0,0,2025,11,1,12,28,21,6,1,0,0,0,0,1
752,1160,1,0,0,0,1,0,2025,11,1,12,46,14,6,1,0,0,0,0,1
753,1160,3,0,0,0,3,0,2025,11,1,13,4,7,6,1,0,0,0,0,1
754,1160,3,0,0,0,3,0,2025,11,1,13,21,55,6,1,0,0,0,0,1
755,1160,0,0,0,0,0,0,2025,11,1,13,39,42,6,1,0,0,0,0,1
756,1160,0,0,0,0,0,0,2025,11,1,13,57,31,6,1,0,0,0,0,1
757,1160,2,1,0,0,3,1,2025,11,1,14,15,22,6,1,0,0,0,0,1
758,1160,1,0,0,0,1,0,2025,11,1,14,33,13,6,1,0,0,0,0,1
759,1160,0,0,0,0,0,0,2025,11,1,14,51,30,6,1,0,0,0,0,1
760,1160,2,0,0,0,2,0,2025,11,1,15,9,26,6,1,0,0,0,0,1
761,1160,0,0,0,0,0,0,2025,11,1,15,27,15,6,1,0,0,0,0,1
762,1160,0,0,0,0,0,0,2025,11,1,15,45,4,6,1,0,0,0,0,1
763,1160,0,0,0,0,0,0,2025,11,1,16,3,3,6,1,0,0,0,0,1
764,1160,0,0,0,0,0,0,2025,11,1,16,20,50,6,1,0,0,0,0,1
765,1160,0,0,0,0,0,0,2025,11,1,16,38,40,6,1,0,0,0,0,1
766,1160,0,0,0,0,0,0,2025,11,1,16,56,35,6,1,0,0,0,0,1
767,1160,0,0,0,0,0,0,2025,11,1,17,14,30,6,1,0,0,0,0,1
768,1160,0,0,0,0,0,0,2025,11,1,17,32,23,6,1,0,0,0,0,1
769,1160,0,0,0,0,0,0,2025,11,1,17,50,9,6,1,0,0,0,0,1
770,1160,0,0,0,0,0,0,2025,11,1,18,8,5,6,1,0,0,0,1,0
771,1160,0,0,0,0,0,0,2025,11,1,18,26,56,6,1,0,0,0,1,0
772,1160,0,0,0,0,0,0,2025,11,1,18,44,47,6,1,0,0,0,1,0
773,1160,0,0,0,0,0,0,2025,11,1,19,2,37,6,1,0,0,0,1,0
774,1160,0,0,0,0,0,0,2025,11,1,19,37,15,6,1,0,0,0,1,0
775,1161,12,0,2,0,14,1,2025,10,27,8,27,15,6,1,0,0,1,0,0
776,1161,19,0,0,0,19,0,2025,10,27,8,45,0,6,1,0,0,1,0,0
777,1161,4,0,0,0,4,0,2025,10,27,9,2,39,6,1,0,0,1,0,0
778,1161,8,1,0,0,9,1,2025,10,27,9,20,19,6,1,0,0,1,0,0
779,1161,15,0,0,0,15,1,2025,10,27,9,38,1,6,1,0,0,1,0,0
780,1161,12,0,0,0,12,1,2025,10,27,9,55,45,6,1,0,0,1,0,0
781,1161,16,0,0,0,16,2,2025,10,27,10,13,30,6,1,0,0,1,0,0
782,1161,19,2,1,0,22,1,2025,10,27,10,31,17,6,1,0,0,1,0,0
783,1161,12,3,0,0,15,1,2025,10,27,12,40,20,6,1,0,0,0,0,1
784,1161,12,3,1,0,16,2,2025,10,27,12,58,4,6,1,0,0,0,0,1
785,1161,11,0,0,0,11,1,2025,10,27,13,15,51,6,1,0,0,0,0,1
786,1161,12,1,1,0,14,1,2025,10,27,13,20,57,6,1,0,0,0,0,1
787,1161,16,1,0,0,17,1,2025,10,27,13,57,20,6,1,0,0,0,0,1
788,1161,0,0,0,0,0,0,2025,10,27,14,55,38,6,1,0,0,0,0,1
789,1161,18,0,0,0,18,1,2025,10,27,15,13,23,6,1,0,0,0,0,1
790,1161,17,1,0,0,18,1,2025,10,27,15,31,10,6,1,0,0,0,0,1
791,1161,15,2,0,0,17,2,2025,10,27,15,48,57,6,1,0,0,0,0,1
792,1161,16,0,1,0,17,1,2025,10,27,18,3,0,6,1,0,0,0,1,0
793,1161,21,1,0,0,22,2,2025,10,27,18,20,36,6,1,0,0,0,1,0
794,1161,17,0,0,0,17,1,2025,10,27,18,38,13,6,1,0,0,0,1,0
795,1161,18,1,0,0,19,1,2025,10,28,7,56,27,6,1,0,0,1,0,0
796,1161,15,0,0,0,15,1,2025,10,28,8,14,4,6,1,0,0,1,0,0
797,1161,15,0,0,0,15,1,2025,10,28,8,31,40,6,1,0,0,1,0,0
798,1161,13,1,0,0,14,1,2025,10,28,8,49,17,6,1,0,0,1,0,0
799,1161,19,1,1,0,21,1,2025,10,28,9,6,52,6,1,0,0,1,0,0
800,1161,21,0,0,0,21,1,2025,10,28,9,24,28,6,1,0,0,1,0,0
801,1161,13,2,0,0,15,1,2025,10,28,9,42,8,6,1,0,0,1,0,0
802,1161,17,2,0,0,19,1,2025,10,28,13,27,55,6,1,0,0,0,0,1
803,1161,18,1,2,0,21,1,2025,10,28,14,45,48,6,1,0,0,0,0,1
804,1161,14,1,2,0,17,2,2025,10,28,15,3,30,6,1,0,0,0,0,1
805,1161,18,0,0,0,18,1,2025,10,28,15,21,18,6,1,0,0,0,0,1
806,1161,21,0,0,0,21,1,2025,10,28,15,39,4,6,1,0,0,0,0,1
807,1161,18,2,0,0,20,1,2025,10,28,15,56,49,6,1,0,0,0,0,1
808,1161,23,1,1,0,25,2,2025,10,28,17,49,8,6,1,0,0,0,0,1
809,1161,19,3,0,0,22,2,2025,10,28,18,6,45,6,1,0,0,0,1,0
810,1161,21,2,2,0,25,2,2025,10,28,18,24,25,6,1,0,0,0,1,0
811,1161,3,0,0,0,3,1,2025,10,28,18,42,3,6,1,0,0,0,1,0
812,1161,13,0,0,0,13,1,2025,10,28,18,59,42,6,1,0,0,0,1,0
813,1161,15,0,0,0,15,1,2025,10,28,19,17,19,6,1,0,0,0,1,0
814,1161,13,0,1,0,14,1,2025,10,28,19,34,58,6,1,0,0,0,1,0
815,1161,15,0,1,0,16,2,2025,10,28,19,52,35,6,1,0,0,0,1,0
816,1161,19,1,2,0,22,1,2025,10,29,8,23,46,6,1,0,0,1,0,0
817,1161,19,1,0,0,20,1,2025,10,29,8,41,23,6,1,0,0,1,0,0
818,1161,17,0,0,0,17,1,2025,10,29,8,58,59,6,1,0,0,1,0,0
819,1161,14,1,1,0,16,1,2025,10,29,9,16,34,6,1,0,0,1,0,0
820,1161,9,4,2,0,15,2,2025,10,29,9,34,11,6,1,0,0,1,0,0
821,1161,13,2,0,0,15,1,2025,10,29,9,51,47,6,1,0,0,1,0,0
822,1161,12,3,0,0,15,2,2025,10,29,10,9,25,6,1,0,0,1,0,0
823,1161,15,0,1,0,16,1,2025,10,29,10,27,4,6,1,0,0,1,0,0
824,1161,12,2,0,0,14,1,2025,10,29,10,44,43,6,1,0,0,1,0,0
825,1161,3,1,0,0,4,1,2025,10,29,12,33,36,6,1,0,0,0,0,1
826,1161,13,1,0,0,14,3,2025,10,29,12,51,16,6,1,0,0,0,0,1
827,1161,8,1,0,0,9,3,2025,10,29,13,9,5,6,1,0,0,0,0,1
828,1161,16,0,0,0,16,1,2025,10,29,13,26,47,6,1,0,0,0,0,1
829,1161,10,1,0,0,11,1,2025,10,29,13,44,32,6,1,0,0,0,0,1
830,1161,17,2,1,0,20,1,2025,10,29,14,44,14,6,1,0,0,0,0,1
831,1161,19,2,0,0,21,2,2025,10,29,15,1,59,6,1,0,0,0,0,1
832,1161,14,3,1,0,18,1,2025,10,29,15,19,42,6,1,0,0,0,0,1
833,1161,16,1,0,0,17,2,2025,10,29,15,37,22,6,1,0,0,0,0,1
834,1161,18,0,1,0,19,2,2025,10,29,15,55,2,6,1,0,0,0,0,1
835,1161,21,0,0,0,21,1,2025,10,30,8,20,39,6,1,0,0,1,0,0
836,1161,16,1,1,0,18,2,2025,10,30,8,38,22,6,1,0,0,1,0,0
837,1161,17,0,1,0,18,1,2025,10,30,8,56,4,6,1,0,0,1,0,0
838,1161,22,1,2,0,25,2,2025,10,30,9,13,56,6,1,0,0,1,0,0
839,1161,16,1,2,0,19,2,2025,10,30,9,32,5,6,1,0,0,1,0,0
840,1161,21,2,0,0,23,1,2025,10,30,9,49,56,6,1,0,0,1,0,0
841,1161,9,0,0,0,9,1,2025,10,30,10,7,47,6,1,0,0,1,0,0
842,1161,12,1,0,0,13,0,2025,10,30,10,25,35,6,1,0,0,1,0,0
843,1161,10,2,0,0,12,1,2025,10,30,10,43,18,6,1,0,0,1,0,0
844,1161,14,2,0,0,16,1,2025,10,30,12,29,52,6,1,0,0,0,0,1
845,1161,15,1,0,0,16,1,2025,10,30,12,47,23,6,1,0,0,0,0,1
846,1161,17,0,0,0,17,1,2025,10,30,13,5,7,6,1,0,0,0,0,1
847,1161,10,1,0,0,11,1,2025,10,30,13,22,53,6,1,0,0,0,0,1
848,1161,16,0,2,0,18,1,2025,10,30,13,40,40,6,1,0,0,0,0,1
849,1161,16,1,1,0,18,1,2025,10,30,13,58,25,6,1,0,0,0,0,1
850,1161,16,0,0,0,16,1,2025,10,30,14,57,27,6,1,0,0,0,0,1
851,1161,14,2,0,0,16,2,2025,10,30,15,15,20,6,1,0,0,0,0,1
852,1161,19,0,0,0,19,2,2025,10,30,15,33,4,6,1,0,0,0,0,1
853,1161,17,1,0,0,18,1,2025,10,30,15,57,49,6,1,0,0,0,0,1
854,1161,23,0,1,0,24,1,2025,10,30,16,15,37,6,1,0,0,0,0,1
855,1161,6,0,0,0,6,0,2025,10,30,22,45,51,6,1,0,0,0,1,0
856,1161,12,0,2,0,14,1,2025,10,31,8,25,19,6,1,0,0,1,0,0
857,1161,24,0,0,0,24,1,2025,10,31,8,43,7,6,1,0,0,1,0,0
858,1161,17,0,1,0,18,1,2025,10,31,9,0,54,6,1,0,0,1,0,0
859,1161,17,0,0,0,17,1,2025,10,31,9,18,38,6,1,0,0,1,0,0
860,1161,9,4,0,0,13,1,2025,10,31,9,44,15,6,1,0,0,1,0,0
861,1161,13,3,1,0,17,1,2025,10,31,10,1,57,6,1,0,0,1,0,0
862,1161,16,1,0,0,17,1,2025,10,31,10,19,41,6,1,0,0,1,0,0
863,1161,15,1,4,0,20,2,2025,10,31,10,37,21,6,1,0,0,1,0,0
864,1161,17,3,0,0,20,1,2025,10,31,15,3,45,6,1,0,0,0,0,1
865,1161,22,1,0,0,23,1,2025,10,31,15,21,36,6,1,0,0,0,0,1
866,1161,19,1,2,0,22,1,2025,10,31,15,39,29,6,1,0,0,0,0,1
867,1161,15,0,2,0,17,1,2025,10,31,15,57,18,6,1,0,0,0,0,1
868,1161,7,1,0,0,8,0,2025,11,1,8,54,59,6,1,0,0,1,0,0
869,1161,5,0,0,0,5,0,2025,11,1,9,12,42,6,1,0,0,1,0,0
870,1161,7,1,0,0,8,0,2025,11,1,9,30,36,6,1,0,0,1,0,0
871,1161,3,0,0,0,3,0,2025,11,1,9,48,24,6,1,0,0,1,0,0
872,1161,10,2,0,0,12,0,2025,11,1,10,6,13,6,1,0,0,1,0,0
873,1161,12,0,0,0,12,0,2025,11,1,10,23,57,6,1,0,0,1,0,0
874,1161,13,0,0,0,13,0,2025,11,1,10,41,48,6,1,0,0,1,0,0
875,1161,18,0,0,0,18,1,2025,11,1,10,59,38,6,1,0,0,1,0,0
876,1161,14,0,1,0,15,1,2025,11,1,11,17,24,6,1,0,0,1,0,0
877,1161,17,0,0,0,17,1,2025,11,1,11,35,4,6,1,0,0,1,0,0
878,1161,13,1,0,0,14,1,2025,11,1,11,52,50,6,1,0,0,1,0,0
879,1161,12,0,0,0,12,1,2025,11,1,12,10,44,6,1,0,0,0,0,1
880,1161,16,1,0,0,17,1,2025,11,1,12,28,36,6,1,0,0,0,0,1
881,1161,12,0,0,0,12,0,2025,11,1,12,46,32,6,1,0,0,0,0,1
882,1161,16,0,0,0,16,0,2025,11,1,13,4,18,6,1,0,0,0,0,1
883,1161,19,1,0,0,20,1,2025,11,1,13,22,6,6,1,0,0,0,0,1
884,1161,19,2,0,0,21,1,2025,11,1,13,39,53,6,1,0,0,0,0,1
885,1161,21,0,0,0,21,1,2025,11,1,13,57,43,6,1,0,0,0,0,1
886,1161,17,0,0,0,17,1,2025,11,1,14,15,34,6,1,0,0,0,0,1
887,1161,15,0,0,0,15,1,2025,11,1,14,33,47,6,1,0,0,0,0,1
888,1161,9,1,0,0,10,1,2025,11,1,14,51,48,6,1,0,0,0,0,1
889,1161,8,0,0,0,8,0,2025,11,1,15,9,38,6,1,0,0,0,0,1
890,1161,16,0,0,0,16,0,2025,11,1,15,27,25,6,1,0,0,0,0,1
891,1161,7,0,0,0,7,0,2025,11,1,15,45,18,6,1,0,0,0,0,1
892,1161,6,1,0,0,7,0,2025,11,1,16,3,13,6,1,0,0,0,0,1
893,1161,12,0,0,0,12,0,2025,11,1,16,21,1,6,1,0,0,0,0,1
894,1161,12,1,0,0,13,1,2025,11,1,16,38,49,6,1,0,0,0,0,1
895,1161,12,1,0,0,13,1,2025,11,1,16,56,48,6,1,0,0,0,0,1
896,1161,17,0,0,0,17,1,2025,11,1,17,14,48,6,1,0,0,0,0,1
897,1161,18,1,1,0,20,1,2025,11,1,17,32,33,6,1,0,0,0,0,1
898,1161,17,1,0,0,18,1,2025,11,1,17,50,28,6,1,0,0,0,0,1
899,1161,22,0,0,0,22,1,2025,11,1,18,8,20,6,1,0,0,0,1,0
900,1161,20,0,0,0,20,1,2025,11,1,18,27,6,6,1,0,0,0,1,0
901,1161,13,0,0,0,13,1,2025,11,1,18,45,1,6,1,0,0,0,1,0
902,1161,12,0,1,0,13,1,2025,11,1,19,2,48,6,1,0,0,0,1,0
903,1161,13,0,0,0,13,1,2025,11,1,19,37,22,6,1,0,0,0,1,0
904,1162,22,0,0,0,22,1,2025,10,27,8,27,15,6,1,0,0,1,0,0
905,1162,15,2,0,0,17,1,2025,10,27,8,45,1,6,1,0,0,1,0,0
906,1162,14,0,1,0,15,1,2025,10,27,9,2,39,6,1,0,0,1,0,0
907,1162,16,1,0,0,17,1,2025,10,27,9,20,19,6,1,0,0,1,0,0
908,1162,17,2,1,0,20,1,2025,10,27,9,38,1,6,1,0,0,1,0,0
909,1162,16,2,2,0,20,1,2025,10,27,9,55,45,6,1,0,0,1,0,0
910,1162,12,1,0,0,13,1,2025,10,27,10,13,31,6,1,0,0,1,0,0
911,1162,13,0,0,0,13,1,2025,10,27,10,31,17,6,1,0,0,1,0,0
912,1162,6,0,0,0,6,1,2025,10,27,12,40,20,6,1,0,0,0,0,1
913,1162,7,0,0,0,7,1,2025,10,27,12,58,4,6,1,0,0,0,0,1
914,1162,4,1,1,0,6,1,2025,10,27,13,15,51,6,1,0,0,0,0,1
915,1162,5,0,0,0,5,0,2025,10,27,13,20,58,6,1,0,0,0,0,1
916,1162,4,0,0,0,4,1,2025,10,27,13,57,20,6,1,0,0,0,0,1
917,1162,12,2,0,0,14,1,2025,10,27,14,55,38,6,1,0,0,0,0,1
918,1162,6,3,0,0,9,0,2025,10,27,15,13,24,6,1,0,0,0,0,1
919,1162,9,1,2,0,12,1,2025,10,27,15,31,10,6,1,0,0,0,0,1
920,1162,10,0,1,0,11,0,2025,10,27,15,48,57,6,1,0,0,0,0,1
921,1162,14,1,0,0,15,1,2025,10,27,18,3,0,6,1,0,0,0,1,0
922,1162,24,0,0,0,24,1,2025,10,27,18,20,37,6,1,0,0,0,1,0
923,1162,12,0,0,0,12,1,2025,10,27,18,38,13,6,1,0,0,0,1,0
924,1162,23,1,2,0,26,2,2025,10,28,7,56,27,6,1,0,0,1,0,0
925,1162,20,2,2,0,24,2,2025,10,28,8,14,4,6,1,0,0,1,0,0
926,1162,17,0,1,0,18,1,2025,10,28,8,31,40,6,1,0,0,1,0,0
927,1162,16,1,1,0,18,1,2025,10,28,8,49,17,6,1,0,0,1,0,0
928,1162,24,2,1,0,27,1,2025,10,28,9,6,52,6,1,0,0,1,0,0
929,1162,15,0,0,0,15,1,2025,10,28,9,24,28,6,1,0,0,1,0,0
930,1162,13,1,0,0,14,1,2025,10,28,9,42,8,6,1,0,0,1,0,0
931,1162,9,2,0,0,11,1,2025,10,28,13,27,56,6,1,0,0,0,0,1
932,1162,7,0,1,0,8,1,2025,10,28,14,45,48,6,1,0,0,0,0,1
933,1162,11,0,0,0,11,0,2025,10,28,15,3,30,6,1,0,0,0,0,1
934,1162,18,2,0,0,20,1,2025,10,28,15,21,19,6,1,0,0,0,0,1
935,1162,16,0,0,0,16,1,2025,10,28,15,39,5,6,1,0,0,0,0,1
936,1162,10,2,2,0,14,1,2025,10,28,15,56,50,6,1,0,0,0,0,1
937,1162,11,1,0,0,12,0,2025,10,28,17,49,8,6,1,0,0,0,0,1
938,1162,15,0,0,0,15,0,2025,10,28,18,6,45,6,1,0,0,0,1,0
939,1162,15,2,0,0,17,1,2025,10,28,18,24,25,6,1,0,0,0,1,0
940,1162,7,0,1,0,8,1,2025,10,28,18,42,4,6,1,0,0,0,1,0
941,1162,6,1,0,0,7,0,2025,10,28,18,59,42,6,1,0,0,0,1,0
942,1162,10,0,0,0,10,0,2025,10,28,19,17,19,6,1,0,0,0,1,0
943,1162,8,0,0,0,8,0,2025,10,28,19,34,58,6,1,0,0,0,1,0
944,1162,7,1,0,0,8,0,2025,10,28,19,52,36,6,1,0,0,0,1,0
945,1162,14,1,2,0,17,1,2025,10,29,8,23,46,6,1,0,0,1,0,0
946,1162,19,2,0,0,21,2,2025,10,29,8,41,23,6,1,0,0,1,0,0
947,1162,15,2,1,0,18,1,2025,10,29,8,58,59,6,1,0,0,1,0,0
948,1162,18,1,1,0,20,1,2025,10,29,9,16,34,6,1,0,0,1,0,0
949,1162,19,1,1,0,21,1,2025,10,29,9,34,11,6,1,0,0,1,0,0
950,1162,8,0,0,0,8,0,2025,10,29,9,51,47,6,1,0,0,1,0,0
951,1162,16,3,1,0,20,1,2025,10,29,10,9,26,6,1,0,0,1,0,0
952,1162,13,0,0,0,13,0,2025,10,29,10,27,4,6,1,0,0,1,0,0
953,1162,13,2,2,0,17,1,2025,10,29,10,44,43,6,1,0,0,1,0,0
954,1162,16,3,0,0,19,1,2025,10,29,12,33,36,6,1,0,0,0,0,1
955,1162,19,1,0,0,20,1,2025,10,29,12,51,16,6,1,0,0,0,0,1
956,1162,19,1,0,0,20,1,2025,10,29,13,9,5,6,1,0,0,0,0,1
957,1162,12,1,0,0,13,0,2025,10,29,13,26,48,6,1,0,0,0,0,1
958,1162,10,1,1,0,12,1,2025,10,29,13,44,33,6,1,0,0,0,0,1
959,1162,15,1,0,0,16,1,2025,10,29,14,44,14,6,1,0,0,0,0,1
960,1162,12,2,1,0,15,1,2025,10,29,15,1,59,6,1,0,0,0,0,1
961,1162,10,3,1,0,14,1,2025,10,29,15,19,42,6,1,0,0,0,0,1
962,1162,14,0,0,0,14,1,2025,10,29,15,37,22,6,1,0,0,0,0,1
963,1162,21,1,0,0,22,1,2025,10,29,15,55,3,6,1,0,0,0,0,1
964,1162,17,3,1,0,21,1,2025,10,30,8,20,40,6,1,0,0,1,0,0
965,1162,25,2,0,0,27,1,2025,10,30,8,38,22,6,1,0,0,1,0,0
966,1162,11,1,1,0,13,0,2025,10,30,8,56,5,6,1,0,0,1,0,0
967,1162,13,3,0,0,16,0,2025,10,30,9,13,56,6,1,0,0,1,0,0
968,1162,22,2,0,0,24,1,2025,10,30,9,32,5,6,1,0,0,1,0,0
969,1162,17,0,0,0,17,1,2025,10,30,9,49,56,6,1,0,0,1,0,0
970,1162,11,0,1,0,12,0,2025,10,30,10,7,48,6,1,0,0,1,0,0
971,1162,24,1,0,0,25,1,2025,10,30,10,25,35,6,1,0,0,1,0,0
972,1162,19,2,1,0,22,1,2025,10,30,10,43,19,6,1,0,0,1,0,0
973,1162,15,3,0,0,18,1,2025,10,30,12,29,52,6,1,0,0,0,0,1
974,1162,14,2,0,0,16,1,2025,10,30,12,47,23,6,1,0,0,0,0,1
975,1162,20,1,1,0,22,1,2025,10,30,13,5,7,6,1,0,0,0,0,1
976,1162,12,1,0,0,13,0,2025,10,30,13,22,53,6,1,0,0,0,0,1
977,1162,9,2,1,0,12,1,2025,10,30,13,40,40,6,1,0,0,0,0,1
978,1162,17,1,0,0,18,1,2025,10,30,13,58,25,6,1,0,0,0,0,1
979,1162,10,1,0,0,11,1,2025,10,30,14,57,27,6,1,0,0,0,0,1
980,1162,15,0,1,0,16,1,2025,10,30,15,15,21,6,1,0,0,0,0,1
981,1162,12,2,0,0,14,0,2025,10,30,15,33,4,6,1,0,0,0,0,1
982,1162,23,2,0,0,25,1,2025,10,30,15,57,50,6,1,0,0,0,0,1
983,1162,10,0,0,0,10,0,2025,10,30,16,15,37,6,1,0,0,0,0,1
984,1162,1,1,0,0,2,0,2025,10,30,22,45,51,6,1,0,0,0,1,0
985,1162,22,1,0,0,23,2,2025,10,31,8,25,19,6,1,0,0,1,0,0
986,1162,14,1,1,0,16,1,2025,10,31,8,43,7,6,1,0,0,1,0,0
987,1162,16,0,1,0,17,1,2025,10,31,9,0,54,6,1,0,0,1,0,0
988,1162,15,1,1,0,17,1,2025,10,31,9,18,38,6,1,0,0,1,0,0
989,1162,14,0,0,0,14,1,2025,10,31,9,44,16,6,1,0,0,1,0,0
990,1162,14,1,0,0,15,1,2025,10,31,10,1,57,6,1,0,0,1,0,0
991,1162,16,3,0,0,19,1,2025,10,31,10,19,42,6,1,0,0,1,0,0
992,1162,12,0,1,0,13,1,2025,10,31,10,37,21,6,1,0,0,1,0,0
993,1162,19,1,2,0,22,1,2025,10,31,15,3,45,6,1,0,0,0,0,1
994,1162,17,3,0,0,20,2,2025,10,31,15,21,36,6,1,0,0,0,0,1
995,1162,19,5,0,0,24,1,2025,10,31,15,39,29,6,1,0,0,0,0,1
996,1162,16,0,2,0,18,1,2025,10,31,15,57,19,6,1,0,0,0,0,1
997,1162,6,1,0,0,7,0,2025,11,1,8,54,59,6,1,0,0,1,0,0
998,1162,8,0,0,0,8,0,2025,11,1,9,12,42,6,1,0,0,1,0,0
999,1162,11,2,1,0,14,0,2025,11,1,9,30,36,6,1,0,0,1,0,0
1000,1162,13,0,0,0,13,0,2025,11,1,9,48,24,6,1,0,0,1,0,0
1001,1162,16,0,0,0,16,1,2025,11,1,10,6,14,6,1,0,0,1,0,0
1002,1162,4,1,1,0,6,0,2025,11,1,10,23,57,6,1,0,0,1,0,0
1003,1162,16,1,0,0,17,1,2025,11,1,10,41,48,6,1,0,0,1,0,0
1004,1162,8,0,0,0,8,0,2025,11,1,10,59,39,6,1,0,0,1,0,0
1005,1162,16,1,0,0,17,1,2025,11,1,11,17,24,6,1,0,0,1,0,0
1006,1162,12,0,2,0,14,1,2025,11,1,11,35,4,6,1,0,0,1,0,0
1007,1162,21,0,0,0,21,1,2025,11,1,11,52,51,6,1,0,0,1,0,0
1008,1162,17,0,0,0,17,1,2025,11,1,12,10,44,6,1,0,0,0,0,1
1009,1162,26,0,0,0,26,1,2025,11,1,12,28,36,6,1,0,0,0,0,1
1010,1162,19,1,0,0,20,1,2025,11,1,12,46,32,6,1,0,0,0,0,1
1011,1162,24,1,0,0,25,1,2025,11,1,13,4,19,6,1,0,0,0,0,1
1012,1162,15,0,0,0,15,0,2025,11,1,13,22,7,6,1,0,0,0,0,1
1013,1162,25,0,0,0,25,1,2025,11,1,13,39,53,6,1,0,0,0,0,1
1014,1162,21,2,0,0,23,1,2025,11,1,13,57,43,6,1,0,0,0,0,1
1015,1162,16,1,1,0,18,1,2025,11,1,14,15,34,6,1,0,0,0,0,1
1016,1162,13,0,1,0,14,1,2025,11,1,14,33,53,6,1,0,0,0,0,1
1017,1162,12,0,0,0,12,0,2025,11,1,14,51,49,6,1,0,0,0,0,1
1018,1162,10,0,0,0,10,0,2025,11,1,15,9,38,6,1,0,0,0,0,1
1019,1162,9,0,0,0,9,0,2025,11,1,15,27,25,6,1,0,0,0,0,1
1020,1162,10,0,0,0,10,0,2025,11,1,15,45,18,6,1,0,0,0,0,1
1021,1162,12,1,0,0,13,1,2025,11,1,16,3,14,6,1,0,0,0,0,1
1022,1162,9,0,2,0,11,1,2025,11,1,16,21,2,6,1,0,0,0,0,1
1023,1162,9,0,0,0,9,1,2025,11,1,16,38,49,6,1,0,0,0,0,1
1024,1162,6,1,0,0,7,0,2025,11,1,16,56,53,6,1,0,0,0,0,1
1025,1162,4,1,0,0,5,0,2025,11,1,17,14,49,6,1,0,0,0,0,1
1026,1162,10,2,0,0,12,1,2025,11,1,17,32,33,6,1,0,0,0,0,1
1027,1162,8,3,0,0,11,1,2025,11,1,17,50,28,6,1,0,0,0,0,1
1028,1162,7,0,0,0,7,0,2025,11,1,18,8,21,6,1,0,0,0,1,0
1029,1162,9,0,0,0,9,0,2025,11,1,18,27,6,6,1,0,0,0,1,0
1030,1162,8,0,0,0,8,0,2025,11,1,18,45,2,6,1,0,0,0,1,0
1031,1162,7,1,0,0,8,1,2025,11,1,19,2,48,6,1,0,0,0,1,0
1032,1162,7,0,0,0,7,1,2025,11,1,19,37,22,6,1,0,0,0,1,0
1033,1676,6,3,0,0,9,1,2025,10,27,8,27,9,4,1,0,0,1,0,0
1034,1676,4,3,0,0,7,1,2025,10,27,8,44,51,4,1,0,0,1,0,0
1035,1676,2,4,1,0,7,1,2025,10,27,9,2,36,4,1,0,0,1,0,0
1036,1676,8,3,0,0,11,1,2025,10,27,9,20,13,4,1,0,0,1,0,0
1037,1676,4,5,0,0,9,1,2025,10,27,9,37,54,4,1,0,0,1,0,0
1038,1676,9,3,0,0,12,1,2025,10,27,9,55,36,4,1,0,0,1,0,0
1039,1676,8,8,0,0,16,1,2025,10,27,10,13,21,4,1,0,0,1,0,0
1040,1676,10,4,1,0,15,1,2025,10,27,10,31,10,4,1,0,0,1,0,0
1041,1676,12,5,0,0,17,1,2025,10,27,12,40,12,4,1,0,0,0,0,1
1042,1676,7,5,0,0,12,1,2025,10,27,12,57,55,4,1,0,0,0,0,1
1043,1676,9,7,1,0,17,2,2025,10,27,13,15,40,4,1,0,0,0,0,1
1044,1676,13,5,0,0,18,1,2025,10,27,13,20,48,4,1,0,0,0,0,1
1045,1676,12,6,0,0,18,1,2025,10,27,13,57,12,4,1,0,0,0,0,1
1046,1676,13,6,0,0,19,2,2025,10,27,14,55,33,4,1,0,0,0,0,1
1047,1676,12,7,2,0,21,1,2025,10,27,15,13,18,4,1,0,0,0,0,1
1048,1676,8,9,1,0,18,1,2025,10,27,15,31,4,4,1,0,0,0,0,1
1049,1676,9,6,0,0,15,1,2025,10,27,15,48,53,4,1,0,0,0,0,1
1050,1676,10,6,1,0,17,1,2025,10,27,18,2,57,4,1,0,0,0,1,0
1051,1676,16,4,0,0,20,2,2025,10,27,18,20,33,4,1,0,0,0,1,0
1052,1676,12,5,0,0,17,2,2025,10,27,18,38,9,4,1,0,0,0,1,0
1053,1676,21,4,1,0,26,2,2025,10,28,7,56,24,4,1,0,0,1,0,0
1054,1676,13,2,0,0,15,1,2025,10,28,8,14,0,4,1,0,0,1,0,0
1055,1676,18,3,4,0,25,1,2025,10,28,8,31,37,4,1,0,0,1,0,0
1056,1676,16,4,1,0,21,2,2025,10,28,8,49,13,4,1,0,0,1,0,0
1057,1676,18,6,1,0,25,2,2025,10,28,9,6,49,4,1,0,0,1,0,0
1058,1676,16,6,1,0,23,1,2025,10,28,9,24,24,4,1,0,0,1,0,0
1059,1676,15,8,1,0,24,2,2025,10,28,9,42,2,4,1,0,0,1,0,0
1060,1676,14,7,2,0,23,2,2025,10,28,13,27,48,4,1,0,0,0,0,1
1061,1676,19,3,0,0,22,2,2025,10,28,14,45,40,4,1,0,0,0,0,1
1062,1676,19,6,0,0,25,2,2025,10,28,15,3,23,4,1,0,0,0,0,1
1063,1676,20,2,1,0,23,1,2025,10,28,15,21,5,4,1,0,0,0,0,1
1064,1676,24,3,0,0,27,2,2025,10,28,15,38,56,4,1,0,0,0,0,1
1065,1676,15,6,1,0,22,2,2025,10,28,15,56,40,4,1,0,0,0,0,1
1066,1676,14,8,0,0,22,1,2025,10,28,17,49,4,4,1,0,0,0,0,1
1067,1676,28,3,0,0,31,1,2025,10,28,18,6,40,4,1,0,0,0,1,0
1068,1676,20,5,3,0,28,2,2025,10,28,18,24,19,4,1,0,0,0,1,0
1069,1676,19,4,1,0,24,2,2025,10,28,18,41,59,4,1,0,0,0,1,0
1070,1676,11,3,1,0,15,1,2025,10,28,18,59,37,4,1,0,0,0,1,0
1071,1676,16,2,0,0,18,1,2025,10,28,19,17,15,4,1,0,0,0,1,0
1072,1676,7,6,0,0,13,2,2025,10,28,19,34,52,4,1,0,0,0,1,0
1073,1676,11,2,0,0,13,1,2025,10,28,19,52,31,4,1,0,0,0,1,0
1074,1676,11,3,0,0,14,1,2025,10,29,8,23,43,4,1,0,0,1,0,0
1075,1676,11,7,0,0,18,1,2025,10,29,8,41,19,4,1,0,0,1,0,0
1076,1676,13,4,1,0,18,2,2025,10,29,8,58,56,4,1,0,0,1,0,0
1077,1676,11,5,2,0,18,2,2025,10,29,9,16,31,4,1,0,0,1,0,0
1078,1676,13,5,0,0,18,1,2025,10,29,9,34,7,4,1,0,0,1,0,0
1079,1676,7,2,0,0,9,0,2025,10,29,9,51,43,4,1,0,0,1,0,0
1080,1676,15,3,1,0,19,2,2025,10,29,10,9,20,4,1,0,0,1,0,0
1081,1676,6,4,0,0,10,0,2025,10,29,10,26,59,4,1,0,0,1,0,0
1082,1676,5,5,0,0,10,1,2025,10,29,10,44,37,4,1,0,0,1,0,0
1083,1676,10,5,1,0,16,2,2025,10,29,12,33,28,4,1,0,0,0,0,1
1084,1676,9,1,3,0,13,2,2025,10,29,12,51,10,4,1,0,0,0,0,1
1085,1676,11,5,0,0,16,1,2025,10,29,13,8,51,4,1,0,0,0,0,1
1086,1676,9,4,0,0,13,2,2025,10,29,13,26,41,4,1,0,0,0,0,1
1087,1676,11,1,0,0,12,1,2025,10,29,13,44,21,4,1,0,0,0,0,1
1088,1676,15,2,0,0,17,1,2025,10,29,14,44,7,4,1,0,0,0,0,1
1089,1676,14,3,0,0,17,1,2025,10,29,15,1,49,4,1,0,0,0,0,1
1090,1676,15,3,0,0,18,1,2025,10,29,15,19,35,4,1,0,0,0,0,1
1091,1676,12,3,1,0,16,2,2025,10,29,15,37,16,4,1,0,0,0,0,1
1092,1676,15,4,0,0,19,2,2025,10,29,15,54,56,4,1,0,0,0,0,1
1093,1676,8,2,0,0,10,2,2025,10,30,8,20,31,4,1,0,0,1,0,0
1094,1676,11,4,1,0,16,1,2025,10,30,8,38,15,4,1,0,0,1,0,0
1095,1676,11,4,1,0,16,2,2025,10,30,8,55,57,4,1,0,0,1,0,0
1096,1676,14,1,0,0,15,2,2025,10,30,9,13,40,4,1,0,0,1,0,0
1097,1676,23,6,2,0,31,2,2025,10,30,9,31,34,4,1,0,0,1,0,0
1098,1676,13,10,1,0,24,2,2025,10,30,9,49,43,4,1,0,0,1,0,0
1099,1676,16,8,1,0,25,2,2025,10,30,10,7,33,4,1,0,0,1,0,0
1100,1676,21,7,2,0,30,2,2025,10,30,10,25,28,4,1,0,0,1,0,0
1101,1676,20,5,3,0,28,2,2025,10,30,10,43,11,4,1,0,0,1,0,0
1102,1676,18,7,0,0,25,1,2025,10,30,12,29,43,4,1,0,0,0,0,1
1103,1676,12,9,1,0,22,2,2025,10,30,12,47,14,4,1,0,0,0,0,1
1104,1676,22,5,0,0,27,1,2025,10,30,13,4,59,4,1,0,0,0,0,1
1105,1676,22,6,0,0,28,1,2025,10,30,13,22,43,4,1,0,0,0,0,1
1106,1676,26,5,0,0,31,1,2025,10,30,13,40,29,4,1,0,0,0,0,1
1107,1676,17,1,0,0,18,1,2025,10,30,13,58,15,4,1,0,0,0,0,1
1108,1676,17,5,1,0,23,2,2025,10,30,14,57,18,4,1,0,0,0,0,1
1109,1676,21,4,0,0,25,2,2025,10,30,15,15,10,4,1,0,0,0,0,1
1110,1676,22,7,0,0,29,2,2025,10,30,15,32,56,4,1,0,0,0,0,1
1111,1676,17,5,1,0,23,2,2025,10,30,15,57,38,4,1,0,0,0,0,1
1112,1676,13,3,0,0,16,2,2025,10,30,16,15,26,4,1,0,0,0,0,1
1113,1676,2,0,0,0,2,0,2025,10,30,22,45,44,4,1,0,0,0,1,0
1114,1676,12,6,1,0,19,2,2025,10,31,8,25,13,4,1,0,0,1,0,0
1115,1676,11,3,0,0,14,1,2025,10,31,8,42,55,4,1,0,0,1,0,0
1116,1676,10,6,0,0,16,2,2025,10,31,9,0,42,4,1,0,0,1,0,0
1117,1676,10,4,0,0,14,1,2025,10,31,9,18,30,4,1,0,0,1,0,0
1118,1676,10,6,1,0,17,2,2025,10,31,9,44,9,4,1,0,0,1,0,0
1119,1676,9,5,0,0,14,1,2025,10,31,10,1,51,4,1,0,0,1,0,0
1120,1676,12,5,0,0,17,1,2025,10,31,10,19,33,4,1,0,0,1,0,0
1121,1676,18,3,0,0,21,1,2025,10,31,10,37,15,4,1,0,0,1,0,0
1122,1676,16,5,2,0,23,2,2025,10,31,15,3,34,4,1,0,0,0,0,1
1123,1676,23,3,1,0,27,1,2025,10,31,15,21,28,4,1,0,0,0,0,1
1124,1676,17,2,0,0,19,1,2025,10,31,15,39,21,4,1,0,0,0,0,1
1125,1676,19,2,1,0,22,1,2025,10,31,15,57,10,4,1,0,0,0,0,1
1126,1676,2,3,0,0,5,0,2025,11,1,8,54,47,4,1,0,0,1,0,0
1127,1676,1,2,0,0,3,0,2025,11,1,9,12,34,4,1,0,0,1,0,0
1128,1676,3,2,0,0,5,1,2025,11,1,9,30,26,4,1,0,0,1,0,0
1129,1676,4,0,0,0,4,0,2025,11,1,9,48,16,4,1,0,0,1,0,0
1130,1676,5,1,0,0,6,0,2025,11,1,10,6,5,4,1,0,0,1,0,0
1131,1676,7,2,0,0,9,1,2025,11,1,10,23,49,4,1,0,0,1,0,0
1132,1676,13,1,0,0,14,1,2025,11,1,10,41,33,4,1,0,0,1,0,0
1133,1676,8,1,0,0,9,0,2025,11,1,10,59,28,4,1,0,0,1,0,0
1134,1676,12,0,0,0,12,1,2025,11,1,11,17,16,4,1,0,0,1,0,0
1135,1676,10,1,1,0,12,1,2025,11,1,11,35,0,4,1,0,0,1,0,0
1136,1676,12,3,0,0,15,1,2025,11,1,11,52,41,4,1,0,0,1,0,0
1137,1676,14,0,0,0,14,1,2025,11,1,12,10,36,4,1,0,0,0,0,1
1138,1676,13,1,0,0,14,1,2025,11,1,12,28,21,4,1,0,0,0,0,1
1139,1676,10,0,0,0,10,0,2025,11,1,12,46,14,4,1,0,0,0,0,1
1140,1676,4,3,0,0,7,0,2025,11,1,13,4,9,4,1,0,0,0,0,1
1141,1676,13,0,1,0,14,1,2025,11,1,13,21,56,4,1,0,0,0,0,1
1142,1676,14,4,0,0,18,1,2025,11,1,13,39,43,4,1,0,0,0,0,1
1143,1676,12,2,0,0,14,1,2025,11,1,13,57,31,4,1,0,0,0,0,1
1144,1676,10,1,0,0,11,1,2025,11,1,14,15,23,4,1,0,0,0,0,1
1145,1676,11,2,0,0,13,1,2025,11,1,14,33,15,4,1,0,0,0,0,1
1146,1676,5,1,0,0,6,1,2025,11,1,14,51,31,4,1,0,0,0,0,1
1147,1676,10,3,0,0,13,0,2025,11,1,15,9,27,4,1,0,0,0,0,1
1148,1676,7,0,0,0,7,0,2025,11,1,15,27,15,4,1,0,0,0,0,1
1149,1676,4,2,0,0,6,0,2025,11,1,15,45,4,4,1,0,0,0,0,1
1150,1676,7,2,0,0,9,1,2025,11,1,16,3,3,4,1,0,0,0,0,1
1151,1676,4,0,0,0,4,0,2025,11,1,16,20,50,4,1,0,0,0,0,1
1152,1676,9,0,0,0,9,0,2025,11,1,16,38,40,4,1,0,0,0,0,1
1153,1676,4,0,0,0,4,0,2025,11,1,16,56,35,4,1,0,0,0,0,1
1154,1676,9,0,0,0,9,1,2025,11,1,17,14,31,4,1,0,0,0,0,1
1155,1676,10,1,0,0,11,1,2025,11,1,17,32,23,4,1,0,0,0,0,1
1156,1676,7,0,0,0,7,0,2025,11,1,17,50,9,4,1,0,0,0,0,1
1157,1676,10,2,0,0,12,1,2025,11,1,18,8,6,4,1,0,0,0,1,0
1158,1676,10,0,0,0,10,1,2025,11,1,18,26,57,4,1,0,0,0,1,0
1159,1676,18,0,2,0,20,2,2025,11,1,18,44,47,4,1,0,0,0,1,0
1160,1676,17,0,1,0,18,2,2025,11,1,19,2,37,4,1,0,0,0,1,0
1161,1676,10,0,0,0,10,1,2025,11,1,19,37,15,4,1,0,0,0,1,0
1162,1690,2,0,0,0,2,0,2025,10,27,8,27,10,4,1,0,0,1,0,0
1163,1690,2,1,0,0,3,0,2025,10,27,8,44,52,4,1,0,0,1,0,0
1164,1690,2,0,0,0,2,0,2025,10,27,9,2,36,4,1,0,0,1,0,0
1165,1690,0,1,0,0,1,0,2025,10,27,9,20,13,4,1,0,0,1,0,0
1166,1690,0,0,0,0,0,0,2025,10,27,9,37,54,4,1,0,0,1,0,0
1167,1690,4,2,0,0,6,0,2025,10,27,9,55,36,4,1,0,0,1,0,0
1168,1690,0,0,0,0,0,0,2025,10,27,10,13,21,4,1,0,0,1,0,0
1169,1690,0,0,1,0,1,0,2025,10,27,10,31,10,4,1,0,0,1,0,0
1170,1690,2,1,1,0,4,0,2025,10,27,12,40,12,4,1,0,0,0,0,1
1171,1690,0,0,0,0,0,0,2025,10,27,12,57,55,4,1,0,0,0,0,1
1172,1690,1,0,2,0,3,1,2025,10,27,13,15,41,4,1,0,0,0,0,1
1173,1690,1,0,2,0,3,1,2025,10,27,13,20,48,4,1,0,0,0,0,1
1174,1690,2,0,0,0,2,0,2025,10,27,13,57,13,4,1,0,0,0,0,1
1175,1690,1,1,1,0,3,0,2025,10,27,14,55,33,4,1,0,0,0,0,1
1176,1690,2,1,0,0,3,0,2025,10,27,15,13,18,4,1,0,0,0,0,1
1177,1690,0,1,0,0,1,0,2025,10,27,15,31,4,4,1,0,0,0,0,1
1178,1690,1,2,0,0,3,0,2025,10,27,15,48,53,4,1,0,0,0,0,1
1179,1690,2,4,0,0,6,0,2025,10,27,18,2,57,4,1,0,0,0,1,0
1180,1690,3,0,0,0,3,0,2025,10,27,18,20,33,4,1,0,0,0,1,0
1181,1690,2,0,0,0,2,0,2025,10,27,18,38,9,4,1,0,0,0,1,0
1182,1690,6,4,1,0,11,1,2025,10,28,7,56,24,4,1,0,0,1,0,0
1183,1690,1,0,0,0,1,1,2025,10,28,8,14,1,4,1,0,0,1,0,0
1184,1690,2,1,0,0,3,0,2025,10,28,8,31,37,4,1,0,0,1,0,0
1185,1690,0,0,0,0,0,0,2025,10,28,8,49,13,4,1,0,0,1,0,0
1186,1690,1,0,0,0,1,0,2025,10,28,9,6,49,4,1,0,0,1,0,0
1187,1690,1,0,0,0,1,0,2025,10,28,9,24,24,4,1,0,0,1,0,0
1188,1690,1,1,0,0,2,0,2025,10,28,9,42,2,4,1,0,0,1,0,0
1189,1690,1,2,0,0,3,0,2025,10,28,13,27,48,4,1,0,0,0,0,1
1190,1690,2,0,0,0,2,0,2025,10,28,14,45,41,4,1,0,0,0,0,1
1191,1690,4,2,1,0,7,0,2025,10,28,15,3,23,4,1,0,0,0,0,1
1192,1690,1,1,0,0,2,0,2025,10,28,15,21,5,4,1,0,0,0,0,1
1193,1690,1,3,1,0,5,0,2025,10,28,15,38,56,4,1,0,0,0,0,1
1194,1690,0,0,0,0,0,0,2025,10,28,15,56,40,4,1,0,0,0,0,1
1195,1690,1,0,0,0,1,0,2025,10,28,17,49,4,4,1,0,0,0,0,1
1196,1690,0,1,0,0,1,0,2025,10,28,18,6,40,4,1,0,0,0,1,0
1197,1690,0,0,0,0,0,0,2025,10,28,18,24,19,4,1,0,0,0,1,0
1198,1690,0,0,0,0,0,0,2025,10,28,18,41,59,4,1,0,0,0,1,0
1199,1690,0,0,0,0,0,0,2025,10,28,18,59,37,4,1,0,0,0,1,0
1200,1690,0,0,0,0,0,0,2025,10,28,19,17,15,4,1,0,0,0,1,0
1201,1690,0,0,0,0,0,0,2025,10,28,19,34,52,4,1,0,0,0,1,0
1202,1690,0,0,0,0,0,0,2025,10,28,19,52,31,4,1,0,0,0,1,0
1203,1690,1,1,0,0,2,0,2025,10,29,8,23,43,4,1,0,0,1,0,0
1204,1690,1,1,0,0,2,0,2025,10,29,8,41,19,4,1,0,0,1,0,0
1205,1690,3,0,0,0,3,1,2025,10,29,8,58,56,4,1,0,0,1,0,0
1206,1690,4,0,0,0,4,0,2025,10,29,9,16,31,4,1,0,0,1,0,0
1207,1690,2,0,0,0,2,0,2025,10,29,9,34,7,4,1,0,0,1,0,0
1208,1690,7,2,0,0,9,0,2025,10,29,9,51,43,4,1,0,0,1,0,0
1209,1690,2,2,0,0,4,0,2025,10,29,10,9,20,4,1,0,0,1,0,0
1210,1690,2,1,0,0,3,1,2025,10,29,10,26,59,4,1,0,0,1,0,0
1211,1690,1,0,0,0,1,0,2025,10,29,10,44,38,4,1,0,0,1,0,0
1212,1690,0,1,0,0,1,0,2025,10,29,12,33,28,4,1,0,0,0,0,1
1213,1690,2,1,0,0,3,0,2025,10,29,12,51,10,4,1,0,0,0,0,1
1214,1690,2,1,0,0,3,0,2025,10,29,13,8,51,4,1,0,0,0,0,1
1215,1690,1,3,0,0,4,1,2025,10,29,13,26,41,4,1,0,0,0,0,1
1216,1690,5,2,0,0,7,1,2025,10,29,13,44,21,4,1,0,0,0,0,1
1217,1690,1,1,0,0,2,0,2025,10,29,14,44,8,4,1,0,0,0,0,1
1218,1690,3,1,0,0,4,0,2025,10,29,15,1,49,4,1,0,0,0,0,1
1219,1690,1,1,0,0,2,0,2025,10,29,15,19,35,4,1,0,0,0,0,1
1220,1690,0,0,0,0,0,0,2025,10,29,15,37,16,4,1,0,0,0,0,1
1221,1690,1,2,0,0,3,0,2025,10,29,15,54,56,4,1,0,0,0,0,1
1222,1690,3,0,0,0,3,0,2025,10,30,8,20,31,4,1,0,0,1,0,0
1223,1690,1,0,0,0,1,0,2025,10,30,8,38,15,4,1,0,0,1,0,0
1224,1690,0,1,0,0,1,0,2025,10,30,8,55,58,4,1,0,0,1,0,0
1225,1690,1,0,0,0,1,0,2025,10,30,9,13,41,4,1,0,0,1,0,0
1226,1690,0,0,0,0,0,0,2025,10,30,9,31,34,4,1,0,0,1,0,0
1227,1690,2,1,0,0,3,1,2025,10,30,9,49,43,4,1,0,0,1,0,0
1228,1690,1,1,0,0,2,0,2025,10,30,10,7,33,4,1,0,0,1,0,0
1229,1690,3,3,0,0,6,1,2025,10,30,10,25,29,4,1,0,0,1,0,0
1230,1690,1,0,0,0,1,0,2025,10,30,10,43,11,4,1,0,0,1,0,0
1231,1690,2,2,0,0,4,1,2025,10,30,12,29,43,4,1,0,0,0,0,1
1232,1690,2,4,0,0,6,1,2025,10,30,12,47,15,4,1,0,0,0,0,1
1233,1690,2,1,0,0,3,0,2025,10,30,13,4,59,4,1,0,0,0,0,1
1234,1690,0,2,0,0,2,0,2025,10,30,13,22,43,4,1,0,0,0,0,1
1235,1690,0,0,0,0,0,0,2025,10,30,13,40,30,4,1,0,0,0,0,1
1236,1690,2,2,0,0,4,0,2025,10,30,13,58,15,4,1,0,0,0,0,1
1237,1690,1,1,0,0,2,0,2025,10,30,14,57,18,4,1,0,0,0,0,1
1238,1690,4,0,1,0,5,1,2025,10,30,15,15,11,4,1,0,0,0,0,1
1239,1690,0,2,1,0,3,0,2025,10,30,15,32,56,4,1,0,0,0,0,1
1240,1690,2,3,0,0,5,0,2025,10,30,15,57,39,4,1,0,0,0,0,1
1241,1690,4,1,1,0,6,0,2025,10,30,16,15,26,4,1,0,0,0,0,1
1242,1690,0,0,0,0,0,0,2025,10,30,22,45,44,4,1,0,0,0,1,0
1243,1690,0,0,0,0,0,0,2025,10,31,8,25,13,4,1,0,0,1,0,0
1244,1690,2,0,0,0,2,0,2025,10,31,8,42,56,4,1,0,0,1,0,0
1245,1690,2,3,0,0,5,0,2025,10,31,9,0,42,4,1,0,0,1,0,0
1246,1690,1,0,1,0,2,1,2025,10,31,9,18,31,4,1,0,0,1,0,0
1247,1690,1,1,0,0,2,0,2025,10,31,9,44,9,4,1,0,0,1,0,0
1248,1690,0,2,0,0,2,0,2025,10,31,10,1,52,4,1,0,0,1,0,0
1249,1690,1,3,0,0,4,0,2025,10,31,10,19,33,4,1,0,0,1,0,0
1250,1690,1,3,0,0,4,0,2025,10,31,10,37,15,4,1,0,0,1,0,0
1251,1690,1,1,1,0,3,1,2025,10,31,15,3,35,4,1,0,0,0,0,1
1252,1690,3,1,1,0,5,0,2025,10,31,15,21,28,4,1,0,0,0,0,1
1253,1690,2,1,0,0,3,0,2025,10,31,15,39,21,4,1,0,0,0,0,1
1254,1690,0,1,1,0,2,1,2025,10,31,15,57,11,4,1,0,0,0,0,1
1255,1690,0,0,0,0,0,0,2025,11,1,8,54,47,4,1,0,0,1,0,0
1256,1690,1,1,0,0,2,0,2025,11,1,9,12,34,4,1,0,0,1,0,0
1257,1690,2,0,0,0,2,0,2025,11,1,9,30,27,4,1,0,0,1,0,0
1258,1690,6,2,0,0,8,0,2025,11,1,9,48,16,4,1,0,0,1,0,0
1259,1690,3,0,0,0,3,0,2025,11,1,10,6,5,4,1,0,0,1,0,0
1260,1690,3,0,0,0,3,0,2025,11,1,10,23,49,4,1,0,0,1,0,0
1261,1690,9,0,0,0,9,0,2025,11,1,10,41,34,4,1,0,0,1,0,0
1262,1690,3,0,0,0,3,0,2025,11,1,10,59,29,4,1,0,0,1,0,0
1263,1690,9,0,0,0,9,1,2025,11,1,11,17,17,4,1,0,0,1,0,0
1264,1690,6,0,0,0,6,0,2025,11,1,11,35,0,4,1,0,0,1,0,0
1265,1690,2,0,0,0,2,0,2025,11,1,11,52,42,4,1,0,0,1,0,0
1266,1690,1,0,0,0,1,0,2025,11,1,12,10,36,4,1,0,0,0,0,1
1267,1690,3,1,0,0,4,0,2025,11,1,12,28,21,4,1,0,0,0,0,1
1268,1690,4,0,0,0,4,1,2025,11,1,12,46,14,4,1,0,0,0,0,1
1269,1690,0,0,0,0,0,0,2025,11,1,13,4,9,4,1,0,0,0,0,1
1270,1690,3,0,0,0,3,0,2025,11,1,13,21,56,4,1,0,0,0,0,1
1271,1690,6,0,0,0,6,0,2025,11,1,13,39,43,4,1,0,0,0,0,1
1272,1690,3,0,0,0,3,0,2025,11,1,13,57,31,4,1,0,0,0,0,1
1273,1690,3,1,0,0,4,1,2025,11,1,14,15,23,4,1,0,0,0,0,1
1274,1690,4,0,0,0,4,0,2025,11,1,14,33,16,4,1,0,0,0,0,1
1275,1690,0,0,0,0,0,0,2025,11,1,14,51,31,4,1,0,0,0,0,1
1276,1690,0,1,0,0,1,0,2025,11,1,15,9,27,4,1,0,0,0,0,1
1277,1690,3,0,0,0,3,0,2025,11,1,15,27,16,4,1,0,0,0,0,1
1278,1690,1,0,0,0,1,0,2025,11,1,15,45,4,4,1,0,0,0,0,1
1279,1690,1,0,0,0,1,0,2025,11,1,16,3,3,4,1,0,0,0,0,1
1280,1690,3,0,1,0,4,0,2025,11,1,16,20,51,4,1,0,0,0,0,1
1281,1690,0,0,0,0,0,0,2025,11,1,16,38,40,4,1,0,0,0,0,1
1282,1690,0,0,0,0,0,0,2025,11,1,16,56,36,4,1,0,0,0,0,1
1283,1690,5,0,0,0,5,0,2025,11,1,17,14,31,4,1,0,0,0,0,1
1284,1690,2,0,0,0,2,0,2025,11,1,17,32,23,4,1,0,0,0,0,1
1285,1690,1,0,0,0,1,0,2025,11,1,17,50,10,4,1,0,0,0,0,1
1286,1690,1,0,0,0,1,0,2025,11,1,18,8,6,4,1,0,0,0,1,0
1287,1690,2,1,0,0,3,0,2025,11,1,18,26,57,4,1,0,0,0,1,0
1288,1690,0,0,0,0,0,0,2025,11,1,18,44,48,4,1,0,0,0,1,0
1289,1690,0,0,0,0,0,0,2025,11,1,19,2,38,4,1,0,0,0,1,0
1290,1690,0,0,0,0,0,0,2025,11,1,19,37,15,4,1,0,0,0,1,0
1291,169372,20,4,1,0,25,2,2025,10,27,8,27,14,42,1,0,0,1,0,0
1292,169372,9,2,0,0,11,1,2025,10,27,8,44,59,42,1,0,0,1,0,0
1293,169372,8,1,0,0,9,0,2025,10,27,9,2,38,42,1,0,0,1,0,0
1294,169372,6,1,1,0,8,1,2025,10,27,9,20,18,42,1,0,0,1,0,0
1295,169372,4,4,0,0,8,0,2025,10,27,9,38,0,42,1,0,0,1,0,0
1296,169372,18,6,1,0,25,2,2025,10,27,9,55,43,42,1,0,0,1,0,0
1297,169372,16,8,0,0,24,2,2025,10,27,10,13,29,42,1,0,0,1,0,0
1298,169372,10,1,0,0,11,1,2025,10,27,10,31,16,42,1,0,0,1,0,0
1299,169372,9,0,0,0,9,0,2025,10,27,12,40,18,42,1,0,0,0,0,1
1300,169372,10,1,1,0,12,0,2025,10,27,12,58,2,42,1,0,0,0,0,1
1301,169372,8,2,0,0,10,0,2025,10,27,13,15,49,42,1,0,0,0,0,1
1302,169372,8,2,0,0,10,0,2025,10,27,13,20,55,42,1,0,0,0,0,1
1303,169372,10,0,0,0,10,0,2025,10,27,13,57,19,42,1,0,0,0,0,1
1304,169372,13,1,0,0,14,0,2025,10,27,14,55,37,42,1,0,0,0,0,1
1305,169372,10,2,0,0,12,1,2025,10,27,15,13,22,42,1,0,0,0,0,1
1306,169372,19,0,0,0,19,1,2025,10,27,15,31,9,42,1,0,0,0,0,1
1307,169372,16,1,0,0,17,0,2025,10,27,15,48,56,42,1,0,0,0,0,1
1308,169372,13,1,0,0,14,0,2025,10,27,18,2,59,42,1,0,0,0,1,0
1309,169372,17,1,0,0,18,0,2025,10,27,18,20,36,42,1,0,0,0,1,0
1310,169372,22,2,0,0,24,1,2025,10,27,18,38,12,42,1,0,0,0,1,0
1311,169372,15,1,0,0,16,1,2025,10,28,7,56,26,42,1,0,0,1,0,0
1312,169372,15,0,1,0,16,0,2025,10,28,8,14,3,42,1,0,0,1,0,0
1313,169372,11,2,2,0,15,1,2025,10,28,8,31,39,42,1,0,0,1,0,0
1314,169372,8,1,0,0,9,0,2025,10,28,8,49,16,42,1,0,0,1,0,0
1315,169372,9,0,0,0,9,1,2025,10,28,9,6,51,42,1,0,0,1,0,0
1316,169372,9,1,1,0,11,1,2025,10,28,9,24,27,42,1,0,0,1,0,0
1317,169372,10,2,0,0,12,1,2025,10,28,9,42,6,42,1,0,0,1,0,0
1318,169372,17,1,2,0,20,1,2025,10,28,13,27,54,42,1,0,0,0,0,1
1319,169372,19,2,0,0,21,2,2025,10,28,14,45,46,42,1,0,0,0,0,1
1320,169372,23,5,1,0,29,3,2025,10,28,15,3,28,42,1,0,0,0,0,1
1321,169372,22,6,0,0,28,3,2025,10,28,15,21,15,42,1,0,0,0,0,1
1322,169372,8,1,0,0,9,0,2025,10,28,15,39,2,42,1,0,0,0,0,1
1323,169372,9,2,0,0,11,0,2025,10,28,15,56,47,42,1,0,0,0,0,1
1324,169372,9,0,0,0,9,0,2025,10,28,17,49,7,42,1,0,0,0,0,1
1325,169372,14,2,0,0,16,0,2025,10,28,18,6,43,42,1,0,0,0,1,0
1326,169372,18,0,0,0,18,1,2025,10,28,18,24,23,42,1,0,0,0,1,0
1327,169372,11,0,0,0,11,1,2025,10,28,18,42,3,42,1,0,0,0,1,0
1328,169372,6,0,0,0,6,0,2025,10,28,18,59,41,42,1,0,0,0,1,0
1329,169372,7,0,0,0,7,0,2025,10,28,19,17,18,42,1,0,0,0,1,0
1330,169372,7,0,0,0,7,0,2025,10,28,19,34,56,42,1,0,0,0,1,0
1331,169372,4,0,0,0,4,0,2025,10,28,19,52,35,42,1,0,0,0,1,0
1332,169372,19,0,0,0,19,1,2025,10,29,8,23,46,42,1,0,0,1,0,0
1333,169372,13,3,1,0,17,1,2025,10,29,8,41,22,42,1,0,0,1,0,0
1334,169372,20,0,0,0,20,1,2025,10,29,8,58,59,42,1,0,0,1,0,0
1335,169372,14,2,0,0,16,1,2025,10,29,9,16,33,42,1,0,0,1,0,0
1336,169372,13,2,0,0,15,0,2025,10,29,9,34,10,42,1,0,0,1,0,0
1337,169372,10,2,0,0,12,0,2025,10,29,9,51,46,42,1,0,0,1,0,0
1338,169372,10,2,1,0,13,1,2025,10,29,10,9,24,42,1,0,0,1,0,0
1339,169372,12,1,0,0,13,0,2025,10,29,10,27,3,42,1,0,0,1,0,0
1340,169372,13,2,0,0,15,0,2025,10,29,10,44,41,42,1,0,0,1,0,0
1341,169372,11,0,0,0,11,0,2025,10,29,12,33,34,42,1,0,0,0,0,1
1342,169372,9,5,0,0,14,1,2025,10,29,12,51,14,42,1,0,0,0,0,1
1343,169372,8,3,0,0,11,0,2025,10,29,13,9,2,42,1,0,0,0,0,1
1344,169372,10,1,0,0,11,0,2025,10,29,13,26,46,42,1,0,0,0,0,1
1345,169372,11,1,0,0,12,0,2025,10,29,13,44,30,42,1,0,0,0,0,1
1346,169372,13,3,1,0,17,1,2025,10,29,14,44,12,42,1,0,0,0,0,1
1347,169372,13,2,3,0,18,1,2025,10,29,15,1,55,42,1,0,0,0,0,1
1348,169372,24,3,0,0,27,1,2025,10,29,15,19,40,42,1,0,0,0,0,1
1349,169372,15,3,2,0,20,1,2025,10,29,15,37,20,42,1,0,0,0,0,1
1350,169372,22,0,0,0,22,0,2025,10,29,15,55,1,42,1,0,0,0,0,1
1351,169372,9,3,0,0,12,1,2025,10,30,8,20,37,42,1,0,0,1,0,0
1352,169372,18,3,0,0,21,1,2025,10,30,8,38,20,42,1,0,0,1,0,0
1353,169372,8,0,1,0,9,1,2025,10,30,8,56,2,42,1,0,0,1,0,0
1354,169372,9,1,0,0,10,1,2025,10,30,9,13,54,42,1,0,0,1,0,0
1355,169372,17,0,0,0,17,1,2025,10,30,9,32,0,42,1,0,0,1,0,0
1356,169372,12,1,0,0,13,1,2025,10,30,9,49,54,42,1,0,0,1,0,0
1357,169372,4,1,0,0,5,0,2025,10,30,10,7,45,42,1,0,0,1,0,0
1358,169372,13,1,1,0,15,1,2025,10,30,10,25,34,42,1,0,0,1,0,0
1359,169372,10,3,1,0,14,1,2025,10,30,10,43,16,42,1,0,0,1,0,0
1360,169372,10,1,1,0,12,1,2025,10,30,12,29,49,42,1,0,0,0,0,1
1361,169372,13,4,0,0,17,1,2025,10,30,12,47,21,42,1,0,0,0,0,1
1362,169372,12,2,0,0,14,1,2025,10,30,13,5,5,42,1,0,0,0,0,1
1363,169372,6,3,0,0,9,1,2025,10,30,13,22,51,42,1,0,0,0,0,1
1364,169372,11,2,0,0,13,1,2025,10,30,13,40,37,42,1,0,0,0,0,1
1365,169372,13,3,0,0,16,1,2025,10,30,13,58,23,42,1,0,0,0,0,1
1366,169372,12,0,0,0,12,1,2025,10,30,14,57,24,42,1,0,0,0,0,1
1367,169372,9,0,2,0,11,1,2025,10,30,15,15,18,42,1,0,0,0,0,1
1368,169372,11,0,0,0,11,1,2025,10,30,15,33,2,42,1,0,0,0,0,1
1369,169372,10,0,0,0,10,0,2025,10,30,15,57,47,42,1,0,0,0,0,1
1370,169372,10,1,2,0,13,1,2025,10,30,16,15,34,42,1,0,0,0,0,1
1371,169372,4,0,0,0,4,0,2025,10,30,22,45,49,42,1,0,0,0,1,0
1372,169372,14,1,0,0,15,1,2025,10,31,8,25,18,42,1,0,0,1,0,0
1373,169372,10,3,1,0,14,1,2025,10,31,8,43,5,42,1,0,0,1,0,0
1374,169372,10,1,0,0,11,0,2025,10,31,9,0,52,42,1,0,0,1,0,0
1375,169372,9,1,0,0,10,1,2025,10,31,9,18,36,42,1,0,0,1,0,0
1376,169372,9,4,0,0,13,1,2025,10,31,9,44,14,42,1,0,0,1,0,0
1377,169372,23,0,1,0,24,2,2025,10,31,10,1,55,42,1,0,0,1,0,0
1378,169372,19,2,0,0,21,1,2025,10,31,10,19,39,42,1,0,0,1,0,0
1379,169372,16,0,0,0,16,0,2025,10,31,10,37,19,42,1,0,0,1,0,0
1380,169372,16,0,0,0,16,1,2025,10,31,15,3,42,42,1,0,0,0,0,1
1381,169372,17,0,2,0,19,1,2025,10,31,15,21,34,42,1,0,0,0,0,1
1382,169372,20,1,2,0,23,2,2025,10,31,15,39,27,42,1,0,0,0,0,1
1383,169372,27,1,1,0,29,2,2025,10,31,15,57,16,42,1,0,0,0,0,1
1384,169372,12,1,0,0,13,0,2025,11,1,8,54,55,42,1,0,0,1,0,0
1385,169372,3,0,0,0,3,0,2025,11,1,9,12,40,42,1,0,0,1,0,0
1386,169372,12,0,1,0,13,0,2025,11,1,9,30,34,42,1,0,0,1,0,0
1387,169372,10,0,1,0,11,0,2025,11,1,9,48,22,42,1,0,0,1,0,0
1388,169372,11,1,0,0,12,0,2025,11,1,10,6,12,42,1,0,0,1,0,0
1389,169372,12,1,0,0,13,0,2025,11,1,10,23,55,42,1,0,0,1,0,0
1390,169372,12,0,0,0,12,0,2025,11,1,10,41,41,42,1,0,0,1,0,0
1391,169372,11,3,0,0,14,0,2025,11,1,10,59,36,42,1,0,0,1,0,0
1392,169372,10,2,0,0,12,0,2025,11,1,11,17,22,42,1,0,0,1,0,0
1393,169372,16,0,0,0,16,1,2025,11,1,11,35,3,42,1,0,0,1,0,0
1394,169372,13,0,0,0,13,0,2025,11,1,11,52,49,42,1,0,0,1,0,0
1395,169372,16,1,0,0,17,0,2025,11,1,12,10,42,42,1,0,0,0,0,1
1396,169372,20,1,0,0,21,1,2025,11,1,12,28,33,42,1,0,0,0,0,1
1397,169372,13,2,0,0,15,1,2025,11,1,13,4,17,42,1,0,0,0,0,1
1398,169372,12,0,2,0,14,1,2025,11,1,13,22,5,42,1,0,0,0,0,1
1399,169372,18,1,0,0,19,1,2025,11,1,13,39,50,42,1,0,0,0,0,1
1400,169372,14,2,0,0,16,1,2025,11,1,13,57,40,42,1,0,0,0,0,1
1401,169372,14,0,0,0,14,1,2025,11,1,14,15,31,42,1,0,0,0,0,1
1402,169372,10,0,0,0,10,0,2025,11,1,14,33,41,42,1,0,0,0,0,1
1403,169372,10,0,0,0,10,0,2025,11,1,14,51,44,42,1,0,0,0,0,1
1404,169372,8,0,0,0,8,0,2025,11,1,15,9,35,42,1,0,0,0,0,1
1405,169372,9,1,0,0,10,0,2025,11,1,15,27,23,42,1,0,0,0,0,1
1406,169372,15,0,0,0,15,1,2025,11,1,15,45,14,42,1,0,0,0,0,1
1407,169372,11,0,0,0,11,0,2025,11,1,16,3,12,42,1,0,0,0,0,1
1408,169372,10,0,0,0,10,0,2025,11,1,16,20,59,42,1,0,0,0,0,1
1409,169372,11,2,0,0,13,0,2025,11,1,16,38,47,42,1,0,0,0,0,1
1410,169372,14,0,0,0,14,0,2025,11,1,16,56,44,42,1,0,0,0,0,1
1411,169372,19,1,0,0,20,1,2025,11,1,17,14,44,42,1,0,0,0,0,1
1412,169372,15,0,0,0,15,0,2025,11,1,17,32,30,42,1,0,0,0,0,1
1413,169372,18,1,0,0,19,1,2025,11,1,17,50,25,42,1,0,0,0,0,1
1414,169372,12,0,0,0,12,1,2025,11,1,18,8,14,42,1,0,0,0,1,0
1415,169372,18,0,0,0,18,1,2025,11,1,18,27,3,42,1,0,0,0,1,0
1416,169372,15,0,0,0,15,1,2025,11,1,18,44,59,42,1,0,0,0,1,0
1417,169372,11,0,0,0,11,1,2025,11,1,19,2,46,42,1,0,0,0,1,0
1418,169372,11,1,0,0,12,1,2025,11,1,19,37,20,42,1,0,0,0,1,0
1419,169708,0,1,0,0,1,0,2025,10,27,8,27,8,614,0,1,0,1,0,0
1420,169708,0,0,0,0,0,0,2025,10,27,8,44,49,614,0,1,0,1,0,0
1421,169708,1,0,0,0,1,0,2025,10,27,9,2,34,614,0,1,0,1,0,0
1422,169708,6,0,0,0,6,1,2025,10,27,9,20,12,614,0,1,0,1,0,0
1423,169708,0,0,0,0,0,0,2025,10,27,9,37,52,614,0,1,0,1,0,0
1424,169708,0,0,0,0,0,0,2025,10,27,9,55,34,614,0,1,0,1,0,0
1425,169708,0,0,0,0,0,0,2025,10,27,10,13,19,614,0,1,0,1,0,0
1426,169708,0,0,0,0,0,0,2025,10,27,10,31,8,614,0,1,0,1,0,0
1427,169708,0,0,0,0,0,0,2025,10,27,12,40,11,614,0,1,0,0,0,1
1428,169708,0,0,0,0,0,0,2025,10,27,12,57,54,614,0,1,0,0,0,1
1429,169708,0,0,0,0,0,0,2025,10,27,13,15,39,614,0,1,0,0,0,1
1430,169708,0,0,0,0,0,0,2025,10,27,13,20,47,614,0,1,0,0,0,1
1431,169708,0,0,0,0,0,0,2025,10,27,13,57,12,614,0,1,0,0,0,1
1432,169708,0,0,0,0,0,0,2025,10,27,14,55,32,614,0,1,0,0,0,1
1433,169708,0,0,0,0,0,0,2025,10,27,15,13,17,614,0,1,0,0,0,1
1434,169708,1,1,0,0,2,2,2025,10,27,15,31,3,614,0,1,0,0,0,1
1435,169708,0,0,0,0,0,0,2025,10,27,15,48,53,614,0,1,0,0,0,1
1436,169708,0,1,0,0,1,2,2025,10,27,18,2,56,614,0,1,0,0,1,0
1437,169708,1,0,0,0,1,1,2025,10,27,18,20,32,614,0,1,0,0,1,0
1438,169708,0,0,0,0,0,0,2025,10,27,18,38,8,614,0,1,0,0,1,0
1439,169708,0,0,0,0,0,0,2025,10,28,7,56,24,614,0,1,0,1,0,0
1440,169708,3,1,0,0,4,2,2025,10,28,8,14,0,614,0,1,0,1,0,0
1441,169708,0,0,0,0,0,0,2025,10,28,8,31,37,614,0,1,0,1,0,0
1442,169708,0,0,0,0,0,0,2025,10,28,8,49,12,614,0,1,0,1,0,0
1443,169708,1,1,0,0,2,2,2025,10,28,9,6,49,614,0,1,0,1,0,0
1444,169708,0,0,0,0,0,0,2025,10,28,9,24,24,614,0,1,0,1,0,0
1445,169708,0,0,0,0,0,0,2025,10,28,9,42,2,614,0,1,0,1,0,0
1446,169708,0,0,0,0,0,0,2025,10,28,13,27,47,614,0,1,0,0,0,1
1447,169708,1,0,0,0,1,2,2025,10,28,14,45,39,614,0,1,0,0,0,1
1448,169708,0,0,0,0,0,0,2025,10,28,15,3,22,614,0,1,0,0,0,1
1449,169708,0,0,0,0,0,0,2025,10,28,15,21,4,614,0,1,0,0,0,1
1450,169708,0,0,0,0,0,0,2025,10,28,15,38,55,614,0,1,0,0,0,1
1451,169708,0,0,0,0,0,0,2025,10,28,15,56,39,614,0,1,0,0,0,1
1452,169708,1,0,0,0,1,2,2025,10,28,17,49,4,614,0,1,0,0,0,1
1453,169708,0,0,0,0,0,0,2025,10,28,18,6,39,614,0,1,0,0,1,0
1454,169708,0,0,0,0,0,0,2025,10,28,18,24,18,614,0,1,0,0,1,0
1455,169708,0,0,0,0,0,0,2025,10,28,18,41,58,614,0,1,0,0,1,0
1456,169708,0,0,0,0,0,2,2025,10,28,18,59,36,614,0,1,0,0,1,0
1457,169708,0,0,0,0,0,0,2025,10,28,19,17,14,614,0,1,0,0,1,0
1458,169708,0,0,0,0,0,2,2025,10,28,19,34,51,614,0,1,0,0,1,0
1459,169708,0,0,0,0,0,0,2025,10,28,19,52,31,614,0,1,0,0,1,0
1460,169708,0,1,0,0,1,2,2025,10,29,8,23,42,614,0,1,0,1,0,0
1461,169708,0,0,0,0,0,0,2025,10,29,8,41,19,614,0,1,0,1,0,0
1462,169708,0,0,0,0,0,0,2025,10,29,8,58,55,614,0,1,0,1,0,0
1463,169708,1,0,0,0,1,0,2025,10,29,9,16,31,614,0,1,0,1,0,0
1464,169708,0,0,0,0,0,0,2025,10,29,9,34,6,614,0,1,0,1,0,0
1465,169708,0,0,0,0,0,0,2025,10,29,9,51,43,614,0,1,0,1,0,0
1466,169708,0,0,0,0,0,0,2025,10,29,10,9,19,614,0,1,0,1,0,0
1467,169708,0,0,0,0,0,0,2025,10,29,10,26,59,614,0,1,0,1,0,0
1468,169708,0,0,0,0,0,0,2025,10,29,10,44,37,614,0,1,0,1,0,0
1469,169708,0,0,0,0,0,0,2025,10,29,12,33,27,614,0,1,0,0,0,1
1470,169708,0,0,0,0,0,0,2025,10,29,12,51,9,614,0,1,0,0,0,1
1471,169708,0,0,0,0,0,0,2025,10,29,13,8,49,614,0,1,0,0,0,1
1472,169708,0,1,0,0,1,0,2025,10,29,13,26,40,614,0,1,0,0,0,1
1473,169708,0,0,0,0,0,0,2025,10,29,13,44,20,614,0,1,0,0,0,1
1474,169708,0,0,0,0,0,0,2025,10,29,14,44,6,614,0,1,0,0,0,1
1475,169708,4,0,0,0,4,2,2025,10,29,15,1,48,614,0,1,0,0,0,1
1476,169708,1,0,0,0,1,0,2025,10,29,15,19,34,614,0,1,0,0,0,1
1477,169708,1,0,0,0,1,0,2025,10,29,15,37,15,614,0,1,0,0,0,1
1478,169708,2,0,0,0,2,0,2025,10,29,15,54,55,614,0,1,0,0,0,1
1479,169708,1,0,0,0,1,0,2025,10,30,8,20,30,614,0,1,0,1,0,0
1480,169708,0,0,0,0,0,0,2025,10,30,8,38,13,614,0,1,0,1,0,0
1481,169708,2,1,0,0,3,0,2025,10,30,8,55,56,614,0,1,0,1,0,0
1482,169708,0,0,0,0,0,0,2025,10,30,9,13,39,614,0,1,0,1,0,0
1483,169708,1,1,0,0,2,2,2025,10,30,9,31,32,614,0,1,0,1,0,0
1484,169708,0,0,0,0,0,0,2025,10,30,9,49,41,614,0,1,0,1,0,0
1485,169708,0,0,0,0,0,0,2025,10,30,10,7,31,614,0,1,0,1,0,0
1486,169708,2,0,0,0,2,2,2025,10,30,10,25,27,614,0,1,0,1,0,0
1487,169708,0,0,0,0,0,0,2025,10,30,10,43,10,614,0,1,0,1,0,0
1488,169708,1,0,0,0,1,0,2025,10,30,12,29,42,614,0,1,0,0,0,1
1489,169708,2,1,0,0,3,2,2025,10,30,12,47,14,614,0,1,0,0,0,1
1490,169708,0,0,0,0,0,0,2025,10,30,13,4,58,614,0,1,0,0,0,1
1491,169708,1,0,0,0,1,2,2025,10,30,13,22,41,614,0,1,0,0,0,1
1492,169708,0,0,0,0,0,0,2025,10,30,13,40,28,614,0,1,0,0,0,1
1493,169708,0,0,0,0,0,0,2025,10,30,13,58,14,614,0,1,0,0,0,1
1494,169708,0,0,0,0,0,0,2025,10,30,14,57,17,614,0,1,0,0,0,1
1495,169708,0,0,0,0,0,0,2025,10,30,15,15,9,614,0,1,0,0,0,1
1496,169708,1,0,0,0,1,0,2025,10,30,15,32,55,614,0,1,0,0,0,1
1497,169708,1,0,0,0,1,0,2025,10,30,15,57,37,614,0,1,0,0,0,1
1498,169708,0,2,0,0,2,2,2025,10,30,16,15,25,614,0,1,0,0,0,1
1499,169708,0,0,0,0,0,0,2025,10,30,22,45,43,614,0,1,0,0,1,0
1500,169708,0,0,0,0,0,0,2025,10,31,8,25,12,614,0,1,0,1,0,0
1501,169708,0,0,0,0,0,0,2025,10,31,8,42,53,614,0,1,0,1,0,0
1502,169708,0,1,0,0,1,0,2025,10,31,9,0,41,614,0,1,0,1,0,0
1503,169708,1,0,0,0,1,0,2025,10,31,9,18,29,614,0,1,0,1,0,0
1504,169708,1,0,0,0,1,0,2025,10,31,9,44,8,614,0,1,0,1,0,0
1505,169708,0,0,0,0,0,0,2025,10,31,10,1,50,614,0,1,0,1,0,0
1506,169708,0,1,0,0,1,0,2025,10,31,10,19,32,614,0,1,0,1,0,0
1507,169708,0,0,0,0,0,0,2025,10,31,10,37,14,614,0,1,0,1,0,0
1508,169708,0,0,0,0,0,0,2025,10,31,15,3,33,614,0,1,0,0,0,1
1509,169708,0,0,0,0,0,0,2025,10,31,15,21,26,614,0,1,0,0,0,1
1510,169708,1,0,0,0,1,0,2025,10,31,15,39,19,614,0,1,0,0,0,1
1511,169708,0,0,0,0,0,0,2025,10,31,15,57,9,614,0,1,0,0,0,1
1512,169708,0,0,0,0,0,0,2025,11,1,8,54,45,614,0,1,0,1,0,0
1513,169708,0,0,0,0,0,0,2025,11,1,9,12,32,614,0,1,0,1,0,0
1514,169708,0,0,0,0,0,1,2025,11,1,9,30,25,614,0,1,0,1,0,0
1515,169708,0,0,0,0,0,0,2025,11,1,9,48,12,614,0,1,0,1,0,0
1516,169708,0,0,0,0,0,0,2025,11,1,10,6,3,614,0,1,0,1,0,0
1517,169708,0,0,0,0,0,0,2025,11,1,10,23,47,614,0,1,0,1,0,0
1518,169708,0,0,0,0,0,0,2025,11,1,10,41,32,614,0,1,0,1,0,0
1519,169708,0,0,0,0,0,0,2025,11,1,10,59,27,614,0,1,0,1,0,0
1520,169708,0,0,0,0,0,0,2025,11,1,11,17,13,614,0,1,0,1,0,0
1521,169708,0,0,0,0,0,0,2025,11,1,11,34,59,614,0,1,0,1,0,0
1522,169708,0,0,0,0,0,0,2025,11,1,11,52,39,614,0,1,0,1,0,0
1523,169708,0,0,0,0,0,0,2025,11,1,12,10,35,614,0,1,0,0,0,1
1524,169708,0,0,0,0,0,0,2025,11,1,12,28,19,614,0,1,0,0,0,1
1525,169708,0,0,0,0,0,0,2025,11,1,12,46,13,614,0,1,0,0,0,1
1526,169708,0,0,0,0,0,0,2025,11,1,13,4,6,614,0,1,0,0,0,1
1527,169708,0,0,0,0,0,0,2025,11,1,13,21,54,614,0,1,0,0,0,1
1528,169708,0,0,0,0,0,0,2025,11,1,13,39,42,614,0,1,0,0,0,1
1529,169708,0,0,0,0,0,0,2025,11,1,13,57,29,614,0,1,0,0,0,1
1530,169708,3,0,0,0,3,0,2025,11,1,14,15,20,614,0,1,0,0,0,1
1531,169708,3,0,0,0,3,2,2025,11,1,14,33,11,614,0,1,0,0,0,1
1532,169708,0,0,0,0,0,0,2025,11,1,14,51,27,614,0,1,0,0,0,1
1533,169708,0,0,0,0,0,0,2025,11,1,15,9,25,614,0,1,0,0,0,1
1534,169708,0,0,0,0,0,0,2025,11,1,15,27,14,614,0,1,0,0,0,1
1535,169708,0,1,0,0,1,0,2025,11,1,15,45,2,614,0,1,0,0,0,1
1536,169708,0,0,0,0,0,0,2025,11,1,16,3,0,614,0,1,0,0,0,1
1537,169708,0,0,0,0,0,0,2025,11,1,16,20,48,614,0,1,0,0,0,1
1538,169708,0,0,0,0,0,0,2025,11,1,16,38,38,614,0,1,0,0,0,1
1539,169708,0,0,0,0,0,0,2025,11,1,16,56,34,614,0,1,0,0,0,1
1540,169708,0,0,0,0,0,0,2025,11,1,17,14,29,614,0,1,0,0,0,1
1541,169708,0,0,0,0,0,0,2025,11,1,17,32,23,614,0,1,0,0,0,1
1542,169708,0,0,0,0,0,0,2025,11,1,17,50,8,614,0,1,0,0,0,1
1543,169708,0,0,0,0,0,0,2025,11,1,18,8,3,614,0,1,0,0,1,0
1544,169708,0,0,0,0,0,0,2025,11,1,18,26,56,614,0,1,0,0,1,0
1545,169708,1,0,0,0,1,0,2025,11,1,18,44,45,614,0,1,0,0,1,0
1546,169708,0,0,0,0,0,0,2025,11,1,19,2,37,614,0,1,0,0,1,0
1547,169708,0,0,0,0,0,0,2025,11,1,19,37,13,614,0,1,0,0,1,0
1548,169709,0,0,0,0,0,0,2025,10,27,8,27,8,614,0,1,0,1,0,0
1549,169709,0,0,0,0,0,0,2025,10,27,8,44,48,614,0,1,0,1,0,0
1550,169709,0,0,0,0,0,0,2025,10,27,9,2,33,614,0,1,0,1,0,0
1551,169709,0,0,0,0,0,0,2025,10,27,9,20,12,614,0,1,0,1,0,0
1552,169709,0,0,0,0,0,0,2025,10,27,9,37,52,614,0,1,0,1,0,0
1553,169709,0,0,0,0,0,0,2025,10,27,9,55,34,614,0,1,0,1,0,0
1554,169709,0,0,0,0,0,0,2025,10,27,10,13,19,614,0,1,0,1,0,0
1555,169709,0,0,0,0,0,0,2025,10,27,10,31,8,614,0,1,0,1,0,0
1556,169709,0,0,0,0,0,0,2025,10,27,12,40,11,614,0,1,0,0,0,1
1557,169709,0,0,0,0,0,0,2025,10,27,12,57,53,614,0,1,0,0,0,1
1558,169709,0,0,0,0,0,0,2025,10,27,13,15,38,614,0,1,0,0,0,1
1559,169709,0,0,0,0,0,0,2025,10,27,13,20,46,614,0,1,0,0,0,1
1560,169709,0,0,0,0,0,0,2025,10,27,13,57,11,614,0,1,0,0,0,1
1561,169709,0,0,0,0,0,0,2025,10,27,14,55,31,614,0,1,0,0,0,1
1562,169709,0,0,0,0,0,0,2025,10,27,15,13,17,614,0,1,0,0,0,1
1563,169709,0,0,0,0,0,0,2025,10,27,15,31,3,614,0,1,0,0,0,1
1564,169709,0,0,0,0,0,0,2025,10,27,15,48,52,614,0,1,0,0,0,1
1565,169709,0,0,0,0,0,0,2025,10,27,18,2,56,614,0,1,0,0,1,0
1566,169709,0,0,0,0,0,0,2025,10,27,18,20,32,614,0,1,0,0,1,0
1567,169709,1,0,0,0,1,0,2025,10,27,18,38,8,614,0,1,0,0,1,0
1568,169709,0,0,0,0,0,0,2025,10,28,7,56,23,614,0,1,0,1,0,0
1569,169709,0,0,0,0,0,0,2025,10,28,8,14,0,614,0,1,0,1,0,0
1570,169709,0,0,0,0,0,0,2025,10,28,8,31,36,614,0,1,0,1,0,0
1571,169709,0,0,0,0,0,0,2025,10,28,8,49,12,614,0,1,0,1,0,0
1572,169709,0,0,0,0,0,0,2025,10,28,9,6,48,614,0,1,0,1,0,0
1573,169709,0,0,0,0,0,0,2025,10,28,9,24,23,614,0,1,0,1,0,0
1574,169709,0,0,0,0,0,0,2025,10,28,9,42,1,614,0,1,0,1,0,0
1575,169709,0,0,0,0,0,0,2025,10,28,13,27,46,614,0,1,0,0,0,1
1576,169709,0,0,0,0,0,0,2025,10,28,14,45,39,614,0,1,0,0,0,1
1577,169709,0,0,0,0,0,0,2025,10,28,15,3,22,614,0,1,0,0,0,1
1578,169709,0,1,0,0,1,1,2025,10,28,15,21,4,614,0,1,0,0,0,1
1579,169709,0,0,0,0,0,0,2025,10,28,15,38,55,614,0,1,0,0,0,1
1580,169709,0,0,0,0,0,0,2025,10,28,15,56,39,614,0,1,0,0,0,1
1581,169709,0,0,0,0,0,0,2025,10,28,17,49,4,614,0,1,0,0,0,1
1582,169709,0,0,0,0,0,0,2025,10,28,18,6,39,614,0,1,0,0,1,0
1583,169709,0,0,0,0,0,0,2025,10,28,18,24,18,614,0,1,0,0,1,0
1584,169709,0,0,0,0,0,0,2025,10,28,18,41,58,614,0,1,0,0,1,0
1585,169709,0,0,0,0,0,0,2025,10,28,18,59,36,614,0,1,0,0,1,0
1586,169709,0,0,0,0,0,0,2025,10,28,19,17,14,614,0,1,0,0,1,0
1587,169709,0,0,0,0,0,0,2025,10,28,19,34,51,614,0,1,0,0,1,0
1588,169709,0,0,0,0,0,0,2025,10,28,19,52,30,614,0,1,0,0,1,0
1589,169709,0,0,0,0,0,0,2025,10,29,8,23,42,614,0,1,0,1,0,0
1590,169709,1,0,0,0,1,0,2025,10,29,8,41,18,614,0,1,0,1,0,0
1591,169709,0,0,0,0,0,0,2025,10,29,8,58,55,614,0,1,0,1,0,0
1592,169709,0,0,0,0,0,0,2025,10,29,9,16,31,614,0,1,0,1,0,0
1593,169709,0,1,0,0,1,0,2025,10,29,9,34,6,614,0,1,0,1,0,0
1594,169709,0,0,0,0,0,0,2025,10,29,9,51,42,614,0,1,0,1,0,0
1595,169709,0,0,0,0,0,0,2025,10,29,10,9,19,614,0,1,0,1,0,0
1596,169709,0,0,0,0,0,0,2025,10,29,10,26,58,614,0,1,0,1,0,0
1597,169709,0,0,0,0,0,0,2025,10,29,10,44,36,614,0,1,0,1,0,0
1598,169709,0,0,0,0,0,0,2025,10,29,12,33,27,614,0,1,0,0,0,1
1599,169709,0,0,0,0,0,0,2025,10,29,12,51,9,614,0,1,0,0,0,1
1600,169709,0,0,0,0,0,0,2025,10,29,13,8,49,614,0,1,0,0,0,1
1601,169709,1,0,0,0,1,0,2025,10,29,13,26,40,614,0,1,0,0,0,1
1602,169709,0,0,0,0,0,0,2025,10,29,13,44,20,614,0,1,0,0,0,1
1603,169709,0,0,0,0,0,0,2025,10,29,14,44,6,614,0,1,0,0,0,1
1604,169709,3,1,0,0,4,0,2025,10,29,15,1,47,614,0,1,0,0,0,1
1605,169709,1,0,0,0,1,0,2025,10,29,15,19,34,614,0,1,0,0,0,1
1606,169709,0,0,0,0,0,0,2025,10,29,15,37,15,614,0,1,0,0,0,1
1607,169709,0,0,0,0,0,0,2025,10,29,15,54,54,614,0,1,0,0,0,1
1608,169709,1,0,0,0,1,0,2025,10,30,8,20,30,614,0,1,0,1,0,0
1609,169709,0,0,0,0,0,0,2025,10,30,8,38,12,614,0,1,0,1,0,0
1610,169709,0,0,0,0,0,0,2025,10,30,8,55,55,614,0,1,0,1,0,0
1611,169709,0,0,0,0,0,0,2025,10,30,9,13,38,614,0,1,0,1,0,0
1612,169709,0,0,0,0,0,0,2025,10,30,9,31,31,614,0,1,0,1,0,0
1613,169709,0,0,0,0,0,0,2025,10,30,9,49,41,614,0,1,0,1,0,0
1614,169709,0,0,0,0,0,0,2025,10,30,10,7,30,614,0,1,0,1,0,0
1615,169709,1,0,0,0,1,0,2025,10,30,10,25,27,614,0,1,0,1,0,0
1616,169709,0,0,0,0,0,0,2025,10,30,10,43,10,614,0,1,0,1,0,0
1617,169709,0,0,0,0,0,0,2025,10,30,12,29,41,614,0,1,0,0,0,1
1618,169709,0,0,0,0,0,0,2025,10,30,12,47,13,614,0,1,0,0,0,1
1619,169709,0,0,0,0,0,0,2025,10,30,13,4,57,614,0,1,0,0,0,1
1620,169709,0,0,0,0,0,0,2025,10,30,13,22,40,614,0,1,0,0,0,1
1621,169709,0,0,0,0,0,0,2025,10,30,13,40,28,614,0,1,0,0,0,1
1622,169709,0,0,0,0,0,0,2025,10,30,13,58,14,614,0,1,0,0,0,1
1623,169709,0,0,0,0,0,0,2025,10,30,14,57,16,614,0,1,0,0,0,1
1624,169709,0,0,0,0,0,0,2025,10,30,15,15,9,614,0,1,0,0,0,1
1625,169709,0,0,0,0,0,0,2025,10,30,15,32,54,614,0,1,0,0,0,1
1626,169709,0,0,0,0,0,0,2025,10,30,15,57,36,614,0,1,0,0,0,1
1627,169709,0,0,0,0,0,0,2025,10,30,16,15,24,614,0,1,0,0,0,1
1628,169709,0,0,0,0,0,0,2025,10,30,22,45,43,614,0,1,0,0,1,0
1629,169709,0,0,0,0,0,0,2025,10,31,8,25,11,614,0,1,0,1,0,0
1630,169709,0,0,0,0,0,0,2025,10,31,8,42,52,614,0,1,0,1,0,0
1631,169709,2,0,0,0,2,0,2025,10,31,9,0,41,614,0,1,0,1,0,0
1632,169709,0,0,0,0,0,0,2025,10,31,9,18,27,614,0,1,0,1,0,0
1633,169709,0,0,0,0,0,0,2025,10,31,9,44,7,614,0,1,0,1,0,0
1634,169709,0,0,0,0,0,0,2025,10,31,10,1,50,614,0,1,0,1,0,0
1635,169709,0,0,0,0,0,0,2025,10,31,10,19,32,614,0,1,0,1,0,0
1636,169709,0,0,0,0,0,0,2025,10,31,10,37,14,614,0,1,0,1,0,0
1637,169709,0,0,0,0,0,0,2025,10,31,15,3,32,614,0,1,0,0,0,1
1638,169709,0,1,0,0,1,0,2025,10,31,15,21,26,614,0,1,0,0,0,1
1639,169709,2,0,0,0,2,0,2025,10,31,15,39,19,614,0,1,0,0,0,1
1640,169709,0,0,0,0,0,0,2025,10,31,15,57,9,614,0,1,0,0,0,1
1641,169709,0,0,0,0,0,0,2025,11,1,8,54,45,614,0,1,0,1,0,0
1642,169709,0,0,0,0,0,0,2025,11,1,9,12,32,614,0,1,0,1,0,0
1643,169709,0,0,0,0,0,0,2025,11,1,9,30,24,614,0,1,0,1,0,0
1644,169709,0,0,0,0,0,0,2025,11,1,9,48,10,614,0,1,0,1,0,0
1645,169709,0,0,0,0,0,0,2025,11,1,10,6,3,614,0,1,0,1,0,0
1646,169709,0,0,0,0,0,0,2025,11,1,10,23,47,614,0,1,0,1,0,0
1647,169709,0,0,0,0,0,0,2025,11,1,10,41,31,614,0,1,0,1,0,0
1648,169709,0,0,0,0,0,0,2025,11,1,10,59,27,614,0,1,0,1,0,0
1649,169709,0,0,0,0,0,0,2025,11,1,11,17,13,614,0,1,0,1,0,0
1650,169709,0,0,0,0,0,0,2025,11,1,11,34,59,614,0,1,0,1,0,0
1651,169709,0,0,0,0,0,0,2025,11,1,11,52,39,614,0,1,0,1,0,0
1652,169709,0,0,0,0,0,0,2025,11,1,12,10,31,614,0,1,0,0,0,1
1653,169709,0,0,0,0,0,0,2025,11,1,12,28,19,614,0,1,0,0,0,1
1654,169709,0,0,0,0,0,0,2025,11,1,12,46,11,614,0,1,0,0,0,1
1655,169709,1,0,0,0,1,0,2025,11,1,13,4,6,614,0,1,0,0,0,1
1656,169709,0,0,0,0,0,0,2025,11,1,13,21,53,614,0,1,0,0,0,1
1657,169709,0,0,0,0,0,0,2025,11,1,13,39,42,614,0,1,0,0,0,1
1658,169709,1,1,0,0,2,0,2025,11,1,13,57,29,614,0,1,0,0,0,1
1659,169709,0,0,0,0,0,0,2025,11,1,14,15,19,614,0,1,0,0,0,1
1660,169709,0,0,0,0,0,0,2025,11,1,14,33,10,614,0,1,0,0,0,1
1661,169709,0,0,0,0,0,0,2025,11,1,14,51,27,614,0,1,0,0,0,1
1662,169709,0,0,0,0,0,0,2025,11,1,15,9,25,614,0,1,0,0,0,1
1663,169709,0,0,0,0,0,0,2025,11,1,15,27,13,614,0,1,0,0,0,1
1664,169709,0,0,0,0,0,0,2025,11,1,15,45,1,614,0,1,0,0,0,1
1665,169709,0,0,0,0,0,0,2025,11,1,16,3,0,614,0,1,0,0,0,1
1666,169709,0,0,0,0,0,0,2025,11,1,16,20,48,614,0,1,0,0,0,1
1667,169709,0,0,0,0,0,0,2025,11,1,16,38,37,614,0,1,0,0,0,1
1668,169709,1,0,0,0,1,0,2025,11,1,16,56,32,614,0,1,0,0,0,1
1669,169709,0,0,0,0,0,0,2025,11,1,17,14,29,614,0,1,0,0,0,1
1670,169709,0,0,0,0,0,0,2025,11,1,17,32,22,614,0,1,0,0,0,1
1671,169709,0,0,0,0,0,0,2025,11,1,17,50,7,614,0,1,0,0,0,1
1672,169709,1,0,0,0,1,0,2025,11,1,18,8,2,614,0,1,0,0,1,0
1673,169709,0,0,0,0,0,0,2025,11,1,18,26,56,614,0,1,0,0,1,0
1674,169709,0,0,0,0,0,0,2025,11,1,18,44,45,614,0,1,0,0,1,0
1675,169709,0,0,0,0,0,0,2025,11,1,19,2,36,614,0,1,0,0,1,0
1676,169709,0,0,0,0,0,0,2025,11,1,19,37,13,614,0,1,0,0,1,0
1677,169741,23,0,2,0,25,2,2025,10,27,8,27,11,6,1,0,0,1,0,0
1678,169741,26,0,0,0,26,2,2025,10,27,8,44,54,6,1,0,0,1,0,0
1679,169741,19,0,2,0,21,2,2025,10,27,9,2,36,6,1,0,0,1,0,0
1680,169741,23,0,0,0,23,2,2025,10,27,9,20,15,6,1,0,0,1,0,0
1681,169741,21,0,0,0,21,2,2025,10,27,9,37,57,6,1,0,0,1,0,0
1682,169741,18,0,2,0,20,3,2025,10,27,9,55,39,6,1,0,0,1,0,0
1683,169741,13,0,0,0,13,1,2025,10,27,10,13,24,6,1,0,0,1,0,0
1684,169741,9,1,0,0,10,0,2025,10,27,10,31,13,6,1,0,0,1,0,0
1685,169741,18,0,0,0,18,1,2025,10,27,12,40,14,6,1,0,0,0,0,1
1686,169741,7,0,0,0,7,0,2025,10,27,12,57,57,6,1,0,0,0,0,1
1687,169741,6,0,1,0,7,1,2025,10,27,13,15,43,6,1,0,0,0,0,1
1688,169741,10,2,1,0,13,1,2025,10,27,13,20,50,6,1,0,0,0,0,1
1689,169741,8,0,2,0,10,0,2025,10,27,13,57,14,6,1,0,0,0,0,1
1690,169741,11,0,0,0,11,0,2025,10,27,14,55,34,6,1,0,0,0,0,1
1691,169741,10,0,0,0,10,0,2025,10,27,15,13,20,6,1,0,0,0,0,1
1692,169741,10,0,2,0,12,1,2025,10,27,15,31,6,6,1,0,0,0,0,1
1693,169741,13,0,1,0,14,1,2025,10,27,15,48,54,6,1,0,0,0,0,1
1694,169741,15,0,2,0,17,1,2025,10,27,18,2,58,6,1,0,0,0,1,0
1695,169741,12,0,0,0,12,1,2025,10,27,18,20,34,6,1,0,0,0,1,0
1696,169741,17,0,1,0,18,1,2025,10,27,18,38,10,6,1,0,0,0,1,0
1697,169741,20,0,0,0,20,1,2025,10,28,7,56,25,6,1,0,0,1,0,0
1698,169741,17,0,1,0,18,1,2025,10,28,8,14,2,6,1,0,0,1,0,0
1699,169741,18,0,0,0,18,1,2025,10,28,8,31,38,6,1,0,0,1,0,0
1700,169741,15,0,1,0,16,1,2025,10,28,8,49,14,6,1,0,0,1,0,0
1701,169741,15,0,0,0,15,1,2025,10,28,9,6,50,6,1,0,0,1,0,0
1702,169741,17,0,0,0,17,1,2025,10,28,9,24,26,6,1,0,0,1,0,0
1703,169741,9,1,2,0,12,1,2025,10,28,9,42,4,6,1,0,0,1,0,0
1704,169741,21,0,3,0,24,1,2025,10,28,13,27,50,6,1,0,0,0,0,1
1705,169741,14,1,2,0,17,1,2025,10,28,14,45,42,6,1,0,0,0,0,1
1706,169741,14,0,0,0,14,1,2025,10,28,15,3,24,6,1,0,0,0,0,1
1707,169741,15,0,0,0,15,1,2025,10,28,15,21,8,6,1,0,0,0,0,1
1708,169741,13,0,1,0,14,1,2025,10,28,15,38,58,6,1,0,0,0,0,1
1709,169741,12,0,0,0,12,1,2025,10,28,15,56,43,6,1,0,0,0,0,1
1710,169741,14,2,2,0,18,1,2025,10,28,17,49,5,6,1,0,0,0,0,1
1711,169741,11,0,0,0,11,0,2025,10,28,18,6,41,6,1,0,0,0,1,0
1712,169741,15,0,1,0,16,2,2025,10,28,18,24,21,6,1,0,0,0,1,0
1713,169741,20,0,0,0,20,1,2025,10,28,18,42,0,6,1,0,0,0,1,0
1714,169741,17,1,0,0,18,1,2025,10,28,18,59,38,6,1,0,0,0,1,0
1715,169741,11,0,1,0,12,1,2025,10,28,19,17,16,6,1,0,0,0,1,0
1716,169741,15,0,0,0,15,1,2025,10,28,19,34,53,6,1,0,0,0,1,0
1717,169741,16,0,1,0,17,1,2025,10,28,19,52,32,6,1,0,0,0,1,0
1718,169741,15,2,1,0,18,2,2025,10,29,8,23,44,6,1,0,0,1,0,0
1719,169741,20,0,3,0,23,2,2025,10,29,8,41,20,6,1,0,0,1,0,0
1720,169741,25,0,1,0,26,1,2025,10,29,8,58,57,6,1,0,0,1,0,0
1721,169741,16,1,0,0,17,2,2025,10,29,9,16,32,6,1,0,0,1,0,0
1722,169741,14,1,2,0,17,1,2025,10,29,9,34,8,6,1,0,0,1,0,0
1723,169741,14,1,1,0,16,1,2025,10,29,9,51,44,6,1,0,0,1,0,0
1724,169741,15,1,3,0,19,1,2025,10,29,10,9,21,6,1,0,0,1,0,0
1725,169741,10,0,0,0,10,0,2025,10,29,10,27,0,6,1,0,0,1,0,0
1726,169741,10,0,0,0,10,0,2025,10,29,10,44,39,6,1,0,0,1,0,0
1727,169741,15,1,1,0,17,1,2025,10,29,12,33,30,6,1,0,0,0,0,1
1728,169741,9,2,1,0,12,1,2025,10,29,12,51,12,6,1,0,0,0,0,1
1729,169741,13,0,0,0,13,0,2025,10,29,13,8,54,6,1,0,0,0,0,1
1730,169741,14,2,2,0,18,1,2025,10,29,13,26,42,6,1,0,0,0,0,1
1731,169741,16,1,0,0,17,1,2025,10,29,13,44,23,6,1,0,0,0,0,1
1732,169741,20,1,0,0,21,1,2025,10,29,14,44,9,6,1,0,0,0,0,1
1733,169741,23,0,1,0,24,1,2025,10,29,15,1,51,6,1,0,0,0,0,1
1734,169741,21,0,2,0,23,1,2025,10,29,15,19,37,6,1,0,0,0,0,1
1735,169741,14,0,3,0,17,2,2025,10,29,15,37,17,6,1,0,0,0,0,1
1736,169741,11,2,3,0,16,3,2025,10,29,15,54,57,6,1,0,0,0,0,1
1737,169741,24,2,3,0,29,2,2025,10,30,8,20,33,6,1,0,0,1,0,0
1738,169741,25,0,2,0,27,2,2025,10,30,8,38,16,6,1,0,0,1,0,0
1739,169741,16,1,3,0,20,2,2025,10,30,8,55,59,6,1,0,0,1,0,0
1740,169741,17,1,1,0,19,1,2025,10,30,9,13,51,6,1,0,0,1,0,0
1741,169741,19,1,1,0,21,2,2025,10,30,9,31,50,6,1,0,0,1,0,0
1742,169741,24,0,1,0,25,2,2025,10,30,9,49,51,6,1,0,0,1,0,0
1743,169741,20,1,3,0,24,2,2025,10,30,10,7,35,6,1,0,0,1,0,0
1744,169741,10,0,1,0,11,1,2025,10,30,10,25,30,6,1,0,0,1,0,0
1745,169741,17,1,1,0,19,1,2025,10,30,10,43,13,6,1,0,0,1,0,0
1746,169741,9,0,2,0,11,1,2025,10,30,12,29,45,6,1,0,0,0,0,1
1747,169741,12,1,3,0,16,1,2025,10,30,12,47,17,6,1,0,0,0,0,1
1748,169741,17,0,1,0,18,1,2025,10,30,13,5,1,6,1,0,0,0,0,1
1749,169741,16,0,2,0,18,1,2025,10,30,13,22,46,6,1,0,0,0,0,1
1750,169741,14,1,1,0,16,1,2025,10,30,13,40,32,6,1,0,0,0,0,1
1751,169741,14,1,0,0,15,1,2025,10,30,13,58,18,6,1,0,0,0,0,1
1752,169741,21,1,4,0,26,2,2025,10,30,14,57,20,6,1,0,0,0,0,1
1753,169741,15,0,1,0,16,1,2025,10,30,15,15,13,6,1,0,0,0,0,1
1754,169741,17,1,3,0,21,2,2025,10,30,15,32,58,6,1,0,0,0,0,1
1755,169741,16,0,4,0,20,1,2025,10,30,15,57,42,6,1,0,0,0,0,1
1756,169741,22,0,0,0,22,1,2025,10,30,16,15,29,6,1,0,0,0,0,1
1757,169741,3,0,0,0,3,0,2025,10,30,22,45,46,6,1,0,0,0,1,0
1758,169741,15,0,3,0,18,1,2025,10,31,8,25,15,6,1,0,0,1,0,0
1759,169741,17,0,2,0,19,2,2025,10,31,8,42,58,6,1,0,0,1,0,0
1760,169741,18,0,1,0,19,1,2025,10,31,9,0,44,6,1,0,0,1,0,0
1761,169741,14,0,1,0,15,1,2025,10,31,9,18,33,6,1,0,0,1,0,0
1762,169741,15,2,1,0,18,1,2025,10,31,9,44,11,6,1,0,0,1,0,0
1763,169741,8,2,2,0,12,1,2025,10,31,10,1,53,6,1,0,0,1,0,0
1764,169741,12,1,1,0,14,1,2025,10,31,10,19,35,6,1,0,0,1,0,0
1765,169741,19,1,3,0,23,2,2025,10,31,10,37,17,6,1,0,0,1,0,0
1766,169741,17,1,1,0,19,1,2025,10,31,15,3,37,6,1,0,0,0,0,1
1767,169741,20,0,3,0,23,1,2025,10,31,15,21,30,6,1,0,0,0,0,1
1768,169741,20,3,4,0,27,2,2025,10,31,15,39,23,6,1,0,0,0,0,1
1769,169741,24,1,7,0,32,3,2025,10,31,15,57,12,6,1,0,0,0,0,1
1770,169741,5,0,0,0,5,0,2025,11,1,8,54,49,6,1,0,0,1,0,0
1771,169741,2,0,0,0,2,0,2025,11,1,9,12,36,6,1,0,0,1,0,0
1772,169741,4,0,2,0,6,0,2025,11,1,9,30,30,6,1,0,0,1,0,0
1773,169741,7,0,0,0,7,0,2025,11,1,9,48,17,6,1,0,0,1,0,0
1774,169741,2,0,1,0,3,0,2025,11,1,10,6,7,6,1,0,0,1,0,0
1775,169741,2,0,0,0,2,0,2025,11,1,10,23,51,6,1,0,0,1,0,0
1776,169741,2,0,0,0,2,0,2025,11,1,10,41,37,6,1,0,0,1,0,0
1777,169741,5,0,0,0,5,0,2025,11,1,10,59,31,6,1,0,0,1,0,0
1778,169741,9,1,0,0,10,0,2025,11,1,11,17,18,6,1,0,0,1,0,0
1779,169741,12,0,0,0,12,0,2025,11,1,11,35,1,6,1,0,0,1,0,0
1780,169741,12,1,0,0,13,0,2025,11,1,11,52,44,6,1,0,0,1,0,0
1781,169741,12,0,1,0,13,1,2025,11,1,12,10,38,6,1,0,0,0,0,1
1782,169741,6,1,0,0,7,0,2025,11,1,12,28,24,6,1,0,0,0,0,1
1783,169741,11,1,0,0,12,1,2025,11,1,12,46,16,6,1,0,0,0,0,1
1784,169741,10,0,0,0,10,0,2025,11,1,13,4,13,6,1,0,0,0,0,1
1785,169741,9,1,1,0,11,1,2025,11,1,13,21,59,6,1,0,0,0,0,1
1786,169741,11,1,1,0,13,0,2025,11,1,13,39,45,6,1,0,0,0,0,1
1787,169741,7,0,0,0,7,0,2025,11,1,13,57,34,6,1,0,0,0,0,1
1788,169741,8,0,0,0,8,0,2025,11,1,14,15,26,6,1,0,0,0,0,1
1789,169741,15,0,0,0,15,0,2025,11,1,14,33,28,6,1,0,0,0,0,1
1790,169741,11,0,2,0,13,1,2025,11,1,14,51,34,6,1,0,0,0,0,1
1791,169741,10,1,1,0,12,0,2025,11,1,15,9,31,6,1,0,0,0,0,1
1792,169741,5,0,1,0,6,0,2025,11,1,15,27,18,6,1,0,0,0,0,1
1793,169741,7,0,0,0,7,0,2025,11,1,15,45,9,6,1,0,0,0,0,1
1794,169741,5,0,0,0,5,0,2025,11,1,16,3,5,6,1,0,0,0,0,1
1795,169741,8,0,0,0,8,0,2025,11,1,16,20,53,6,1,0,0,0,0,1
1796,169741,12,2,0,0,14,1,2025,11,1,16,38,43,6,1,0,0,0,0,1
1797,169741,11,0,0,0,11,0,2025,11,1,16,56,39,6,1,0,0,0,0,1
1798,169741,11,0,0,0,11,0,2025,11,1,17,14,36,6,1,0,0,0,0,1
1799,169741,12,0,0,0,12,0,2025,11,1,17,32,25,6,1,0,0,0,0,1
1800,169741,10,1,1,0,12,1,2025,11,1,17,50,14,6,1,0,0,0,0,1
1801,169741,11,0,1,0,12,1,2025,11,1,18,8,10,6,1,0,0,0,1,0
1802,169741,16,0,0,0,16,1,2025,11,1,18,26,59,6,1,0,0,0,1,0
1803,169741,12,0,0,0,12,1,2025,11,1,18,44,52,6,1,0,0,0,1,0
1804,169741,7,0,0,0,7,0,2025,11,1,19,2,40,6,1,0,0,0,1,0
1805,169741,12,0,0,0,12,1,2025,11,1,19,37,17,6,1,0,0,0,1,0
1806,174942,7,0,1,0,8,1,2025,10,27,8,27,15,6,1,0,0,1,0,0
1807,174942,10,0,0,0,10,1,2025,10,27,8,45,1,6,1,0,0,1,0,0
1808,174942,8,0,0,0,8,1,2025,10,27,9,2,40,6,1,0,0,1,0,0
1809,174942,7,0,0,0,7,1,2025,10,27,9,20,20,6,1,0,0,1,0,0
1810,174942,9,1,0,0,10,1,2025,10,27,9,38,2,6,1,0,0,1,0,0
1811,174942,1,0,2,0,3,1,2025,10,27,9,55,46,6,1,0,0,1,0,0
1812,174942,1,0,0,0,1,0,2025,10,27,10,13,32,6,1,0,0,1,0,0
1813,174942,4,0,0,0,4,0,2025,10,27,10,31,18,6,1,0,0,1,0,0
1814,174942,5,0,0,0,5,0,2025,10,27,12,40,20,6,1,0,0,0,0,1
1815,174942,5,0,0,0,5,0,2025,10,27,12,58,5,6,1,0,0,0,0,1
1816,174942,2,0,0,0,2,0,2025,10,27,13,15,52,6,1,0,0,0,0,1
1817,174942,8,0,0,0,8,0,2025,10,27,13,20,58,6,1,0,0,0,0,1
1818,174942,5,0,0,0,5,0,2025,10,27,13,57,21,6,1,0,0,0,0,1
1819,174942,3,2,0,0,5,0,2025,10,27,14,55,39,6,1,0,0,0,0,1
1820,174942,5,0,0,0,5,1,2025,10,27,15,13,24,6,1,0,0,0,0,1
1821,174942,9,0,0,0,9,0,2025,10,27,15,31,11,6,1,0,0,0,0,1
1822,174942,8,0,1,0,9,1,2025,10,27,15,48,57,6,1,0,0,0,0,1
1823,174942,13,3,1,0,17,1,2025,10,27,18,3,0,6,1,0,0,0,1,0
1824,174942,16,2,0,0,18,1,2025,10,27,18,20,37,6,1,0,0,0,1,0
1825,174942,9,0,0,0,9,0,2025,10,27,18,38,14,6,1,0,0,0,1,0
1826,174942,13,2,0,0,15,1,2025,10,28,7,56,28,6,1,0,0,1,0,0
1827,174942,9,0,0,0,9,1,2025,10,28,8,14,4,6,1,0,0,1,0,0
1828,174942,15,0,2,0,17,1,2025,10,28,8,31,40,6,1,0,0,1,0,0
1829,174942,10,0,0,0,10,0,2025,10,28,8,49,17,6,1,0,0,1,0,0
1830,174942,16,1,0,0,17,0,2025,10,28,9,6,52,6,1,0,0,1,0,0
1831,174942,15,0,0,0,15,0,2025,10,28,9,24,29,6,1,0,0,1,0,0
1832,174942,17,1,0,0,18,0,2025,10,28,9,42,8,6,1,0,0,1,0,0
1833,174942,8,1,0,0,9,0,2025,10,28,13,27,56,6,1,0,0,0,0,1
1834,174942,9,2,0,0,11,1,2025,10,28,14,45,49,6,1,0,0,0,0,1
1835,174942,6,0,0,0,6,1,2025,10,28,15,3,31,6,1,0,0,0,0,1
1836,174942,1,0,1,0,2,1,2025,10,28,15,21,21,6,1,0,0,0,0,1
1837,174942,8,2,1,0,11,1,2025,10,28,15,39,6,6,1,0,0,0,0,1
1838,174942,6,1,0,0,7,1,2025,10,28,15,56,51,6,1,0,0,0,0,1
1839,174942,19,0,0,0,19,1,2025,10,28,17,49,8,6,1,0,0,0,0,1
1840,174942,17,0,0,0,17,1,2025,10,28,18,6,45,6,1,0,0,0,1,0
1841,174942,18,0,1,0,19,1,2025,10,28,18,24,26,6,1,0,0,0,1,0
1842,174942,21,1,0,0,22,2,2025,10,28,18,42,4,6,1,0,0,0,1,0
1843,174942,18,0,0,0,18,2,2025,10,28,18,59,43,6,1,0,0,0,1,0
1844,174942,20,1,0,0,21,1,2025,10,28,19,17,20,6,1,0,0,0,1,0
1845,174942,16,2,0,0,18,2,2025,10,28,19,34,59,6,1,0,0,0,1,0
1846,174942,15,1,0,0,16,1,2025,10,28,19,52,36,6,1,0,0,0,1,0
1847,174942,15,0,2,0,17,2,2025,10,29,8,23,47,6,1,0,0,1,0,0
1848,174942,13,0,2,0,15,1,2025,10,29,8,41,23,6,1,0,0,1,0,0
1849,174942,26,0,2,0,28,2,2025,10,29,8,59,0,6,1,0,0,1,0,0
1850,174942,22,1,3,0,26,2,2025,10,29,9,16,35,6,1,0,0,1,0,0
1851,174942,23,4,4,0,31,3,2025,10,29,9,34,11,6,1,0,0,1,0,0
1852,174942,25,3,1,0,29,3,2025,10,29,9,51,48,6,1,0,0,1,0,0
1853,174942,23,2,2,0,27,2,2025,10,29,10,9,26,6,1,0,0,1,0,0
1854,174942,17,6,1,0,24,2,2025,10,29,10,27,4,6,1,0,0,1,0,0
1855,174942,8,0,0,0,8,0,2025,10,29,10,44,43,6,1,0,0,1,0,0
1856,174942,8,2,0,0,10,1,2025,10,29,12,33,37,6,1,0,0,0,0,1
1857,174942,3,0,0,0,3,0,2025,10,29,12,51,17,6,1,0,0,0,0,1
1858,174942,9,1,0,0,10,1,2025,10,29,13,9,6,6,1,0,0,0,0,1
1859,174942,7,1,0,0,8,0,2025,10,29,13,26,48,6,1,0,0,0,0,1
1860,174942,8,0,0,0,8,1,2025,10,29,13,44,33,6,1,0,0,0,0,1
1861,174942,5,0,0,0,5,0,2025,10,29,14,44,15,6,1,0,0,0,0,1
1862,174942,11,0,0,0,11,1,2025,10,29,15,2,0,6,1,0,0,0,0,1
1863,174942,2,2,0,0,4,0,2025,10,29,15,19,43,6,1,0,0,0,0,1
1864,174942,7,2,0,0,9,1,2025,10,29,15,37,23,6,1,0,0,0,0,1
1865,174942,9,1,1,0,11,0,2025,10,29,15,55,3,6,1,0,0,0,0,1
1866,174942,30,3,0,0,33,1,2025,10,30,8,20,40,6,1,0,0,1,0,0
1867,174942,26,4,1,0,31,3,2025,10,30,8,38,22,6,1,0,0,1,0,0
1868,174942,27,3,4,0,34,3,2025,10,30,8,56,5,6,1,0,0,1,0,0
1869,174942,23,2,3,0,28,3,2025,10,30,9,13,57,6,1,0,0,1,0,0
1870,174942,28,2,5,0,35,3,2025,10,30,9,32,7,6,1,0,0,1,0,0
1871,174942,21,3,1,0,25,3,2025,10,30,9,49,57,6,1,0,0,1,0,0
1872,174942,25,1,5,0,31,3,2025,10,30,10,7,49,6,1,0,0,1,0,0
1873,174942,18,0,0,0,18,2,2025,10,30,10,25,38,6,1,0,0,1,0,0
1874,174942,17,0,0,0,17,2,2025,10,30,10,43,19,6,1,0,0,1,0,0
1875,174942,17,1,0,0,18,2,2025,10,30,12,29,53,6,1,0,0,0,0,1
1876,174942,19,2,1,0,22,1,2025,10,30,12,47,24,6,1,0,0,0,0,1
1877,174942,14,0,0,0,14,0,2025,10,30,13,5,8,6,1,0,0,0,0,1
1878,174942,13,0,0,0,13,0,2025,10,30,13,22,54,6,1,0,0,0,0,1
1879,174942,15,3,0,0,18,0,2025,10,30,13,40,41,6,1,0,0,0,0,1
1880,174942,16,0,0,0,16,0,2025,10,30,13,58,26,6,1,0,0,0,0,1
1881,174942,22,0,1,0,23,1,2025,10,30,14,57,27,6,1,0,0,0,0,1
1882,174942,18,2,0,0,20,1,2025,10,30,15,15,22,6,1,0,0,0,0,1
1883,174942,23,0,0,0,23,0,2025,10,30,15,33,5,6,1,0,0,0,0,1
1884,174942,17,2,3,0,22,1,2025,10,30,15,57,51,6,1,0,0,0,0,1
1885,174942,16,4,0,0,20,0,2025,10,30,16,15,38,6,1,0,0,0,0,1
1886,174942,4,1,0,0,5,0,2025,10,30,22,45,52,6,1,0,0,0,1,0
1887,174942,14,1,0,0,15,1,2025,10,31,8,25,20,6,1,0,0,1,0,0
1888,174942,14,0,0,0,14,1,2025,10,31,8,43,8,6,1,0,0,1,0,0
1889,174942,16,0,2,0,18,1,2025,10,31,9,0,54,6,1,0,0,1,0,0
1890,174942,17,1,0,0,18,1,2025,10,31,9,18,38,6,1,0,0,1,0,0
1891,174942,16,0,1,0,17,1,2025,10,31,9,44,16,6,1,0,0,1,0,0
1892,174942,11,1,0,0,12,1,2025,10,31,10,1,57,6,1,0,0,1,0,0
1893,174942,14,2,0,0,16,1,2025,10,31,10,19,42,6,1,0,0,1,0,0
1894,174942,15,1,1,0,17,1,2025,10,31,10,37,22,6,1,0,0,1,0,0
1895,174942,15,0,0,0,15,1,2025,10,31,15,3,46,6,1,0,0,0,0,1
1896,174942,19,1,1,0,21,2,2025,10,31,15,21,37,6,1,0,0,0,0,1
1897,174942,21,1,1,0,23,1,2025,10,31,15,39,30,6,1,0,0,0,0,1
1898,174942,23,0,0,0,23,1,2025,10,31,15,57,19,6,1,0,0,0,0,1
1899,174942,1,0,0,0,1,0,2025,11,1,8,55,0,6,1,0,0,1,0,0
1900,174942,7,0,0,0,7,1,2025,11,1,9,12,44,6,1,0,0,1,0,0
1901,174942,3,0,0,0,3,0,2025,11,1,9,30,37,6,1,0,0,1,0,0
1902,174942,6,0,0,0,6,0,2025,11,1,9,48,25,6,1,0,0,1,0,0
1903,174942,4,0,0,0,4,0,2025,11,1,10,6,14,6,1,0,0,1,0,0
1904,174942,13,0,0,0,13,1,2025,11,1,10,23,57,6,1,0,0,1,0,0
1905,174942,6,0,0,0,6,0,2025,11,1,10,41,48,6,1,0,0,1,0,0
1906,174942,9,0,0,0,9,0,2025,11,1,10,59,40,6,1,0,0,1,0,0
1907,174942,10,0,0,0,10,0,2025,11,1,11,17,25,6,1,0,0,1,0,0
1908,174942,13,1,0,0,14,1,2025,11,1,11,35,5,6,1,0,0,1,0,0
1909,174942,10,2,0,0,12,1,2025,11,1,11,52,52,6,1,0,0,1,0,0
1910,174942,18,0,1,0,19,1,2025,11,1,12,10,45,6,1,0,0,0,0,1
1911,174942,9,0,0,0,9,1,2025,11,1,12,28,37,6,1,0,0,0,0,1
1912,174942,10,0,0,0,10,0,2025,11,1,12,46,33,6,1,0,0,0,0,1
1913,174942,11,0,0,0,11,1,2025,11,1,13,4,19,6,1,0,0,0,0,1
1914,174942,11,0,0,0,11,1,2025,11,1,13,22,8,6,1,0,0,0,0,1
1915,174942,11,0,0,0,11,1,2025,11,1,13,39,55,6,1,0,0,0,0,1
1916,174942,6,1,0,0,7,1,2025,11,1,13,57,45,6,1,0,0,0,0,1
1917,174942,13,1,1,0,15,2,2025,11,1,14,15,35,6,1,0,0,0,0,1
1918,174942,12,1,0,0,13,1,2025,11,1,14,33,54,6,1,0,0,0,0,1
1919,174942,8,1,0,0,9,0,2025,11,1,14,51,50,6,1,0,0,0,0,1
1920,174942,3,1,0,0,4,0,2025,11,1,15,9,39,6,1,0,0,0,0,1
1921,174942,5,0,0,0,5,1,2025,11,1,15,27,26,6,1,0,0,0,0,1
1922,174942,5,1,0,0,6,1,2025,11,1,15,45,19,6,1,0,0,0,0,1
1923,174942,4,0,0,0,4,0,2025,11,1,16,3,14,6,1,0,0,0,0,1
1924,174942,7,0,0,0,7,0,2025,11,1,16,21,3,6,1,0,0,0,0,1
1925,174942,10,1,0,0,11,1,2025,11,1,16,38,50,6,1,0,0,0,0,1
1926,174942,0,0,0,0,0,0,2025,11,1,16,56,55,6,1,0,0,0,0,1
1927,174942,13,0,0,0,13,1,2025,11,1,17,14,49,6,1,0,0,0,0,1
1928,174942,8,1,0,0,9,0,2025,11,1,17,32,34,6,1,0,0,0,0,1
1929,174942,16,0,0,0,16,1,2025,11,1,17,50,29,6,1,0,0,0,0,1
1930,174942,8,1,0,0,9,1,2025,11,1,18,8,22,6,1,0,0,0,1,0
1931,174942,8,0,0,0,8,0,2025,11,1,18,27,6,6,1,0,0,0,1,0
1932,174942,9,0,0,0,9,0,2025,11,1,18,45,2,6,1,0,0,0,1,0
1933,174942,10,0,0,0,10,0,2025,11,1,19,2,48,6,1,0,0,0,1,0
1934,174942,7,0,0,0,7,0,2025,11,1,19,37,23,6,1,0,0,0,1,0
1935,174943,16,0,1,0,17,1,2025,10,27,8,27,15,6,1,0,0,1,0,0
1936,174943,14,0,2,0,16,1,2025,10,27,8,45,1,6,1,0,0,1,0,0
1937,174943,14,0,2,0,16,1,2025,10,27,9,2,40,6,1,0,0,1,0,0
1938,174943,14,0,0,0,14,1,2025,10,27,9,20,20,6,1,0,0,1,0,0
1939,174943,12,0,1,0,13,1,2025,10,27,9,38,2,6,1,0,0,1,0,0
1940,174943,14,0,0,0,14,1,2025,10,27,9,55,46,6,1,0,0,1,0,0
1941,174943,13,0,0,0,13,0,2025,10,27,10,13,32,6,1,0,0,1,0,0
1942,174943,8,0,1,0,9,1,2025,10,27,10,31,19,6,1,0,0,1,0,0
1943,174943,13,1,0,0,14,0,2025,10,27,12,40,21,6,1,0,0,0,0,1
1944,174943,11,2,1,0,14,1,2025,10,27,12,58,5,6,1,0,0,0,0,1
1945,174943,12,1,2,0,15,1,2025,10,27,13,15,53,6,1,0,0,0,0,1
1946,174943,12,1,2,0,15,1,2025,10,27,13,20,59,6,1,0,0,0,0,1
1947,174943,7,0,0,0,7,0,2025,10,27,13,57,22,6,1,0,0,0,0,1
1948,174943,9,2,1,0,12,1,2025,10,27,14,55,39,6,1,0,0,0,0,1
1949,174943,16,0,1,0,17,1,2025,10,27,15,13,25,6,1,0,0,0,0,1
1950,174943,19,1,0,0,20,2,2025,10,27,15,31,14,6,1,0,0,0,0,1
1951,174943,11,2,0,0,13,1,2025,10,27,15,48,57,6,1,0,0,0,0,1
1952,174943,25,1,0,0,26,1,2025,10,27,18,3,1,6,1,0,0,0,1,0
1953,174943,25,0,0,0,25,1,2025,10,27,18,20,37,6,1,0,0,0,1,0
1954,174943,25,1,1,0,27,1,2025,10,27,18,38,14,6,1,0,0,0,1,0
1955,174943,23,0,0,0,23,1,2025,10,28,7,56,28,6,1,0,0,1,0,0
1956,174943,19,0,1,0,20,1,2025,10,28,8,14,4,6,1,0,0,1,0,0
1957,174943,23,3,0,0,26,1,2025,10,28,8,31,40,6,1,0,0,1,0,0
1958,174943,18,0,0,0,18,1,2025,10,28,8,49,17,6,1,0,0,1,0,0
1959,174943,13,4,0,0,17,1,2025,10,28,9,6,52,6,1,0,0,1,0,0
1960,174943,22,0,0,0,22,2,2025,10,28,9,24,29,6,1,0,0,1,0,0
1961,174943,21,0,0,0,21,2,2025,10,28,9,42,8,6,1,0,0,1,0,0
1962,174943,24,2,1,0,27,2,2025,10,28,13,27,57,6,1,0,0,0,0,1
1963,174943,18,1,1,0,20,0,2025,10,28,14,45,49,6,1,0,0,0,0,1
1964,174943,29,1,0,0,30,0,2025,10,28,15,3,31,6,1,0,0,0,0,1
1965,174943,22,1,1,0,24,1,2025,10,28,15,21,21,6,1,0,0,0,0,1
1966,174943,13,1,1,0,15,1,2025,10,28,15,39,6,6,1,0,0,0,0,1
1967,174943,13,1,1,0,15,0,2025,10,28,15,56,51,6,1,0,0,0,0,1
1968,174943,19,2,2,0,23,2,2025,10,28,17,49,8,6,1,0,0,0,0,1
1969,174943,23,0,1,0,24,2,2025,10,28,18,6,45,6,1,0,0,0,1,0
1970,174943,29,0,0,0,29,1,2025,10,28,18,24,26,6,1,0,0,0,1,0
1971,174943,24,0,0,0,24,1,2025,10,28,18,42,4,6,1,0,0,0,1,0
1972,174943,22,0,0,0,22,1,2025,10,28,18,59,43,6,1,0,0,0,1,0
1973,174943,14,1,0,0,15,1,2025,10,28,19,17,20,6,1,0,0,0,1,0
1974,174943,20,0,0,0,20,1,2025,10,28,19,34,59,6,1,0,0,0,1,0
1975,174943,13,1,1,0,15,1,2025,10,28,19,52,36,6,1,0,0,0,1,0
1976,174943,13,0,1,0,14,0,2025,10,29,8,23,47,6,1,0,0,1,0,0
1977,174943,16,0,1,0,17,1,2025,10,29,8,41,24,6,1,0,0,1,0,0
1978,174943,18,0,3,0,21,1,2025,10,29,8,59,0,6,1,0,0,1,0,0
1979,174943,9,3,3,0,15,1,2025,10,29,9,16,35,6,1,0,0,1,0,0
1980,174943,18,1,2,0,21,1,2025,10,29,9,34,11,6,1,0,0,1,0,0
1981,174943,21,2,1,0,24,1,2025,10,29,9,51,48,6,1,0,0,1,0,0
1982,174943,26,1,0,0,27,1,2025,10,29,10,9,27,6,1,0,0,1,0,0
1983,174943,21,1,1,0,23,1,2025,10,29,10,27,4,6,1,0,0,1,0,0
1984,174943,19,1,1,0,21,1,2025,10,29,10,44,44,6,1,0,0,1,0,0
1985,174943,18,4,1,0,23,1,2025,10,29,12,33,37,6,1,0,0,0,0,1
1986,174943,19,3,1,0,23,1,2025,10,29,12,51,17,6,1,0,0,0,0,1
1987,174943,16,1,0,0,17,1,2025,10,29,13,9,6,6,1,0,0,0,0,1
1988,174943,20,2,0,0,22,1,2025,10,29,13,26,48,6,1,0,0,0,0,1
1989,174943,19,0,2,0,21,1,2025,10,29,13,44,33,6,1,0,0,0,0,1
1990,174943,19,1,1,0,21,1,2025,10,29,14,44,15,6,1,0,0,0,0,1
1991,174943,24,0,0,0,24,1,2025,10,29,15,2,1,6,1,0,0,0,0,1
1992,174943,20,1,1,0,22,1,2025,10,29,15,19,43,6,1,0,0,0,0,1
1993,174943,20,0,1,0,21,1,2025,10,29,15,37,23,6,1,0,0,0,0,1
1994,174943,19,2,3,0,24,1,2025,10,29,15,55,4,6,1,0,0,0,0,1
1995,174943,14,1,2,0,17,2,2025,10,30,8,20,41,6,1,0,0,1,0,0
1996,174943,18,2,1,0,21,2,2025,10,30,8,38,22,6,1,0,0,1,0,0
1997,174943,10,2,4,0,16,2,2025,10,30,8,56,5,6,1,0,0,1,0,0
1998,174943,17,1,5,0,23,3,2025,10,30,9,13,57,6,1,0,0,1,0,0
1999,174943,13,5,6,0,24,3,2025,10,30,9,32,7,6,1,0,0,1,0,0
2000,174943,16,3,3,0,22,2,2025,10,30,9,49,57,6,1,0,0,1,0,0
2001,174943,15,4,3,0,22,2,2025,10,30,10,7,54,6,1,0,0,1,0,0
2002,174943,26,4,5,0,35,3,2025,10,30,10,25,38,6,1,0,0,1,0,0
2003,174943,22,1,1,0,24,2,2025,10,30,10,43,19,6,1,0,0,1,0,0
2004,174943,19,2,0,0,21,2,2025,10,30,12,29,53,6,1,0,0,0,0,1
2005,174943,20,0,0,0,20,1,2025,10,30,12,47,25,6,1,0,0,0,0,1
2006,174943,24,2,3,0,29,1,2025,10,30,13,5,8,6,1,0,0,0,0,1
2007,174943,27,4,0,0,31,1,2025,10,30,13,22,54,6,1,0,0,0,0,1
2008,174943,22,1,1,0,24,1,2025,10,30,13,40,41,6,1,0,0,0,0,1
2009,174943,29,2,0,0,31,1,2025,10,30,13,58,26,6,1,0,0,0,0,1
2010,174943,24,2,4,0,30,1,2025,10,30,14,57,28,6,1,0,0,0,0,1
2011,174943,23,3,1,0,27,1,2025,10,30,15,15,22,6,1,0,0,0,0,1
2012,174943,36,0,4,0,40,1,2025,10,30,15,33,5,6,1,0,0,0,0,1
2013,174943,42,2,1,0,45,1,2025,10,30,15,57,51,6,1,0,0,0,0,1
2014,174943,46,2,1,0,49,1,2025,10,30,16,15,39,6,1,0,0,0,0,1
2015,174943,2,1,0,0,3,0,2025,10,30,22,45,52,6,1,0,0,0,1,0
2016,174943,12,0,0,0,12,0,2025,10,31,8,25,20,6,1,0,0,1,0,0
2017,174943,15,1,0,0,16,1,2025,10,31,8,43,8,6,1,0,0,1,0,0
2018,174943,13,0,0,0,13,0,2025,10,31,9,0,55,6,1,0,0,1,0,0
2019,174943,13,0,0,0,13,0,2025,10,31,9,18,39,6,1,0,0,1,0,0
2020,174943,10,2,0,0,12,0,2025,10,31,9,44,16,6,1,0,0,1,0,0
2021,174943,13,1,0,0,14,0,2025,10,31,10,1,58,6,1,0,0,1,0,0
2022,174943,16,0,0,0,16,0,2025,10,31,10,19,42,6,1,0,0,1,0,0
2023,174943,12,1,0,0,13,0,2025,10,31,10,37,22,6,1,0,0,1,0,0
2024,174943,15,0,2,0,17,1,2025,10,31,15,3,46,6,1,0,0,0,0,1
2025,174943,24,0,0,0,24,1,2025,10,31,15,21,37,6,1,0,0,0,0,1
2026,174943,17,1,1,0,19,1,2025,10,31,15,39,30,6,1,0,0,0,0,1
2027,174943,23,0,0,0,23,1,2025,10,31,15,57,20,6,1,0,0,0,0,1
2028,174943,11,0,0,0,11,0,2025,11,1,8,55,0,6,1,0,0,1,0,0
2029,174943,8,1,0,0,9,0,2025,11,1,9,12,45,6,1,0,0,1,0,0
2030,174943,9,1,0,0,10,0,2025,11,1,9,30,37,6,1,0,0,1,0,0
2031,174943,15,0,0,0,15,1,2025,11,1,9,48,25,6,1,0,0,1,0,0
2032,174943,5,1,0,0,6,0,2025,11,1,10,6,14,6,1,0,0,1,0,0
2033,174943,12,1,1,0,14,1,2025,11,1,10,23,58,6,1,0,0,1,0,0
2034,174943,14,0,0,0,14,0,2025,11,1,10,41,49,6,1,0,0,1,0,0
2035,174943,15,0,0,0,15,1,2025,11,1,10,59,40,6,1,0,0,1,0,0
2036,174943,10,1,2,0,13,1,2025,11,1,11,17,25,6,1,0,0,1,0,0
2037,174943,19,0,0,0,19,1,2025,11,1,11,35,5,6,1,0,0,1,0,0
2038,174943,12,0,1,0,13,1,2025,11,1,11,52,52,6,1,0,0,1,0,0
2039,174943,21,1,0,0,22,1,2025,11,1,12,10,45,6,1,0,0,0,0,1
2040,174943,18,0,0,0,18,0,2025,11,1,12,28,38,6,1,0,0,0,0,1
2041,174943,16,0,0,0,16,1,2025,11,1,12,46,34,6,1,0,0,0,0,1
2042,174943,20,0,0,0,20,1,2025,11,1,13,4,20,6,1,0,0,0,0,1
2043,174943,20,1,1,0,22,1,2025,11,1,13,22,8,6,1,0,0,0,0,1
2044,174943,24,1,0,0,25,1,2025,11,1,13,39,55,6,1,0,0,0,0,1
2045,174943,24,0,0,0,24,1,2025,11,1,13,57,45,6,1,0,0,0,0,1
2046,174943,24,0,0,0,24,1,2025,11,1,14,15,35,6,1,0,0,0,0,1
2047,174943,26,1,0,0,27,1,2025,11,1,14,33,55,6,1,0,0,0,0,1
2048,174943,30,1,0,0,31,1,2025,11,1,14,51,51,6,1,0,0,0,0,1
2049,174943,13,1,0,0,14,0,2025,11,1,15,9,39,6,1,0,0,0,0,1
2050,174943,6,1,0,0,7,0,2025,11,1,15,27,26,6,1,0,0,0,0,1
2051,174943,12,1,0,0,13,0,2025,11,1,15,45,19,6,1,0,0,0,0,1
2052,174943,14,0,0,0,14,0,2025,11,1,16,3,14,6,1,0,0,0,0,1
2053,174943,4,0,1,0,5,1,2025,11,1,16,21,3,6,1,0,0,0,0,1
2054,174943,11,0,0,0,11,0,2025,11,1,16,38,50,6,1,0,0,0,0,1
2055,174943,9,0,0,0,9,0,2025,11,1,16,56,56,6,1,0,0,0,0,1
2056,174943,15,0,0,0,15,1,2025,11,1,17,14,50,6,1,0,0,0,0,1
2057,174943,11,0,0,0,11,0,2025,11,1,17,32,34,6,1,0,0,0,0,1
2058,174943,16,0,0,0,16,1,2025,11,1,17,50,29,6,1,0,0,0,0,1
2059,174943,13,2,0,0,15,1,2025,11,1,18,8,22,6,1,0,0,0,1,0
2060,174943,17,0,0,0,17,1,2025,11,1,18,27,7,6,1,0,0,0,1,0
2061,174943,20,0,1,0,21,1,2025,11,1,18,45,3,6,1,0,0,0,1,0
2062,174943,11,0,0,0,11,0,2025,11,1,19,2,49,6,1,0,0,0,1,0
2063,174943,15,0,0,0,15,1,2025,11,1,19,37,23,6,1,0,0,0,1,0
2064,174945,8,0,0,0,8,1,2025,10,27,8,27,16,6,1,0,0,1,0,0
2065,174945,10,0,1,0,11,1,2025,10,27,8,45,2,6,1,0,0,1,0,0
2066,174945,7,0,0,0,7,1,2025,10,27,9,2,40,6,1,0,0,1,0,0
2067,174945,5,2,1,0,8,1,2025,10,27,9,20,20,6,1,0,0,1,0,0
2068,174945,6,1,0,0,7,1,2025,10,27,9,38,2,6,1,0,0,1,0,0
2069,174945,8,0,1,0,9,1,2025,10,27,9,55,46,6,1,0,0,1,0,0
2070,174945,4,0,0,0,4,0,2025,10,27,10,13,32,6,1,0,0,1,0,0
2071,174945,3,0,0,0,3,0,2025,10,27,10,31,19,6,1,0,0,1,0,0
2072,174945,1,0,0,0,1,0,2025,10,27,12,40,21,6,1,0,0,0,0,1
2073,174945,2,2,0,0,4,1,2025,10,27,12,58,6,6,1,0,0,0,0,1
2074,174945,5,1,0,0,6,1,2025,10,27,13,15,53,6,1,0,0,0,0,1
2075,174945,1,0,0,0,1,0,2025,10,27,13,20,59,6,1,0,0,0,0,1
2076,174945,4,0,0,0,4,1,2025,10,27,13,57,22,6,1,0,0,0,0,1
2077,174945,1,0,1,0,2,0,2025,10,27,14,55,39,6,1,0,0,0,0,1
2078,174945,5,0,0,0,5,1,2025,10,27,15,13,25,6,1,0,0,0,0,1
2079,174945,3,1,0,0,4,0,2025,10,27,15,31,14,6,1,0,0,0,0,1
2080,174945,4,0,0,0,4,1,2025,10,27,15,48,57,6,1,0,0,0,0,1
2081,174945,8,1,0,0,9,1,2025,10,27,18,3,1,6,1,0,0,0,1,0
2082,174945,9,0,0,0,9,1,2025,10,27,18,20,37,6,1,0,0,0,1,0
2083,174945,7,0,2,0,9,2,2025,10,27,18,38,14,6,1,0,0,0,1,0
2084,174945,25,5,0,0,30,2,2025,10,28,7,56,28,6,1,0,0,1,0,0
2085,174945,26,0,1,0,27,2,2025,10,28,8,14,5,6,1,0,0,1,0,0
2086,174945,28,1,1,0,30,2,2025,10,28,8,31,41,6,1,0,0,1,0,0
2087,174945,22,1,2,0,25,2,2025,10,28,8,49,17,6,1,0,0,1,0,0
2088,174945,24,0,1,0,25,2,2025,10,28,9,6,52,6,1,0,0,1,0,0
2089,174945,21,2,1,0,24,1,2025,10,28,9,24,29,6,1,0,0,1,0,0
2090,174945,18,3,0,0,21,2,2025,10,28,9,42,9,6,1,0,0,1,0,0
2091,174945,4,0,0,0,4,0,2025,10,28,13,27,57,6,1,0,0,0,0,1
2092,174945,2,0,0,0,2,0,2025,10,28,14,45,49,6,1,0,0,0,0,1
2093,174945,5,0,2,0,7,2,2025,10,28,15,3,31,6,1,0,0,0,0,1
2094,174945,6,0,0,0,6,0,2025,10,28,15,21,21,6,1,0,0,0,0,1
2095,174945,2,0,1,0,3,0,2025,10,28,15,39,6,6,1,0,0,0,0,1
2096,174945,14,1,0,0,15,1,2025,10,28,15,56,51,6,1,0,0,0,0,1
2097,174945,18,0,0,0,18,1,2025,10,28,17,49,8,6,1,0,0,0,0,1
2098,174945,23,0,0,0,23,1,2025,10,28,18,6,46,6,1,0,0,0,1,0
2099,174945,17,2,2,0,21,2,2025,10,28,18,24,26,6,1,0,0,0,1,0
2100,174945,17,1,0,0,18,1,2025,10,28,18,42,4,6,1,0,0,0,1,0
2101,174945,11,0,0,0,11,1,2025,10,28,18,59,43,6,1,0,0,0,1,0
2102,174945,12,1,0,0,13,1,2025,10,28,19,17,20,6,1,0,0,0,1,0
2103,174945,15,0,0,0,15,1,2025,10,28,19,34,59,6,1,0,0,0,1,0
2104,174945,10,0,1,0,11,1,2025,10,28,19,52,37,6,1,0,0,0,1,0
2105,174945,29,0,0,0,29,2,2025,10,29,8,23,47,6,1,0,0,1,0,0
2106,174945,21,1,1,0,23,1,2025,10,29,8,41,24,6,1,0,0,1,0,0
2107,174945,12,2,0,0,14,1,2025,10,29,8,59,0,6,1,0,0,1,0,0
2108,174945,12,0,0,0,12,1,2025,10,29,9,16,35,6,1,0,0,1,0,0
2109,174945,13,1,0,0,14,1,2025,10,29,9,34,11,6,1,0,0,1,0,0
2110,174945,15,2,1,0,18,1,2025,10,29,9,51,48,6,1,0,0,1,0,0
2111,174945,18,0,1,0,19,1,2025,10,29,10,9,27,6,1,0,0,1,0,0
2112,174945,17,0,0,0,17,1,2025,10,29,10,27,5,6,1,0,0,1,0,0
2113,174945,9,0,1,0,10,1,2025,10,29,10,44,44,6,1,0,0,1,0,0
2114,174945,15,2,0,0,17,1,2025,10,29,12,33,37,6,1,0,0,0,0,1
2115,174945,14,0,0,0,14,1,2025,10,29,12,51,17,6,1,0,0,0,0,1
2116,174945,16,2,0,0,18,1,2025,10,29,13,9,7,6,1,0,0,0,0,1
2117,174945,20,0,0,0,20,1,2025,10,29,13,26,49,6,1,0,0,0,0,1
2118,174945,11,0,1,0,12,1,2025,10,29,13,44,33,6,1,0,0,0,0,1
2119,174945,13,2,0,0,15,1,2025,10,29,14,44,15,6,1,0,0,0,0,1
2120,174945,18,0,0,0,18,1,2025,10,29,15,2,1,6,1,0,0,0,0,1
2121,174945,16,0,0,0,16,1,2025,10,29,15,19,43,6,1,0,0,0,0,1
2122,174945,14,0,0,0,14,1,2025,10,29,15,37,23,6,1,0,0,0,0,1
2123,174945,18,2,0,0,20,1,2025,10,29,15,55,4,6,1,0,0,0,0,1
2124,174945,30,0,0,0,30,2,2025,10,30,8,20,41,6,1,0,0,1,0,0
2125,174945,19,0,0,0,19,1,2025,10,30,8,38,23,6,1,0,0,1,0,0
2126,174945,13,0,0,0,13,1,2025,10,30,8,56,6,6,1,0,0,1,0,0
2127,174945,25,0,1,0,26,2,2025,10,30,9,13,58,6,1,0,0,1,0,0
2128,174945,26,1,0,0,27,2,2025,10,30,9,32,7,6,1,0,0,1,0,0
2129,174945,19,0,0,0,19,1,2025,10,30,9,49,57,6,1,0,0,1,0,0
2130,174945,17,2,0,0,19,1,2025,10,30,10,7,54,6,1,0,0,1,0,0
2131,174945,20,0,0,0,20,1,2025,10,30,10,25,38,6,1,0,0,1,0,0
2132,174945,20,0,0,0,20,1,2025,10,30,10,43,19,6,1,0,0,1,0,0
2133,174945,16,0,1,0,17,1,2025,10,30,12,29,54,6,1,0,0,0,0,1
2134,174945,24,2,0,0,26,1,2025,10,30,12,47,25,6,1,0,0,0,0,1
2135,174945,19,2,0,0,21,1,2025,10,30,13,5,8,6,1,0,0,0,0,1
2136,174945,18,1,1,0,20,1,2025,10,30,13,22,55,6,1,0,0,0,0,1
2137,174945,21,1,0,0,22,1,2025,10,30,13,40,41,6,1,0,0,0,0,1
2138,174945,20,0,0,0,20,1,2025,10,30,13,58,26,6,1,0,0,0,0,1
2139,174945,17,5,1,0,23,1,2025,10,30,14,57,28,6,1,0,0,0,0,1
2140,174945,13,1,0,0,14,1,2025,10,30,15,15,22,6,1,0,0,0,0,1
2141,174945,15,2,0,0,17,1,2025,10,30,15,33,5,6,1,0,0,0,0,1
2142,174945,19,0,1,0,20,1,2025,10,30,15,57,52,6,1,0,0,0,0,1
2143,174945,18,1,0,0,19,1,2025,10,30,16,15,39,6,1,0,0,0,0,1
2144,174945,11,0,1,0,12,1,2025,10,30,22,45,52,6,1,0,0,0,1,0
2145,174945,15,2,0,0,17,1,2025,10,31,8,25,20,6,1,0,0,1,0,0
2146,174945,14,1,0,0,15,1,2025,10,31,8,43,9,6,1,0,0,1,0,0
2147,174945,13,2,0,0,15,1,2025,10,31,9,0,55,6,1,0,0,1,0,0
2148,174945,17,1,0,0,18,1,2025,10,31,9,18,39,6,1,0,0,1,0,0
2149,174945,20,2,1,0,23,2,2025,10,31,9,44,16,6,1,0,0,1,0,0
2150,174945,15,3,1,0,19,1,2025,10,31,10,1,59,6,1,0,0,1,0,0
2151,174945,18,1,0,0,19,1,2025,10,31,10,19,42,6,1,0,0,1,0,0
2152,174945,11,3,1,0,15,1,2025,10,31,10,37,22,6,1,0,0,1,0,0
2153,174945,18,1,0,0,19,1,2025,10,31,15,3,47,6,1,0,0,0,0,1
2154,174945,16,1,0,0,17,1,2025,10,31,15,21,38,6,1,0,0,0,0,1
2155,174945,16,0,1,0,17,1,2025,10,31,15,39,30,6,1,0,0,0,0,1
2156,174945,15,1,0,0,16,1,2025,10,31,15,57,20,6,1,0,0,0,0,1
2157,174945,12,0,0,0,12,1,2025,11,1,8,55,0,6,1,0,0,1,0,0
2158,174945,14,1,0,0,15,1,2025,11,1,9,12,46,6,1,0,0,1,0,0
2159,174945,8,1,0,0,9,0,2025,11,1,9,30,37,6,1,0,0,1,0,0
2160,174945,10,1,0,0,11,1,2025,11,1,9,48,26,6,1,0,0,1,0,0
2161,174945,8,1,0,0,9,0,2025,11,1,10,6,14,6,1,0,0,1,0,0
2162,174945,12,1,1,0,14,1,2025,11,1,10,23,58,6,1,0,0,1,0,0
2163,174945,13,0,0,0,13,1,2025,11,1,10,41,49,6,1,0,0,1,0,0
2164,174945,18,2,0,0,20,1,2025,11,1,10,59,40,6,1,0,0,1,0,0
2165,174945,11,0,0,0,11,0,2025,11,1,11,17,25,6,1,0,0,1,0,0
2166,174945,17,1,0,0,18,1,2025,11,1,11,35,5,6,1,0,0,1,0,0
2167,174945,10,0,0,0,10,1,2025,11,1,11,52,57,6,1,0,0,1,0,0
2168,174945,16,0,0,0,16,1,2025,11,1,12,10,46,6,1,0,0,0,0,1
2169,174945,18,1,0,0,19,1,2025,11,1,12,28,38,6,1,0,0,0,0,1
2170,174945,14,0,0,0,14,1,2025,11,1,12,46,34,6,1,0,0,0,0,1
2171,174945,19,1,0,0,20,1,2025,11,1,13,4,20,6,1,0,0,0,0,1
2172,174945,20,0,0,0,20,1,2025,11,1,13,22,8,6,1,0,0,0,0,1
2173,174945,28,1,0,0,29,1,2025,11,1,13,39,55,6,1,0,0,0,0,1
2174,174945,22,0,1,0,23,2,2025,11,1,13,57,46,6,1,0,0,0,0,1
2175,174945,25,0,0,0,25,1,2025,11,1,14,15,35,6,1,0,0,0,0,1
2176,174945,13,1,0,0,14,1,2025,11,1,14,33,55,6,1,0,0,0,0,1
2177,174945,13,0,0,0,13,1,2025,11,1,14,51,51,6,1,0,0,0,0,1
2178,174945,7,1,0,0,8,1,2025,11,1,15,9,40,6,1,0,0,0,0,1
2179,174945,9,0,0,0,9,0,2025,11,1,15,27,27,6,1,0,0,0,0,1
2180,174945,10,0,0,0,10,1,2025,11,1,15,45,20,6,1,0,0,0,0,1
2181,174945,7,0,0,0,7,0,2025,11,1,16,3,15,6,1,0,0,0,0,1
2182,174945,9,0,1,0,10,1,2025,11,1,16,21,3,6,1,0,0,0,0,1
2183,174945,13,0,1,0,14,1,2025,11,1,16,38,50,6,1,0,0,0,0,1
2184,174945,12,0,1,0,13,1,2025,11,1,16,56,56,6,1,0,0,0,0,1
2185,174945,7,1,0,0,8,0,2025,11,1,17,14,50,6,1,0,0,0,0,1
2186,174945,16,0,0,0,16,1,2025,11,1,17,32,35,6,1,0,0,0,0,1
2187,174945,14,1,0,0,15,1,2025,11,1,17,50,29,6,1,0,0,0,0,1
2188,174945,23,0,0,0,23,1,2025,11,1,18,8,22,6,1,0,0,0,1,0
2189,174945,16,0,0,0,16,1,2025,11,1,18,27,7,6,1,0,0,0,1,0
2190,174945,14,0,0,0,14,1,2025,11,1,18,45,3,6,1,0,0,0,1,0
2191,174945,8,0,0,0,8,1,2025,11,1,19,2,49,6,1,0,0,0,1,0
2192,174945,14,0,0,0,14,1,2025,11,1,19,37,23,6,1,0,0,0,1,0
2193,175471,4,0,1,0,5,2,2025,10,27,8,27,17,6,0,0,1,1,0,0
2194,175471,2,0,0,0,2,0,2025,10,27,8,45,3,6,0,0,1,1,0,0
2195,175471,5,0,0,0,5,1,2025,10,27,9,2,41,6,0,0,1,1,0,0
2196,175471,5,2,2,0,9,1,2025,10,27,9,20,21,6,0,0,1,1,0,0
2197,175471,3,1,0,0,4,2,2025,10,27,9,38,3,6,0,0,1,1,0,0
2198,175471,7,0,1,0,8,1,2025,10,27,9,55,48,6,0,0,1,1,0,0
2199,175471,2,0,1,0,3,0,2025,10,27,10,13,34,6,0,0,1,1,0,0
2200,175471,0,0,0,0,0,0,2025,10,27,10,31,20,6,0,0,1,1,0,0
2201,175471,4,0,0,0,4,1,2025,10,27,12,40,23,6,0,0,1,0,0,1
2202,175471,4,0,0,0,4,2,2025,10,27,12,58,7,6,0,0,1,0,0,1
2203,175471,3,1,0,0,4,0,2025,10,27,13,15,55,6,0,0,1,0,0,1
2204,175471,3,1,0,0,4,0,2025,10,27,13,21,1,6,0,0,1,0,0,1
2205,175471,2,1,1,0,4,1,2025,10,27,13,57,24,6,0,0,1,0,0,1
2206,175471,4,0,0,0,4,1,2025,10,27,14,55,40,6,0,0,1,0,0,1
2207,175471,5,1,2,0,8,2,2025,10,27,15,13,26,6,0,0,1,0,0,1
2208,175471,0,0,0,0,0,0,2025,10,27,15,31,16,6,0,0,1,0,0,1
2209,175471,4,0,0,0,4,0,2025,10,27,15,48,58,6,0,0,1,0,0,1
2210,175471,3,0,0,0,3,1,2025,10,27,18,3,2,6,0,0,1,0,1,0
2211,175471,3,0,1,0,4,0,2025,10,27,18,20,38,6,0,0,1,0,1,0
2212,175471,13,1,0,0,14,1,2025,10,27,18,38,15,6,0,0,1,0,1,0
2213,175471,4,0,0,0,4,0,2025,10,28,7,56,29,6,0,0,1,1,0,0
2214,175471,6,1,0,0,7,1,2025,10,28,8,14,6,6,0,0,1,1,0,0
2215,175471,5,0,0,0,5,1,2025,10,28,8,31,41,6,0,0,1,1,0,0
2216,175471,0,0,0,0,0,0,2025,10,28,8,49,18,6,0,0,1,1,0,0
2217,175471,2,0,0,0,2,1,2025,10,28,9,6,53,6,0,0,1,1,0,0
2218,175471,6,0,0,0,6,1,2025,10,28,9,24,31,6,0,0,1,1,0,0
2219,175471,1,0,0,0,1,0,2025,10,28,9,42,11,6,0,0,1,1,0,0
2220,175471,6,0,0,0,6,0,2025,10,28,13,27,58,6,0,0,1,0,0,1
2221,175471,3,1,1,0,5,1,2025,10,28,14,45,51,6,0,0,1,0,0,1
2222,175471,5,1,0,0,6,1,2025,10,28,15,3,33,6,0,0,1,0,0,1
2223,175471,2,0,0,0,2,0,2025,10,28,15,21,24,6,0,0,1,0,0,1
2224,175471,10,0,0,0,10,1,2025,10,28,15,39,8,6,0,0,1,0,0,1
2225,175471,2,0,0,0,2,0,2025,10,28,15,56,53,6,0,0,1,0,0,1
2226,175471,7,1,1,0,9,0,2025,10,28,17,49,9,6,0,0,1,0,0,1
2227,175471,12,0,0,0,12,1,2025,10,28,18,6,47,6,0,0,1,0,1,0
2228,175471,6,1,0,0,7,0,2025,10,28,18,24,28,6,0,0,1,0,1,0
2229,175471,11,0,0,0,11,1,2025,10,28,18,42,5,6,0,0,1,0,1,0
2230,175471,3,0,0,0,3,1,2025,10,28,18,59,44,6,0,0,1,0,1,0
2231,175471,2,0,0,0,2,0,2025,10,28,19,17,21,6,0,0,1,0,1,0
2232,175471,8,0,0,0,8,2,2025,10,28,19,35,0,6,0,0,1,0,1,0
2233,175471,4,0,0,0,4,0,2025,10,28,19,52,38,6,0,0,1,0,1,0
2234,175471,2,0,1,0,3,1,2025,10,29,8,23,48,6,0,0,1,1,0,0
2235,175471,4,1,0,0,5,2,2025,10,29,8,41,25,6,0,0,1,1,0,0
2236,175471,6,0,0,0,6,0,2025,10,29,8,59,1,6,0,0,1,1,0,0
2237,175471,5,0,0,0,5,0,2025,10,29,9,16,36,6,0,0,1,1,0,0
2238,175471,6,2,0,0,8,1,2025,10,29,9,34,12,6,0,0,1,1,0,0
2239,175471,6,2,0,0,8,0,2025,10,29,9,51,49,6,0,0,1,1,0,0
2240,175471,4,0,0,0,4,0,2025,10,29,10,9,28,6,0,0,1,1,0,0
2241,175471,6,1,1,0,8,1,2025,10,29,10,27,6,6,0,0,1,1,0,0
2242,175471,3,1,0,0,4,0,2025,10,29,10,44,45,6,0,0,1,1,0,0
2243,175471,3,0,0,0,3,1,2025,10,29,12,33,38,6,0,0,1,0,0,1
2244,175471,6,1,1,0,8,2,2025,10,29,12,51,19,6,0,0,1,0,0,1
2245,175471,5,1,1,0,7,2,2025,10,29,13,9,9,6,0,0,1,0,0,1
2246,175471,4,0,0,0,4,0,2025,10,29,13,26,50,6,0,0,1,0,0,1
2247,175471,3,0,0,0,3,0,2025,10,29,13,44,35,6,0,0,1,0,0,1
2248,175471,4,0,0,0,4,0,2025,10,29,14,44,17,6,0,0,1,0,0,1
2249,175471,8,0,0,0,8,0,2025,10,29,15,2,4,6,0,0,1,0,0,1
2250,175471,8,0,0,0,8,1,2025,10,29,15,19,45,6,0,0,1,0,0,1
2251,175471,5,0,0,0,5,0,2025,10,29,15,37,24,6,0,0,1,0,0,1
2252,175471,4,1,0,0,5,0,2025,10,29,15,55,6,6,0,0,1,0,0,1
2253,175471,4,0,1,0,5,0,2025,10,30,8,20,42,6,0,0,1,1,0,0
2254,175471,9,0,0,0,9,0,2025,10,30,8,38,25,6,0,0,1,1,0,0
2255,175471,1,0,0,0,1,0,2025,10,30,8,56,7,6,0,0,1,1,0,0
2256,175471,4,0,0,0,4,0,2025,10,30,9,13,59,6,0,0,1,1,0,0
2257,175471,3,0,0,0,3,0,2025,10,30,9,32,9,6,0,0,1,1,0,0
2258,175471,9,1,1,0,11,1,2025,10,30,9,49,58,6,0,0,1,1,0,0
2259,175471,3,0,0,0,3,0,2025,10,30,10,7,56,6,0,0,1,1,0,0
2260,175471,5,1,0,0,6,1,2025,10,30,10,25,40,6,0,0,1,1,0,0
2261,175471,7,0,1,0,8,1,2025,10,30,10,43,21,6,0,0,1,1,0,0
2262,175471,5,0,0,0,5,0,2025,10,30,12,29,56,6,0,0,1,0,0,1
2263,175471,2,0,0,0,2,0,2025,10,30,12,47,27,6,0,0,1,0,0,1
2264,175471,6,2,0,0,8,1,2025,10,30,13,5,10,6,0,0,1,0,0,1
2265,175471,7,1,0,0,8,0,2025,10,30,13,22,57,6,0,0,1,0,0,1
2266,175471,3,0,0,0,3,0,2025,10,30,13,40,43,6,0,0,1,0,0,1
2267,175471,5,1,0,0,6,1,2025,10,30,13,58,28,6,0,0,1,0,0,1
2268,175471,4,0,0,0,4,0,2025,10,30,14,57,30,6,0,0,1,0,0,1
2269,175471,12,0,1,0,13,3,2025,10,30,15,15,24,6,0,0,1,0,0,1
2270,175471,9,0,0,0,9,1,2025,10,30,15,33,7,6,0,0,1,0,0,1
2271,175471,2,0,0,0,2,0,2025,10,30,15,57,54,6,0,0,1,0,0,1
2272,175471,8,0,0,0,8,1,2025,10,30,16,15,41,6,0,0,1,0,0,1
2273,175471,3,0,0,0,3,0,2025,10,30,22,45,53,6,0,0,1,0,1,0
2274,175471,10,2,0,0,12,1,2025,10,31,8,25,21,6,0,0,1,1,0,0
2275,175471,6,1,0,0,7,1,2025,10,31,8,43,10,6,0,0,1,1,0,0
2276,175471,9,0,0,0,9,0,2025,10,31,9,0,56,6,0,0,1,1,0,0
2277,175471,5,1,0,0,6,0,2025,10,31,9,18,40,6,0,0,1,1,0,0
2278,175471,5,0,0,0,5,0,2025,10,31,9,44,18,6,0,0,1,1,0,0
2279,175471,8,0,0,0,8,0,2025,10,31,10,2,1,6,0,0,1,1,0,0
2280,175471,8,2,0,0,10,0,2025,10,31,10,19,44,6,0,0,1,1,0,0
2281,175471,5,0,0,0,5,0,2025,10,31,10,37,23,6,0,0,1,1,0,0
2282,175471,8,0,0,0,8,1,2025,10,31,15,3,49,6,0,0,1,0,0,1
2283,175471,11,0,0,0,11,1,2025,10,31,15,21,42,6,0,0,1,0,0,1
2284,175471,5,1,0,0,6,1,2025,10,31,15,39,32,6,0,0,1,0,0,1
2285,175471,7,0,0,0,7,1,2025,10,31,15,57,22,6,0,0,1,0,0,1
2286,175471,3,0,1,0,4,1,2025,11,1,8,55,2,6,0,0,1,1,0,0
2287,175471,2,0,0,0,2,0,2025,11,1,9,12,53,6,0,0,1,1,0,0
2288,175471,1,1,1,0,3,0,2025,11,1,9,30,39,6,0,0,1,1,0,0
2289,175471,1,0,0,0,1,0,2025,11,1,9,48,33,6,0,0,1,1,0,0
2290,175471,2,0,1,0,3,0,2025,11,1,10,6,16,6,0,0,1,1,0,0
2291,175471,1,1,1,0,3,0,2025,11,1,10,24,0,6,0,0,1,1,0,0
2292,175471,6,1,0,0,7,1,2025,11,1,10,41,56,6,0,0,1,1,0,0
2293,175471,8,0,0,0,8,1,2025,11,1,10,59,42,6,0,0,1,1,0,0
2294,175471,2,0,0,0,2,0,2025,11,1,11,17,29,6,0,0,1,1,0,0
2295,175471,2,0,0,0,2,1,2025,11,1,11,35,6,6,0,0,1,1,0,0
2296,175471,9,0,0,0,9,0,2025,11,1,11,53,0,6,0,0,1,1,0,0
2297,175471,7,0,0,0,7,0,2025,11,1,12,10,47,6,0,0,1,0,0,1
2298,175471,12,0,0,0,12,2,2025,11,1,12,28,40,6,0,0,1,0,0,1
2299,175471,6,0,0,0,6,0,2025,11,1,12,46,35,6,0,0,1,0,0,1
2300,175471,6,0,0,0,6,0,2025,11,1,13,4,22,6,0,0,1,0,0,1
2301,175471,8,0,1,0,9,1,2025,11,1,13,22,11,6,0,0,1,0,0,1
2302,175471,7,2,0,0,9,0,2025,11,1,13,39,57,6,0,0,1,0,0,1
2303,175471,9,1,0,0,10,1,2025,11,1,13,57,48,6,0,0,1,0,0,1
2304,175471,2,0,0,0,2,1,2025,11,1,14,15,37,6,0,0,1,0,0,1
2305,175471,6,0,0,0,6,1,2025,11,1,14,33,56,6,0,0,1,0,0,1
2306,175471,6,0,0,0,6,1,2025,11,1,14,51,53,6,0,0,1,0,0,1
2307,175471,3,0,0,0,3,0,2025,11,1,15,9,42,6,0,0,1,0,0,1
2308,175471,3,0,0,0,3,0,2025,11,1,15,27,28,6,0,0,1,0,0,1
2309,175471,2,0,0,0,2,0,2025,11,1,15,45,27,6,0,0,1,0,0,1
2310,175471,8,0,0,0,8,0,2025,11,1,16,3,16,6,0,0,1,0,0,1
2311,175471,4,0,0,0,4,1,2025,11,1,16,21,5,6,0,0,1,0,0,1
2312,175471,3,0,0,0,3,0,2025,11,1,16,38,58,6,0,0,1,0,0,1
2313,175471,2,0,1,0,3,0,2025,11,1,16,56,58,6,0,0,1,0,0,1
2314,175471,2,0,0,0,2,0,2025,11,1,17,14,52,6,0,0,1,0,0,1
2315,175471,1,0,0,0,1,0,2025,11,1,17,32,36,6,0,0,1,0,0,1
2316,175471,5,0,0,0,5,0,2025,11,1,17,50,31,6,0,0,1,0,0,1
2317,175471,6,1,0,0,7,1,2025,11,1,18,8,25,6,0,0,1,0,1,0
2318,175471,3,0,2,0,5,0,2025,11,1,18,27,14,6,0,0,1,0,1,0
2319,175471,3,0,0,0,3,1,2025,11,1,18,45,5,6,0,0,1,0,1,0
2320,175471,5,0,0,0,5,0,2025,11,1,19,2,50,6,0,0,1,0,1,0
2321,175471,2,0,0,0,2,0,2025,11,1,19,37,24,6,0,0,1,0,1,0
2322,598,21,0,1,0,22,1,2025,10,27,8,27,10,1,1,0,0,1,0,0
2323,598,15,1,0,0,16,1,2025,10,27,8,44,52,1,1,0,0,1,0,0
2324,598,15,1,0,0,16,1,2025,10,27,9,2,36,1,1,0,0,1,0,0
2325,598,14,2,0,0,16,1,2025,10,27,9,20,14,1,1,0,0,1,0,0
2326,598,8,3,0,0,11,1,2025,10,27,9,37,56,1,1,0,0,1,0,0
2327,598,15,1,0,0,16,1,2025,10,27,9,55,36,1,1,0,0,1,0,0
2328,598,10,3,0,0,13,1,2025,10,27,10,13,22,1,1,0,0,1,0,0
2329,598,21,1,0,0,22,1,2025,10,27,10,31,11,1,1,0,0,1,0,0
2330,598,12,2,0,0,14,0,2025,10,27,12,40,13,1,1,0,0,0,0,1
2331,598,18,0,0,0,18,0,2025,10,27,12,57,56,1,1,0,0,0,0,1
2332,598,21,0,0,0,21,1,2025,10,27,13,15,41,1,1,0,0,0,0,1
2333,598,21,0,0,0,21,1,2025,10,27,13,20,49,1,1,0,0,0,0,1
2334,598,11,3,0,0,14,1,2025,10,27,13,57,13,1,1,0,0,0,0,1
2335,598,16,2,0,0,18,1,2025,10,27,14,55,33,1,1,0,0,0,0,1
2336,598,21,0,0,0,21,1,2025,10,27,15,13,19,1,1,0,0,0,0,1
2337,598,18,2,0,0,20,1,2025,10,27,15,31,5,1,1,0,0,0,0,1
2338,598,26,0,1,0,27,1,2025,10,27,15,48,53,1,1,0,0,0,0,1
2339,598,28,0,1,0,29,1,2025,10,27,18,2,57,1,1,0,0,0,1,0
2340,598,33,2,0,0,35,1,2025,10,27,18,20,33,1,1,0,0,0,1,0
2341,598,29,1,0,0,30,1,2025,10,27,18,38,9,1,1,0,0,0,1,0
2342,598,19,1,0,0,20,1,2025,10,28,7,56,24,1,1,0,0,1,0,0
2343,598,16,1,0,0,17,1,2025,10,28,8,14,1,1,1,0,0,1,0,0
2344,598,13,1,0,0,14,1,2025,10,28,8,31,38,1,1,0,0,1,0,0
2345,598,10,2,0,0,12,1,2025,10,28,8,49,13,1,1,0,0,1,0,0
2346,598,6,0,0,0,6,0,2025,10,28,9,6,49,1,1,0,0,1,0,0
2347,598,7,2,0,0,9,0,2025,10,28,9,24,25,1,1,0,0,1,0,0
2348,598,10,2,0,0,12,0,2025,10,28,9,42,3,1,1,0,0,1,0,0
2349,598,17,3,0,0,20,1,2025,10,28,13,27,48,1,1,0,0,0,0,1
2350,598,21,3,0,0,24,1,2025,10,28,14,45,41,1,1,0,0,0,0,1
2351,598,19,0,0,0,19,1,2025,10,28,15,3,23,1,1,0,0,0,0,1
2352,598,20,3,1,0,24,1,2025,10,28,15,21,6,1,1,0,0,0,0,1
2353,598,19,2,0,0,21,2,2025,10,28,15,38,57,1,1,0,0,0,0,1
2354,598,16,0,1,0,17,1,2025,10,28,15,56,41,1,1,0,0,0,0,1
2355,598,20,0,2,0,22,1,2025,10,28,17,49,4,1,1,0,0,0,0,1
2356,598,28,0,0,0,28,1,2025,10,28,18,6,40,1,1,0,0,0,1,0
2357,598,19,2,0,0,21,1,2025,10,28,18,24,19,1,1,0,0,0,1,0
2358,598,27,0,0,0,27,2,2025,10,28,18,42,0,1,1,0,0,0,1,0
2359,598,15,0,0,0,15,1,2025,10,28,18,59,37,1,1,0,0,0,1,0
2360,598,22,1,0,0,23,1,2025,10,28,19,17,15,1,1,0,0,0,1,0
2361,598,16,1,0,0,17,1,2025,10,28,19,34,52,1,1,0,0,0,1,0
2362,598,16,1,0,0,17,0,2025,10,28,19,52,32,1,1,0,0,0,1,0
2363,598,23,4,0,0,27,2,2025,10,29,8,23,43,1,1,0,0,1,0,0
2364,598,21,1,1,0,23,2,2025,10,29,8,41,20,1,1,0,0,1,0,0
2365,598,16,3,0,0,19,1,2025,10,29,8,58,56,1,1,0,0,1,0,0
2366,598,20,4,1,0,25,2,2025,10,29,9,16,31,1,1,0,0,1,0,0
2367,598,21,1,0,0,22,1,2025,10,29,9,34,7,1,1,0,0,1,0,0
2368,598,20,2,0,0,22,2,2025,10,29,9,51,44,1,1,0,0,1,0,0
2369,598,20,1,0,0,21,1,2025,10,29,10,9,20,1,1,0,0,1,0,0
2370,598,16,3,0,0,19,1,2025,10,29,10,27,0,1,1,0,0,1,0,0
2371,598,13,5,0,0,18,2,2025,10,29,10,44,38,1,1,0,0,1,0,0
2372,598,12,4,0,0,16,2,2025,10,29,12,33,29,1,1,0,0,0,0,1
2373,598,16,4,0,0,20,1,2025,10,29,12,51,11,1,1,0,0,0,0,1
2374,598,16,3,0,0,19,1,2025,10,29,13,8,52,1,1,0,0,0,0,1
2375,598,6,1,0,0,7,0,2025,10,29,13,26,41,1,1,0,0,0,0,1
2376,598,15,1,0,0,16,1,2025,10,29,13,44,22,1,1,0,0,0,0,1
2377,598,19,1,0,0,20,2,2025,10,29,14,44,8,1,1,0,0,0,0,1
2378,598,14,0,0,0,14,1,2025,10,29,15,1,50,1,1,0,0,0,0,1
2379,598,20,2,0,0,22,2,2025,10,29,15,19,36,1,1,0,0,0,0,1
2380,598,24,1,0,0,25,2,2025,10,29,15,37,17,1,1,0,0,0,0,1
2381,598,16,0,0,0,16,1,2025,10,29,15,54,56,1,1,0,0,0,0,1
2382,598,12,0,0,0,12,0,2025,10,30,8,20,32,1,1,0,0,1,0,0
2383,598,23,1,2,0,26,1,2025,10,30,8,38,15,1,1,0,0,1,0,0
2384,598,27,3,0,0,30,1,2025,10,30,8,55,58,1,1,0,0,1,0,0
2385,598,32,0,0,0,32,1,2025,10,30,9,13,41,1,1,0,0,1,0,0
2386,598,21,0,0,0,21,1,2025,10,30,9,31,35,1,1,0,0,1,0,0
2387,598,18,1,0,0,19,1,2025,10,30,9,49,48,1,1,0,0,1,0,0
2388,598,18,2,1,0,21,1,2025,10,30,10,7,34,1,1,0,0,1,0,0
2389,598,14,2,0,0,16,1,2025,10,30,10,25,29,1,1,0,0,1,0,0
2390,598,15,1,0,0,16,1,2025,10,30,10,43,12,1,1,0,0,1,0,0
2391,598,16,2,0,0,18,1,2025,10,30,12,29,44,1,1,0,0,0,0,1
2392,598,23,1,0,0,24,1,2025,10,30,12,47,15,1,1,0,0,0,0,1
2393,598,23,2,0,0,25,1,2025,10,30,13,5,0,1,1,0,0,0,0,1
2394,598,18,0,0,0,18,1,2025,10,30,13,22,44,1,1,0,0,0,0,1
2395,598,20,1,1,0,22,1,2025,10,30,13,40,31,1,1,0,0,0,0,1
2396,598,11,3,1,0,15,1,2025,10,30,13,58,16,1,1,0,0,0,0,1
2397,598,16,1,0,0,17,1,2025,10,30,14,57,19,1,1,0,0,0,0,1
2398,598,23,1,0,0,24,1,2025,10,30,15,15,12,1,1,0,0,0,0,1
2399,598,30,1,0,0,31,2,2025,10,30,15,32,56,1,1,0,0,0,0,1
2400,598,21,1,0,0,22,1,2025,10,30,15,57,40,1,1,0,0,0,0,1
2401,598,20,0,1,0,21,1,2025,10,30,16,15,27,1,1,0,0,0,0,1
2402,598,4,0,0,0,4,0,2025,10,30,22,45,45,1,1,0,0,0,1,0
2403,598,17,2,0,0,19,0,2025,10,31,8,25,14,1,1,0,0,1,0,0
2404,598,18,4,0,0,22,1,2025,10,31,8,42,57,1,1,0,0,1,0,0
2405,598,19,4,1,0,24,1,2025,10,31,9,0,43,1,1,0,0,1,0,0
2406,598,18,2,0,0,20,1,2025,10,31,9,18,31,1,1,0,0,1,0,0
2407,598,14,1,1,0,16,1,2025,10,31,9,44,10,1,1,0,0,1,0,0
2408,598,22,1,0,0,23,1,2025,10,31,10,1,52,1,1,0,0,1,0,0
2409,598,12,3,0,0,15,0,2025,10,31,10,19,34,1,1,0,0,1,0,0
2410,598,21,2,0,0,23,1,2025,10,31,10,37,16,1,1,0,0,1,0,0
2411,598,24,1,0,0,25,1,2025,10,31,15,3,35,1,1,0,0,0,0,1
2412,598,28,0,1,0,29,1,2025,10,31,15,21,29,1,1,0,0,0,0,1
2413,598,24,2,0,0,26,1,2025,10,31,15,39,22,1,1,0,0,0,0,1
2414,598,17,2,0,0,19,1,2025,10,31,15,57,11,1,1,0,0,0,0,1
2415,598,5,0,0,0,5,0,2025,11,1,8,54,48,1,1,0,0,1,0,0
2416,598,2,1,0,0,3,0,2025,11,1,9,12,35,1,1,0,0,1,0,0
2417,598,13,0,0,0,13,0,2025,11,1,9,30,28,1,1,0,0,1,0,0
2418,598,15,0,0,0,15,0,2025,11,1,9,48,16,1,1,0,0,1,0,0
2419,598,14,1,0,0,15,0,2025,11,1,10,6,5,1,1,0,0,1,0,0
2420,598,6,0,1,0,7,0,2025,11,1,10,23,50,1,1,0,0,1,0,0
2421,598,16,1,0,0,17,1,2025,11,1,10,41,34,1,1,0,0,1,0,0
2422,598,16,2,0,0,18,1,2025,11,1,10,59,30,1,1,0,0,1,0,0
2423,598,18,1,0,0,19,1,2025,11,1,11,17,17,1,1,0,0,1,0,0
2424,598,17,2,0,0,19,1,2025,11,1,11,35,0,1,1,0,0,1,0,0
2425,598,21,0,0,0,21,1,2025,11,1,11,52,42,1,1,0,0,1,0,0
2426,598,26,0,1,0,27,1,2025,11,1,12,10,37,1,1,0,0,0,0,1
2427,598,16,2,0,0,18,1,2025,11,1,12,28,23,1,1,0,0,0,0,1
2428,598,20,0,2,0,22,1,2025,11,1,12,46,15,1,1,0,0,0,0,1
2429,598,23,1,0,0,24,1,2025,11,1,13,4,10,1,1,0,0,0,0,1
2430,598,26,0,0,0,26,1,2025,11,1,13,21,57,1,1,0,0,0,0,1
2431,598,25,0,0,0,25,1,2025,11,1,13,39,44,1,1,0,0,0,0,1
2432,598,19,3,1,0,23,1,2025,11,1,13,57,33,1,1,0,0,0,0,1
2433,598,28,0,0,0,28,1,2025,11,1,14,15,24,1,1,0,0,0,0,1
2434,598,21,1,0,0,22,1,2025,11,1,14,33,17,1,1,0,0,0,0,1
2435,598,18,1,0,0,19,1,2025,11,1,14,51,32,1,1,0,0,0,0,1
2436,598,17,0,0,0,17,1,2025,11,1,15,9,29,1,1,0,0,0,0,1
2437,598,16,1,1,0,18,1,2025,11,1,15,27,16,1,1,0,0,0,0,1
2438,598,20,0,0,0,20,1,2025,11,1,15,45,6,1,1,0,0,0,0,1
2439,598,16,0,0,0,16,0,2025,11,1,16,3,4,1,1,0,0,0,0,1
2440,598,19,2,0,0,21,1,2025,11,1,16,20,51,1,1,0,0,0,0,1
2441,598,18,0,0,0,18,0,2025,11,1,16,38,41,1,1,0,0,0,0,1
2442,598,19,1,0,0,20,1,2025,11,1,16,56,37,1,1,0,0,0,0,1
2443,598,17,0,0,0,17,1,2025,11,1,17,14,33,1,1,0,0,0,0,1
2444,598,26,1,0,0,27,2,2025,11,1,17,32,24,1,1,0,0,0,0,1
2445,598,25,1,0,0,26,2,2025,11,1,17,50,12,1,1,0,0,0,0,1
2446,598,23,1,0,0,24,2,2025,11,1,18,8,8,1,1,0,0,0,1,0
2447,598,6,0,0,0,6,1,2025,11,1,18,26,58,1,1,0,0,0,1,0
2448,598,15,0,1,0,16,0,2025,11,1,18,44,48,1,1,0,0,0,1,0
2449,598,16,0,1,0,17,1,2025,11,1,19,2,39,1,1,0,0,0,1,0
2450,598,14,0,0,0,14,1,2025,11,1,19,37,16,1,1,0,0,0,1,0
2451,634,11,0,1,0,12,1,2025,10,27,8,27,14,2,1,0,0,1,0,0
2452,634,16,3,1,0,20,2,2025,10,27,8,44,59,2,1,0,0,1,0,0
2453,634,14,0,0,0,14,1,2025,10,27,9,2,38,2,1,0,0,1,0,0
2454,634,16,1,0,0,17,2,2025,10,27,9,20,18,2,1,0,0,1,0,0
2455,634,13,3,1,0,17,1,2025,10,27,9,38,0,2,1,0,0,1,0,0
2456,634,14,2,1,0,17,2,2025,10,27,9,55,43,2,1,0,0,1,0,0
2457,634,10,2,0,0,12,1,2025,10,27,10,13,29,2,1,0,0,1,0,0
2458,634,6,2,0,0,8,1,2025,10,27,10,31,16,2,1,0,0,1,0,0
2459,634,5,0,0,0,5,1,2025,10,27,12,40,18,2,1,0,0,0,0,1
2460,634,7,0,1,0,8,2,2025,10,27,12,58,2,2,1,0,0,0,0,1
2461,634,7,0,0,0,7,1,2025,10,27,13,15,49,2,1,0,0,0,0,1
2462,634,11,0,0,0,11,1,2025,10,27,13,20,55,2,1,0,0,0,0,1
2463,634,7,1,1,0,9,1,2025,10,27,13,57,19,2,1,0,0,0,0,1
2464,634,12,1,0,0,13,2,2025,10,27,14,55,37,2,1,0,0,0,0,1
2465,634,4,2,0,0,6,1,2025,10,27,15,13,22,2,1,0,0,0,0,1
2466,634,4,0,1,0,5,1,2025,10,27,15,31,9,2,1,0,0,0,0,1
2467,634,2,3,0,0,5,0,2025,10,27,15,48,56,2,1,0,0,0,0,1
2468,634,3,0,0,0,3,1,2025,10,27,18,2,59,2,1,0,0,0,1,0
2469,634,15,0,0,0,15,1,2025,10,27,18,20,36,2,1,0,0,0,1,0
2470,634,14,1,0,0,15,1,2025,10,27,18,38,13,2,1,0,0,0,1,0
2471,634,14,2,1,0,17,2,2025,10,28,7,56,27,2,1,0,0,1,0,0
2472,634,17,0,1,0,18,2,2025,10,28,8,14,3,2,1,0,0,1,0,0
2473,634,18,1,0,0,19,1,2025,10,28,8,31,39,2,1,0,0,1,0,0
2474,634,17,1,0,0,18,1,2025,10,28,8,49,16,2,1,0,0,1,0,0
2475,634,17,2,0,0,19,2,2025,10,28,9,6,51,2,1,0,0,1,0,0
2476,634,17,1,0,0,18,2,2025,10,28,9,24,27,2,1,0,0,1,0,0
2477,634,17,1,0,0,18,1,2025,10,28,9,42,7,2,1,0,0,1,0,0
2478,634,10,1,0,0,11,1,2025,10,28,13,27,54,2,1,0,0,0,0,1
2479,634,18,1,1,0,20,2,2025,10,28,14,45,46,2,1,0,0,0,0,1
2480,634,14,0,0,0,14,1,2025,10,28,15,3,28,2,1,0,0,0,0,1
2481,634,7,2,0,0,9,1,2025,10,28,15,21,15,2,1,0,0,0,0,1
2482,634,5,2,0,0,7,0,2025,10,28,15,39,2,2,1,0,0,0,0,1
2483,634,9,1,0,0,10,1,2025,10,28,15,56,47,2,1,0,0,0,0,1
2484,634,13,0,1,0,14,2,2025,10,28,17,49,7,2,1,0,0,0,0,1
2485,634,16,1,0,0,17,2,2025,10,28,18,6,43,2,1,0,0,0,1,0
2486,634,15,1,1,0,17,3,2025,10,28,18,24,23,2,1,0,0,0,1,0
2487,634,17,0,0,0,17,2,2025,10,28,18,42,3,2,1,0,0,0,1,0
2488,634,10,0,0,0,10,1,2025,10,28,18,59,41,2,1,0,0,0,1,0
2489,634,14,0,0,0,14,1,2025,10,28,19,17,18,2,1,0,0,0,1,0
2490,634,9,1,1,0,11,1,2025,10,28,19,34,57,2,1,0,0,0,1,0
2491,634,8,0,1,0,9,1,2025,10,28,19,52,35,2,1,0,0,0,1,0
2492,634,15,0,0,0,15,2,2025,10,29,8,23,46,2,1,0,0,1,0,0
2493,634,19,3,0,0,22,2,2025,10,29,8,41,22,2,1,0,0,1,0,0
2494,634,20,0,0,0,20,2,2025,10,29,8,58,59,2,1,0,0,1,0,0
2495,634,12,3,1,0,16,2,2025,10,29,9,16,33,2,1,0,0,1,0,0
2496,634,20,2,0,0,22,2,2025,10,29,9,34,10,2,1,0,0,1,0,0
2497,634,19,3,0,0,22,2,2025,10,29,9,51,46,2,1,0,0,1,0,0
2498,634,18,3,0,0,21,2,2025,10,29,10,9,24,2,1,0,0,1,0,0
2499,634,17,4,0,0,21,2,2025,10,29,10,27,3,2,1,0,0,1,0,0
2500,634,14,3,0,0,17,2,2025,10,29,10,44,41,2,1,0,0,1,0,0
2501,634,8,1,0,0,9,1,2025,10,29,12,33,34,2,1,0,0,0,0,1
2502,634,12,1,0,0,13,1,2025,10,29,12,51,15,2,1,0,0,0,0,1
2503,634,12,2,0,0,14,1,2025,10,29,13,9,2,2,1,0,0,0,0,1
2504,634,7,3,1,0,11,2,2025,10,29,13,26,46,2,1,0,0,0,0,1
2505,634,9,1,2,0,12,1,2025,10,29,13,44,30,2,1,0,0,0,0,1
2506,634,15,1,2,0,18,2,2025,10,29,14,44,13,2,1,0,0,0,0,1
2507,634,15,3,0,0,18,1,2025,10,29,15,1,56,2,1,0,0,0,0,1
2508,634,17,3,0,0,20,2,2025,10,29,15,19,40,2,1,0,0,0,0,1
2509,634,18,1,0,0,19,1,2025,10,29,15,37,21,2,1,0,0,0,0,1
2510,634,16,1,1,0,18,2,2025,10,29,15,55,1,2,1,0,0,0,0,1
2511,634,15,1,0,0,16,1,2025,10,30,8,20,37,2,1,0,0,1,0,0
2512,634,17,0,0,0,17,1,2025,10,30,8,38,20,2,1,0,0,1,0,0
2513,634,17,0,1,0,18,1,2025,10,30,8,56,2,2,1,0,0,1,0,0
2514,634,13,1,1,0,15,1,2025,10,30,9,13,55,2,1,0,0,1,0,0
2515,634,16,0,0,0,16,1,2025,10,30,9,32,0,2,1,0,0,1,0,0
2516,634,12,3,0,0,15,1,2025,10,30,9,49,55,2,1,0,0,1,0,0
2517,634,11,2,0,0,13,1,2025,10,30,10,7,45,2,1,0,0,1,0,0
2518,634,14,2,1,0,17,1,2025,10,30,10,25,34,2,1,0,0,1,0,0
2519,634,11,4,0,0,15,1,2025,10,30,10,43,16,2,1,0,0,1,0,0
2520,634,16,1,0,0,17,1,2025,10,30,12,29,50,2,1,0,0,0,0,1
2521,634,17,0,0,0,17,1,2025,10,30,12,47,21,2,1,0,0,0,0,1
2522,634,16,0,0,0,16,1,2025,10,30,13,5,5,2,1,0,0,0,0,1
2523,634,10,0,0,0,10,0,2025,10,30,13,22,51,2,1,0,0,0,0,1
2524,634,16,0,0,0,16,1,2025,10,30,13,40,37,2,1,0,0,0,0,1
2525,634,16,1,2,0,19,1,2025,10,30,13,58,23,2,1,0,0,0,0,1
2526,634,17,2,0,0,19,1,2025,10,30,14,57,24,2,1,0,0,0,0,1
2527,634,13,0,0,0,13,1,2025,10,30,15,15,18,2,1,0,0,0,0,1
2528,634,11,1,0,0,12,1,2025,10,30,15,33,2,2,1,0,0,0,0,1
2529,634,7,1,0,0,8,0,2025,10,30,15,57,47,2,1,0,0,0,0,1
2530,634,4,1,0,0,5,1,2025,10,30,16,15,35,2,1,0,0,0,0,1
2531,634,6,0,0,0,6,1,2025,10,30,22,45,49,2,1,0,0,0,1,0
2532,634,11,1,0,0,12,1,2025,10,31,8,25,18,2,1,0,0,1,0,0
2533,634,16,0,0,0,16,1,2025,10,31,8,43,5,2,1,0,0,1,0,0
2534,634,16,0,1,0,17,2,2025,10,31,9,0,52,2,1,0,0,1,0,0
2535,634,14,0,0,0,14,1,2025,10,31,9,18,37,2,1,0,0,1,0,0
2536,634,11,0,1,0,12,1,2025,10,31,9,44,14,2,1,0,0,1,0,0
2537,634,10,1,0,0,11,1,2025,10,31,10,1,55,2,1,0,0,1,0,0
2538,634,10,1,2,0,13,2,2025,10,31,10,19,40,2,1,0,0,1,0,0
2539,634,12,0,0,0,12,1,2025,10,31,10,37,20,2,1,0,0,1,0,0
2540,634,21,0,0,0,21,2,2025,10,31,15,3,42,2,1,0,0,0,0,1
2541,634,17,0,2,0,19,2,2025,10,31,15,21,34,2,1,0,0,0,0,1
2542,634,20,0,0,0,20,2,2025,10,31,15,39,27,2,1,0,0,0,0,1
2543,634,12,0,2,0,14,1,2025,10,31,15,57,16,2,1,0,0,0,0,1
2544,634,4,1,0,0,5,0,2025,11,1,8,54,56,2,1,0,0,1,0,0
2545,634,6,1,0,0,7,1,2025,11,1,9,12,40,2,1,0,0,1,0,0
2546,634,4,0,0,0,4,0,2025,11,1,9,30,34,2,1,0,0,1,0,0
2547,634,4,0,0,0,4,0,2025,11,1,9,48,22,2,1,0,0,1,0,0
2548,634,4,0,0,0,4,0,2025,11,1,10,6,12,2,1,0,0,1,0,0
2549,634,4,0,0,0,4,0,2025,11,1,10,23,55,2,1,0,0,1,0,0
2550,634,5,0,0,0,5,0,2025,11,1,10,41,41,2,1,0,0,1,0,0
2551,634,9,0,0,0,9,0,2025,11,1,10,59,37,2,1,0,0,1,0,0
2552,634,9,0,0,0,9,0,2025,11,1,11,17,23,2,1,0,0,1,0,0
2553,634,8,0,1,0,9,0,2025,11,1,11,35,3,2,1,0,0,1,0,0
2554,634,9,1,0,0,10,0,2025,11,1,11,52,49,2,1,0,0,1,0,0
2555,634,9,0,0,0,9,1,2025,11,1,12,10,42,2,1,0,0,0,0,1
2556,634,12,0,0,0,12,1,2025,11,1,12,28,34,2,1,0,0,0,0,1
2557,634,10,0,0,0,10,0,2025,11,1,12,46,31,2,1,0,0,0,0,1
2558,634,7,1,0,0,8,1,2025,11,1,13,4,17,2,1,0,0,0,0,1
2559,634,12,0,0,0,12,1,2025,11,1,13,22,5,2,1,0,0,0,0,1
2560,634,8,1,0,0,9,1,2025,11,1,13,39,50,2,1,0,0,0,0,1
2561,634,9,1,2,0,12,1,2025,11,1,13,57,41,2,1,0,0,0,0,1
2562,634,9,0,1,0,10,1,2025,11,1,14,15,32,2,1,0,0,0,0,1
2563,634,5,0,0,0,5,0,2025,11,1,14,33,41,2,1,0,0,0,0,1
2564,634,6,0,0,0,6,0,2025,11,1,14,51,44,2,1,0,0,0,0,1
2565,634,8,0,0,0,8,0,2025,11,1,15,9,36,2,1,0,0,0,0,1
2566,634,8,0,0,0,8,0,2025,11,1,15,27,23,2,1,0,0,0,0,1
2567,634,6,0,0,0,6,1,2025,11,1,15,45,15,2,1,0,0,0,0,1
2568,634,11,0,0,0,11,1,2025,11,1,16,3,12,2,1,0,0,0,0,1
2569,634,3,0,1,0,4,0,2025,11,1,16,20,59,2,1,0,0,0,0,1
2570,634,7,0,1,0,8,0,2025,11,1,16,38,47,2,1,0,0,0,0,1
2571,634,8,0,0,0,8,1,2025,11,1,16,56,45,2,1,0,0,0,0,1
2572,634,8,0,0,0,8,1,2025,11,1,17,14,45,2,1,0,0,0,0,1
2573,634,10,0,0,0,10,1,2025,11,1,17,32,30,2,1,0,0,0,0,1
2574,634,10,2,1,0,13,1,2025,11,1,17,50,25,2,1,0,0,0,0,1
2575,634,7,0,0,0,7,0,2025,11,1,18,8,14,2,1,0,0,0,1,0
2576,634,14,0,0,0,14,1,2025,11,1,18,27,3,2,1,0,0,0,1,0
2577,634,6,0,0,0,6,1,2025,11,1,18,44,59,2,1,0,0,0,1,0
2578,634,14,0,1,0,15,2,2025,11,1,19,2,46,2,1,0,0,0,1,0
2579,634,12,0,0,0,12,1,2025,11,1,19,37,21,2,1,0,0,0,1,0
2580,651,5,0,0,0,5,0,2025,10,27,8,27,11,40,0,1,0,1,0,0
2581,651,7,0,0,0,7,0,2025,10,27,8,44,55,40,0,1,0,1,0,0
2582,651,7,0,0,0,7,0,2025,10,27,9,2,37,40,0,1,0,1,0,0
2583,651,5,0,0,0,5,0,2025,10,27,9,20,16,40,0,1,0,1,0,0
2584,651,1,0,0,0,1,0,2025,10,27,9,37,58,40,0,1,0,1,0,0
2585,651,5,0,0,0,5,0,2025,10,27,9,55,40,40,0,1,0,1,0,0
2586,651,4,0,0,0,4,0,2025,10,27,10,13,26,40,0,1,0,1,0,0
2587,651,2,1,0,0,3,0,2025,10,27,10,31,13,40,0,1,0,1,0,0
2588,651,1,0,0,0,1,0,2025,10,27,12,40,15,40,0,1,0,0,0,1
2589,651,2,0,0,0,2,0,2025,10,27,12,57,58,40,0,1,0,0,0,1
2590,651,1,0,0,0,1,0,2025,10,27,13,15,45,40,0,1,0,0,0,1
2591,651,1,0,0,0,1,0,2025,10,27,13,20,51,40,0,1,0,0,0,1
2592,651,1,1,0,0,2,0,2025,10,27,13,57,15,40,0,1,0,0,0,1
2593,651,0,0,0,0,0,0,2025,10,27,14,55,35,40,0,1,0,0,0,1
2594,651,2,0,0,0,2,0,2025,10,27,15,13,20,40,0,1,0,0,0,1
2595,651,2,1,0,0,3,1,2025,10,27,15,31,7,40,0,1,0,0,0,1
2596,651,2,1,0,0,3,1,2025,10,27,15,48,54,40,0,1,0,0,0,1
2597,651,4,0,0,0,4,0,2025,10,27,18,2,58,40,0,1,0,0,1,0
2598,651,8,1,0,0,9,0,2025,10,27,18,20,34,40,0,1,0,0,1,0
2599,651,4,0,0,0,4,0,2025,10,27,18,38,11,40,0,1,0,0,1,0
2600,651,12,2,0,0,14,1,2025,10,28,7,56,25,40,0,1,0,1,0,0
2601,651,12,1,0,0,13,0,2025,10,28,8,14,2,40,0,1,0,1,0,0
2602,651,9,0,0,0,9,0,2025,10,28,8,31,38,40,0,1,0,1,0,0
2603,651,4,0,0,0,4,0,2025,10,28,8,49,14,40,0,1,0,1,0,0
2604,651,10,2,0,0,12,0,2025,10,28,9,6,50,40,0,1,0,1,0,0
2605,651,13,0,0,0,13,0,2025,10,28,9,24,26,40,0,1,0,1,0,0
2606,651,7,0,0,0,7,0,2025,10,28,9,42,4,40,0,1,0,1,0,0
2607,651,5,0,0,0,5,0,2025,10,28,13,27,51,40,0,1,0,0,0,1
2608,651,5,0,0,0,5,0,2025,10,28,14,45,43,40,0,1,0,0,0,1
2609,651,7,0,0,0,7,0,2025,10,28,15,3,25,40,0,1,0,0,0,1
2610,651,8,0,0,0,8,0,2025,10,28,15,21,10,40,0,1,0,0,0,1
2611,651,3,1,0,0,4,0,2025,10,28,15,38,59,40,0,1,0,0,0,1
2612,651,4,0,0,0,4,0,2025,10,28,15,56,44,40,0,1,0,0,0,1
2613,651,10,0,0,0,10,0,2025,10,28,17,49,5,40,0,1,0,0,0,1
2614,651,11,1,0,0,12,0,2025,10,28,18,6,41,40,0,1,0,0,1,0
2615,651,10,0,0,0,10,0,2025,10,28,18,24,21,40,0,1,0,0,1,0
2616,651,6,0,0,0,6,0,2025,10,28,18,42,1,40,0,1,0,0,1,0
2617,651,0,0,0,0,0,0,2025,10,28,18,59,38,40,0,1,0,0,1,0
2618,651,0,0,0,0,0,0,2025,10,28,19,17,17,40,0,1,0,0,1,0
2619,651,3,0,0,0,3,0,2025,10,28,19,34,54,40,0,1,0,0,1,0
2620,651,2,0,0,0,2,0,2025,10,28,19,52,33,40,0,1,0,0,1,0
2621,651,5,2,0,0,7,0,2025,10,29,8,23,44,40,0,1,0,1,0,0
2622,651,12,0,1,0,13,0,2025,10,29,8,41,21,40,0,1,0,1,0,0
2623,651,5,1,0,0,6,0,2025,10,29,8,58,57,40,0,1,0,1,0,0
2624,651,3,0,0,0,3,0,2025,10,29,9,16,32,40,0,1,0,1,0,0
2625,651,6,1,0,0,7,0,2025,10,29,9,34,8,40,0,1,0,1,0,0
2626,651,0,0,0,0,0,0,2025,10,29,9,51,45,40,0,1,0,1,0,0
2627,651,2,1,0,0,3,0,2025,10,29,10,9,22,40,0,1,0,1,0,0
2628,651,0,0,0,0,0,0,2025,10,29,10,27,1,40,0,1,0,1,0,0
2629,651,1,0,0,0,1,0,2025,10,29,10,44,39,40,0,1,0,1,0,0
2630,651,1,0,0,0,1,0,2025,10,29,12,33,31,40,0,1,0,0,0,1
2631,651,0,0,0,0,0,0,2025,10,29,12,51,12,40,0,1,0,0,0,1
2632,651,1,0,0,0,1,0,2025,10,29,13,8,56,40,0,1,0,0,0,1
2633,651,8,0,0,0,8,0,2025,10,29,13,26,43,40,0,1,0,0,0,1
2634,651,2,0,0,0,2,0,2025,10,29,13,44,24,40,0,1,0,0,0,1
2635,651,3,0,0,0,3,0,2025,10,29,14,44,10,40,0,1,0,0,0,1
2636,651,2,0,0,0,2,0,2025,10,29,15,1,52,40,0,1,0,0,0,1
2637,651,9,0,0,0,9,1,2025,10,29,15,19,38,40,0,1,0,0,0,1
2638,651,5,0,0,0,5,0,2025,10,29,15,37,18,40,0,1,0,0,0,1
2639,651,6,0,0,0,6,1,2025,10,29,15,54,58,40,0,1,0,0,0,1
2640,651,10,1,0,0,11,1,2025,10,30,8,20,34,40,0,1,0,1,0,0
2641,651,16,2,0,0,18,1,2025,10,30,8,38,17,40,0,1,0,1,0,0
2642,651,12,2,0,0,14,1,2025,10,30,8,56,0,40,0,1,0,1,0,0
2643,651,11,0,0,0,11,0,2025,10,30,9,13,52,40,0,1,0,1,0,0
2644,651,5,0,0,0,5,0,2025,10,30,9,31,53,40,0,1,0,1,0,0
2645,651,7,0,0,0,7,0,2025,10,30,9,49,52,40,0,1,0,1,0,0
2646,651,5,1,0,0,6,0,2025,10,30,10,7,37,40,0,1,0,1,0,0
2647,651,2,1,0,0,3,0,2025,10,30,10,25,31,40,0,1,0,1,0,0
2648,651,4,0,0,0,4,0,2025,10,30,10,43,13,40,0,1,0,1,0,0
2649,651,0,2,0,0,2,1,2025,10,30,12,29,46,40,0,1,0,0,0,1
2650,651,7,1,0,0,8,0,2025,10,30,12,47,17,40,0,1,0,0,0,1
2651,651,0,0,0,0,0,0,2025,10,30,13,5,2,40,0,1,0,0,0,1
2652,651,9,0,0,0,9,0,2025,10,30,13,22,47,40,0,1,0,0,0,1
2653,651,3,0,0,0,3,0,2025,10,30,13,40,34,40,0,1,0,0,0,1
2654,651,1,0,0,0,1,0,2025,10,30,13,58,19,40,0,1,0,0,0,1
2655,651,8,0,0,0,8,0,2025,10,30,14,57,20,40,0,1,0,0,0,1
2656,651,8,3,0,0,11,0,2025,10,30,15,15,15,40,0,1,0,0,0,1
2657,651,6,0,0,0,6,0,2025,10,30,15,32,59,40,0,1,0,0,0,1
2658,651,4,0,0,0,4,0,2025,10,30,15,57,43,40,0,1,0,0,0,1
2659,651,4,0,0,0,4,0,2025,10,30,16,15,30,40,0,1,0,0,0,1
2660,651,2,0,0,0,2,0,2025,10,30,22,45,47,40,0,1,0,0,1,0
2661,651,0,1,0,0,1,0,2025,10,31,8,25,15,40,0,1,0,1,0,0
2662,651,8,1,0,0,9,0,2025,10,31,8,43,0,40,0,1,0,1,0,0
2663,651,3,0,0,0,3,0,2025,10,31,9,0,47,40,0,1,0,1,0,0
2664,651,1,1,1,0,3,0,2025,10,31,9,18,34,40,0,1,0,1,0,0
2665,651,4,0,1,0,5,0,2025,10,31,9,44,12,40,0,1,0,1,0,0
2666,651,6,0,0,0,6,0,2025,10,31,10,1,53,40,0,1,0,1,0,0
2667,651,2,0,0,0,2,0,2025,10,31,10,19,37,40,0,1,0,1,0,0
2668,651,2,0,0,0,2,0,2025,10,31,10,37,18,40,0,1,0,1,0,0
2669,651,16,4,0,0,20,1,2025,10,31,15,3,38,40,0,1,0,0,0,1
2670,651,17,1,0,0,18,1,2025,10,31,15,21,31,40,0,1,0,0,0,1
2671,651,11,2,0,0,13,1,2025,10,31,15,39,24,40,0,1,0,0,0,1
2672,651,10,1,0,0,11,1,2025,10,31,15,57,13,40,0,1,0,0,0,1
2673,651,2,0,0,0,2,0,2025,11,1,8,54,51,40,0,1,0,1,0,0
2674,651,3,1,0,0,4,0,2025,11,1,9,12,36,40,0,1,0,1,0,0
2675,651,7,0,0,0,7,0,2025,11,1,9,30,31,40,0,1,0,1,0,0
2676,651,7,1,0,0,8,0,2025,11,1,9,48,18,40,0,1,0,1,0,0
2677,651,9,0,0,0,9,0,2025,11,1,10,6,8,40,0,1,0,1,0,0
2678,651,8,0,0,0,8,0,2025,11,1,10,23,52,40,0,1,0,1,0,0
2679,651,7,0,0,0,7,0,2025,11,1,10,41,38,40,0,1,0,1,0,0
2680,651,10,0,0,0,10,0,2025,11,1,10,59,33,40,0,1,0,1,0,0
2681,651,6,1,0,0,7,0,2025,11,1,11,17,20,40,0,1,0,1,0,0
2682,651,10,0,0,0,10,0,2025,11,1,11,35,2,40,0,1,0,1,0,0
2683,651,12,1,0,0,13,0,2025,11,1,11,52,45,40,0,1,0,1,0,0
2684,651,8,1,0,0,9,0,2025,11,1,12,10,39,40,0,1,0,0,0,1
2685,651,8,0,0,0,8,0,2025,11,1,12,28,26,40,0,1,0,0,0,1
2686,651,12,0,0,0,12,0,2025,11,1,12,46,17,40,0,1,0,0,0,1
2687,651,17,1,0,0,18,1,2025,11,1,13,4,14,40,0,1,0,0,0,1
2688,651,12,1,0,0,13,0,2025,11,1,13,22,0,40,0,1,0,0,0,1
2689,651,9,0,0,0,9,0,2025,11,1,13,39,46,40,0,1,0,0,0,1
2690,651,11,0,0,0,11,0,2025,11,1,13,57,37,40,0,1,0,0,0,1
2691,651,15,0,0,0,15,0,2025,11,1,14,15,27,40,0,1,0,0,0,1
2692,651,14,1,0,0,15,0,2025,11,1,14,33,29,40,0,1,0,0,0,1
2693,651,14,0,0,0,14,0,2025,11,1,14,51,36,40,0,1,0,0,0,1
2694,651,11,1,0,0,12,0,2025,11,1,15,9,32,40,0,1,0,0,0,1
2695,651,4,0,0,0,4,0,2025,11,1,15,27,19,40,0,1,0,0,0,1
2696,651,10,0,0,0,10,0,2025,11,1,15,45,10,40,0,1,0,0,0,1
2697,651,9,0,0,0,9,0,2025,11,1,16,3,6,40,0,1,0,0,0,1
2698,651,3,0,0,0,3,0,2025,11,1,16,20,54,40,0,1,0,0,0,1
2699,651,7,0,0,0,7,0,2025,11,1,16,38,44,40,0,1,0,0,0,1
2700,651,7,0,0,0,7,0,2025,11,1,16,56,41,40,0,1,0,0,0,1
2701,651,7,1,0,0,8,0,2025,11,1,17,14,38,40,0,1,0,0,0,1
2702,651,7,1,0,0,8,0,2025,11,1,17,32,26,40,0,1,0,0,0,1
2703,651,11,0,0,0,11,0,2025,11,1,17,50,16,40,0,1,0,0,0,1
2704,651,6,1,0,0,7,0,2025,11,1,18,8,10,40,0,1,0,0,1,0
2705,651,5,0,0,0,5,0,2025,11,1,18,27,0,40,0,1,0,0,1,0
2706,651,2,0,0,0,2,0,2025,11,1,18,44,53,40,0,1,0,0,1,0
2707,651,3,0,0,0,3,0,2025,11,1,19,2,42,40,0,1,0,0,1,0
2708,651,2,0,0,0,2,0,2025,11,1,19,37,18,40,0,1,0,0,1,0
2709,660,14,1,1,0,16,2,2025,10,27,8,27,14,2,1,0,0,1,0,0
2710,660,12,2,1,0,15,2,2025,10,27,8,44,59,2,1,0,0,1,0,0
2711,660,8,0,1,0,9,1,2025,10,27,9,2,38,2,1,0,0,1,0,0
2712,660,15,0,1,0,16,1,2025,10,27,9,20,19,2,1,0,0,1,0,0
2713,660,10,2,1,0,13,1,2025,10,27,9,38,0,2,1,0,0,1,0,0
2714,660,9,1,0,0,10,1,2025,10,27,9,55,44,2,1,0,0,1,0,0
2715,660,11,1,0,0,12,1,2025,10,27,10,13,29,2,1,0,0,1,0,0
2716,660,10,2,1,0,13,1,2025,10,27,10,31,16,2,1,0,0,1,0,0
2717,660,7,2,0,0,9,1,2025,10,27,12,40,18,2,1,0,0,0,0,1
2718,660,7,1,0,0,8,1,2025,10,27,12,58,2,2,1,0,0,0,0,1
2719,660,7,1,0,0,8,0,2025,10,27,13,15,49,2,1,0,0,0,0,1
2720,660,7,0,1,0,8,1,2025,10,27,13,20,55,2,1,0,0,0,0,1
2721,660,10,0,0,0,10,0,2025,10,27,13,57,19,2,1,0,0,0,0,1
2722,660,8,2,0,0,10,1,2025,10,27,14,55,37,2,1,0,0,0,0,1
2723,660,9,0,0,0,9,1,2025,10,27,15,13,22,2,1,0,0,0,0,1
2724,660,8,1,0,0,9,1,2025,10,27,15,31,9,2,1,0,0,0,0,1
2725,660,9,0,0,0,9,1,2025,10,27,15,48,56,2,1,0,0,0,0,1
2726,660,13,2,0,0,15,1,2025,10,27,18,2,59,2,1,0,0,0,1,0
2727,660,17,1,0,0,18,1,2025,10,27,18,20,36,2,1,0,0,0,1,0
2728,660,13,0,0,0,13,1,2025,10,27,18,38,13,2,1,0,0,0,1,0
2729,660,20,0,1,0,21,2,2025,10,28,7,56,27,2,1,0,0,1,0,0
2730,660,21,1,1,0,23,2,2025,10,28,8,14,3,2,1,0,0,1,0,0
2731,660,21,0,0,0,21,2,2025,10,28,8,31,40,2,1,0,0,1,0,0
2732,660,24,2,0,0,26,2,2025,10,28,8,49,16,2,1,0,0,1,0,0
2733,660,22,1,0,0,23,2,2025,10,28,9,6,51,2,1,0,0,1,0,0
2734,660,23,1,0,0,24,2,2025,10,28,9,24,28,2,1,0,0,1,0,0
2735,660,21,0,0,0,21,2,2025,10,28,9,42,7,2,1,0,0,1,0,0
2736,660,11,2,0,0,13,1,2025,10,28,13,27,54,2,1,0,0,0,0,1
2737,660,14,0,0,0,14,1,2025,10,28,14,45,46,2,1,0,0,0,0,1
2738,660,13,0,1,0,14,1,2025,10,28,15,3,29,2,1,0,0,0,0,1
2739,660,14,0,0,0,14,1,2025,10,28,15,21,16,2,1,0,0,0,0,1
2740,660,6,2,0,0,8,1,2025,10,28,15,39,3,2,1,0,0,0,0,1
2741,660,8,0,0,0,8,1,2025,10,28,15,56,47,2,1,0,0,0,0,1
2742,660,13,0,0,0,13,1,2025,10,28,17,49,7,2,1,0,0,0,0,1
2743,660,13,1,0,0,14,1,2025,10,28,18,6,44,2,1,0,0,0,1,0
2744,660,19,0,0,0,19,1,2025,10,28,18,24,24,2,1,0,0,0,1,0
2745,660,9,0,1,0,10,1,2025,10,28,18,42,3,2,1,0,0,0,1,0
2746,660,12,0,0,0,12,1,2025,10,28,18,59,41,2,1,0,0,0,1,0
2747,660,11,0,2,0,13,2,2025,10,28,19,17,18,2,1,0,0,0,1,0
2748,660,11,0,0,0,11,1,2025,10,28,19,34,57,2,1,0,0,0,1,0
2749,660,12,0,0,0,12,1,2025,10,28,19,52,35,2,1,0,0,0,1,0
2750,660,15,2,2,0,19,2,2025,10,29,8,23,46,2,1,0,0,1,0,0
2751,660,13,5,3,0,21,2,2025,10,29,8,41,22,2,1,0,0,1,0,0
2752,660,13,4,3,0,20,2,2025,10,29,8,58,59,2,1,0,0,1,0,0
2753,660,16,2,0,0,18,1,2025,10,29,9,16,33,2,1,0,0,1,0,0
2754,660,20,2,1,0,23,1,2025,10,29,9,34,10,2,1,0,0,1,0,0
2755,660,18,1,2,0,21,1,2025,10,29,9,51,46,2,1,0,0,1,0,0
2756,660,15,3,0,0,18,1,2025,10,29,10,9,24,2,1,0,0,1,0,0
2757,660,16,4,4,0,24,1,2025,10,29,10,27,3,2,1,0,0,1,0,0
2758,660,13,1,1,0,15,1,2025,10,29,10,44,42,2,1,0,0,1,0,0
2759,660,0,0,0,0,0,0,2025,10,29,12,33,34,2,1,0,0,0,0,1
2760,660,0,0,0,0,0,0,2025,10,29,12,51,15,2,1,0,0,0,0,1
2761,660,0,0,0,0,0,0,2025,10,29,13,9,2,2,1,0,0,0,0,1
2762,660,0,0,0,0,0,0,2025,10,29,13,26,46,2,1,0,0,0,0,1
2763,660,0,0,0,0,0,0,2025,10,29,13,44,31,2,1,0,0,0,0,1
2764,660,14,1,0,0,15,1,2025,10,29,14,44,13,2,1,0,0,0,0,1
2765,660,13,3,0,0,16,1,2025,10,29,15,1,56,2,1,0,0,0,0,1
2766,660,20,0,1,0,21,1,2025,10,29,15,19,41,2,1,0,0,0,0,1
2767,660,18,1,1,0,20,1,2025,10,29,15,37,21,2,1,0,0,0,0,1
2768,660,13,1,2,0,16,1,2025,10,29,15,55,1,2,1,0,0,0,0,1
2769,660,20,1,4,0,25,2,2025,10,30,8,20,38,2,1,0,0,1,0,0
2770,660,15,3,5,0,23,2,2025,10,30,8,38,20,2,1,0,0,1,0,0
2771,660,17,2,4,0,23,2,2025,10,30,8,56,3,2,1,0,0,1,0,0
2772,660,13,3,3,0,19,2,2025,10,30,9,13,55,2,1,0,0,1,0,0
2773,660,13,3,2,0,18,2,2025,10,30,9,32,0,2,1,0,0,1,0,0
2774,660,0,0,0,0,0,0,2025,10,30,9,49,55,2,1,0,0,1,0,0
2775,660,0,0,0,0,0,0,2025,10,30,10,7,45,2,1,0,0,1,0,0
2776,660,0,0,0,0,0,0,2025,10,30,10,25,34,2,1,0,0,1,0,0
2777,660,0,0,0,0,0,0,2025,10,30,10,43,17,2,1,0,0,1,0,0
2778,660,13,1,0,0,14,1,2025,10,30,12,29,50,2,1,0,0,0,0,1
2779,660,19,0,0,0,19,1,2025,10,30,12,47,21,2,1,0,0,0,0,1
2780,660,14,2,0,0,16,1,2025,10,30,13,5,6,2,1,0,0,0,0,1
2781,660,18,2,0,0,20,1,2025,10,30,13,22,51,2,1,0,0,0,0,1
2782,660,14,1,0,0,15,0,2025,10,30,13,40,37,2,1,0,0,0,0,1
2783,660,21,1,0,0,22,1,2025,10,30,13,58,23,2,1,0,0,0,0,1
2784,660,15,0,0,0,15,1,2025,10,30,14,57,25,2,1,0,0,0,0,1
2785,660,18,1,0,0,19,2,2025,10,30,15,15,18,2,1,0,0,0,0,1
2786,660,10,2,0,0,12,1,2025,10,30,15,33,2,2,1,0,0,0,0,1
2787,660,15,0,0,0,15,1,2025,10,30,15,57,47,2,1,0,0,0,0,1
2788,660,13,0,0,0,13,1,2025,10,30,16,15,35,2,1,0,0,0,0,1
2789,660,7,0,0,0,7,0,2025,10,30,22,45,49,2,1,0,0,0,1,0
2790,660,21,0,0,0,21,1,2025,10,31,8,25,18,2,1,0,0,1,0,0
2791,660,17,1,1,0,19,2,2025,10,31,8,43,5,2,1,0,0,1,0,0
2792,660,20,0,0,0,20,1,2025,10,31,9,0,53,2,1,0,0,1,0,0
2793,660,20,0,1,0,21,2,2025,10,31,9,18,37,2,1,0,0,1,0,0
2794,660,14,2,0,0,16,1,2025,10,31,9,44,14,2,1,0,0,1,0,0
2795,660,10,3,0,0,13,1,2025,10,31,10,1,56,2,1,0,0,1,0,0
2796,660,19,2,0,0,21,1,2025,10,31,10,19,40,2,1,0,0,1,0,0
2797,660,16,3,0,0,19,1,2025,10,31,10,37,20,2,1,0,0,1,0,0
2798,660,24,0,0,0,24,1,2025,10,31,15,3,42,2,1,0,0,0,0,1
2799,660,24,0,0,0,24,2,2025,10,31,15,21,34,2,1,0,0,0,0,1
2800,660,11,0,0,0,11,1,2025,10,31,15,39,27,2,1,0,0,0,0,1
2801,660,13,1,0,0,14,1,2025,10,31,15,57,17,2,1,0,0,0,0,1
2802,660,0,0,0,0,0,0,2025,11,1,8,54,56,2,1,0,0,1,0,0
2803,660,0,0,0,0,0,0,2025,11,1,9,12,40,2,1,0,0,1,0,0
2804,660,0,0,0,0,0,0,2025,11,1,9,30,35,2,1,0,0,1,0,0
2805,660,0,0,0,0,0,0,2025,11,1,9,48,22,2,1,0,0,1,0,0
2806,660,0,0,0,0,0,0,2025,11,1,10,6,12,2,1,0,0,1,0,0
2807,660,0,0,0,0,0,0,2025,11,1,10,23,55,2,1,0,0,1,0,0
2808,660,0,0,0,0,0,0,2025,11,1,10,41,41,2,1,0,0,1,0,0
2809,660,0,0,0,0,0,0,2025,11,1,10,59,37,2,1,0,0,1,0,0
2810,660,0,0,0,0,0,0,2025,11,1,11,17,23,2,1,0,0,1,0,0
2811,660,0,0,0,0,0,0,2025,11,1,11,35,3,2,1,0,0,1,0,0
2812,660,0,0,0,0,0,0,2025,11,1,11,52,49,2,1,0,0,1,0,0
2813,660,0,0,0,0,0,0,2025,11,1,12,10,42,2,1,0,0,0,0,1
2814,660,0,0,0,0,0,0,2025,11,1,12,28,34,2,1,0,0,0,0,1
2815,660,9,0,0,0,9,1,2025,11,1,12,46,31,2,1,0,0,0,0,1
2816,660,15,1,0,0,16,1,2025,11,1,13,4,17,2,1,0,0,0,0,1
2817,660,12,1,0,0,13,1,2025,11,1,13,22,5,2,1,0,0,0,0,1
2818,660,9,1,0,0,10,1,2025,11,1,13,39,50,2,1,0,0,0,0,1
2819,660,11,0,0,0,11,0,2025,11,1,13,57,41,2,1,0,0,0,0,1
2820,660,4,1,0,0,5,0,2025,11,1,14,15,32,2,1,0,0,0,0,1
2821,660,5,0,1,0,6,0,2025,11,1,14,33,41,2,1,0,0,0,0,1
2822,660,10,0,1,0,11,1,2025,11,1,14,51,44,2,1,0,0,0,0,1
2823,660,15,1,1,0,17,1,2025,11,1,15,9,36,2,1,0,0,0,0,1
2824,660,7,1,0,0,8,1,2025,11,1,15,27,23,2,1,0,0,0,0,1
2825,660,14,0,0,0,14,1,2025,11,1,15,45,15,2,1,0,0,0,0,1
2826,660,12,0,0,0,12,1,2025,11,1,16,3,12,2,1,0,0,0,0,1
2827,660,13,0,0,0,13,1,2025,11,1,16,20,59,2,1,0,0,0,0,1
2828,660,10,0,0,0,10,1,2025,11,1,16,38,47,2,1,0,0,0,0,1
2829,660,8,0,0,0,8,1,2025,11,1,16,56,46,2,1,0,0,0,0,1
2830,660,13,1,0,0,14,1,2025,11,1,17,14,45,2,1,0,0,0,0,1
2831,660,11,0,1,0,12,1,2025,11,1,17,32,30,2,1,0,0,0,0,1
2832,660,15,0,0,0,15,1,2025,11,1,17,50,25,2,1,0,0,0,0,1
2833,660,13,0,0,0,13,1,2025,11,1,18,8,18,2,1,0,0,0,1,0
2834,660,14,0,1,0,15,1,2025,11,1,18,27,3,2,1,0,0,0,1,0
2835,660,17,0,0,0,17,1,2025,11,1,18,45,0,2,1,0,0,0,1,0
2836,660,9,0,0,0,9,1,2025,11,1,19,2,46,2,1,0,0,0,1,0
2837,660,7,0,0,0,7,1,2025,11,1,19,37,21,2,1,0,0,0,1,0
2838,668,15,7,0,0,22,2,2025,10,27,8,27,14,2,1,0,0,1,0,0
2839,668,10,10,0,0,20,2,2025,10,27,8,45,0,2,1,0,0,1,0,0
2840,668,15,3,0,0,18,1,2025,10,27,9,2,38,2,1,0,0,1,0,0
2841,668,12,5,0,0,17,1,2025,10,27,9,20,19,2,1,0,0,1,0,0
2842,668,15,3,0,0,18,1,2025,10,27,9,38,1,2,1,0,0,1,0,0
2843,668,7,2,1,0,10,1,2025,10,27,9,55,44,2,1,0,0,1,0,0
2844,668,7,6,0,0,13,1,2025,10,27,10,13,29,2,1,0,0,1,0,0
2845,668,7,2,0,0,9,1,2025,10,27,10,31,16,2,1,0,0,1,0,0
2846,668,13,1,0,0,14,0,2025,10,27,12,40,18,2,1,0,0,0,0,1
2847,668,10,6,0,0,16,1,2025,10,27,12,58,3,2,1,0,0,0,0,1
2848,668,6,3,0,0,9,1,2025,10,27,13,15,49,2,1,0,0,0,0,1
2849,668,11,4,1,0,16,1,2025,10,27,13,20,56,2,1,0,0,0,0,1
2850,668,10,1,0,0,11,1,2025,10,27,13,57,19,2,1,0,0,0,0,1
2851,668,13,5,0,0,18,2,2025,10,27,14,55,37,2,1,0,0,0,0,1
2852,668,7,1,0,0,8,0,2025,10,27,15,13,22,2,1,0,0,0,0,1
2853,668,6,1,1,0,8,1,2025,10,27,15,31,9,2,1,0,0,0,0,1
2854,668,13,0,1,0,14,1,2025,10,27,15,48,56,2,1,0,0,0,0,1
2855,668,18,3,1,0,22,2,2025,10,27,18,3,0,2,1,0,0,0,1,0
2856,668,22,6,0,0,28,2,2025,10,27,18,20,36,2,1,0,0,0,1,0
2857,668,23,5,0,0,28,1,2025,10,27,18,38,13,2,1,0,0,0,1,0
2858,668,19,4,3,0,26,2,2025,10,28,7,56,27,2,1,0,0,1,0,0
2859,668,15,6,0,0,21,1,2025,10,28,8,14,3,2,1,0,0,1,0,0
2860,668,20,4,0,0,24,1,2025,10,28,8,31,40,2,1,0,0,1,0,0
2861,668,13,4,0,0,17,1,2025,10,28,8,49,16,2,1,0,0,1,0,0
2862,668,13,5,0,0,18,1,2025,10,28,9,6,51,2,1,0,0,1,0,0
2863,668,14,2,1,0,17,2,2025,10,28,9,24,28,2,1,0,0,1,0,0
2864,668,20,6,0,0,26,2,2025,10,28,9,42,7,2,1,0,0,1,0,0
2865,668,15,4,0,0,19,1,2025,10,28,13,27,54,2,1,0,0,0,0,1
2866,668,17,8,0,0,25,2,2025,10,28,14,45,47,2,1,0,0,0,0,1
2867,668,10,2,0,0,12,1,2025,10,28,15,3,29,2,1,0,0,0,0,1
2868,668,14,0,1,0,15,3,2025,10,28,15,21,16,2,1,0,0,0,0,1
2869,668,11,1,1,0,13,1,2025,10,28,15,39,3,2,1,0,0,0,0,1
2870,668,12,7,1,0,20,2,2025,10,28,15,56,47,2,1,0,0,0,0,1
2871,668,23,3,2,0,28,2,2025,10,28,17,49,7,2,1,0,0,0,0,1
2872,668,21,6,1,0,28,3,2025,10,28,18,6,44,2,1,0,0,0,1,0
2873,668,22,6,0,0,28,2,2025,10,28,18,24,24,2,1,0,0,0,1,0
2874,668,19,6,2,0,27,2,2025,10,28,18,42,3,2,1,0,0,0,1,0
2875,668,18,4,0,0,22,2,2025,10,28,18,59,41,2,1,0,0,0,1,0
2876,668,11,5,0,0,16,2,2025,10,28,19,17,19,2,1,0,0,0,1,0
2877,668,13,0,0,0,13,1,2025,10,28,19,34,57,2,1,0,0,0,1,0
2878,668,9,3,0,0,12,1,2025,10,28,19,52,35,2,1,0,0,0,1,0
2879,668,21,3,0,0,24,2,2025,10,29,8,23,46,2,1,0,0,1,0,0
2880,668,23,6,1,0,30,2,2025,10,29,8,41,22,2,1,0,0,1,0,0
2881,668,17,8,3,0,28,3,2025,10,29,8,58,59,2,1,0,0,1,0,0
2882,668,16,5,0,0,21,2,2025,10,29,9,16,33,2,1,0,0,1,0,0
2883,668,18,6,0,0,24,3,2025,10,29,9,34,10,2,1,0,0,1,0,0
2884,668,14,6,1,0,21,3,2025,10,29,9,51,46,2,1,0,0,1,0,0
2885,668,15,12,0,0,27,3,2025,10,29,10,9,24,2,1,0,0,1,0,0
2886,668,4,6,0,0,10,1,2025,10,29,10,27,3,2,1,0,0,1,0,0
2887,668,8,1,0,0,9,0,2025,10,29,10,44,42,2,1,0,0,1,0,0
2888,668,12,18,0,0,30,3,2025,10,29,12,33,34,2,1,0,0,0,0,1
2889,668,12,15,1,0,28,2,2025,10,29,12,51,15,2,1,0,0,0,0,1
2890,668,13,10,0,0,23,2,2025,10,29,13,9,2,2,1,0,0,0,0,1
2891,668,19,9,0,0,28,2,2025,10,29,13,26,46,2,1,0,0,0,0,1
2892,668,19,8,2,0,29,2,2025,10,29,13,44,31,2,1,0,0,0,0,1
2893,668,19,6,0,0,25,2,2025,10,29,14,44,13,2,1,0,0,0,0,1
2894,668,22,8,0,0,30,2,2025,10,29,15,1,56,2,1,0,0,0,0,1
2895,668,19,9,2,0,30,2,2025,10,29,15,19,41,2,1,0,0,0,0,1
2896,668,14,4,6,0,24,1,2025,10,29,15,37,21,2,1,0,0,0,0,1
2897,668,10,5,0,0,15,1,2025,10,29,15,55,1,2,1,0,0,0,0,1
2898,668,16,4,1,0,21,2,2025,10,30,8,20,38,2,1,0,0,1,0,0
2899,668,22,5,1,0,28,3,2025,10,30,8,38,20,2,1,0,0,1,0,0
2900,668,16,13,1,0,30,3,2025,10,30,8,56,3,2,1,0,0,1,0,0
2901,668,13,7,0,0,20,3,2025,10,30,9,13,55,2,1,0,0,1,0,0
2902,668,18,8,3,0,29,3,2025,10,30,9,32,0,2,1,0,0,1,0,0
2903,668,14,3,0,0,17,1,2025,10,30,9,49,55,2,1,0,0,1,0,0
2904,668,9,8,2,0,19,2,2025,10,30,10,7,46,2,1,0,0,1,0,0
2905,668,28,10,1,0,39,2,2025,10,30,10,25,34,2,1,0,0,1,0,0
2906,668,26,8,1,0,35,2,2025,10,30,10,43,17,2,1,0,0,1,0,0
2907,668,26,9,2,0,37,3,2025,10,30,12,29,50,2,1,0,0,0,0,1
2908,668,23,6,2,0,31,3,2025,10,30,12,47,21,2,1,0,0,0,0,1
2909,668,20,7,0,0,27,2,2025,10,30,13,5,6,2,1,0,0,0,0,1
2910,668,28,1,2,0,31,2,2025,10,30,13,22,52,2,1,0,0,0,0,1
2911,668,28,12,0,0,40,2,2025,10,30,13,40,38,2,1,0,0,0,0,1
2912,668,24,6,1,0,31,3,2025,10,30,13,58,23,2,1,0,0,0,0,1
2913,668,14,1,0,0,15,0,2025,10,30,14,57,25,2,1,0,0,0,0,1
2914,668,12,1,1,0,14,1,2025,10,30,15,15,19,2,1,0,0,0,0,1
2915,668,18,3,0,0,21,1,2025,10,30,15,33,2,2,1,0,0,0,0,1
2916,668,15,3,0,0,18,1,2025,10,30,15,57,48,2,1,0,0,0,0,1
2917,668,15,1,0,0,16,1,2025,10,30,16,15,35,2,1,0,0,0,0,1
2918,668,0,1,0,0,1,1,2025,10,30,22,45,50,2,1,0,0,0,1,0
2919,668,7,3,0,0,10,1,2025,10,31,8,25,18,2,1,0,0,1,0,0
2920,668,15,2,0,0,17,1,2025,10,31,8,43,6,2,1,0,0,1,0,0
2921,668,13,4,2,0,19,1,2025,10,31,9,0,53,2,1,0,0,1,0,0
2922,668,11,3,0,0,14,1,2025,10,31,9,18,37,2,1,0,0,1,0,0
2923,668,10,5,0,0,15,1,2025,10,31,9,44,14,2,1,0,0,1,0,0
2924,668,8,6,1,0,15,1,2025,10,31,10,1,56,2,1,0,0,1,0,0
2925,668,10,3,0,0,13,1,2025,10,31,10,19,40,2,1,0,0,1,0,0
2926,668,9,7,0,0,16,1,2025,10,31,10,37,20,2,1,0,0,1,0,0
2927,668,21,3,1,0,25,1,2025,10,31,15,3,43,2,1,0,0,0,0,1
2928,668,22,7,0,0,29,2,2025,10,31,15,21,35,2,1,0,0,0,0,1
2929,668,22,4,0,0,26,1,2025,10,31,15,39,27,2,1,0,0,0,0,1
2930,668,13,1,0,0,14,0,2025,10,31,15,57,17,2,1,0,0,0,0,1
2931,668,12,2,0,0,14,1,2025,11,1,8,54,56,2,1,0,0,1,0,0
2932,668,13,2,0,0,15,1,2025,11,1,9,12,41,2,1,0,0,1,0,0
2933,668,18,3,0,0,21,1,2025,11,1,9,30,35,2,1,0,0,1,0,0
2934,668,13,0,0,0,13,1,2025,11,1,9,48,23,2,1,0,0,1,0,0
2935,668,17,2,0,0,19,1,2025,11,1,10,6,12,2,1,0,0,1,0,0
2936,668,15,0,0,0,15,1,2025,11,1,10,23,55,2,1,0,0,1,0,0
2937,668,13,1,0,0,14,1,2025,11,1,10,41,41,2,1,0,0,1,0,0
2938,668,20,0,0,0,20,1,2025,11,1,10,59,37,2,1,0,0,1,0,0
2939,668,26,2,0,0,28,1,2025,11,1,11,17,23,2,1,0,0,1,0,0
2940,668,20,0,0,0,20,1,2025,11,1,11,35,3,2,1,0,0,1,0,0
2941,668,18,0,1,0,19,1,2025,11,1,11,52,49,2,1,0,0,1,0,0
2942,668,21,0,0,0,21,1,2025,11,1,12,10,43,2,1,0,0,0,0,1
2943,668,18,2,1,0,21,1,2025,11,1,12,28,34,2,1,0,0,0,0,1
2944,668,20,2,0,0,22,1,2025,11,1,12,46,31,2,1,0,0,0,0,1
2945,668,29,2,0,0,31,1,2025,11,1,13,4,17,2,1,0,0,0,0,1
2946,668,23,0,0,0,23,1,2025,11,1,13,22,5,2,1,0,0,0,0,1
2947,668,24,3,0,0,27,1,2025,11,1,13,39,50,2,1,0,0,0,0,1
2948,668,23,0,0,0,23,1,2025,11,1,13,57,41,2,1,0,0,0,0,1
2949,668,15,1,0,0,16,1,2025,11,1,14,15,32,2,1,0,0,0,0,1
2950,668,22,1,0,0,23,1,2025,11,1,14,33,41,2,1,0,0,0,0,1
2951,668,20,1,1,0,22,1,2025,11,1,14,51,44,2,1,0,0,0,0,1
2952,668,20,1,0,0,21,1,2025,11,1,15,9,36,2,1,0,0,0,0,1
2953,668,19,0,0,0,19,1,2025,11,1,15,27,24,2,1,0,0,0,0,1
2954,668,17,1,0,0,18,1,2025,11,1,15,45,16,2,1,0,0,0,0,1
2955,668,12,1,0,0,13,1,2025,11,1,16,3,12,2,1,0,0,0,0,1
2956,668,15,0,0,0,15,1,2025,11,1,16,21,0,2,1,0,0,0,0,1
2957,668,16,1,0,0,17,1,2025,11,1,16,38,47,2,1,0,0,0,0,1
2958,668,16,1,0,0,17,1,2025,11,1,16,56,46,2,1,0,0,0,0,1
2959,668,18,1,0,0,19,1,2025,11,1,17,14,46,2,1,0,0,0,0,1
2960,668,17,1,0,0,18,1,2025,11,1,17,32,32,2,1,0,0,0,0,1
2961,668,18,0,1,0,19,1,2025,11,1,17,50,25,2,1,0,0,0,0,1
2962,668,24,0,0,0,24,1,2025,11,1,18,8,19,2,1,0,0,0,1,0
2963,668,19,1,0,0,20,1,2025,11,1,18,27,4,2,1,0,0,0,1,0
2964,668,18,1,0,0,19,1,2025,11,1,18,45,0,2,1,0,0,0,1,0
2965,668,15,0,1,0,16,1,2025,11,1,19,2,46,2,1,0,0,0,1,0
2966,668,12,1,0,0,13,1,2025,11,1,19,37,21,2,1,0,0,0,1,0
2967,673,13,4,0,0,17,1,2025,10,27,8,27,16,2,1,0,0,1,0,0
2968,673,6,1,0,0,7,0,2025,10,27,8,45,2,2,1,0,0,1,0,0
2969,673,2,0,0,0,2,0,2025,10,27,9,2,40,2,1,0,0,1,0,0
2970,673,11,2,0,0,13,1,2025,10,27,9,20,20,2,1,0,0,1,0,0
2971,673,16,4,2,0,22,1,2025,10,27,9,38,2,2,1,0,0,1,0,0
2972,673,19,5,1,0,25,1,2025,10,27,9,55,46,2,1,0,0,1,0,0
2973,673,13,9,2,0,24,2,2025,10,27,10,13,32,2,1,0,0,1,0,0
2974,673,17,6,0,0,23,2,2025,10,27,10,31,19,2,1,0,0,1,0,0
2975,673,12,5,0,0,17,1,2025,10,27,12,40,21,2,1,0,0,0,0,1
2976,673,7,2,1,0,10,0,2025,10,27,12,58,6,2,1,0,0,0,0,1
2977,673,7,3,3,0,13,0,2025,10,27,13,15,53,2,1,0,0,0,0,1
2978,673,4,0,2,0,6,0,2025,10,27,13,20,59,2,1,0,0,0,0,1
2979,673,9,3,0,0,12,1,2025,10,27,13,57,22,2,1,0,0,0,0,1
2980,673,8,1,1,0,10,1,2025,10,27,14,55,40,2,1,0,0,0,0,1
2981,673,16,3,0,0,19,1,2025,10,27,15,13,25,2,1,0,0,0,0,1
2982,673,12,1,1,0,14,1,2025,10,27,15,31,14,2,1,0,0,0,0,1
2983,673,9,1,1,0,11,1,2025,10,27,15,48,57,2,1,0,0,0,0,1
2984,673,6,4,0,0,10,0,2025,10,27,18,3,1,2,1,0,0,0,1,0
2985,673,15,5,0,0,20,1,2025,10,27,18,20,37,2,1,0,0,0,1,0
2986,673,10,0,0,0,10,0,2025,10,27,18,38,14,2,1,0,0,0,1,0
2987,673,8,0,0,0,8,1,2025,10,28,7,56,28,2,1,0,0,1,0,0
2988,673,2,1,2,0,5,0,2025,10,28,8,14,5,2,1,0,0,1,0,0
2989,673,6,0,2,0,8,1,2025,10,28,8,31,41,2,1,0,0,1,0,0
2990,673,10,0,1,0,11,1,2025,10,28,8,49,17,2,1,0,0,1,0,0
2991,673,12,1,4,0,17,1,2025,10,28,9,6,52,2,1,0,0,1,0,0
2992,673,18,3,1,0,22,1,2025,10,28,9,24,30,2,1,0,0,1,0,0
2993,673,13,2,2,0,17,1,2025,10,28,9,42,9,2,1,0,0,1,0,0
2994,673,17,0,4,0,21,1,2025,10,28,13,27,57,2,1,0,0,0,0,1
2995,673,17,6,4,0,27,2,2025,10,28,14,45,50,2,1,0,0,0,0,1
2996,673,19,2,5,0,26,1,2025,10,28,15,3,32,2,1,0,0,0,0,1
2997,673,16,2,0,0,18,1,2025,10,28,15,21,21,2,1,0,0,0,0,1
2998,673,12,2,1,0,15,1,2025,10,28,15,39,6,2,1,0,0,0,0,1
2999,673,13,1,0,0,14,1,2025,10,28,15,56,51,2,1,0,0,0,0,1
3000,673,14,1,2,0,17,1,2025,10,28,17,49,8,2,1,0,0,0,0,1
3001,673,14,3,2,0,19,1,2025,10,28,18,6,46,2,1,0,0,0,1,0
3002,673,25,1,3,0,29,1,2025,10,28,18,24,27,2,1,0,0,0,1,0
3003,673,17,0,1,0,18,1,2025,10,28,18,42,4,2,1,0,0,0,1,0
3004,673,12,0,0,0,12,1,2025,10,28,18,59,43,2,1,0,0,0,1,0
3005,673,5,0,1,0,6,1,2025,10,28,19,17,20,2,1,0,0,0,1,0
3006,673,0,0,0,0,0,0,2025,10,28,19,34,59,2,1,0,0,0,1,0
3007,673,0,0,0,0,0,0,2025,10,28,19,52,37,2,1,0,0,0,1,0
3008,673,11,2,0,0,13,1,2025,10,29,8,23,47,2,1,0,0,1,0,0
3009,673,12,5,1,0,18,1,2025,10,29,8,41,24,2,1,0,0,1,0,0
3010,673,11,4,0,0,15,1,2025,10,29,8,59,0,2,1,0,0,1,0,0
3011,673,10,6,0,0,16,1,2025,10,29,9,16,35,2,1,0,0,1,0,0
3012,673,11,4,0,0,15,1,2025,10,29,9,34,11,2,1,0,0,1,0,0
3013,673,10,2,2,0,14,1,2025,10,29,9,51,48,2,1,0,0,1,0,0
3014,673,10,6,1,0,17,1,2025,10,29,10,9,27,2,1,0,0,1,0,0
3015,673,10,4,1,0,15,1,2025,10,29,10,27,5,2,1,0,0,1,0,0
3016,673,9,6,1,0,16,1,2025,10,29,10,44,44,2,1,0,0,1,0,0
3017,673,12,3,2,0,17,1,2025,10,29,12,33,37,2,1,0,0,0,0,1
3018,673,7,7,0,0,14,1,2025,10,29,12,51,17,2,1,0,0,0,0,1
3019,673,9,2,0,0,11,1,2025,10,29,13,9,7,2,1,0,0,0,0,1
3020,673,9,3,1,0,13,1,2025,10,29,13,26,49,2,1,0,0,0,0,1
3021,673,10,3,1,0,14,1,2025,10,29,13,44,34,2,1,0,0,0,0,1
3022,673,13,3,1,0,17,1,2025,10,29,14,44,16,2,1,0,0,0,0,1
3023,673,12,1,0,0,13,1,2025,10,29,15,2,2,2,1,0,0,0,0,1
3024,673,15,3,0,0,18,1,2025,10,29,15,19,43,2,1,0,0,0,0,1
3025,673,16,1,2,0,19,1,2025,10,29,15,37,23,2,1,0,0,0,0,1
3026,673,12,4,1,0,17,1,2025,10,29,15,55,4,2,1,0,0,0,0,1
3027,673,8,3,0,0,11,0,2025,10,30,8,20,41,2,1,0,0,1,0,0
3028,673,12,2,0,0,14,0,2025,10,30,8,38,23,2,1,0,0,1,0,0
3029,673,7,1,1,0,9,0,2025,10,30,8,56,6,2,1,0,0,1,0,0
3030,673,11,1,0,0,12,1,2025,10,30,9,13,58,2,1,0,0,1,0,0
3031,673,4,5,1,0,10,1,2025,10,30,9,32,8,2,1,0,0,1,0,0
3032,673,4,1,0,0,5,0,2025,10,30,9,49,57,2,1,0,0,1,0,0
3033,673,4,2,0,0,6,0,2025,10,30,10,7,55,2,1,0,0,1,0,0
3034,673,3,0,0,0,3,0,2025,10,30,10,25,38,2,1,0,0,1,0,0
3035,673,3,6,0,0,9,1,2025,10,30,10,43,20,2,1,0,0,1,0,0
3036,673,9,3,1,0,13,1,2025,10,30,12,29,54,2,1,0,0,0,0,1
3037,673,2,1,0,0,3,0,2025,10,30,12,47,25,2,1,0,0,0,0,1
3038,673,6,2,0,0,8,1,2025,10,30,13,5,8,2,1,0,0,0,0,1
3039,673,7,4,0,0,11,1,2025,10,30,13,22,55,2,1,0,0,0,0,1
3040,673,5,2,1,0,8,1,2025,10,30,13,40,42,2,1,0,0,0,0,1
3041,673,9,0,0,0,9,0,2025,10,30,13,58,26,2,1,0,0,0,0,1
3042,673,7,0,0,0,7,0,2025,10,30,14,57,28,2,1,0,0,0,0,1
3043,673,7,6,0,0,13,1,2025,10,30,15,15,22,2,1,0,0,0,0,1
3044,673,7,0,1,0,8,0,2025,10,30,15,33,5,2,1,0,0,0,0,1
3045,673,11,1,0,0,12,0,2025,10,30,15,57,52,2,1,0,0,0,0,1
3046,673,7,3,1,0,11,1,2025,10,30,16,15,39,2,1,0,0,0,0,1
3047,673,4,1,0,0,5,0,2025,10,30,22,45,52,2,1,0,0,0,1,0
3048,673,5,4,0,0,9,1,2025,10,31,8,25,20,2,1,0,0,1,0,0
3049,673,6,1,0,0,7,0,2025,10,31,8,43,9,2,1,0,0,1,0,0
3050,673,3,1,0,0,4,0,2025,10,31,9,0,55,2,1,0,0,1,0,0
3051,673,10,3,1,0,14,1,2025,10,31,9,18,39,2,1,0,0,1,0,0
3052,673,4,2,0,0,6,0,2025,10,31,9,44,17,2,1,0,0,1,0,0
3053,673,1,0,0,0,1,0,2025,10,31,10,1,59,2,1,0,0,1,0,0
3054,673,3,0,0,0,3,0,2025,10,31,10,19,43,2,1,0,0,1,0,0
3055,673,2,0,0,0,2,0,2025,10,31,10,37,22,2,1,0,0,1,0,0
3056,673,3,0,0,0,3,0,2025,10,31,15,3,47,2,1,0,0,0,0,1
3057,673,7,0,0,0,7,0,2025,10,31,15,21,41,2,1,0,0,0,0,1
3058,673,6,1,0,0,7,0,2025,10,31,15,39,31,2,1,0,0,0,0,1
3059,673,8,2,0,0,10,1,2025,10,31,15,57,20,2,1,0,0,0,0,1
3060,673,2,0,0,0,2,0,2025,11,1,8,55,0,2,1,0,0,1,0,0
3061,673,2,0,0,0,2,0,2025,11,1,9,12,46,2,1,0,0,1,0,0
3062,673,3,0,0,0,3,0,2025,11,1,9,30,37,2,1,0,0,1,0,0
3063,673,2,0,0,0,2,0,2025,11,1,9,48,26,2,1,0,0,1,0,0
3064,673,8,0,0,0,8,0,2025,11,1,10,6,14,2,1,0,0,1,0,0
3065,673,4,0,0,0,4,0,2025,11,1,10,23,59,2,1,0,0,1,0,0
3066,673,9,1,0,0,10,0,2025,11,1,10,41,53,2,1,0,0,1,0,0
3067,673,22,3,0,0,25,1,2025,11,1,10,59,41,2,1,0,0,1,0,0
3068,673,4,2,3,0,9,1,2025,11,1,11,17,25,2,1,0,0,1,0,0
3069,673,10,1,1,0,12,1,2025,11,1,11,35,6,2,1,0,0,1,0,0
3070,673,9,2,1,0,12,0,2025,11,1,11,52,57,2,1,0,0,1,0,0
3071,673,22,2,0,0,24,1,2025,11,1,12,10,46,2,1,0,0,0,0,1
3072,673,23,0,0,0,23,1,2025,11,1,12,28,38,2,1,0,0,0,0,1
3073,673,18,3,0,0,21,1,2025,11,1,12,46,34,2,1,0,0,0,0,1
3074,673,19,1,0,0,20,1,2025,11,1,13,4,20,2,1,0,0,0,0,1
3075,673,21,1,0,0,22,1,2025,11,1,13,22,9,2,1,0,0,0,0,1
3076,673,22,0,1,0,23,1,2025,11,1,13,39,55,2,1,0,0,0,0,1
3077,673,17,1,1,0,19,1,2025,11,1,13,57,46,2,1,0,0,0,0,1
3078,673,19,0,1,0,20,1,2025,11,1,14,15,36,2,1,0,0,0,0,1
3079,673,18,0,0,0,18,0,2025,11,1,14,33,55,2,1,0,0,0,0,1
3080,673,20,0,0,0,20,1,2025,11,1,14,51,51,2,1,0,0,0,0,1
3081,673,20,3,0,0,23,1,2025,11,1,15,9,40,2,1,0,0,0,0,1
3082,673,17,4,0,0,21,1,2025,11,1,15,27,27,2,1,0,0,0,0,1
3083,673,14,0,0,0,14,0,2025,11,1,15,45,24,2,1,0,0,0,0,1
3084,673,17,1,0,0,18,1,2025,11,1,16,3,15,2,1,0,0,0,0,1
3085,673,23,0,0,0,23,1,2025,11,1,16,21,3,2,1,0,0,0,0,1
3086,673,16,0,0,0,16,1,2025,11,1,16,38,50,2,1,0,0,0,0,1
3087,673,14,3,1,0,18,1,2025,11,1,16,56,56,2,1,0,0,0,0,1
3088,673,18,1,1,0,20,1,2025,11,1,17,14,50,2,1,0,0,0,0,1
3089,673,24,0,0,0,24,1,2025,11,1,17,32,35,2,1,0,0,0,0,1
3090,673,20,1,1,0,22,1,2025,11,1,17,50,29,2,1,0,0,0,0,1
3091,673,16,0,0,0,16,1,2025,11,1,18,8,23,2,1,0,0,0,1,0
3092,673,16,0,0,0,16,1,2025,11,1,18,27,8,2,1,0,0,0,1,0
3093,673,13,1,0,0,14,1,2025,11,1,18,45,3,2,1,0,0,0,1,0
3094,673,14,1,0,0,15,1,2025,11,1,19,2,49,2,1,0,0,0,1,0
3095,673,11,1,0,0,12,1,2025,11,1,19,37,23,2,1,0,0,0,1,0
3096,677,7,2,0,0,9,1,2025,10,27,8,27,16,2,1,0,0,1,0,0
3097,677,5,2,0,0,7,0,2025,10,27,8,45,2,2,1,0,0,1,0,0
3098,677,7,0,0,0,7,1,2025,10,27,9,2,40,2,1,0,0,1,0,0
3099,677,6,1,0,0,7,0,2025,10,27,9,20,21,2,1,0,0,1,0,0
3100,677,0,0,0,0,0,0,2025,10,27,9,38,2,2,1,0,0,1,0,0
3101,677,5,2,0,0,7,0,2025,10,27,9,55,46,2,1,0,0,1,0,0
3102,677,8,3,0,0,11,1,2025,10,27,10,13,32,2,1,0,0,1,0,0
3103,677,5,4,0,0,9,1,2025,10,27,10,31,19,2,1,0,0,1,0,0
3104,677,8,4,0,0,12,1,2025,10,27,12,40,22,2,1,0,0,0,0,1
3105,677,4,2,0,0,6,0,2025,10,27,12,58,6,2,1,0,0,0,0,1
3106,677,7,1,0,0,8,0,2025,10,27,13,15,53,2,1,0,0,0,0,1
3107,677,6,1,1,0,8,0,2025,10,27,13,20,59,2,1,0,0,0,0,1
3108,677,9,2,0,0,11,0,2025,10,27,13,57,22,2,1,0,0,0,0,1
3109,677,15,2,0,0,17,1,2025,10,27,14,55,40,2,1,0,0,0,0,1
3110,677,27,2,1,0,30,2,2025,10,27,15,13,25,2,1,0,0,0,0,1
3111,677,20,3,0,0,23,2,2025,10,27,15,31,15,2,1,0,0,0,0,1
3112,677,14,6,1,0,21,2,2025,10,27,15,48,58,2,1,0,0,0,0,1
3113,677,21,1,1,0,23,1,2025,10,27,18,3,1,2,1,0,0,0,1,0
3114,677,21,2,1,0,24,2,2025,10,27,18,20,37,2,1,0,0,0,1,0
3115,677,19,2,0,0,21,2,2025,10,27,18,38,14,2,1,0,0,0,1,0
3116,677,14,4,0,0,18,1,2025,10,28,7,56,28,2,1,0,0,1,0,0
3117,677,20,1,1,0,22,1,2025,10,28,8,14,5,2,1,0,0,1,0,0
3118,677,21,2,0,0,23,1,2025,10,28,8,31,41,2,1,0,0,1,0,0
3119,677,17,0,1,0,18,1,2025,10,28,8,49,17,2,1,0,0,1,0,0
3120,677,14,4,0,0,18,1,2025,10,28,9,6,53,2,1,0,0,1,0,0
3121,677,11,6,1,0,18,1,2025,10,28,9,24,30,2,1,0,0,1,0,0
3122,677,19,3,0,0,22,1,2025,10,28,9,42,9,2,1,0,0,1,0,0
3123,677,12,10,0,0,22,2,2025,10,28,13,27,57,2,1,0,0,0,0,1
3124,677,24,4,1,0,29,2,2025,10,28,14,45,50,2,1,0,0,0,0,1
3125,677,20,4,1,0,25,2,2025,10,28,15,3,32,2,1,0,0,0,0,1
3126,677,21,3,1,0,25,1,2025,10,28,15,21,22,2,1,0,0,0,0,1
3127,677,22,1,0,0,23,1,2025,10,28,15,39,7,2,1,0,0,0,0,1
3128,677,20,6,0,0,26,2,2025,10,28,15,56,52,2,1,0,0,0,0,1
3129,677,18,4,0,0,22,1,2025,10,28,17,49,8,2,1,0,0,0,0,1
3130,677,13,3,0,0,16,1,2025,10,28,18,6,46,2,1,0,0,0,1,0
3131,677,20,2,0,0,22,1,2025,10,28,18,24,27,2,1,0,0,0,1,0
3132,677,22,0,1,0,23,1,2025,10,28,18,42,4,2,1,0,0,0,1,0
3133,677,7,0,0,0,7,0,2025,10,28,18,59,43,2,1,0,0,0,1,0
3134,677,10,1,0,0,11,1,2025,10,28,19,17,20,2,1,0,0,0,1,0
3135,677,6,0,0,0,6,0,2025,10,28,19,34,59,2,1,0,0,0,1,0
3136,677,10,2,1,0,13,1,2025,10,28,19,52,37,2,1,0,0,0,1,0
3137,677,15,3,1,0,19,1,2025,10,29,8,23,48,2,1,0,0,1,0,0
3138,677,11,2,0,0,13,1,2025,10,29,8,41,24,2,1,0,0,1,0,0
3139,677,5,1,3,0,9,1,2025,10,29,8,59,0,2,1,0,0,1,0,0
3140,677,11,5,3,0,19,1,2025,10,29,9,16,35,2,1,0,0,1,0,0
3141,677,14,9,0,0,23,2,2025,10,29,9,34,12,2,1,0,0,1,0,0
3142,677,15,5,2,0,22,2,2025,10,29,9,51,48,2,1,0,0,1,0,0
3143,677,17,6,0,0,23,1,2025,10,29,10,9,27,2,1,0,0,1,0,0
3144,677,14,5,2,0,21,1,2025,10,29,10,27,5,2,1,0,0,1,0,0
3145,677,13,6,1,0,20,1,2025,10,29,10,44,44,2,1,0,0,1,0,0
3146,677,1,0,0,0,1,0,2025,10,29,12,33,37,2,1,0,0,0,0,1
3147,677,0,0,1,0,1,1,2025,10,29,12,51,18,2,1,0,0,0,0,1
3148,677,0,0,0,0,0,0,2025,10,29,13,9,8,2,1,0,0,0,0,1
3149,677,0,0,0,0,0,0,2025,10,29,13,26,49,2,1,0,0,0,0,1
3150,677,1,0,0,0,1,0,2025,10,29,13,44,34,2,1,0,0,0,0,1
3151,677,2,0,0,0,2,0,2025,10,29,14,44,16,2,1,0,0,0,0,1
3152,677,8,2,0,0,10,1,2025,10,29,15,2,2,2,1,0,0,0,0,1
3153,677,10,1,0,0,11,2,2025,10,29,15,19,44,2,1,0,0,0,0,1
3154,677,4,1,0,0,5,1,2025,10,29,15,37,23,2,1,0,0,0,0,1
3155,677,14,5,2,0,21,2,2025,10,29,15,55,4,2,1,0,0,0,0,1
3156,677,9,2,0,0,11,1,2025,10,30,8,20,41,2,1,0,0,1,0,0
3157,677,19,2,1,0,22,2,2025,10,30,8,38,23,2,1,0,0,1,0,0
3158,677,6,4,0,0,10,2,2025,10,30,8,56,6,2,1,0,0,1,0,0
3159,677,4,5,0,0,9,1,2025,10,30,9,13,58,2,1,0,0,1,0,0
3160,677,10,7,0,0,17,1,2025,10,30,9,32,8,2,1,0,0,1,0,0
3161,677,11,1,1,0,13,1,2025,10,30,9,49,57,2,1,0,0,1,0,0
3162,677,10,3,0,0,13,1,2025,10,30,10,7,55,2,1,0,0,1,0,0
3163,677,13,4,0,0,17,1,2025,10,30,10,25,39,2,1,0,0,1,0,0
3164,677,10,2,0,0,12,1,2025,10,30,10,43,20,2,1,0,0,1,0,0
3165,677,20,6,1,0,27,2,2025,10,30,12,29,54,2,1,0,0,0,0,1
3166,677,12,5,0,0,17,2,2025,10,30,12,47,25,2,1,0,0,0,0,1
3167,677,8,7,0,0,15,2,2025,10,30,13,5,9,2,1,0,0,0,0,1
3168,677,13,4,2,0,19,2,2025,10,30,13,22,55,2,1,0,0,0,0,1
3169,677,18,4,0,0,22,2,2025,10,30,13,40,42,2,1,0,0,0,0,1
3170,677,18,4,1,0,23,2,2025,10,30,13,58,27,2,1,0,0,0,0,1
3171,677,10,4,0,0,14,1,2025,10,30,14,57,28,2,1,0,0,0,0,1
3172,677,11,3,2,0,16,0,2025,10,30,15,15,22,2,1,0,0,0,0,1
3173,677,9,1,1,0,11,0,2025,10,30,15,33,6,2,1,0,0,0,0,1
3174,677,11,2,0,0,13,0,2025,10,30,15,57,52,2,1,0,0,0,0,1
3175,677,6,4,0,0,10,1,2025,10,30,16,15,39,2,1,0,0,0,0,1
3176,677,1,1,0,0,2,0,2025,10,30,22,45,52,2,1,0,0,0,1,0
3177,677,14,4,0,0,18,1,2025,10,31,8,25,20,2,1,0,0,1,0,0
3178,677,13,4,0,0,17,2,2025,10,31,8,43,9,2,1,0,0,1,0,0
3179,677,21,2,0,0,23,1,2025,10,31,9,0,55,2,1,0,0,1,0,0
3180,677,9,8,0,0,17,1,2025,10,31,9,18,39,2,1,0,0,1,0,0
3181,677,15,6,1,0,22,2,2025,10,31,9,44,17,2,1,0,0,1,0,0
3182,677,17,6,0,0,23,1,2025,10,31,10,1,59,2,1,0,0,1,0,0
3183,677,15,5,0,0,20,1,2025,10,31,10,19,43,2,1,0,0,1,0,0
3184,677,14,2,3,0,19,1,2025,10,31,10,37,22,2,1,0,0,1,0,0
3185,677,2,3,0,0,5,3,2025,10,31,15,3,47,2,1,0,0,0,0,1
3186,677,9,1,0,0,10,1,2025,10,31,15,21,41,2,1,0,0,0,0,1
3187,677,26,1,0,0,27,1,2025,10,31,15,39,31,2,1,0,0,0,0,1
3188,677,23,5,1,0,29,2,2025,10,31,15,57,20,2,1,0,0,0,0,1
3189,677,11,3,0,0,14,1,2025,11,1,8,55,1,2,1,0,0,1,0,0
3190,677,10,3,0,0,13,2,2025,11,1,9,12,47,2,1,0,0,1,0,0
3191,677,13,3,0,0,16,1,2025,11,1,9,30,38,2,1,0,0,1,0,0
3192,677,16,2,0,0,18,1,2025,11,1,9,48,30,2,1,0,0,1,0,0
3193,677,15,2,0,0,17,2,2025,11,1,10,6,14,2,1,0,0,1,0,0
3194,677,18,1,0,0,19,2,2025,11,1,10,23,59,2,1,0,0,1,0,0
3195,677,17,0,0,0,17,1,2025,11,1,10,41,53,2,1,0,0,1,0,0
3196,677,24,1,0,0,25,1,2025,11,1,10,59,41,2,1,0,0,1,0,0
3197,677,25,3,0,0,28,2,2025,11,1,11,17,26,2,1,0,0,1,0,0
3198,677,14,3,0,0,17,2,2025,11,1,11,35,6,2,1,0,0,1,0,0
3199,677,25,0,0,0,25,2,2025,11,1,11,52,58,2,1,0,0,1,0,0
3200,677,21,0,0,0,21,2,2025,11,1,12,10,46,2,1,0,0,0,0,1
3201,677,22,5,0,0,27,2,2025,11,1,12,28,39,2,1,0,0,0,0,1
3202,677,28,0,0,0,28,2,2025,11,1,12,46,34,2,1,0,0,0,0,1
3203,677,25,0,0,0,25,1,2025,11,1,13,4,20,2,1,0,0,0,0,1
3204,677,28,3,1,0,32,2,2025,11,1,13,22,10,2,1,0,0,0,0,1
3205,677,23,2,1,0,26,2,2025,11,1,13,39,56,2,1,0,0,0,0,1
3206,677,15,1,0,0,16,1,2025,11,1,13,57,46,2,1,0,0,0,0,1
3207,677,11,1,0,0,12,1,2025,11,1,14,15,36,2,1,0,0,0,0,1
3208,677,16,1,0,0,17,0,2025,11,1,14,33,55,2,1,0,0,0,0,1
3209,677,22,2,0,0,24,1,2025,11,1,14,51,51,2,1,0,0,0,0,1
3210,677,10,1,0,0,11,0,2025,11,1,15,9,40,2,1,0,0,0,0,1
3211,677,17,0,0,0,17,1,2025,11,1,15,27,27,2,1,0,0,0,0,1
3212,677,13,2,0,0,15,1,2025,11,1,15,45,25,2,1,0,0,0,0,1
3213,677,4,2,0,0,6,0,2025,11,1,16,3,15,2,1,0,0,0,0,1
3214,677,14,1,0,0,15,1,2025,11,1,16,21,3,2,1,0,0,0,0,1
3215,677,11,1,0,0,12,1,2025,11,1,16,38,51,2,1,0,0,0,0,1
3216,677,13,0,0,0,13,0,2025,11,1,16,56,56,2,1,0,0,0,0,1
3217,677,13,1,0,0,14,1,2025,11,1,17,14,50,2,1,0,0,0,0,1
3218,677,22,0,1,0,23,1,2025,11,1,17,32,35,2,1,0,0,0,0,1
3219,677,25,0,0,0,25,1,2025,11,1,17,50,30,2,1,0,0,0,0,1
3220,677,18,0,1,0,19,1,2025,11,1,18,8,23,2,1,0,0,0,1,0
3221,677,13,0,0,0,13,0,2025,11,1,18,27,8,2,1,0,0,0,1,0
3222,677,13,0,0,0,13,1,2025,11,1,18,45,4,2,1,0,0,0,1,0
3223,677,6,0,0,0,6,0,2025,11,1,19,2,49,2,1,0,0,0,1,0
3224,677,9,0,0,0,9,1,2025,11,1,19,37,24,2,1,0,0,0,1,0
3225,696,15,1,0,0,16,1,2025,10,27,8,27,10,3,1,0,0,1,0,0
3226,696,15,1,1,0,17,1,2025,10,27,8,44,52,3,1,0,0,1,0,0
3227,696,9,0,0,0,9,1,2025,10,27,9,2,36,3,1,0,0,1,0,0
3228,696,10,1,0,0,11,1,2025,10,27,9,20,14,3,1,0,0,1,0,0
3229,696,12,2,1,0,15,1,2025,10,27,9,37,56,3,1,0,0,1,0,0
3230,696,11,1,0,0,12,1,2025,10,27,9,55,36,3,1,0,0,1,0,0
3231,696,7,1,0,0,8,0,2025,10,27,10,13,22,3,1,0,0,1,0,0
3232,696,4,0,0,0,4,0,2025,10,27,10,31,11,3,1,0,0,1,0,0
3233,696,7,1,0,0,8,0,2025,10,27,12,40,13,3,1,0,0,0,0,1
3234,696,7,0,0,0,7,0,2025,10,27,12,57,56,3,1,0,0,0,0,1
3235,696,15,0,0,0,15,1,2025,10,27,13,15,41,3,1,0,0,0,0,1
3236,696,7,1,0,0,8,1,2025,10,27,13,20,48,3,1,0,0,0,0,1
3237,696,5,1,0,0,6,0,2025,10,27,13,57,13,3,1,0,0,0,0,1
3238,696,12,1,0,0,13,1,2025,10,27,14,55,33,3,1,0,0,0,0,1
3239,696,10,2,0,0,12,0,2025,10,27,15,13,19,3,1,0,0,0,0,1
3240,696,11,1,0,0,12,1,2025,10,27,15,31,5,3,1,0,0,0,0,1
3241,696,14,0,0,0,14,1,2025,10,27,15,48,53,3,1,0,0,0,0,1
3242,696,12,3,0,0,15,1,2025,10,27,18,2,57,3,1,0,0,0,1,0
3243,696,20,1,1,0,22,1,2025,10,27,18,20,33,3,1,0,0,0,1,0
3244,696,19,0,0,0,19,1,2025,10,27,18,38,9,3,1,0,0,0,1,0
3245,696,15,2,1,0,18,1,2025,10,28,7,56,24,3,1,0,0,1,0,0
3246,696,19,5,0,0,24,2,2025,10,28,8,14,1,3,1,0,0,1,0,0
3247,696,20,1,1,0,22,2,2025,10,28,8,31,37,3,1,0,0,1,0,0
3248,696,14,1,2,0,17,2,2025,10,28,8,49,13,3,1,0,0,1,0,0
3249,696,21,1,3,0,25,2,2025,10,28,9,6,49,3,1,0,0,1,0,0
3250,696,18,1,1,0,20,2,2025,10,28,9,24,25,3,1,0,0,1,0,0
3251,696,10,2,0,0,12,0,2025,10,28,9,42,3,3,1,0,0,1,0,0
3252,696,15,0,0,0,15,1,2025,10,28,13,27,48,3,1,0,0,0,0,1
3253,696,14,2,0,0,16,1,2025,10,28,14,45,41,3,1,0,0,0,0,1
3254,696,22,1,0,0,23,1,2025,10,28,15,3,23,3,1,0,0,0,0,1
3255,696,15,1,0,0,16,1,2025,10,28,15,21,6,3,1,0,0,0,0,1
3256,696,13,1,0,0,14,1,2025,10,28,15,38,56,3,1,0,0,0,0,1
3257,696,12,2,0,0,14,1,2025,10,28,15,56,40,3,1,0,0,0,0,1
3258,696,19,0,1,0,20,1,2025,10,28,17,49,4,3,1,0,0,0,0,1
3259,696,18,2,1,0,21,1,2025,10,28,18,6,40,3,1,0,0,0,1,0
3260,696,22,1,0,0,23,1,2025,10,28,18,24,19,3,1,0,0,0,1,0
3261,696,26,0,0,0,26,2,2025,10,28,18,42,0,3,1,0,0,0,1,0
3262,696,14,0,0,0,14,1,2025,10,28,18,59,37,3,1,0,0,0,1,0
3263,696,19,0,1,0,20,1,2025,10,28,19,17,15,3,1,0,0,0,1,0
3264,696,15,0,0,0,15,1,2025,10,28,19,34,52,3,1,0,0,0,1,0
3265,696,15,1,1,0,17,1,2025,10,28,19,52,32,3,1,0,0,0,1,0
3266,696,19,2,1,0,22,2,2025,10,29,8,23,43,3,1,0,0,1,0,0
3267,696,23,0,0,0,23,1,2025,10,29,8,41,20,3,1,0,0,1,0,0
3268,696,19,2,0,0,21,1,2025,10,29,8,58,56,3,1,0,0,1,0,0
3269,696,9,3,0,0,12,1,2025,10,29,9,16,31,3,1,0,0,1,0,0
3270,696,0,0,0,0,0,0,2025,10,29,9,34,7,3,1,0,0,1,0,0
3271,696,13,1,0,0,14,1,2025,10,29,9,51,44,3,1,0,0,1,0,0
3272,696,10,0,0,0,10,1,2025,10,29,10,9,20,3,1,0,0,1,0,0
3273,696,14,1,1,0,16,1,2025,10,29,10,27,0,3,1,0,0,1,0,0
3274,696,10,2,0,0,12,1,2025,10,29,10,44,38,3,1,0,0,1,0,0
3275,696,13,1,0,0,14,1,2025,10,29,12,33,28,3,1,0,0,0,0,1
3276,696,11,3,0,0,14,1,2025,10,29,12,51,10,3,1,0,0,0,0,1
3277,696,15,0,0,0,15,1,2025,10,29,13,8,52,3,1,0,0,0,0,1
3278,696,10,4,0,0,14,1,2025,10,29,13,26,41,3,1,0,0,0,0,1
3279,696,9,5,0,0,14,1,2025,10,29,13,44,22,3,1,0,0,0,0,1
3280,696,13,3,0,0,16,0,2025,10,29,14,44,8,3,1,0,0,0,0,1
3281,696,14,2,0,0,16,1,2025,10,29,15,1,49,3,1,0,0,0,0,1
3282,696,18,0,0,0,18,1,2025,10,29,15,19,36,3,1,0,0,0,0,1
3283,696,14,1,2,0,17,1,2025,10,29,15,37,16,3,1,0,0,0,0,1
3284,696,15,3,0,0,18,1,2025,10,29,15,54,56,3,1,0,0,0,0,1
3285,696,23,5,1,0,29,2,2025,10,30,8,20,32,3,1,0,0,1,0,0
3286,696,15,6,2,0,23,2,2025,10,30,8,38,15,3,1,0,0,1,0,0
3287,696,26,5,1,0,32,2,2025,10,30,8,55,58,3,1,0,0,1,0,0
3288,696,17,3,0,0,20,1,2025,10,30,9,13,41,3,1,0,0,1,0,0
3289,696,19,1,2,0,22,2,2025,10,30,9,31,34,3,1,0,0,1,0,0
3290,696,24,2,0,0,26,2,2025,10,30,9,49,44,3,1,0,0,1,0,0
3291,696,20,6,1,0,27,2,2025,10,30,10,7,33,3,1,0,0,1,0,0
3292,696,19,0,1,0,20,1,2025,10,30,10,25,29,3,1,0,0,1,0,0
3293,696,19,2,0,0,21,1,2025,10,30,10,43,12,3,1,0,0,1,0,0
3294,696,22,0,1,0,23,1,2025,10,30,12,29,44,3,1,0,0,0,0,1
3295,696,13,3,0,0,16,1,2025,10,30,12,47,15,3,1,0,0,0,0,1
3296,696,9,3,0,0,12,1,2025,10,30,13,5,0,3,1,0,0,0,0,1
3297,696,14,2,0,0,16,1,2025,10,30,13,22,44,3,1,0,0,0,0,1
3298,696,16,5,0,0,21,1,2025,10,30,13,40,30,3,1,0,0,0,0,1
3299,696,16,1,0,0,17,1,2025,10,30,13,58,16,3,1,0,0,0,0,1
3300,696,23,0,0,0,23,1,2025,10,30,14,57,18,3,1,0,0,0,0,1
3301,696,14,1,1,0,16,1,2025,10,30,15,15,11,3,1,0,0,0,0,1
3302,696,20,2,0,0,22,1,2025,10,30,15,32,56,3,1,0,0,0,0,1
3303,696,14,3,0,0,17,1,2025,10,30,15,57,39,3,1,0,0,0,0,1
3304,696,20,0,2,0,22,1,2025,10,30,16,15,27,3,1,0,0,0,0,1
3305,696,3,0,0,0,3,0,2025,10,30,22,45,45,3,1,0,0,0,1,0
3306,696,14,1,0,0,15,1,2025,10,31,8,25,13,3,1,0,0,1,0,0
3307,696,15,0,0,0,15,1,2025,10,31,8,42,56,3,1,0,0,1,0,0
3308,696,15,1,2,0,18,1,2025,10,31,9,0,43,3,1,0,0,1,0,0
3309,696,10,3,4,0,17,2,2025,10,31,9,18,31,3,1,0,0,1,0,0
3310,696,9,1,0,0,10,1,2025,10,31,9,44,9,3,1,0,0,1,0,0
3311,696,4,2,0,0,6,0,2025,10,31,10,1,52,3,1,0,0,1,0,0
3312,696,10,1,2,0,13,1,2025,10,31,10,19,34,3,1,0,0,1,0,0
3313,696,12,0,0,0,12,1,2025,10,31,10,37,15,3,1,0,0,1,0,0
3314,696,22,1,1,0,24,1,2025,10,31,15,3,35,3,1,0,0,0,0,1
3315,696,24,0,0,0,24,1,2025,10,31,15,21,28,3,1,0,0,0,0,1
3316,696,23,0,0,0,23,1,2025,10,31,15,39,22,3,1,0,0,0,0,1
3317,696,23,3,0,0,26,1,2025,10,31,15,57,11,3,1,0,0,0,0,1
3318,696,4,1,1,0,6,0,2025,11,1,8,54,47,3,1,0,0,1,0,0
3319,696,2,1,0,0,3,0,2025,11,1,9,12,35,3,1,0,0,1,0,0
3320,696,5,0,0,0,5,0,2025,11,1,9,30,27,3,1,0,0,1,0,0
3321,696,14,0,0,0,14,0,2025,11,1,9,48,16,3,1,0,0,1,0,0
3322,696,6,1,0,0,7,1,2025,11,1,10,6,5,3,1,0,0,1,0,0
3323,696,9,0,0,0,9,0,2025,11,1,10,23,50,3,1,0,0,1,0,0
3324,696,9,1,0,0,10,1,2025,11,1,10,41,34,3,1,0,0,1,0,0
3325,696,11,1,0,0,12,1,2025,11,1,10,59,30,3,1,0,0,1,0,0
3326,696,10,0,0,0,10,1,2025,11,1,11,17,17,3,1,0,0,1,0,0
3327,696,14,1,0,0,15,0,2025,11,1,11,35,0,3,1,0,0,1,0,0
3328,696,12,1,0,0,13,1,2025,11,1,11,52,42,3,1,0,0,1,0,0
3329,696,14,0,0,0,14,1,2025,11,1,12,10,37,3,1,0,0,0,0,1
3330,696,16,1,0,0,17,1,2025,11,1,12,28,22,3,1,0,0,0,0,1
3331,696,14,0,0,0,14,0,2025,11,1,12,46,15,3,1,0,0,0,0,1
3332,696,15,0,0,0,15,1,2025,11,1,13,4,9,3,1,0,0,0,0,1
3333,696,16,0,0,0,16,1,2025,11,1,13,21,57,3,1,0,0,0,0,1
3334,696,18,0,0,0,18,1,2025,11,1,13,39,43,3,1,0,0,0,0,1
3335,696,11,0,0,0,11,1,2025,11,1,13,57,32,3,1,0,0,0,0,1
3336,696,8,0,0,0,8,0,2025,11,1,14,15,24,3,1,0,0,0,0,1
3337,696,12,1,0,0,13,1,2025,11,1,14,33,17,3,1,0,0,0,0,1
3338,696,11,2,1,0,14,1,2025,11,1,14,51,31,3,1,0,0,0,0,1
3339,696,12,1,1,0,14,1,2025,11,1,15,9,28,3,1,0,0,0,0,1
3340,696,7,1,0,0,8,0,2025,11,1,15,27,16,3,1,0,0,0,0,1
3341,696,8,0,1,0,9,1,2025,11,1,15,45,5,3,1,0,0,0,0,1
3342,696,8,0,0,0,8,0,2025,11,1,16,3,4,3,1,0,0,0,0,1
3343,696,1,1,0,0,2,0,2025,11,1,16,20,51,3,1,0,0,0,0,1
3344,696,8,0,0,0,8,0,2025,11,1,16,38,41,3,1,0,0,0,0,1
3345,696,7,1,0,0,8,0,2025,11,1,16,56,36,3,1,0,0,0,0,1
3346,696,11,0,1,0,12,1,2025,11,1,17,14,32,3,1,0,0,0,0,1
3347,696,16,2,0,0,18,1,2025,11,1,17,32,24,3,1,0,0,0,0,1
3348,696,16,0,0,0,16,1,2025,11,1,17,50,11,3,1,0,0,0,0,1
3349,696,15,0,0,0,15,1,2025,11,1,18,8,7,3,1,0,0,0,1,0
3350,696,13,0,0,0,13,1,2025,11,1,18,26,57,3,1,0,0,0,1,0
3351,696,18,0,0,0,18,1,2025,11,1,18,44,48,3,1,0,0,0,1,0
3352,696,10,1,0,0,11,1,2025,11,1,19,2,38,3,1,0,0,0,1,0
3353,696,19,0,0,0,19,1,2025,11,1,19,37,16,3,1,0,0,0,1,0
3354,705,7,0,0,0,7,1,2025,10,27,8,27,17,3,1,0,0,1,0,0
3355,705,7,0,0,0,7,0,2025,10,27,8,45,2,3,1,0,0,1,0,0
3356,705,5,3,0,0,8,0,2025,10,27,9,2,40,3,1,0,0,1,0,0
3357,705,0,0,0,0,0,0,2025,10,27,9,20,21,3,1,0,0,1,0,0
3358,705,4,4,1,0,9,1,2025,10,27,9,38,3,3,1,0,0,1,0,0
3359,705,7,2,1,0,10,0,2025,10,27,9,55,47,3,1,0,0,1,0,0
3360,705,5,3,0,0,8,0,2025,10,27,10,13,33,3,1,0,0,1,0,0
3361,705,3,4,0,0,7,0,2025,10,27,10,31,20,3,1,0,0,1,0,0
3362,705,1,0,0,0,1,0,2025,10,27,12,40,22,3,1,0,0,0,0,1
3363,705,1,0,0,0,1,0,2025,10,27,12,58,6,3,1,0,0,0,0,1
3364,705,4,3,0,0,7,0,2025,10,27,13,15,54,3,1,0,0,0,0,1
3365,705,3,4,0,0,7,0,2025,10,27,13,21,0,3,1,0,0,0,0,1
3366,705,1,0,0,0,1,0,2025,10,27,13,57,23,3,1,0,0,0,0,1
3367,705,1,5,0,0,6,0,2025,10,27,14,55,40,3,1,0,0,0,0,1
3368,705,3,3,0,0,6,0,2025,10,27,15,13,26,3,1,0,0,0,0,1
3369,705,0,1,0,0,1,0,2025,10,27,15,31,15,3,1,0,0,0,0,1
3370,705,4,0,0,0,4,0,2025,10,27,15,48,58,3,1,0,0,0,0,1
3371,705,8,3,2,0,13,1,2025,10,27,18,3,1,3,1,0,0,0,1,0
3372,705,6,4,0,0,10,0,2025,10,27,18,20,38,3,1,0,0,0,1,0
3373,705,6,2,0,0,8,0,2025,10,27,18,38,14,3,1,0,0,0,1,0
3374,705,6,5,0,0,11,1,2025,10,28,7,56,29,3,1,0,0,1,0,0
3375,705,7,3,1,0,11,1,2025,10,28,8,14,5,3,1,0,0,1,0,0
3376,705,7,0,0,0,7,1,2025,10,28,8,31,41,3,1,0,0,1,0,0
3377,705,4,4,0,0,8,1,2025,10,28,8,49,18,3,1,0,0,1,0,0
3378,705,3,1,0,0,4,0,2025,10,28,9,6,53,3,1,0,0,1,0,0
3379,705,5,1,0,0,6,0,2025,10,28,9,24,30,3,1,0,0,1,0,0
3380,705,5,3,0,0,8,0,2025,10,28,9,42,10,3,1,0,0,1,0,0
3381,705,7,2,0,0,9,0,2025,10,28,13,27,58,3,1,0,0,0,0,1
3382,705,7,4,2,0,13,1,2025,10,28,14,45,50,3,1,0,0,0,0,1
3383,705,6,2,1,0,9,0,2025,10,28,15,3,32,3,1,0,0,0,0,1
3384,705,8,2,0,0,10,1,2025,10,28,15,21,22,3,1,0,0,0,0,1
3385,705,13,0,0,0,13,0,2025,10,28,15,39,7,3,1,0,0,0,0,1
3386,705,12,2,0,0,14,1,2025,10,28,15,56,52,3,1,0,0,0,0,1
3387,705,11,1,0,0,12,0,2025,10,28,17,49,9,3,1,0,0,0,0,1
3388,705,16,2,0,0,18,1,2025,10,28,18,6,47,3,1,0,0,0,1,0
3389,705,10,3,0,0,13,1,2025,10,28,18,24,27,3,1,0,0,0,1,0
3390,705,8,0,0,0,8,0,2025,10,28,18,42,5,3,1,0,0,0,1,0
3391,705,7,1,0,0,8,1,2025,10,28,18,59,43,3,1,0,0,0,1,0
3392,705,5,2,0,0,7,0,2025,10,28,19,17,21,3,1,0,0,0,1,0
3393,705,1,0,0,0,1,0,2025,10,28,19,34,59,3,1,0,0,0,1,0
3394,705,1,0,0,0,1,0,2025,10,28,19,52,37,3,1,0,0,0,1,0
3395,705,12,2,1,0,15,1,2025,10,29,8,23,48,3,1,0,0,1,0,0
3396,705,18,4,1,0,23,2,2025,10,29,8,41,24,3,1,0,0,1,0,0
3397,705,8,6,0,0,14,1,2025,10,29,8,59,0,3,1,0,0,1,0,0
3398,705,12,5,0,0,17,1,2025,10,29,9,16,35,3,1,0,0,1,0,0
3399,705,13,4,0,0,17,1,2025,10,29,9,34,12,3,1,0,0,1,0,0
3400,705,8,3,0,0,11,1,2025,10,29,9,51,48,3,1,0,0,1,0,0
3401,705,13,3,1,0,17,2,2025,10,29,10,9,28,3,1,0,0,1,0,0
3402,705,10,6,0,0,16,1,2025,10,29,10,27,5,3,1,0,0,1,0,0
3403,705,8,6,0,0,14,2,2025,10,29,10,44,44,3,1,0,0,1,0,0
3404,705,10,6,0,0,16,1,2025,10,29,12,33,38,3,1,0,0,0,0,1
3405,705,14,4,0,0,18,1,2025,10,29,12,51,18,3,1,0,0,0,0,1
3406,705,9,5,0,0,14,1,2025,10,29,13,9,8,3,1,0,0,0,0,1
3407,705,10,1,0,0,11,1,2025,10,29,13,26,49,3,1,0,0,0,0,1
3408,705,12,4,0,0,16,1,2025,10,29,13,44,34,3,1,0,0,0,0,1
3409,705,12,2,0,0,14,1,2025,10,29,14,44,16,3,1,0,0,0,0,1
3410,705,15,2,0,0,17,2,2025,10,29,15,2,3,3,1,0,0,0,0,1
3411,705,15,2,0,0,17,1,2025,10,29,15,19,44,3,1,0,0,0,0,1
3412,705,18,3,0,0,21,2,2025,10,29,15,37,24,3,1,0,0,0,0,1
3413,705,14,1,0,0,15,1,2025,10,29,15,55,5,3,1,0,0,0,0,1
3414,705,11,2,0,0,13,1,2025,10,30,8,20,41,3,1,0,0,1,0,0
3415,705,7,1,0,0,8,0,2025,10,30,8,38,24,3,1,0,0,1,0,0
3416,705,7,2,0,0,9,1,2025,10,30,8,56,6,3,1,0,0,1,0,0
3417,705,5,5,0,0,10,1,2025,10,30,9,13,59,3,1,0,0,1,0,0
3418,705,11,2,0,0,13,1,2025,10,30,9,32,8,3,1,0,0,1,0,0
3419,705,6,4,0,0,10,1,2025,10,30,9,49,58,3,1,0,0,1,0,0
3420,705,3,0,0,0,3,0,2025,10,30,10,7,56,3,1,0,0,1,0,0
3421,705,9,2,0,0,11,1,2025,10,30,10,25,39,3,1,0,0,1,0,0
3422,705,7,0,0,0,7,0,2025,10,30,10,43,20,3,1,0,0,1,0,0
3423,705,10,1,0,0,11,1,2025,10,30,12,29,55,3,1,0,0,0,0,1
3424,705,7,4,0,0,11,1,2025,10,30,12,47,26,3,1,0,0,0,0,1
3425,705,9,0,0,0,9,1,2025,10,30,13,5,9,3,1,0,0,0,0,1
3426,705,7,2,0,0,9,1,2025,10,30,13,22,56,3,1,0,0,0,0,1
3427,705,12,3,0,0,15,1,2025,10,30,13,40,42,3,1,0,0,0,0,1
3428,705,7,2,0,0,9,1,2025,10,30,13,58,27,3,1,0,0,0,0,1
3429,705,9,2,0,0,11,1,2025,10,30,14,57,30,3,1,0,0,0,0,1
3430,705,7,1,0,0,8,1,2025,10,30,15,15,23,3,1,0,0,0,0,1
3431,705,16,1,0,0,17,1,2025,10,30,15,33,6,3,1,0,0,0,0,1
3432,705,8,1,0,0,9,0,2025,10,30,15,57,53,3,1,0,0,0,0,1
3433,705,6,4,0,0,10,0,2025,10,30,16,15,40,3,1,0,0,0,0,1
3434,705,4,0,0,0,4,0,2025,10,30,22,45,53,3,1,0,0,0,1,0
3435,705,11,2,2,0,15,1,2025,10,31,8,25,21,3,1,0,0,1,0,0
3436,705,10,1,1,0,12,1,2025,10,31,8,43,10,3,1,0,0,1,0,0
3437,705,6,3,0,0,9,1,2025,10,31,9,0,56,3,1,0,0,1,0,0
3438,705,7,0,0,0,7,0,2025,10,31,9,18,39,3,1,0,0,1,0,0
3439,705,7,2,0,0,9,1,2025,10,31,9,44,17,3,1,0,0,1,0,0
3440,705,9,1,0,0,10,0,2025,10,31,10,2,0,3,1,0,0,1,0,0
3441,705,5,2,0,0,7,0,2025,10,31,10,19,43,3,1,0,0,1,0,0
3442,705,7,2,0,0,9,1,2025,10,31,10,37,23,3,1,0,0,1,0,0
3443,705,11,2,0,0,13,1,2025,10,31,15,3,48,3,1,0,0,0,0,1
3444,705,14,2,0,0,16,1,2025,10,31,15,21,41,3,1,0,0,0,0,1
3445,705,13,1,1,0,15,1,2025,10,31,15,39,31,3,1,0,0,0,0,1
3446,705,13,1,0,0,14,1,2025,10,31,15,57,21,3,1,0,0,0,0,1
3447,705,13,1,0,0,14,0,2025,11,1,8,55,1,3,1,0,0,1,0,0
3448,705,7,1,0,0,8,0,2025,11,1,9,12,51,3,1,0,0,1,0,0
3449,705,14,0,0,0,14,1,2025,11,1,9,30,38,3,1,0,0,1,0,0
3450,705,11,1,0,0,12,0,2025,11,1,9,48,32,3,1,0,0,1,0,0
3451,705,8,0,0,0,8,0,2025,11,1,10,6,15,3,1,0,0,1,0,0
3452,705,14,0,0,0,14,0,2025,11,1,10,24,0,3,1,0,0,1,0,0
3453,705,15,0,0,0,15,1,2025,11,1,10,41,55,3,1,0,0,1,0,0
3454,705,13,1,0,0,14,1,2025,11,1,10,59,41,3,1,0,0,1,0,0
3455,705,17,1,0,0,18,1,2025,11,1,11,17,28,3,1,0,0,1,0,0
3456,705,17,0,0,0,17,1,2025,11,1,11,35,6,3,1,0,0,1,0,0
3457,705,17,0,0,0,17,1,2025,11,1,11,52,59,3,1,0,0,1,0,0
3458,705,19,0,0,0,19,2,2025,11,1,12,10,47,3,1,0,0,0,0,1
3459,705,12,1,0,0,13,1,2025,11,1,12,28,39,3,1,0,0,0,0,1
3460,705,18,0,0,0,18,2,2025,11,1,12,46,34,3,1,0,0,0,0,1
3461,705,15,0,0,0,15,0,2025,11,1,13,4,21,3,1,0,0,0,0,1
3462,705,18,0,0,0,18,1,2025,11,1,13,22,10,3,1,0,0,0,0,1
3463,705,18,1,1,0,20,1,2025,11,1,13,39,56,3,1,0,0,0,0,1
3464,705,20,1,0,0,21,1,2025,11,1,13,57,47,3,1,0,0,0,0,1
3465,705,16,0,0,0,16,1,2025,11,1,14,15,36,3,1,0,0,0,0,1
3466,705,14,0,0,0,14,1,2025,11,1,14,33,56,3,1,0,0,0,0,1
3467,705,17,0,0,0,17,1,2025,11,1,14,51,52,3,1,0,0,0,0,1
3468,705,8,2,0,0,10,2,2025,11,1,15,9,41,3,1,0,0,0,0,1
3469,705,17,0,0,0,17,1,2025,11,1,15,27,28,3,1,0,0,0,0,1
3470,705,10,1,0,0,11,0,2025,11,1,15,45,26,3,1,0,0,0,0,1
3471,705,12,2,0,0,14,0,2025,11,1,16,3,15,3,1,0,0,0,0,1
3472,705,14,0,0,0,14,0,2025,11,1,16,21,4,3,1,0,0,0,0,1
3473,705,9,0,1,0,10,1,2025,11,1,16,38,57,3,1,0,0,0,0,1
3474,705,14,0,0,0,14,1,2025,11,1,16,56,57,3,1,0,0,0,0,1
3475,705,13,0,0,0,13,1,2025,11,1,17,14,51,3,1,0,0,0,0,1
3476,705,13,1,0,0,14,0,2025,11,1,17,32,36,3,1,0,0,0,0,1
3477,705,11,1,0,0,12,0,2025,11,1,17,50,30,3,1,0,0,0,0,1
3478,705,15,0,0,0,15,0,2025,11,1,18,8,24,3,1,0,0,0,1,0
3479,705,9,1,0,0,10,1,2025,11,1,18,27,9,3,1,0,0,0,1,0
3480,705,10,0,0,0,10,0,2025,11,1,18,45,4,3,1,0,0,0,1,0
3481,705,8,0,0,0,8,0,2025,11,1,19,2,50,3,1,0,0,0,1,0
3482,705,7,0,0,0,7,0,2025,11,1,19,37,24,3,1,0,0,0,1,0
3483,726,1,2,1,0,4,0,2025,10,27,8,27,17,3,1,0,0,1,0,0
3484,726,1,1,0,0,2,0,2025,10,27,8,45,2,3,1,0,0,1,0,0
3485,726,0,0,0,0,0,0,2025,10,27,9,2,40,3,1,0,0,1,0,0
3486,726,0,0,0,0,0,0,2025,10,27,9,20,21,3,1,0,0,1,0,0
3487,726,0,0,0,0,0,0,2025,10,27,9,38,3,3,1,0,0,1,0,0
3488,726,0,0,0,0,0,0,2025,10,27,9,55,47,3,1,0,0,1,0,0
3489,726,2,2,0,0,4,1,2025,10,27,10,13,34,3,1,0,0,1,0,0
3490,726,2,1,0,0,3,0,2025,10,27,10,31,20,3,1,0,0,1,0,0
3491,726,3,3,0,0,6,0,2025,10,27,12,40,22,3,1,0,0,0,0,1
3492,726,3,0,0,0,3,0,2025,10,27,12,58,7,3,1,0,0,0,0,1
3493,726,0,0,0,0,0,0,2025,10,27,13,15,54,3,1,0,0,0,0,1
3494,726,3,0,0,0,3,0,2025,10,27,13,21,0,3,1,0,0,0,0,1
3495,726,1,0,0,0,1,0,2025,10,27,13,57,23,3,1,0,0,0,0,1
3496,726,1,1,0,0,2,0,2025,10,27,14,55,40,3,1,0,0,0,0,1
3497,726,2,2,0,0,4,1,2025,10,27,15,13,26,3,1,0,0,0,0,1
3498,726,7,1,0,0,8,1,2025,10,27,15,31,16,3,1,0,0,0,0,1
3499,726,2,0,0,0,2,0,2025,10,27,15,48,58,3,1,0,0,0,0,1
3500,726,2,2,0,0,4,0,2025,10,27,18,3,1,3,1,0,0,0,1,0
3501,726,2,0,0,0,2,0,2025,10,27,18,20,38,3,1,0,0,0,1,0
3502,726,0,1,0,0,1,0,2025,10,27,18,38,15,3,1,0,0,0,1,0
3503,726,1,1,0,0,2,0,2025,10,28,7,56,29,3,1,0,0,1,0,0
3504,726,5,3,0,0,8,0,2025,10,28,8,14,6,3,1,0,0,1,0,0
3505,726,3,1,0,0,4,0,2025,10,28,8,31,41,3,1,0,0,1,0,0
3506,726,2,1,0,0,3,0,2025,10,28,8,49,18,3,1,0,0,1,0,0
3507,726,2,0,0,0,2,0,2025,10,28,9,6,53,3,1,0,0,1,0,0
3508,726,3,0,0,0,3,0,2025,10,28,9,24,31,3,1,0,0,1,0,0
3509,726,6,2,0,0,8,0,2025,10,28,9,42,10,3,1,0,0,1,0,0
3510,726,0,2,0,0,2,1,2025,10,28,13,27,58,3,1,0,0,0,0,1
3511,726,1,2,0,0,3,1,2025,10,28,14,45,51,3,1,0,0,0,0,1
3512,726,4,5,0,0,9,1,2025,10,28,15,3,33,3,1,0,0,0,0,1
3513,726,4,2,0,0,6,1,2025,10,28,15,21,24,3,1,0,0,0,0,1
3514,726,2,2,0,0,4,0,2025,10,28,15,39,8,3,1,0,0,0,0,1
3515,726,4,3,0,0,7,1,2025,10,28,15,56,53,3,1,0,0,0,0,1
3516,726,2,2,0,0,4,0,2025,10,28,17,49,9,3,1,0,0,0,0,1
3517,726,2,0,0,0,2,0,2025,10,28,18,6,47,3,1,0,0,0,1,0
3518,726,5,3,0,0,8,1,2025,10,28,18,24,28,3,1,0,0,0,1,0
3519,726,1,0,0,0,1,0,2025,10,28,18,42,5,3,1,0,0,0,1,0
3520,726,0,1,0,0,1,1,2025,10,28,18,59,44,3,1,0,0,0,1,0
3521,726,0,0,0,0,0,0,2025,10,28,19,17,21,3,1,0,0,0,1,0
3522,726,1,0,0,0,1,0,2025,10,28,19,35,0,3,1,0,0,0,1,0
3523,726,2,0,0,0,2,0,2025,10,28,19,52,37,3,1,0,0,0,1,0
3524,726,2,1,1,0,4,0,2025,10,29,8,23,48,3,1,0,0,1,0,0
3525,726,2,3,0,0,5,0,2025,10,29,8,41,25,3,1,0,0,1,0,0
3526,726,1,1,1,0,3,0,2025,10,29,8,59,0,3,1,0,0,1,0,0
3527,726,2,1,1,0,4,0,2025,10,29,9,16,35,3,1,0,0,1,0,0
3528,726,1,0,0,0,1,0,2025,10,29,9,34,12,3,1,0,0,1,0,0
3529,726,2,3,0,0,5,1,2025,10,29,9,51,48,3,1,0,0,1,0,0
3530,726,2,4,2,0,8,1,2025,10,29,10,9,28,3,1,0,0,1,0,0
3531,726,2,1,0,0,3,0,2025,10,29,10,27,6,3,1,0,0,1,0,0
3532,726,1,1,0,0,2,0,2025,10,29,10,44,45,3,1,0,0,1,0,0
3533,726,1,0,0,0,1,0,2025,10,29,12,33,38,3,1,0,0,0,0,1
3534,726,2,1,0,0,3,0,2025,10,29,12,51,18,3,1,0,0,0,0,1
3535,726,2,2,0,0,4,0,2025,10,29,13,9,9,3,1,0,0,0,0,1
3536,726,0,0,0,0,0,0,2025,10,29,13,26,50,3,1,0,0,0,0,1
3537,726,1,0,0,0,1,0,2025,10,29,13,44,35,3,1,0,0,0,0,1
3538,726,3,1,0,0,4,0,2025,10,29,14,44,16,3,1,0,0,0,0,1
3539,726,3,0,0,0,3,0,2025,10,29,15,2,3,3,1,0,0,0,0,1
3540,726,3,1,0,0,4,0,2025,10,29,15,19,44,3,1,0,0,0,0,1
3541,726,6,0,0,0,6,0,2025,10,29,15,37,24,3,1,0,0,0,0,1
3542,726,1,0,0,0,1,0,2025,10,29,15,55,6,3,1,0,0,0,0,1
3543,726,0,1,0,0,1,0,2025,10,30,8,20,42,3,1,0,0,1,0,0
3544,726,4,1,1,0,6,1,2025,10,30,8,38,25,3,1,0,0,1,0,0
3545,726,1,2,0,0,3,0,2025,10,30,8,56,6,3,1,0,0,1,0,0
3546,726,3,3,0,0,6,1,2025,10,30,9,13,59,3,1,0,0,1,0,0
3547,726,4,5,2,0,11,1,2025,10,30,9,32,8,3,1,0,0,1,0,0
3548,726,4,7,0,0,11,1,2025,10,30,9,49,58,3,1,0,0,1,0,0
3549,726,3,5,0,0,8,1,2025,10,30,10,7,56,3,1,0,0,1,0,0
3550,726,4,1,1,0,6,0,2025,10,30,10,25,39,3,1,0,0,1,0,0
3551,726,6,4,0,0,10,1,2025,10,30,10,43,21,3,1,0,0,1,0,0
3552,726,4,2,1,0,7,0,2025,10,30,12,29,55,3,1,0,0,0,0,1
3553,726,4,4,1,0,9,1,2025,10,30,12,47,26,3,1,0,0,0,0,1
3554,726,3,1,1,0,5,1,2025,10,30,13,5,10,3,1,0,0,0,0,1
3555,726,3,3,0,0,6,0,2025,10,30,13,22,57,3,1,0,0,0,0,1
3556,726,10,1,0,0,11,0,2025,10,30,13,40,43,3,1,0,0,0,0,1
3557,726,6,2,0,0,8,1,2025,10,30,13,58,28,3,1,0,0,0,0,1
3558,726,3,2,0,0,5,0,2025,10,30,14,57,30,3,1,0,0,0,0,1
3559,726,6,2,0,0,8,0,2025,10,30,15,15,24,3,1,0,0,0,0,1
3560,726,5,3,0,0,8,0,2025,10,30,15,33,7,3,1,0,0,0,0,1
3561,726,5,3,0,0,8,1,2025,10,30,15,57,53,3,1,0,0,0,0,1
3562,726,6,1,0,0,7,0,2025,10,30,16,15,41,3,1,0,0,0,0,1
3563,726,0,0,0,0,0,0,2025,10,30,22,45,53,3,1,0,0,0,1,0
3564,726,6,0,0,0,6,0,2025,10,31,8,25,21,3,1,0,0,1,0,0
3565,726,4,0,0,0,4,0,2025,10,31,8,43,10,3,1,0,0,1,0,0
3566,726,2,0,0,0,2,0,2025,10,31,9,0,56,3,1,0,0,1,0,0
3567,726,1,0,0,0,1,0,2025,10,31,9,18,40,3,1,0,0,1,0,0
3568,726,0,0,0,0,0,0,2025,10,31,9,44,18,3,1,0,0,1,0,0
3569,726,2,0,0,0,2,0,2025,10,31,10,2,0,3,1,0,0,1,0,0
3570,726,0,1,0,0,1,1,2025,10,31,10,19,43,3,1,0,0,1,0,0
3571,726,2,1,0,0,3,0,2025,10,31,10,37,23,3,1,0,0,1,0,0
3572,726,2,1,0,0,3,1,2025,10,31,15,3,48,3,1,0,0,0,0,1
3573,726,5,1,0,0,6,0,2025,10,31,15,21,42,3,1,0,0,0,0,1
3574,726,1,0,0,0,1,0,2025,10,31,15,39,32,3,1,0,0,0,0,1
3575,726,0,2,1,0,3,0,2025,10,31,15,57,21,3,1,0,0,0,0,1
3576,726,2,0,0,0,2,0,2025,11,1,8,55,1,3,1,0,0,1,0,0
3577,726,0,1,0,0,1,0,2025,11,1,9,12,52,3,1,0,0,1,0,0
3578,726,3,0,0,0,3,0,2025,11,1,9,30,38,3,1,0,0,1,0,0
3579,726,2,0,0,0,2,0,2025,11,1,9,48,32,3,1,0,0,1,0,0
3580,726,7,0,0,0,7,0,2025,11,1,10,6,15,3,1,0,0,1,0,0
3581,726,4,0,0,0,4,0,2025,11,1,10,24,0,3,1,0,0,1,0,0
3582,726,2,0,0,0,2,0,2025,11,1,10,41,56,3,1,0,0,1,0,0
3583,726,6,1,0,0,7,0,2025,11,1,10,59,42,3,1,0,0,1,0,0
3584,726,7,2,1,0,10,0,2025,11,1,11,17,29,3,1,0,0,1,0,0
3585,726,8,1,0,0,9,0,2025,11,1,11,35,6,3,1,0,0,1,0,0
3586,726,10,2,0,0,12,0,2025,11,1,11,52,59,3,1,0,0,1,0,0
3587,726,5,2,0,0,7,0,2025,11,1,12,10,47,3,1,0,0,0,0,1
3588,726,5,3,0,0,8,0,2025,11,1,12,28,40,3,1,0,0,0,0,1
3589,726,5,0,0,0,5,0,2025,11,1,12,46,35,3,1,0,0,0,0,1
3590,726,7,0,0,0,7,0,2025,11,1,13,4,21,3,1,0,0,0,0,1
3591,726,3,1,1,0,5,0,2025,11,1,13,22,11,3,1,0,0,0,0,1
3592,726,6,0,0,0,6,0,2025,11,1,13,39,57,3,1,0,0,0,0,1
3593,726,9,0,0,0,9,0,2025,11,1,13,57,47,3,1,0,0,0,0,1
3594,726,3,0,0,0,3,0,2025,11,1,14,15,37,3,1,0,0,0,0,1
3595,726,4,0,0,0,4,0,2025,11,1,14,33,56,3,1,0,0,0,0,1
3596,726,5,0,0,0,5,0,2025,11,1,14,51,53,3,1,0,0,0,0,1
3597,726,1,0,0,0,1,0,2025,11,1,15,9,41,3,1,0,0,0,0,1
3598,726,5,2,0,0,7,0,2025,11,1,15,27,28,3,1,0,0,0,0,1
3599,726,4,0,0,0,4,0,2025,11,1,15,45,27,3,1,0,0,0,0,1
3600,726,3,0,0,0,3,0,2025,11,1,16,3,16,3,1,0,0,0,0,1
3601,726,0,0,0,0,0,0,2025,11,1,16,21,5,3,1,0,0,0,0,1
3602,726,3,1,0,0,4,0,2025,11,1,16,38,57,3,1,0,0,0,0,1
3603,726,0,1,0,0,1,0,2025,11,1,16,56,58,3,1,0,0,0,0,1
3604,726,1,0,0,0,1,0,2025,11,1,17,14,51,3,1,0,0,0,0,1
3605,726,0,0,0,0,0,0,2025,11,1,17,32,36,3,1,0,0,0,0,1
3606,726,4,2,0,0,6,0,2025,11,1,17,50,30,3,1,0,0,0,0,1
3607,726,2,0,0,0,2,0,2025,11,1,18,8,24,3,1,0,0,0,1,0
3608,726,1,0,0,0,1,0,2025,11,1,18,27,13,3,1,0,0,0,1,0
3609,726,0,0,0,0,0,0,2025,11,1,18,45,4,3,1,0,0,0,1,0
3610,726,0,0,0,0,0,0,2025,11,1,19,2,50,3,1,0,0,0,1,0
3611,726,0,0,0,0,0,0,2025,11,1,19,37,24,3,1,0,0,0,1,0
3612,731,9,4,0,0,13,1,2025,10,27,8,27,13,4,1,0,0,1,0,0
3613,731,9,2,0,0,11,1,2025,10,27,8,44,58,4,1,0,0,1,0,0
3614,731,8,2,0,0,10,1,2025,10,27,9,2,37,4,1,0,0,1,0,0
3615,731,5,2,2,0,9,1,2025,10,27,9,20,18,4,1,0,0,1,0,0
3616,731,13,5,0,0,18,1,2025,10,27,9,38,0,4,1,0,0,1,0,0
3617,731,9,0,0,0,9,1,2025,10,27,9,55,42,4,1,0,0,1,0,0
3618,731,7,1,0,0,8,0,2025,10,27,10,13,28,4,1,0,0,1,0,0
3619,731,5,1,0,0,6,0,2025,10,27,10,31,15,4,1,0,0,1,0,0
3620,731,9,3,0,0,12,1,2025,10,27,12,40,17,4,1,0,0,0,0,1
3621,731,7,1,0,0,8,1,2025,10,27,12,58,1,4,1,0,0,0,0,1
3622,731,9,1,0,0,10,1,2025,10,27,13,15,47,4,1,0,0,0,0,1
3623,731,8,1,0,0,9,0,2025,10,27,13,20,54,4,1,0,0,0,0,1
3624,731,10,2,0,0,12,0,2025,10,27,13,57,18,4,1,0,0,0,0,1
3625,731,9,1,0,0,10,0,2025,10,27,14,55,36,4,1,0,0,0,0,1
3626,731,10,0,0,0,10,0,2025,10,27,15,13,21,4,1,0,0,0,0,1
3627,731,16,1,0,0,17,1,2025,10,27,15,31,8,4,1,0,0,0,0,1
3628,731,17,2,0,0,19,1,2025,10,27,15,48,55,4,1,0,0,0,0,1
3629,731,20,0,1,0,21,1,2025,10,27,18,2,59,4,1,0,0,0,1,0
3630,731,24,3,1,0,28,1,2025,10,27,18,20,35,4,1,0,0,0,1,0
3631,731,15,2,0,0,17,1,2025,10,27,18,38,12,4,1,0,0,0,1,0
3632,731,25,6,0,0,31,2,2025,10,28,7,56,26,4,1,0,0,1,0,0
3633,731,19,4,0,0,23,2,2025,10,28,8,14,3,4,1,0,0,1,0,0
3634,731,13,3,1,0,17,1,2025,10,28,8,31,39,4,1,0,0,1,0,0
3635,731,17,3,0,0,20,1,2025,10,28,8,49,15,4,1,0,0,1,0,0
3636,731,16,5,1,0,22,2,2025,10,28,9,6,51,4,1,0,0,1,0,0
3637,731,20,6,0,0,26,3,2025,10,28,9,24,27,4,1,0,0,1,0,0
3638,731,11,3,0,0,14,1,2025,10,28,9,42,6,4,1,0,0,1,0,0
3639,731,9,3,1,0,13,0,2025,10,28,13,27,53,4,1,0,0,0,0,1
3640,731,7,0,0,0,7,0,2025,10,28,14,45,45,4,1,0,0,0,0,1
3641,731,15,1,0,0,16,0,2025,10,28,15,3,27,4,1,0,0,0,0,1
3642,731,26,2,0,0,28,1,2025,10,28,15,21,14,4,1,0,0,0,0,1
3643,731,20,2,0,0,22,1,2025,10,28,15,39,1,4,1,0,0,0,0,1
3644,731,13,3,0,0,16,1,2025,10,28,15,56,46,4,1,0,0,0,0,1
3645,731,16,0,0,0,16,1,2025,10,28,17,49,7,4,1,0,0,0,0,1
3646,731,15,3,0,0,18,1,2025,10,28,18,6,43,4,1,0,0,0,1,0
3647,731,14,2,1,0,17,1,2025,10,28,18,24,22,4,1,0,0,0,1,0
3648,731,10,3,0,0,13,1,2025,10,28,18,42,2,4,1,0,0,0,1,0
3649,731,10,0,2,0,12,1,2025,10,28,18,59,40,4,1,0,0,0,1,0
3650,731,8,0,0,0,8,0,2025,10,28,19,17,18,4,1,0,0,0,1,0
3651,731,7,0,0,0,7,0,2025,10,28,19,34,55,4,1,0,0,0,1,0
3652,731,3,0,0,0,3,0,2025,10,28,19,52,34,4,1,0,0,0,1,0
3653,731,14,4,0,0,18,1,2025,10,29,8,23,45,4,1,0,0,1,0,0
3654,731,19,3,0,0,22,1,2025,10,29,8,41,21,4,1,0,0,1,0,0
3655,731,16,1,1,0,18,1,2025,10,29,8,58,58,4,1,0,0,1,0,0
3656,731,15,2,0,0,17,1,2025,10,29,9,16,33,4,1,0,0,1,0,0
3657,731,14,3,2,0,19,1,2025,10,29,9,34,9,4,1,0,0,1,0,0
3658,731,12,2,0,0,14,1,2025,10,29,9,51,46,4,1,0,0,1,0,0
3659,731,7,3,0,0,10,1,2025,10,29,10,9,23,4,1,0,0,1,0,0
3660,731,17,1,0,0,18,1,2025,10,29,10,27,2,4,1,0,0,1,0,0
3661,731,13,1,0,0,14,1,2025,10,29,10,44,41,4,1,0,0,1,0,0
3662,731,21,5,0,0,26,2,2025,10,29,12,33,33,4,1,0,0,0,0,1
3663,731,10,0,0,0,10,0,2025,10,29,12,51,14,4,1,0,0,0,0,1
3664,731,10,4,0,0,14,1,2025,10,29,13,8,58,4,1,0,0,0,0,1
3665,731,10,3,0,0,13,1,2025,10,29,13,26,45,4,1,0,0,0,0,1
3666,731,12,1,0,0,13,1,2025,10,29,13,44,29,4,1,0,0,0,0,1
3667,731,13,0,0,0,13,0,2025,10,29,14,44,11,4,1,0,0,0,0,1
3668,731,13,1,0,0,14,0,2025,10,29,15,1,53,4,1,0,0,0,0,1
3669,731,9,0,1,0,10,0,2025,10,29,15,19,39,4,1,0,0,0,0,1
3670,731,10,0,0,0,10,0,2025,10,29,15,37,20,4,1,0,0,0,0,1
3671,731,15,0,0,0,15,1,2025,10,29,15,55,0,4,1,0,0,0,0,1
3672,731,14,2,0,0,16,1,2025,10,30,8,20,36,4,1,0,0,1,0,0
3673,731,11,1,0,0,12,0,2025,10,30,8,38,19,4,1,0,0,1,0,0
3674,731,19,2,0,0,21,3,2025,10,30,8,56,2,4,1,0,0,1,0,0
3675,731,19,6,1,0,26,2,2025,10,30,9,13,54,4,1,0,0,1,0,0
3676,731,10,4,0,0,14,1,2025,10,30,9,31,59,4,1,0,0,1,0,0
3677,731,8,0,0,0,8,0,2025,10,30,9,49,53,4,1,0,0,1,0,0
3678,731,7,1,0,0,8,0,2025,10,30,10,7,43,4,1,0,0,1,0,0
3679,731,11,5,0,0,16,0,2025,10,30,10,25,33,4,1,0,0,1,0,0
3680,731,11,4,2,0,17,1,2025,10,30,10,43,15,4,1,0,0,1,0,0
3681,731,13,2,0,0,15,0,2025,10,30,12,29,48,4,1,0,0,0,0,1
3682,731,9,2,0,0,11,0,2025,10,30,12,47,19,4,1,0,0,0,0,1
3683,731,10,1,0,0,11,0,2025,10,30,13,5,4,4,1,0,0,0,0,1
3684,731,8,0,0,0,8,0,2025,10,30,13,22,49,4,1,0,0,0,0,1
3685,731,4,1,0,0,5,0,2025,10,30,13,40,35,4,1,0,0,0,0,1
3686,731,9,4,0,0,13,1,2025,10,30,13,58,21,4,1,0,0,0,0,1
3687,731,11,1,0,0,12,0,2025,10,30,14,57,23,4,1,0,0,0,0,1
3688,731,8,0,0,0,8,0,2025,10,30,15,15,17,4,1,0,0,0,0,1
3689,731,6,2,0,0,8,0,2025,10,30,15,33,1,4,1,0,0,0,0,1
3690,731,7,1,1,0,9,1,2025,10,30,15,57,46,4,1,0,0,0,0,1
3691,731,13,1,0,0,14,0,2025,10,30,16,15,33,4,1,0,0,0,0,1
3692,731,1,0,0,0,1,0,2025,10,30,22,45,49,4,1,0,0,0,1,0
3693,731,15,3,0,0,18,1,2025,10,31,8,25,17,4,1,0,0,1,0,0
3694,731,13,2,0,0,15,1,2025,10,31,8,43,3,4,1,0,0,1,0,0
3695,731,20,3,1,0,24,1,2025,10,31,9,0,50,4,1,0,0,1,0,0
3696,731,17,3,0,0,20,1,2025,10,31,9,18,35,4,1,0,0,1,0,0
3697,731,13,1,1,0,15,1,2025,10,31,9,44,13,4,1,0,0,1,0,0
3698,731,13,5,0,0,18,1,2025,10,31,10,1,55,4,1,0,0,1,0,0
3699,731,4,5,2,0,11,1,2025,10,31,10,19,39,4,1,0,0,1,0,0
3700,731,16,3,0,0,19,1,2025,10,31,10,37,19,4,1,0,0,1,0,0
3701,731,30,4,0,0,34,2,2025,10,31,15,3,40,4,1,0,0,0,0,1
3702,731,31,3,0,0,34,1,2025,10,31,15,21,33,4,1,0,0,0,0,1
3703,731,27,6,1,0,34,1,2025,10,31,15,39,26,4,1,0,0,0,0,1
3704,731,22,1,0,0,23,1,2025,10,31,15,57,15,4,1,0,0,0,0,1
3705,731,9,1,0,0,10,0,2025,11,1,8,54,53,4,1,0,0,1,0,0
3706,731,4,0,0,0,4,0,2025,11,1,9,12,39,4,1,0,0,1,0,0
3707,731,0,0,0,0,0,0,2025,11,1,9,30,33,4,1,0,0,1,0,0
3708,731,2,1,0,0,3,0,2025,11,1,9,48,20,4,1,0,0,1,0,0
3709,731,2,0,0,0,2,0,2025,11,1,10,6,10,4,1,0,0,1,0,0
3710,731,10,1,0,0,11,0,2025,11,1,10,23,54,4,1,0,0,1,0,0
3711,731,10,1,0,0,11,0,2025,11,1,10,41,40,4,1,0,0,1,0,0
3712,731,9,2,0,0,11,1,2025,11,1,10,59,36,4,1,0,0,1,0,0
3713,731,17,2,0,0,19,1,2025,11,1,11,17,21,4,1,0,0,1,0,0
3714,731,18,1,1,0,20,1,2025,11,1,11,35,3,4,1,0,0,1,0,0
3715,731,11,1,1,0,13,1,2025,11,1,11,52,47,4,1,0,0,1,0,0
3716,731,18,0,0,0,18,1,2025,11,1,12,10,41,4,1,0,0,0,0,1
3717,731,15,1,0,0,16,1,2025,11,1,12,28,32,4,1,0,0,0,0,1
3718,731,22,1,0,0,23,1,2025,11,1,12,46,20,4,1,0,0,0,0,1
3719,731,19,1,0,0,20,1,2025,11,1,13,4,16,4,1,0,0,0,0,1
3720,731,16,0,0,0,16,1,2025,11,1,13,22,4,4,1,0,0,0,0,1
3721,731,20,1,0,0,21,1,2025,11,1,13,39,48,4,1,0,0,0,0,1
3722,731,22,1,0,0,23,1,2025,11,1,13,57,40,4,1,0,0,0,0,1
3723,731,18,2,0,0,20,1,2025,11,1,14,15,30,4,1,0,0,0,0,1
3724,731,21,1,0,0,22,1,2025,11,1,14,33,40,4,1,0,0,0,0,1
3725,731,11,0,0,0,11,0,2025,11,1,14,51,38,4,1,0,0,0,0,1
3726,731,14,1,0,0,15,1,2025,11,1,15,9,34,4,1,0,0,0,0,1
3727,731,14,1,0,0,15,1,2025,11,1,15,27,21,4,1,0,0,0,0,1
3728,731,11,0,0,0,11,0,2025,11,1,15,45,13,4,1,0,0,0,0,1
3729,731,12,1,0,0,13,1,2025,11,1,16,3,9,4,1,0,0,0,0,1
3730,731,15,1,0,0,16,1,2025,11,1,16,20,58,4,1,0,0,0,0,1
3731,731,13,0,0,0,13,1,2025,11,1,16,38,46,4,1,0,0,0,0,1
3732,731,13,0,0,0,13,1,2025,11,1,16,56,43,4,1,0,0,0,0,1
3733,731,10,0,0,0,10,0,2025,11,1,17,14,42,4,1,0,0,0,0,1
3734,731,12,0,0,0,12,1,2025,11,1,17,32,29,4,1,0,0,0,0,1
3735,731,10,0,0,0,10,1,2025,11,1,17,50,23,4,1,0,0,0,0,1
3736,731,12,0,0,0,12,1,2025,11,1,18,8,12,4,1,0,0,0,1,0
3737,731,8,1,1,0,10,1,2025,11,1,18,27,2,4,1,0,0,0,1,0
3738,731,3,0,0,0,3,0,2025,11,1,18,44,58,4,1,0,0,0,1,0
3739,731,5,0,0,0,5,0,2025,11,1,19,2,44,4,1,0,0,0,1,0
3740,731,3,1,0,0,4,1,2025,11,1,19,37,20,4,1,0,0,0,1,0
3741,771,33,4,2,0,39,2,2025,10,27,8,27,12,42,1,0,0,1,0,0
3742,771,24,5,2,0,31,2,2025,10,27,8,44,56,42,1,0,0,1,0,0
3743,771,25,7,0,0,32,2,2025,10,27,9,2,37,42,1,0,0,1,0,0
3744,771,14,8,0,0,22,2,2025,10,27,9,20,16,42,1,0,0,1,0,0
3745,771,11,5,0,0,16,1,2025,10,27,9,37,59,42,1,0,0,1,0,0
3746,771,16,4,1,0,21,1,2025,10,27,9,55,40,42,1,0,0,1,0,0
3747,771,17,5,1,0,23,2,2025,10,27,10,13,27,42,1,0,0,1,0,0
3748,771,12,1,0,0,13,1,2025,10,27,10,31,14,42,1,0,0,1,0,0
3749,771,23,2,0,0,25,1,2025,10,27,12,40,16,42,1,0,0,0,0,1
3750,771,30,0,0,0,30,1,2025,10,27,12,57,59,42,1,0,0,0,0,1
3751,771,26,1,0,0,27,1,2025,10,27,13,15,45,42,1,0,0,0,0,1
3752,771,23,2,1,0,26,1,2025,10,27,13,20,52,42,1,0,0,0,0,1
3753,771,18,2,1,0,21,1,2025,10,27,13,57,16,42,1,0,0,0,0,1
3754,771,28,2,0,0,30,1,2025,10,27,14,55,35,42,1,0,0,0,0,1
3755,771,22,1,2,0,25,1,2025,10,27,15,13,21,42,1,0,0,0,0,1
3756,771,24,4,0,0,28,1,2025,10,27,15,31,7,42,1,0,0,0,0,1
3757,771,25,0,0,0,25,1,2025,10,27,15,48,55,42,1,0,0,0,0,1
3758,771,26,5,0,0,31,1,2025,10,27,18,2,58,42,1,0,0,0,1,0
3759,771,29,1,0,0,30,2,2025,10,27,18,20,34,42,1,0,0,0,1,0
3760,771,7,3,0,0,10,1,2025,10,27,18,38,11,42,1,0,0,0,1,0
3761,771,15,1,1,0,17,1,2025,10,28,7,56,25,42,1,0,0,1,0,0
3762,771,20,1,1,0,22,1,2025,10,28,8,14,2,42,1,0,0,1,0,0
3763,771,18,2,1,0,21,1,2025,10,28,8,31,39,42,1,0,0,1,0,0
3764,771,20,2,0,0,22,0,2025,10,28,8,49,14,42,1,0,0,1,0,0
3765,771,12,0,0,0,12,1,2025,10,28,9,6,50,42,1,0,0,1,0,0
3766,771,13,2,0,0,15,1,2025,10,28,9,24,26,42,1,0,0,1,0,0
3767,771,14,2,1,0,17,1,2025,10,28,9,42,4,42,1,0,0,1,0,0
3768,771,18,3,0,0,21,0,2025,10,28,13,27,51,42,1,0,0,0,0,1
3769,771,15,3,0,0,18,1,2025,10,28,14,45,44,42,1,0,0,0,0,1
3770,771,18,2,1,0,21,2,2025,10,28,15,3,26,42,1,0,0,0,0,1
3771,771,15,3,0,0,18,1,2025,10,28,15,21,11,42,1,0,0,0,0,1
3772,771,18,0,0,0,18,1,2025,10,28,15,39,0,42,1,0,0,0,0,1
3773,771,16,2,1,0,19,1,2025,10,28,15,56,44,42,1,0,0,0,0,1
3774,771,26,4,1,0,31,2,2025,10,28,17,49,6,42,1,0,0,0,0,1
3775,771,31,3,0,0,34,1,2025,10,28,18,6,41,42,1,0,0,0,1,0
3776,771,31,2,1,0,34,2,2025,10,28,18,24,21,42,1,0,0,0,1,0
3777,771,22,2,1,0,25,1,2025,10,28,18,42,1,42,1,0,0,0,1,0
3778,771,17,1,2,0,20,1,2025,10,28,18,59,39,42,1,0,0,0,1,0
3779,771,19,2,1,0,22,1,2025,10,28,19,17,17,42,1,0,0,0,1,0
3780,771,16,1,2,0,19,1,2025,10,28,19,34,54,42,1,0,0,0,1,0
3781,771,19,0,1,0,20,1,2025,10,28,19,52,33,42,1,0,0,0,1,0
3782,771,25,3,1,0,29,2,2025,10,29,8,23,44,42,1,0,0,1,0,0
3783,771,21,3,1,0,25,2,2025,10,29,8,41,21,42,1,0,0,1,0,0
3784,771,28,4,4,0,36,1,2025,10,29,8,58,57,42,1,0,0,1,0,0
3785,771,29,3,3,0,35,1,2025,10,29,9,16,32,42,1,0,0,1,0,0
3786,771,24,4,1,0,29,1,2025,10,29,9,34,8,42,1,0,0,1,0,0
3787,771,19,3,3,0,25,2,2025,10,29,9,51,45,42,1,0,0,1,0,0
3788,771,22,2,1,0,25,1,2025,10,29,10,9,22,42,1,0,0,1,0,0
3789,771,20,3,1,0,24,1,2025,10,29,10,27,1,42,1,0,0,1,0,0
3790,771,32,2,0,0,34,1,2025,10,29,10,44,39,42,1,0,0,1,0,0
3791,771,26,3,1,0,30,1,2025,10,29,12,33,31,42,1,0,0,0,0,1
3792,771,26,2,2,0,30,1,2025,10,29,12,51,13,42,1,0,0,0,0,1
3793,771,24,2,0,0,26,1,2025,10,29,13,8,56,42,1,0,0,0,0,1
3794,771,26,1,0,0,27,1,2025,10,29,13,26,43,42,1,0,0,0,0,1
3795,771,16,1,2,0,19,2,2025,10,29,13,44,24,42,1,0,0,0,0,1
3796,771,22,2,0,0,24,1,2025,10,29,14,44,10,42,1,0,0,0,0,1
3797,771,25,1,0,0,26,1,2025,10,29,15,1,52,42,1,0,0,0,0,1
3798,771,28,2,2,0,32,2,2025,10,29,15,19,38,42,1,0,0,0,0,1
3799,771,25,1,2,0,28,1,2025,10,29,15,37,18,42,1,0,0,0,0,1
3800,771,21,2,1,0,24,1,2025,10,29,15,54,58,42,1,0,0,0,0,1
3801,771,21,5,2,0,28,2,2025,10,30,8,20,35,42,1,0,0,1,0,0
3802,771,25,3,0,0,28,1,2025,10,30,8,38,17,42,1,0,0,1,0,0
3803,771,21,4,3,0,28,2,2025,10,30,8,56,0,42,1,0,0,1,0,0
3804,771,30,2,1,0,33,2,2025,10,30,9,13,52,42,1,0,0,1,0,0
3805,771,27,0,0,0,27,1,2025,10,30,9,31,53,42,1,0,0,1,0,0
3806,771,16,5,1,0,22,2,2025,10,30,9,49,52,42,1,0,0,1,0,0
3807,771,19,1,0,0,20,1,2025,10,30,10,7,42,42,1,0,0,1,0,0
3808,771,22,6,1,0,29,1,2025,10,30,10,25,31,42,1,0,0,1,0,0
3809,771,14,6,2,0,22,1,2025,10,30,10,43,14,42,1,0,0,1,0,0
3810,771,15,5,1,0,21,2,2025,10,30,12,29,47,42,1,0,0,0,0,1
3811,771,19,4,2,0,25,1,2025,10,30,12,47,18,42,1,0,0,0,0,1
3812,771,19,4,2,0,25,2,2025,10,30,13,5,2,42,1,0,0,0,0,1
3813,771,21,3,1,0,25,1,2025,10,30,13,22,48,42,1,0,0,0,0,1
3814,771,23,3,0,0,26,1,2025,10,30,13,40,34,42,1,0,0,0,0,1
3815,771,18,2,2,0,22,1,2025,10,30,13,58,20,42,1,0,0,0,0,1
3816,771,25,2,1,0,28,2,2025,10,30,14,57,21,42,1,0,0,0,0,1
3817,771,27,1,0,0,28,1,2025,10,30,15,15,15,42,1,0,0,0,0,1
3818,771,23,1,1,0,25,1,2025,10,30,15,32,59,42,1,0,0,0,0,1
3819,771,26,2,0,0,28,1,2025,10,30,15,57,44,42,1,0,0,0,0,1
3820,771,26,1,1,0,28,2,2025,10,30,16,15,31,42,1,0,0,0,0,1
3821,771,18,0,0,0,18,1,2025,10,30,22,45,47,42,1,0,0,0,1,0
3822,771,23,2,2,0,27,2,2025,10,31,8,25,16,42,1,0,0,1,0,0
3823,771,21,2,0,0,23,1,2025,10,31,8,43,0,42,1,0,0,1,0,0
3824,771,21,3,1,0,25,1,2025,10,31,9,0,48,42,1,0,0,1,0,0
3825,771,18,6,1,0,25,1,2025,10,31,9,18,34,42,1,0,0,1,0,0
3826,771,25,2,1,0,28,2,2025,10,31,9,44,12,42,1,0,0,1,0,0
3827,771,25,1,2,0,28,1,2025,10,31,10,1,53,42,1,0,0,1,0,0
3828,771,21,2,1,0,24,1,2025,10,31,10,19,37,42,1,0,0,1,0,0
3829,771,26,0,1,0,27,1,2025,10,31,10,37,18,42,1,0,0,1,0,0
3830,771,24,1,0,0,25,1,2025,10,31,15,3,39,42,1,0,0,0,0,1
3831,771,23,2,1,0,26,2,2025,10,31,15,21,31,42,1,0,0,0,0,1
3832,771,31,4,0,0,35,2,2025,10,31,15,39,24,42,1,0,0,0,0,1
3833,771,23,3,1,0,27,1,2025,10,31,15,57,14,42,1,0,0,0,0,1
3834,771,27,1,0,0,28,1,2025,11,1,8,54,51,42,1,0,0,1,0,0
3835,771,35,3,0,0,38,2,2025,11,1,9,12,37,42,1,0,0,1,0,0
3836,771,28,2,1,0,31,2,2025,11,1,9,30,31,42,1,0,0,1,0,0
3837,771,25,2,0,0,27,2,2025,11,1,9,48,18,42,1,0,0,1,0,0
3838,771,30,2,1,0,33,2,2025,11,1,10,6,8,42,1,0,0,1,0,0
3839,771,36,1,0,0,37,2,2025,11,1,10,23,53,42,1,0,0,1,0,0
3840,771,34,0,1,0,35,2,2025,11,1,10,41,38,42,1,0,0,1,0,0
3841,771,26,1,0,0,27,1,2025,11,1,10,59,33,42,1,0,0,1,0,0
3842,771,21,2,1,0,24,1,2025,11,1,11,17,20,42,1,0,0,1,0,0
3843,771,25,4,1,0,30,1,2025,11,1,11,35,2,42,1,0,0,1,0,0
3844,771,27,2,0,0,29,1,2025,11,1,11,52,45,42,1,0,0,1,0,0
3845,771,20,0,0,0,20,1,2025,11,1,12,10,40,42,1,0,0,0,0,1
3846,771,21,1,0,0,22,1,2025,11,1,12,28,26,42,1,0,0,0,0,1
3847,771,15,1,0,0,16,1,2025,11,1,12,46,17,42,1,0,0,0,0,1
3848,771,14,2,0,0,16,1,2025,11,1,13,4,15,42,1,0,0,0,0,1
3849,771,23,0,0,0,23,1,2025,11,1,13,22,1,42,1,0,0,0,0,1
3850,771,19,0,0,0,19,1,2025,11,1,13,39,47,42,1,0,0,0,0,1
3851,771,18,0,0,0,18,0,2025,11,1,13,57,37,42,1,0,0,0,0,1
3852,771,15,0,0,0,15,0,2025,11,1,14,15,28,42,1,0,0,0,0,1
3853,771,19,1,0,0,20,1,2025,11,1,14,33,31,42,1,0,0,0,0,1
3854,771,9,2,0,0,11,0,2025,11,1,14,51,36,42,1,0,0,0,0,1
3855,771,14,1,0,0,15,0,2025,11,1,15,9,33,42,1,0,0,0,0,1
3856,771,16,1,0,0,17,0,2025,11,1,15,27,20,42,1,0,0,0,0,1
3857,771,12,0,0,0,12,0,2025,11,1,15,45,11,42,1,0,0,0,0,1
3858,771,10,0,1,0,11,1,2025,11,1,16,3,6,42,1,0,0,0,0,1
3859,771,14,0,0,0,14,0,2025,11,1,16,20,55,42,1,0,0,0,0,1
3860,771,13,1,0,0,14,0,2025,11,1,16,38,44,42,1,0,0,0,0,1
3861,771,11,2,0,0,13,0,2025,11,1,16,56,41,42,1,0,0,0,0,1
3862,771,15,3,0,0,18,1,2025,11,1,17,14,39,42,1,0,0,0,0,1
3863,771,15,0,0,0,15,0,2025,11,1,17,32,26,42,1,0,0,0,0,1
3864,771,19,0,0,0,19,1,2025,11,1,17,50,21,42,1,0,0,0,0,1
3865,771,13,1,0,0,14,0,2025,11,1,18,8,11,42,1,0,0,0,1,0
3866,771,13,0,0,0,13,0,2025,11,1,18,27,0,42,1,0,0,0,1,0
3867,771,2,0,0,0,2,0,2025,11,1,18,44,55,42,1,0,0,0,1,0
3868,771,8,0,0,0,8,0,2025,11,1,19,2,42,42,1,0,0,0,1,0
3869,771,9,1,0,0,10,1,2025,11,1,19,37,19,42,1,0,0,0,1,0
3870,773,27,0,0,0,27,1,2025,10,27,8,27,12,42,1,0,0,1,0,0
3871,773,18,1,0,0,19,1,2025,10,27,8,44,57,42,1,0,0,1,0,0
3872,773,13,1,0,0,14,1,2025,10,27,9,2,37,42,1,0,0,1,0,0
3873,773,11,1,0,0,12,1,2025,10,27,9,20,17,42,1,0,0,1,0,0
3874,773,12,0,0,0,12,1,2025,10,27,9,37,59,42,1,0,0,1,0,0
3875,773,8,2,0,0,10,1,2025,10,27,9,55,41,42,1,0,0,1,0,0
3876,773,14,1,0,0,15,1,2025,10,27,10,13,27,42,1,0,0,1,0,0
3877,773,12,3,0,0,15,1,2025,10,27,10,31,14,42,1,0,0,1,0,0
3878,773,16,2,0,0,18,1,2025,10,27,12,40,16,42,1,0,0,0,0,1
3879,773,13,2,1,0,16,1,2025,10,27,12,57,59,42,1,0,0,0,0,1
3880,773,10,3,2,0,15,1,2025,10,27,13,15,45,42,1,0,0,0,0,1
3881,773,13,0,0,0,13,1,2025,10,27,13,20,52,42,1,0,0,0,0,1
3882,773,13,1,0,0,14,1,2025,10,27,13,57,16,42,1,0,0,0,0,1
3883,773,22,0,0,0,22,0,2025,10,27,14,55,35,42,1,0,0,0,0,1
3884,773,16,0,0,0,16,0,2025,10,27,15,13,21,42,1,0,0,0,0,1
3885,773,10,0,0,0,10,0,2025,10,27,15,31,7,42,1,0,0,0,0,1
3886,773,4,0,0,0,4,0,2025,10,27,15,48,55,42,1,0,0,0,0,1
3887,773,15,2,0,0,17,1,2025,10,27,18,2,59,42,1,0,0,0,1,0
3888,773,21,1,0,0,22,1,2025,10,27,18,20,35,42,1,0,0,0,1,0
3889,773,18,1,1,0,20,0,2025,10,27,18,38,11,42,1,0,0,0,1,0
3890,773,21,3,0,0,24,1,2025,10,28,7,56,26,42,1,0,0,1,0,0
3891,773,31,0,1,0,32,1,2025,10,28,8,14,2,42,1,0,0,1,0,0
3892,773,26,0,0,0,26,1,2025,10,28,8,31,39,42,1,0,0,1,0,0
3893,773,25,3,2,0,30,2,2025,10,28,8,49,15,42,1,0,0,1,0,0
3894,773,20,0,1,0,21,1,2025,10,28,9,6,50,42,1,0,0,1,0,0
3895,773,13,0,0,0,13,0,2025,10,28,9,24,27,42,1,0,0,1,0,0
3896,773,15,3,0,0,18,1,2025,10,28,9,42,5,42,1,0,0,1,0,0
3897,773,18,2,1,0,21,1,2025,10,28,13,27,52,42,1,0,0,0,0,1
3898,773,22,1,0,0,23,1,2025,10,28,14,45,44,42,1,0,0,0,0,1
3899,773,27,1,1,0,29,2,2025,10,28,15,3,26,42,1,0,0,0,0,1
3900,773,31,1,0,0,32,1,2025,10,28,15,21,11,42,1,0,0,0,0,1
3901,773,22,0,1,0,23,1,2025,10,28,15,39,0,42,1,0,0,0,0,1
3902,773,32,3,0,0,35,1,2025,10,28,15,56,44,42,1,0,0,0,0,1
3903,773,22,0,0,0,22,1,2025,10,28,17,49,6,42,1,0,0,0,0,1
3904,773,28,2,0,0,30,1,2025,10,28,18,6,41,42,1,0,0,0,1,0
3905,773,18,1,1,0,20,1,2025,10,28,18,24,22,42,1,0,0,0,1,0
3906,773,16,0,0,0,16,1,2025,10,28,18,42,1,42,1,0,0,0,1,0
3907,773,22,0,0,0,22,1,2025,10,28,18,59,39,42,1,0,0,0,1,0
3908,773,14,0,1,0,15,1,2025,10,28,19,17,17,42,1,0,0,0,1,0
3909,773,8,0,0,0,8,1,2025,10,28,19,34,54,42,1,0,0,0,1,0
3910,773,17,0,0,0,17,1,2025,10,28,19,52,33,42,1,0,0,0,1,0
3911,773,23,1,0,0,24,1,2025,10,29,8,23,44,42,1,0,0,1,0,0
3912,773,23,1,2,0,26,1,2025,10,29,8,41,21,42,1,0,0,1,0,0
3913,773,28,0,0,0,28,1,2025,10,29,8,58,58,42,1,0,0,1,0,0
3914,773,17,2,1,0,20,0,2025,10,29,9,16,32,42,1,0,0,1,0,0
3915,773,28,1,1,0,30,1,2025,10,29,9,34,9,42,1,0,0,1,0,0
3916,773,14,2,0,0,16,1,2025,10,29,9,51,45,42,1,0,0,1,0,0
3917,773,23,1,1,0,25,1,2025,10,29,10,9,23,42,1,0,0,1,0,0
3918,773,13,3,0,0,16,1,2025,10,29,10,27,2,42,1,0,0,1,0,0
3919,773,18,4,2,0,24,1,2025,10,29,10,44,40,42,1,0,0,1,0,0
3920,773,14,3,1,0,18,1,2025,10,29,12,33,31,42,1,0,0,0,0,1
3921,773,15,3,0,0,18,1,2025,10,29,12,51,13,42,1,0,0,0,0,1
3922,773,15,2,0,0,17,0,2025,10,29,13,8,57,42,1,0,0,0,0,1
3923,773,14,5,0,0,19,1,2025,10,29,13,26,44,42,1,0,0,0,0,1
3924,773,26,4,0,0,30,2,2025,10,29,13,44,27,42,1,0,0,0,0,1
3925,773,26,1,0,0,27,1,2025,10,29,14,44,10,42,1,0,0,0,0,1
3926,773,22,2,0,0,24,1,2025,10,29,15,1,52,42,1,0,0,0,0,1
3927,773,23,1,1,0,25,1,2025,10,29,15,19,38,42,1,0,0,0,0,1
3928,773,26,2,0,0,28,1,2025,10,29,15,37,19,42,1,0,0,0,0,1
3929,773,24,1,1,0,26,1,2025,10,29,15,54,58,42,1,0,0,0,0,1
3930,773,18,0,0,0,18,1,2025,10,30,8,20,35,42,1,0,0,1,0,0
3931,773,24,2,1,0,27,1,2025,10,30,8,38,18,42,1,0,0,1,0,0
3932,773,24,0,0,0,24,1,2025,10,30,8,56,1,42,1,0,0,1,0,0
3933,773,8,2,0,0,10,0,2025,10,30,9,13,52,42,1,0,0,1,0,0
3934,773,14,3,0,0,17,1,2025,10,30,9,31,53,42,1,0,0,1,0,0
3935,773,21,2,1,0,24,1,2025,10,30,9,49,52,42,1,0,0,1,0,0
3936,773,14,6,1,0,21,2,2025,10,30,10,7,42,42,1,0,0,1,0,0
3937,773,11,5,1,0,17,1,2025,10,30,10,25,32,42,1,0,0,1,0,0
3938,773,7,1,2,0,10,1,2025,10,30,10,43,14,42,1,0,0,1,0,0
3939,773,17,3,0,0,20,1,2025,10,30,12,29,47,42,1,0,0,0,0,1
3940,773,15,0,0,0,15,1,2025,10,30,12,47,18,42,1,0,0,0,0,1
3941,773,15,4,0,0,19,1,2025,10,30,13,5,3,42,1,0,0,0,0,1
3942,773,13,0,0,0,13,0,2025,10,30,13,22,48,42,1,0,0,0,0,1
3943,773,15,0,0,0,15,0,2025,10,30,13,40,34,42,1,0,0,0,0,1
3944,773,12,0,0,0,12,1,2025,10,30,13,58,20,42,1,0,0,0,0,1
3945,773,25,2,1,0,28,2,2025,10,30,14,57,21,42,1,0,0,0,0,1
3946,773,23,0,2,0,25,1,2025,10,30,15,15,15,42,1,0,0,0,0,1
3947,773,31,1,3,0,35,2,2025,10,30,15,33,0,42,1,0,0,0,0,1
3948,773,22,1,0,0,23,1,2025,10,30,15,57,44,42,1,0,0,0,0,1
3949,773,26,2,0,0,28,1,2025,10,30,16,15,31,42,1,0,0,0,0,1
3950,773,5,1,0,0,6,0,2025,10,30,22,45,47,42,1,0,0,0,1,0
3951,773,18,0,0,0,18,1,2025,10,31,8,25,16,42,1,0,0,1,0,0
3952,773,13,1,1,0,15,1,2025,10,31,8,43,1,42,1,0,0,1,0,0
3953,773,15,1,0,0,16,2,2025,10,31,9,0,49,42,1,0,0,1,0,0
3954,773,9,2,2,0,13,0,2025,10,31,9,18,34,42,1,0,0,1,0,0
3955,773,14,1,2,0,17,1,2025,10,31,9,44,12,42,1,0,0,1,0,0
3956,773,14,0,1,0,15,1,2025,10,31,10,1,54,42,1,0,0,1,0,0
3957,773,19,4,0,0,23,1,2025,10,31,10,19,37,42,1,0,0,1,0,0
3958,773,14,3,2,0,19,1,2025,10,31,10,37,18,42,1,0,0,1,0,0
3959,773,24,3,0,0,27,1,2025,10,31,15,3,39,42,1,0,0,0,0,1
3960,773,29,3,0,0,32,2,2025,10,31,15,21,32,42,1,0,0,0,0,1
3961,773,22,5,0,0,27,2,2025,10,31,15,39,25,42,1,0,0,0,0,1
3962,773,31,2,1,0,34,2,2025,10,31,15,57,14,42,1,0,0,0,0,1
3963,773,8,1,0,0,9,0,2025,11,1,8,54,52,42,1,0,0,1,0,0
3964,773,11,0,0,0,11,0,2025,11,1,9,12,37,42,1,0,0,1,0,0
3965,773,11,1,0,0,12,0,2025,11,1,9,30,32,42,1,0,0,1,0,0
3966,773,9,0,0,0,9,0,2025,11,1,9,48,18,42,1,0,0,1,0,0
3967,773,13,0,0,0,13,0,2025,11,1,10,6,9,42,1,0,0,1,0,0
3968,773,8,2,0,0,10,0,2025,11,1,10,23,53,42,1,0,0,1,0,0
3969,773,10,0,1,0,11,0,2025,11,1,10,41,38,42,1,0,0,1,0,0
3970,773,19,1,0,0,20,1,2025,11,1,10,59,34,42,1,0,0,1,0,0
3971,773,16,0,0,0,16,1,2025,11,1,11,17,21,42,1,0,0,1,0,0
3972,773,16,0,1,0,17,1,2025,11,1,11,35,2,42,1,0,0,1,0,0
3973,773,11,0,0,0,11,0,2025,11,1,11,52,46,42,1,0,0,1,0,0
3974,773,12,0,0,0,12,1,2025,11,1,12,10,40,42,1,0,0,0,0,1
3975,773,11,0,0,0,11,0,2025,11,1,12,28,26,42,1,0,0,0,0,1
3976,773,15,0,0,0,15,1,2025,11,1,12,46,19,42,1,0,0,0,0,1
3977,773,21,0,0,0,21,1,2025,11,1,13,4,15,42,1,0,0,0,0,1
3978,773,24,0,0,0,24,1,2025,11,1,13,22,1,42,1,0,0,0,0,1
3979,773,12,0,0,0,12,0,2025,11,1,13,39,47,42,1,0,0,0,0,1
3980,773,15,0,0,0,15,0,2025,11,1,13,57,37,42,1,0,0,0,0,1
3981,773,20,1,0,0,21,1,2025,11,1,14,15,28,42,1,0,0,0,0,1
3982,773,21,0,0,0,21,1,2025,11,1,14,33,32,42,1,0,0,0,0,1
3983,773,13,0,0,0,13,0,2025,11,1,14,51,36,42,1,0,0,0,0,1
3984,773,13,2,0,0,15,1,2025,11,1,15,9,33,42,1,0,0,0,0,1
3985,773,10,0,0,0,10,0,2025,11,1,15,27,20,42,1,0,0,0,0,1
3986,773,13,1,1,0,15,0,2025,11,1,15,45,11,42,1,0,0,0,0,1
3987,773,11,0,0,0,11,0,2025,11,1,16,3,7,42,1,0,0,0,0,1
3988,773,13,0,0,0,13,0,2025,11,1,16,20,56,42,1,0,0,0,0,1
3989,773,12,0,0,0,12,1,2025,11,1,16,38,45,42,1,0,0,0,0,1
3990,773,17,0,0,0,17,1,2025,11,1,16,56,41,42,1,0,0,0,0,1
3991,773,12,2,0,0,14,1,2025,11,1,17,14,39,42,1,0,0,0,0,1
3992,773,11,0,0,0,11,0,2025,11,1,17,32,26,42,1,0,0,0,0,1
3993,773,13,0,0,0,13,1,2025,11,1,17,50,22,42,1,0,0,0,0,1
3994,773,15,0,0,0,15,1,2025,11,1,18,8,11,42,1,0,0,0,1,0
3995,773,16,0,0,0,16,1,2025,11,1,18,27,1,42,1,0,0,0,1,0
3996,773,10,0,0,0,10,0,2025,11,1,18,44,55,42,1,0,0,0,1,0
3997,773,11,0,0,0,11,0,2025,11,1,19,2,43,42,1,0,0,0,1,0
3998,773,17,0,1,0,18,1,2025,11,1,19,37,19,42,1,0,0,0,1,0
3999,791,12,0,3,0,15,1,2025,10,27,8,27,13,5,1,0,0,1,0,0
4000,791,9,0,5,0,14,1,2025,10,27,8,44,59,5,1,0,0,1,0,0
4001,791,13,2,4,0,19,1,2025,10,27,9,2,38,5,1,0,0,1,0,0
4002,791,14,2,7,0,23,2,2025,10,27,9,20,18,5,1,0,0,1,0,0
4003,791,8,0,6,0,14,2,2025,10,27,9,38,0,5,1,0,0,1,0,0
4004,791,10,1,4,0,15,1,2025,10,27,9,55,43,5,1,0,0,1,0,0
4005,791,10,0,6,0,16,2,2025,10,27,10,13,29,5,1,0,0,1,0,0
4006,791,11,1,4,0,16,1,2025,10,27,10,31,15,5,1,0,0,1,0,0
4007,791,13,1,4,0,18,1,2025,10,27,12,40,17,5,1,0,0,0,0,1
4008,791,13,2,3,0,18,1,2025,10,27,12,58,2,5,1,0,0,0,0,1
4009,791,9,1,4,0,14,1,2025,10,27,13,15,48,5,1,0,0,0,0,1
4010,791,16,1,3,0,20,1,2025,10,27,13,20,54,5,1,0,0,0,0,1
4011,791,12,1,3,0,16,1,2025,10,27,13,57,18,5,1,0,0,0,0,1
4012,791,16,0,2,0,18,2,2025,10,27,14,55,36,5,1,0,0,0,0,1
4013,791,23,2,2,0,27,1,2025,10,27,15,13,22,5,1,0,0,0,0,1
4014,791,22,3,3,0,28,2,2025,10,27,15,31,9,5,1,0,0,0,0,1
4015,791,14,0,2,0,16,1,2025,10,27,15,48,55,5,1,0,0,0,0,1
4016,791,19,1,4,0,24,2,2025,10,27,18,2,59,5,1,0,0,0,1,0
4017,791,12,3,2,0,17,1,2025,10,27,18,20,35,5,1,0,0,0,1,0
4018,791,15,0,6,0,21,2,2025,10,27,18,38,12,5,1,0,0,0,1,0
4019,791,20,2,6,0,28,2,2025,10,28,7,56,26,5,1,0,0,1,0,0
4020,791,15,2,6,0,23,2,2025,10,28,8,14,3,5,1,0,0,1,0,0
4021,791,18,0,4,0,22,1,2025,10,28,8,31,39,5,1,0,0,1,0,0
4022,791,18,1,3,0,22,2,2025,10,28,8,49,15,5,1,0,0,1,0,0
4023,791,10,1,8,0,19,2,2025,10,28,9,6,51,5,1,0,0,1,0,0
4024,791,10,5,8,0,23,2,2025,10,28,9,24,27,5,1,0,0,1,0,0
4025,791,10,0,6,0,16,2,2025,10,28,9,42,6,5,1,0,0,1,0,0
4026,791,11,1,8,0,20,2,2025,10,28,13,27,53,5,1,0,0,0,0,1
4027,791,19,1,2,0,22,1,2025,10,28,14,45,46,5,1,0,0,0,0,1
4028,791,9,0,6,0,15,2,2025,10,28,15,3,28,5,1,0,0,0,0,1
4029,791,23,1,3,0,27,1,2025,10,28,15,21,14,5,1,0,0,0,0,1
4030,791,20,2,3,0,25,2,2025,10,28,15,39,2,5,1,0,0,0,0,1
4031,791,19,3,3,0,25,1,2025,10,28,15,56,46,5,1,0,0,0,0,1
4032,791,18,0,4,0,22,1,2025,10,28,17,49,7,5,1,0,0,0,0,1
4033,791,22,2,4,0,28,2,2025,10,28,18,6,43,5,1,0,0,0,1,0
4034,791,16,0,5,0,21,2,2025,10,28,18,24,23,5,1,0,0,0,1,0
4035,791,17,0,3,0,20,1,2025,10,28,18,42,2,5,1,0,0,0,1,0
4036,791,14,0,2,0,16,1,2025,10,28,18,59,40,5,1,0,0,0,1,0
4037,791,13,1,1,0,15,1,2025,10,28,19,17,18,5,1,0,0,0,1,0
4038,791,16,0,3,0,19,1,2025,10,28,19,34,56,5,1,0,0,0,1,0
4039,791,11,0,1,0,12,1,2025,10,28,19,52,34,5,1,0,0,0,1,0
4040,791,16,2,6,0,24,2,2025,10,29,8,23,45,5,1,0,0,1,0,0
4041,791,25,1,6,0,32,2,2025,10,29,8,41,22,5,1,0,0,1,0,0
4042,791,21,3,6,0,30,2,2025,10,29,8,58,58,5,1,0,0,1,0,0
4043,791,19,0,8,0,27,2,2025,10,29,9,16,33,5,1,0,0,1,0,0
4044,791,10,3,6,0,19,2,2025,10,29,9,34,9,5,1,0,0,1,0,0
4045,791,5,0,9,0,14,2,2025,10,29,9,51,46,5,1,0,0,1,0,0
4046,791,14,0,6,0,20,1,2025,10,29,10,9,24,5,1,0,0,1,0,0
4047,791,15,1,7,0,23,2,2025,10,29,10,27,2,5,1,0,0,1,0,0
4048,791,8,3,3,0,14,1,2025,10,29,10,44,41,5,1,0,0,1,0,0
4049,791,5,0,6,0,11,1,2025,10,29,12,33,33,5,1,0,0,0,0,1
4050,791,10,1,4,0,15,1,2025,10,29,12,51,14,5,1,0,0,0,0,1
4051,791,12,3,6,0,21,2,2025,10,29,13,9,0,5,1,0,0,0,0,1
4052,791,11,1,3,0,15,1,2025,10,29,13,26,45,5,1,0,0,0,0,1
4053,791,11,1,3,0,15,2,2025,10,29,13,44,30,5,1,0,0,0,0,1
4054,791,14,1,2,0,17,1,2025,10,29,14,44,12,5,1,0,0,0,0,1
4055,791,15,3,3,0,21,2,2025,10,29,15,1,54,5,1,0,0,0,0,1
4056,791,14,0,6,0,20,1,2025,10,29,15,19,40,5,1,0,0,0,0,1
4057,791,18,0,4,0,22,1,2025,10,29,15,37,20,5,1,0,0,0,0,1
4058,791,15,0,2,0,17,1,2025,10,29,15,55,0,5,1,0,0,0,0,1
4059,791,21,1,8,0,30,2,2025,10,30,8,20,37,5,1,0,0,1,0,0
4060,791,21,0,6,0,27,1,2025,10,30,8,38,19,5,1,0,0,1,0,0
4061,791,14,1,6,0,21,2,2025,10,30,8,56,2,5,1,0,0,1,0,0
4062,791,17,1,8,0,26,2,2025,10,30,9,13,54,5,1,0,0,1,0,0
4063,791,14,1,9,0,24,2,2025,10,30,9,31,59,5,1,0,0,1,0,0
4064,791,7,1,8,0,16,2,2025,10,30,9,49,54,5,1,0,0,1,0,0
4065,791,16,0,7,0,23,1,2025,10,30,10,7,44,5,1,0,0,1,0,0
4066,791,15,1,5,0,21,2,2025,10,30,10,25,33,5,1,0,0,1,0,0
4067,791,14,4,8,0,26,2,2025,10,30,10,43,16,5,1,0,0,1,0,0
4068,791,13,1,7,0,21,2,2025,10,30,12,29,49,5,1,0,0,0,0,1
4069,791,11,2,6,0,19,1,2025,10,30,12,47,20,5,1,0,0,0,0,1
4070,791,17,3,8,0,28,2,2025,10,30,13,5,5,5,1,0,0,0,0,1
4071,791,14,4,7,0,25,2,2025,10,30,13,22,50,5,1,0,0,0,0,1
4072,791,20,4,5,0,29,2,2025,10,30,13,40,36,5,1,0,0,0,0,1
4073,791,9,0,6,0,15,2,2025,10,30,13,58,22,5,1,0,0,0,0,1
4074,791,25,1,6,0,32,2,2025,10,30,14,57,24,5,1,0,0,0,0,1
4075,791,21,1,4,0,26,2,2025,10,30,15,15,17,5,1,0,0,0,0,1
4076,791,20,2,7,0,29,2,2025,10,30,15,33,1,5,1,0,0,0,0,1
4077,791,18,1,4,0,23,2,2025,10,30,15,57,46,5,1,0,0,0,0,1
4078,791,23,1,4,0,28,1,2025,10,30,16,15,34,5,1,0,0,0,0,1
4079,791,8,1,2,0,11,1,2025,10,30,22,45,49,5,1,0,0,0,1,0
4080,791,20,1,7,0,28,2,2025,10,31,8,25,17,5,1,0,0,1,0,0
4081,791,13,4,7,0,24,1,2025,10,31,8,43,5,5,1,0,0,1,0,0
4082,791,13,3,8,0,24,2,2025,10,31,9,0,51,5,1,0,0,1,0,0
4083,791,19,0,5,0,24,1,2025,10,31,9,18,36,5,1,0,0,1,0,0
4084,791,11,0,8,0,19,2,2025,10,31,9,44,13,5,1,0,0,1,0,0
4085,791,14,2,3,0,19,1,2025,10,31,10,1,55,5,1,0,0,1,0,0
4086,791,12,1,3,0,16,1,2025,10,31,10,19,39,5,1,0,0,1,0,0
4087,791,11,0,6,0,17,1,2025,10,31,10,37,19,5,1,0,0,1,0,0
4088,791,20,2,5,0,27,2,2025,10,31,15,3,41,5,1,0,0,0,0,1
4089,791,19,1,7,0,27,2,2025,10,31,15,21,33,5,1,0,0,0,0,1
4090,791,21,1,7,0,29,2,2025,10,31,15,39,26,5,1,0,0,0,0,1
4091,791,14,2,7,0,23,1,2025,10,31,15,57,16,5,1,0,0,0,0,1
4092,791,10,1,6,0,17,1,2025,11,1,8,54,54,5,1,0,0,1,0,0
4093,791,11,1,4,0,16,1,2025,11,1,9,12,39,5,1,0,0,1,0,0
4094,791,4,1,6,0,11,1,2025,11,1,9,30,34,5,1,0,0,1,0,0
4095,791,8,1,4,0,13,1,2025,11,1,9,48,20,5,1,0,0,1,0,0
4096,791,7,0,4,0,11,1,2025,11,1,10,6,11,5,1,0,0,1,0,0
4097,791,13,0,5,0,18,1,2025,11,1,10,23,54,5,1,0,0,1,0,0
4098,791,17,1,5,0,23,1,2025,11,1,10,41,40,5,1,0,0,1,0,0
4099,791,19,0,4,0,23,1,2025,11,1,10,59,36,5,1,0,0,1,0,0
4100,791,20,2,7,0,29,2,2025,11,1,11,17,22,5,1,0,0,1,0,0
4101,791,14,0,6,0,20,1,2025,11,1,11,35,3,5,1,0,0,1,0,0
4102,791,18,0,5,0,23,1,2025,11,1,11,52,48,5,1,0,0,1,0,0
4103,791,16,1,4,0,21,1,2025,11,1,12,10,42,5,1,0,0,0,0,1
4104,791,14,0,6,0,20,1,2025,11,1,12,28,33,5,1,0,0,0,0,1
4105,791,21,1,7,0,29,2,2025,11,1,12,46,20,5,1,0,0,0,0,1
4106,791,14,0,5,0,19,1,2025,11,1,13,4,16,5,1,0,0,0,0,1
4107,791,13,0,7,0,20,1,2025,11,1,13,22,4,5,1,0,0,0,0,1
4108,791,14,2,2,0,18,1,2025,11,1,13,39,49,5,1,0,0,0,0,1
4109,791,13,1,6,0,20,1,2025,11,1,13,57,40,5,1,0,0,0,0,1
4110,791,14,0,6,0,20,1,2025,11,1,14,15,31,5,1,0,0,0,0,1
4111,791,20,2,2,0,24,1,2025,11,1,14,33,40,5,1,0,0,0,0,1
4112,791,17,1,3,0,21,1,2025,11,1,14,51,39,5,1,0,0,0,0,1
4113,791,14,2,4,0,20,1,2025,11,1,15,9,35,5,1,0,0,0,0,1
4114,791,15,3,3,0,21,1,2025,11,1,15,27,22,5,1,0,0,0,0,1
4115,791,10,1,5,0,16,1,2025,11,1,15,45,13,5,1,0,0,0,0,1
4116,791,9,1,2,0,12,1,2025,11,1,16,3,10,5,1,0,0,0,0,1
4117,791,9,0,2,0,11,1,2025,11,1,16,20,58,5,1,0,0,0,0,1
4118,791,9,0,5,0,14,1,2025,11,1,16,38,46,5,1,0,0,0,0,1
4119,791,8,1,4,0,13,1,2025,11,1,16,56,44,5,1,0,0,0,0,1
4120,791,16,1,5,0,22,1,2025,11,1,17,14,43,5,1,0,0,0,0,1
4121,791,12,2,4,0,18,1,2025,11,1,17,32,30,5,1,0,0,0,0,1
4122,791,13,0,4,0,17,1,2025,11,1,17,50,24,5,1,0,0,0,0,1
4123,791,18,0,4,0,22,1,2025,11,1,18,8,13,5,1,0,0,0,1,0
4124,791,17,0,3,0,20,1,2025,11,1,18,27,3,5,1,0,0,0,1,0
4125,791,9,0,4,0,13,1,2025,11,1,18,44,58,5,1,0,0,0,1,0
4126,791,10,0,4,0,14,1,2025,11,1,19,2,45,5,1,0,0,0,1,0
4127,791,11,1,3,0,15,1,2025,11,1,19,37,20,5,1,0,0,0,1,0
4128,798,22,2,0,0,24,2,2025,10,27,8,27,14,5,1,0,0,1,0,0
4129,798,14,2,0,0,16,1,2025,10,27,8,45,0,5,1,0,0,1,0,0
4130,798,13,1,0,0,14,1,2025,10,27,9,2,39,5,1,0,0,1,0,0
4131,798,22,0,0,0,22,1,2025,10,27,9,20,19,5,1,0,0,1,0,0
4132,798,17,1,1,0,19,1,2025,10,27,9,38,1,5,1,0,0,1,0,0
4133,798,15,1,0,0,16,2,2025,10,27,9,55,44,5,1,0,0,1,0,0
4134,798,16,2,0,0,18,1,2025,10,27,10,13,29,5,1,0,0,1,0,0
4135,798,6,3,0,0,9,1,2025,10,27,10,31,16,5,1,0,0,1,0,0
4136,798,7,4,0,0,11,1,2025,10,27,12,40,19,5,1,0,0,0,0,1
4137,798,4,2,2,0,8,1,2025,10,27,12,58,3,5,1,0,0,0,0,1
4138,798,9,2,0,0,11,1,2025,10,27,13,15,50,5,1,0,0,0,0,1
4139,798,4,3,0,0,7,1,2025,10,27,13,20,56,5,1,0,0,0,0,1
4140,798,10,3,0,0,13,1,2025,10,27,13,57,19,5,1,0,0,0,0,1
4141,798,3,4,0,0,7,1,2025,10,27,14,55,37,5,1,0,0,0,0,1
4142,798,3,4,0,0,7,1,2025,10,27,15,13,23,5,1,0,0,0,0,1
4143,798,6,3,0,0,9,1,2025,10,27,15,31,9,5,1,0,0,0,0,1
4144,798,10,5,0,0,15,1,2025,10,27,15,48,56,5,1,0,0,0,0,1
4145,798,7,0,1,0,8,1,2025,10,27,18,3,0,5,1,0,0,0,1,0
4146,798,15,0,1,0,16,1,2025,10,27,18,20,36,5,1,0,0,0,1,0
4147,798,15,1,0,0,16,1,2025,10,27,18,38,13,5,1,0,0,0,1,0
4148,798,19,2,0,0,21,2,2025,10,28,7,56,27,5,1,0,0,1,0,0
4149,798,20,2,0,0,22,2,2025,10,28,8,14,3,5,1,0,0,1,0,0
4150,798,14,3,1,0,18,2,2025,10,28,8,31,40,5,1,0,0,1,0,0
4151,798,14,0,2,0,16,2,2025,10,28,8,49,16,5,1,0,0,1,0,0
4152,798,20,1,0,0,21,2,2025,10,28,9,6,51,5,1,0,0,1,0,0
4153,798,13,1,2,0,16,1,2025,10,28,9,24,28,5,1,0,0,1,0,0
4154,798,17,3,1,0,21,2,2025,10,28,9,42,7,5,1,0,0,1,0,0
4155,798,8,2,0,0,10,1,2025,10,28,13,27,54,5,1,0,0,0,0,1
4156,798,10,3,0,0,13,1,2025,10,28,14,45,47,5,1,0,0,0,0,1
4157,798,6,4,0,0,10,1,2025,10,28,15,3,29,5,1,0,0,0,0,1
4158,798,8,4,0,0,12,1,2025,10,28,15,21,16,5,1,0,0,0,0,1
4159,798,8,3,0,0,11,1,2025,10,28,15,39,3,5,1,0,0,0,0,1
4160,798,7,3,0,0,10,1,2025,10,28,15,56,48,5,1,0,0,0,0,1
4161,798,7,0,0,0,7,1,2025,10,28,17,49,7,5,1,0,0,0,0,1
4162,798,11,1,1,0,13,1,2025,10,28,18,6,44,5,1,0,0,0,1,0
4163,798,22,0,0,0,22,1,2025,10,28,18,24,24,5,1,0,0,0,1,0
4164,798,15,0,0,0,15,1,2025,10,28,18,42,3,5,1,0,0,0,1,0
4165,798,5,1,0,0,6,0,2025,10,28,18,59,41,5,1,0,0,0,1,0
4166,798,11,0,0,0,11,1,2025,10,28,19,17,19,5,1,0,0,0,1,0
4167,798,9,0,0,0,9,0,2025,10,28,19,34,57,5,1,0,0,0,1,0
4168,798,0,0,0,0,0,0,2025,10,28,19,52,35,5,1,0,0,0,1,0
4169,798,16,0,0,0,16,1,2025,10,29,8,23,46,5,1,0,0,1,0,0
4170,798,15,2,0,0,17,1,2025,10,29,8,41,22,5,1,0,0,1,0,0
4171,798,22,0,0,0,22,1,2025,10,29,8,58,59,5,1,0,0,1,0,0
4172,798,17,1,0,0,18,1,2025,10,29,9,16,34,5,1,0,0,1,0,0
4173,798,20,1,0,0,21,1,2025,10,29,9,34,10,5,1,0,0,1,0,0
4174,798,16,5,0,0,21,2,2025,10,29,9,51,46,5,1,0,0,1,0,0
4175,798,16,3,1,0,20,2,2025,10,29,10,9,25,5,1,0,0,1,0,0
4176,798,16,1,0,0,17,1,2025,10,29,10,27,3,5,1,0,0,1,0,0
4177,798,12,1,0,0,13,1,2025,10,29,10,44,42,5,1,0,0,1,0,0
4178,798,13,1,0,0,14,1,2025,10,29,12,33,34,5,1,0,0,0,0,1
4179,798,11,4,0,0,15,1,2025,10,29,12,51,15,5,1,0,0,0,0,1
4180,798,9,2,0,0,11,1,2025,10,29,13,9,3,5,1,0,0,0,0,1
4181,798,7,0,0,0,7,0,2025,10,29,13,26,47,5,1,0,0,0,0,1
4182,798,10,0,0,0,10,0,2025,10,29,13,44,31,5,1,0,0,0,0,1
4183,798,12,2,0,0,14,1,2025,10,29,14,44,13,5,1,0,0,0,0,1
4184,798,7,2,0,0,9,1,2025,10,29,15,1,57,5,1,0,0,0,0,1
4185,798,16,3,1,0,20,2,2025,10,29,15,19,41,5,1,0,0,0,0,1
4186,798,18,1,0,0,19,1,2025,10,29,15,37,21,5,1,0,0,0,0,1
4187,798,13,3,0,0,16,1,2025,10,29,15,55,1,5,1,0,0,0,0,1
4188,798,17,1,0,0,18,1,2025,10,30,8,20,38,5,1,0,0,1,0,0
4189,798,20,2,0,0,22,1,2025,10,30,8,38,20,5,1,0,0,1,0,0
4190,798,23,0,0,0,23,2,2025,10,30,8,56,3,5,1,0,0,1,0,0
4191,798,15,2,0,0,17,1,2025,10,30,9,13,55,5,1,0,0,1,0,0
4192,798,12,3,0,0,15,2,2025,10,30,9,32,4,5,1,0,0,1,0,0
4193,798,12,4,0,0,16,2,2025,10,30,9,49,55,5,1,0,0,1,0,0
4194,798,12,3,0,0,15,1,2025,10,30,10,7,46,5,1,0,0,1,0,0
4195,798,16,2,0,0,18,1,2025,10,30,10,25,34,5,1,0,0,1,0,0
4196,798,16,4,0,0,20,2,2025,10,30,10,43,17,5,1,0,0,1,0,0
4197,798,11,7,0,0,18,1,2025,10,30,12,29,51,5,1,0,0,0,0,1
4198,798,13,4,0,0,17,1,2025,10,30,12,47,22,5,1,0,0,0,0,1
4199,798,9,3,0,0,12,1,2025,10,30,13,5,6,5,1,0,0,0,0,1
4200,798,8,1,1,0,10,1,2025,10,30,13,22,52,5,1,0,0,0,0,1
4201,798,10,2,0,0,12,1,2025,10,30,13,40,38,5,1,0,0,0,0,1
4202,798,15,2,1,0,18,1,2025,10,30,13,58,23,5,1,0,0,0,0,1
4203,798,9,3,1,0,13,1,2025,10,30,14,57,25,5,1,0,0,0,0,1
4204,798,13,4,2,0,19,1,2025,10,30,15,15,19,5,1,0,0,0,0,1
4205,798,9,2,0,0,11,1,2025,10,30,15,33,3,5,1,0,0,0,0,1
4206,798,14,3,0,0,17,1,2025,10,30,15,57,48,5,1,0,0,0,0,1
4207,798,6,6,1,0,13,1,2025,10,30,16,15,35,5,1,0,0,0,0,1
4208,798,1,0,0,0,1,0,2025,10,30,22,45,50,5,1,0,0,0,1,0
4209,798,15,0,2,0,17,1,2025,10,31,8,25,18,5,1,0,0,1,0,0
4210,798,12,2,2,0,16,1,2025,10,31,8,43,6,5,1,0,0,1,0,0
4211,798,16,0,2,0,18,1,2025,10,31,9,0,53,5,1,0,0,1,0,0
4212,798,4,0,2,0,6,0,2025,10,31,9,18,37,5,1,0,0,1,0,0
4213,798,16,0,0,0,16,1,2025,10,31,9,44,14,5,1,0,0,1,0,0
4214,798,10,0,3,0,13,1,2025,10,31,10,1,56,5,1,0,0,1,0,0
4215,798,13,1,2,0,16,1,2025,10,31,10,19,40,5,1,0,0,1,0,0
4216,798,2,0,2,0,4,0,2025,10,31,10,37,20,5,1,0,0,1,0,0
4217,798,16,0,0,0,16,1,2025,10,31,15,3,43,5,1,0,0,0,0,1
4218,798,19,0,1,0,20,1,2025,10,31,15,21,35,5,1,0,0,0,0,1
4219,798,9,2,2,0,13,1,2025,10,31,15,39,28,5,1,0,0,0,0,1
4220,798,8,1,3,0,12,0,2025,10,31,15,57,17,5,1,0,0,0,0,1
4221,798,3,1,0,0,4,1,2025,11,1,8,54,57,5,1,0,0,1,0,0
4222,798,9,1,0,0,10,1,2025,11,1,9,12,41,5,1,0,0,1,0,0
4223,798,10,1,0,0,11,0,2025,11,1,9,30,35,5,1,0,0,1,0,0
4224,798,5,1,0,0,6,0,2025,11,1,9,48,23,5,1,0,0,1,0,0
4225,798,11,1,0,0,12,1,2025,11,1,10,6,12,5,1,0,0,1,0,0
4226,798,6,3,0,0,9,1,2025,11,1,10,23,56,5,1,0,0,1,0,0
4227,798,3,1,0,0,4,0,2025,11,1,10,41,46,5,1,0,0,1,0,0
4228,798,7,1,0,0,8,0,2025,11,1,10,59,37,5,1,0,0,1,0,0
4229,798,1,1,0,0,2,0,2025,11,1,11,17,23,5,1,0,0,1,0,0
4230,798,10,1,0,0,11,1,2025,11,1,11,35,4,5,1,0,0,1,0,0
4231,798,8,1,0,0,9,0,2025,11,1,11,52,49,5,1,0,0,1,0,0
4232,798,11,2,0,0,13,0,2025,11,1,12,10,43,5,1,0,0,0,0,1
4233,798,5,2,0,0,7,0,2025,11,1,12,28,35,5,1,0,0,0,0,1
4234,798,13,2,0,0,15,1,2025,11,1,12,46,31,5,1,0,0,0,0,1
4235,798,14,1,0,0,15,1,2025,11,1,13,4,17,5,1,0,0,0,0,1
4236,798,20,2,0,0,22,1,2025,11,1,13,22,5,5,1,0,0,0,0,1
4237,798,17,2,0,0,19,1,2025,11,1,13,39,51,5,1,0,0,0,0,1
4238,798,9,1,1,0,11,1,2025,11,1,13,57,42,5,1,0,0,0,0,1
4239,798,13,3,0,0,16,1,2025,11,1,14,15,33,5,1,0,0,0,0,1
4240,798,16,4,0,0,20,1,2025,11,1,14,33,42,5,1,0,0,0,0,1
4241,798,11,2,0,0,13,1,2025,11,1,14,51,46,5,1,0,0,0,0,1
4242,798,10,3,0,0,13,1,2025,11,1,15,9,36,5,1,0,0,0,0,1
4243,798,11,3,0,0,14,1,2025,11,1,15,27,24,5,1,0,0,0,0,1
4244,798,5,3,0,0,8,0,2025,11,1,15,45,16,5,1,0,0,0,0,1
4245,798,12,2,0,0,14,1,2025,11,1,16,3,13,5,1,0,0,0,0,1
4246,798,11,2,0,0,13,1,2025,11,1,16,21,0,5,1,0,0,0,0,1
4247,798,10,2,0,0,12,1,2025,11,1,16,38,48,5,1,0,0,0,0,1
4248,798,3,2,0,0,5,0,2025,11,1,16,56,46,5,1,0,0,0,0,1
4249,798,14,2,0,0,16,1,2025,11,1,17,14,46,5,1,0,0,0,0,1
4250,798,7,2,0,0,9,1,2025,11,1,17,32,32,5,1,0,0,0,0,1
4251,798,16,3,0,0,19,1,2025,11,1,17,50,25,5,1,0,0,0,0,1
4252,798,13,3,0,0,16,1,2025,11,1,18,8,19,5,1,0,0,0,1,0
4253,798,15,3,0,0,18,1,2025,11,1,18,27,4,5,1,0,0,0,1,0
4254,798,6,1,0,0,7,0,2025,11,1,18,45,0,5,1,0,0,0,1,0
4255,798,8,1,0,0,9,1,2025,11,1,19,2,46,5,1,0,0,0,1,0
4256,798,6,0,0,0,6,1,2025,11,1,19,37,21,5,1,0,0,0,1,0
4257,799,5,0,0,0,5,0,2025,10,27,8,27,14,5,1,0,0,1,0,0
4258,799,1,0,0,0,1,0,2025,10,27,8,44,59,5,1,0,0,1,0,0
4259,799,3,0,0,0,3,0,2025,10,27,9,2,38,5,1,0,0,1,0,0
4260,799,0,1,0,0,1,0,2025,10,27,9,20,18,5,1,0,0,1,0,0
4261,799,2,2,0,0,4,0,2025,10,27,9,38,0,5,1,0,0,1,0,0
4262,799,3,0,0,0,3,0,2025,10,27,9,55,43,5,1,0,0,1,0,0
4263,799,1,2,0,0,3,0,2025,10,27,10,13,29,5,1,0,0,1,0,0
4264,799,7,2,0,0,9,0,2025,10,27,10,31,16,5,1,0,0,1,0,0
4265,799,3,0,0,0,3,0,2025,10,27,12,40,18,5,1,0,0,0,0,1
4266,799,6,0,0,0,6,0,2025,10,27,12,58,2,5,1,0,0,0,0,1
4267,799,6,1,0,0,7,0,2025,10,27,13,15,48,5,1,0,0,0,0,1
4268,799,6,1,0,0,7,1,2025,10,27,13,20,55,5,1,0,0,0,0,1
4269,799,8,0,1,0,9,1,2025,10,27,13,57,18,5,1,0,0,0,0,1
4270,799,5,1,0,0,6,0,2025,10,27,14,55,36,5,1,0,0,0,0,1
4271,799,17,1,2,0,20,1,2025,10,27,15,13,22,5,1,0,0,0,0,1
4272,799,16,3,1,0,20,1,2025,10,27,15,31,9,5,1,0,0,0,0,1
4273,799,11,0,0,0,11,1,2025,10,27,15,48,55,5,1,0,0,0,0,1
4274,799,13,0,0,0,13,1,2025,10,27,18,2,59,5,1,0,0,0,1,0
4275,799,21,0,0,0,21,1,2025,10,27,18,20,36,5,1,0,0,0,1,0
4276,799,22,4,0,0,26,2,2025,10,27,18,38,12,5,1,0,0,0,1,0
4277,799,17,0,0,0,17,1,2025,10,28,7,56,26,5,1,0,0,1,0,0
4278,799,19,1,0,0,20,2,2025,10,28,8,14,3,5,1,0,0,1,0,0
4279,799,22,0,2,0,24,2,2025,10,28,8,31,39,5,1,0,0,1,0,0
4280,799,13,4,0,0,17,1,2025,10,28,8,49,15,5,1,0,0,1,0,0
4281,799,13,0,0,0,13,1,2025,10,28,9,6,51,5,1,0,0,1,0,0
4282,799,12,0,0,0,12,1,2025,10,28,9,24,27,5,1,0,0,1,0,0
4283,799,14,1,1,0,16,2,2025,10,28,9,42,6,5,1,0,0,1,0,0
4284,799,8,3,1,0,12,1,2025,10,28,13,27,54,5,1,0,0,0,0,1
4285,799,22,0,1,0,23,1,2025,10,28,14,45,46,5,1,0,0,0,0,1
4286,799,23,1,0,0,24,1,2025,10,28,15,3,28,5,1,0,0,0,0,1
4287,799,28,0,0,0,28,1,2025,10,28,15,21,14,5,1,0,0,0,0,1
4288,799,24,2,2,0,28,2,2025,10,28,15,39,2,5,1,0,0,0,0,1
4289,799,15,1,0,0,16,1,2025,10,28,15,56,46,5,1,0,0,0,0,1
4290,799,23,2,1,0,26,1,2025,10,28,17,49,7,5,1,0,0,0,0,1
4291,799,14,0,1,0,15,2,2025,10,28,18,6,43,5,1,0,0,0,1,0
4292,799,25,1,0,0,26,1,2025,10,28,18,24,23,5,1,0,0,0,1,0
4293,799,16,0,0,0,16,1,2025,10,28,18,42,2,5,1,0,0,0,1,0
4294,799,11,0,0,0,11,1,2025,10,28,18,59,40,5,1,0,0,0,1,0
4295,799,5,0,0,0,5,0,2025,10,28,19,17,18,5,1,0,0,0,1,0
4296,799,9,0,0,0,9,1,2025,10,28,19,34,56,5,1,0,0,0,1,0
4297,799,16,0,0,0,16,1,2025,10,28,19,52,34,5,1,0,0,0,1,0
4298,799,6,1,0,0,7,0,2025,10,29,8,23,45,5,1,0,0,1,0,0
4299,799,5,0,0,0,5,0,2025,10,29,8,41,22,5,1,0,0,1,0,0
4300,799,5,1,0,0,6,0,2025,10,29,8,58,58,5,1,0,0,1,0,0
4301,799,9,2,0,0,11,0,2025,10,29,9,16,33,5,1,0,0,1,0,0
4302,799,8,1,0,0,9,0,2025,10,29,9,34,10,5,1,0,0,1,0,0
4303,799,9,1,0,0,10,0,2025,10,29,9,51,46,5,1,0,0,1,0,0
4304,799,9,0,0,0,9,0,2025,10,29,10,9,24,5,1,0,0,1,0,0
4305,799,5,1,0,0,6,0,2025,10,29,10,27,3,5,1,0,0,1,0,0
4306,799,8,0,1,0,9,1,2025,10,29,10,44,41,5,1,0,0,1,0,0
4307,799,10,3,0,0,13,0,2025,10,29,12,33,33,5,1,0,0,0,0,1
4308,799,15,1,0,0,16,1,2025,10,29,12,51,14,5,1,0,0,0,0,1
4309,799,11,1,1,0,13,1,2025,10,29,13,9,1,5,1,0,0,0,0,1
4310,799,24,2,0,0,26,1,2025,10,29,13,26,45,5,1,0,0,0,0,1
4311,799,21,1,1,0,23,1,2025,10,29,13,44,30,5,1,0,0,0,0,1
4312,799,23,1,1,0,25,1,2025,10,29,14,44,12,5,1,0,0,0,0,1
4313,799,18,0,0,0,18,1,2025,10,29,15,1,55,5,1,0,0,0,0,1
4314,799,18,1,1,0,20,1,2025,10,29,15,19,40,5,1,0,0,0,0,1
4315,799,17,0,0,0,17,1,2025,10,29,15,37,20,5,1,0,0,0,0,1
4316,799,12,2,0,0,14,1,2025,10,29,15,55,0,5,1,0,0,0,0,1
4317,799,13,0,0,0,13,0,2025,10,30,8,20,37,5,1,0,0,1,0,0
4318,799,9,1,0,0,10,0,2025,10,30,8,38,19,5,1,0,0,1,0,0
4319,799,12,2,0,0,14,0,2025,10,30,8,56,2,5,1,0,0,1,0,0
4320,799,10,0,1,0,11,0,2025,10,30,9,13,54,5,1,0,0,1,0,0
4321,799,10,0,0,0,10,0,2025,10,30,9,31,59,5,1,0,0,1,0,0
4322,799,11,1,1,0,13,0,2025,10,30,9,49,54,5,1,0,0,1,0,0
4323,799,10,1,0,0,11,0,2025,10,30,10,7,45,5,1,0,0,1,0,0
4324,799,12,2,1,0,15,0,2025,10,30,10,25,33,5,1,0,0,1,0,0
4325,799,18,2,0,0,20,1,2025,10,30,10,43,16,5,1,0,0,1,0,0
4326,799,12,3,1,0,16,1,2025,10,30,12,29,49,5,1,0,0,0,0,1
4327,799,12,2,0,0,14,0,2025,10,30,12,47,20,5,1,0,0,0,0,1
4328,799,16,2,0,0,18,0,2025,10,30,13,5,5,5,1,0,0,0,0,1
4329,799,12,2,0,0,14,1,2025,10,30,13,22,50,5,1,0,0,0,0,1
4330,799,12,0,1,0,13,1,2025,10,30,13,40,36,5,1,0,0,0,0,1
4331,799,13,0,0,0,13,0,2025,10,30,13,58,22,5,1,0,0,0,0,1
4332,799,17,3,0,0,20,1,2025,10,30,14,57,24,5,1,0,0,0,0,1
4333,799,7,3,0,0,10,1,2025,10,30,15,15,18,5,1,0,0,0,0,1
4334,799,10,5,0,0,15,1,2025,10,30,15,33,2,5,1,0,0,0,0,1
4335,799,16,0,0,0,16,1,2025,10,30,15,57,47,5,1,0,0,0,0,1
4336,799,17,1,1,0,19,1,2025,10,30,16,15,34,5,1,0,0,0,0,1
4337,799,8,0,0,0,8,0,2025,10,30,22,45,49,5,1,0,0,0,1,0
4338,799,0,0,0,0,0,0,2025,10,31,8,25,18,5,1,0,0,1,0,0
4339,799,13,3,1,0,17,2,2025,10,31,8,43,5,5,1,0,0,1,0,0
4340,799,19,1,1,0,21,1,2025,10,31,9,0,52,5,1,0,0,1,0,0
4341,799,12,1,1,0,14,1,2025,10,31,9,18,36,5,1,0,0,1,0,0
4342,799,15,1,0,0,16,1,2025,10,31,9,44,14,5,1,0,0,1,0,0
4343,799,15,1,1,0,17,1,2025,10,31,10,1,55,5,1,0,0,1,0,0
4344,799,10,0,0,0,10,0,2025,10,31,10,19,39,5,1,0,0,1,0,0
4345,799,18,1,0,0,19,0,2025,10,31,10,37,19,5,1,0,0,1,0,0
4346,799,23,2,0,0,25,1,2025,10,31,15,3,42,5,1,0,0,0,0,1
4347,799,32,1,0,0,33,2,2025,10,31,15,21,34,5,1,0,0,0,0,1
4348,799,25,2,2,0,29,1,2025,10,31,15,39,27,5,1,0,0,0,0,1
4349,799,25,5,1,0,31,2,2025,10,31,15,57,16,5,1,0,0,0,0,1
4350,799,9,0,0,0,9,0,2025,11,1,8,54,55,5,1,0,0,1,0,0
4351,799,10,0,0,0,10,0,2025,11,1,9,12,39,5,1,0,0,1,0,0
4352,799,11,4,0,0,15,1,2025,11,1,9,30,34,5,1,0,0,1,0,0
4353,799,16,1,0,0,17,1,2025,11,1,9,48,21,5,1,0,0,1,0,0
4354,799,12,2,0,0,14,1,2025,11,1,10,6,12,5,1,0,0,1,0,0
4355,799,13,1,0,0,14,1,2025,11,1,10,23,55,5,1,0,0,1,0,0
4356,799,16,0,0,0,16,1,2025,11,1,10,41,40,5,1,0,0,1,0,0
4357,799,23,1,0,0,24,1,2025,11,1,10,59,36,5,1,0,0,1,0,0
4358,799,18,0,1,0,19,1,2025,11,1,11,17,22,5,1,0,0,1,0,0
4359,799,11,1,0,0,12,0,2025,11,1,11,35,3,5,1,0,0,1,0,0
4360,799,17,1,0,0,18,1,2025,11,1,11,52,49,5,1,0,0,1,0,0
4361,799,20,0,0,0,20,1,2025,11,1,12,10,42,5,1,0,0,0,0,1
4362,799,15,1,0,0,16,1,2025,11,1,12,28,33,5,1,0,0,0,0,1
4363,799,23,1,1,0,25,2,2025,11,1,12,46,20,5,1,0,0,0,0,1
4364,799,21,2,0,0,23,1,2025,11,1,13,4,16,5,1,0,0,0,0,1
4365,799,25,1,0,0,26,1,2025,11,1,13,22,4,5,1,0,0,0,0,1
4366,799,20,0,0,0,20,1,2025,11,1,13,39,49,5,1,0,0,0,0,1
4367,799,23,0,0,0,23,1,2025,11,1,13,57,40,5,1,0,0,0,0,1
4368,799,24,0,0,0,24,1,2025,11,1,14,15,31,5,1,0,0,0,0,1
4369,799,19,2,0,0,21,1,2025,11,1,14,33,41,5,1,0,0,0,0,1
4370,799,15,1,0,0,16,1,2025,11,1,14,51,43,5,1,0,0,0,0,1
4371,799,19,0,1,0,20,1,2025,11,1,15,9,35,5,1,0,0,0,0,1
4372,799,9,0,0,0,9,1,2025,11,1,15,27,23,5,1,0,0,0,0,1
4373,799,9,2,0,0,11,1,2025,11,1,15,45,14,5,1,0,0,0,0,1
4374,799,11,2,1,0,14,0,2025,11,1,16,3,11,5,1,0,0,0,0,1
4375,799,12,0,1,0,13,1,2025,11,1,16,20,59,5,1,0,0,0,0,1
4376,799,11,0,0,0,11,0,2025,11,1,16,38,46,5,1,0,0,0,0,1
4377,799,7,0,0,0,7,0,2025,11,1,16,56,44,5,1,0,0,0,0,1
4378,799,13,2,1,0,16,1,2025,11,1,17,14,44,5,1,0,0,0,0,1
4379,799,19,0,0,0,19,1,2025,11,1,17,32,30,5,1,0,0,0,0,1
4380,799,14,1,0,0,15,1,2025,11,1,17,50,24,5,1,0,0,0,0,1
4381,799,14,0,1,0,15,1,2025,11,1,18,8,14,5,1,0,0,0,1,0
4382,799,15,0,1,0,16,1,2025,11,1,18,27,3,5,1,0,0,0,1,0
4383,799,13,0,0,0,13,1,2025,11,1,18,44,58,5,1,0,0,0,1,0
4384,799,14,0,0,0,14,1,2025,11,1,19,2,46,5,1,0,0,0,1,0
4385,799,13,0,0,0,13,1,2025,11,1,19,37,20,5,1,0,0,0,1,0
4386,826,22,0,0,0,22,1,2025,10,27,8,27,9,40,0,1,0,1,0,0
4387,826,24,0,0,0,24,1,2025,10,27,8,44,50,40,0,1,0,1,0,0
4388,826,21,1,0,0,22,1,2025,10,27,9,2,35,40,0,1,0,1,0,0
4389,826,21,0,0,0,21,1,2025,10,27,9,20,13,40,0,1,0,1,0,0
4390,826,15,3,1,0,19,1,2025,10,27,9,37,53,40,0,1,0,1,0,0
4391,826,14,1,0,0,15,1,2025,10,27,9,55,35,40,0,1,0,1,0,0
4392,826,7,2,1,0,10,0,2025,10,27,10,13,20,40,0,1,0,1,0,0
4393,826,19,0,0,0,19,1,2025,10,27,10,31,9,40,0,1,0,1,0,0
4394,826,25,2,0,0,27,3,2025,10,27,12,40,11,40,0,1,0,0,0,1
4395,826,14,3,0,0,17,2,2025,10,27,12,57,54,40,0,1,0,0,0,1
4396,826,8,1,0,0,9,0,2025,10,27,13,15,39,40,0,1,0,0,0,1
4397,826,8,0,0,0,8,0,2025,10,27,13,20,47,40,0,1,0,0,0,1
4398,826,10,1,1,0,12,1,2025,10,27,13,57,12,40,0,1,0,0,0,1
4399,826,20,0,0,0,20,1,2025,10,27,14,55,32,40,0,1,0,0,0,1
4400,826,28,0,0,0,28,1,2025,10,27,15,13,17,40,0,1,0,0,0,1
4401,826,28,0,0,0,28,1,2025,10,27,15,31,4,40,0,1,0,0,0,1
4402,826,27,0,0,0,27,1,2025,10,27,15,48,53,40,0,1,0,0,0,1
4403,826,27,0,0,0,27,1,2025,10,27,18,2,56,40,0,1,0,0,1,0
4404,826,26,2,0,0,28,1,2025,10,27,18,20,32,40,0,1,0,0,1,0
4405,826,27,1,1,0,29,1,2025,10,27,18,38,9,40,0,1,0,0,1,0
4406,826,25,1,1,0,27,1,2025,10,28,7,56,24,40,0,1,0,1,0,0
4407,826,31,0,0,0,31,1,2025,10,28,8,14,0,40,0,1,0,1,0,0
4408,826,28,2,0,0,30,1,2025,10,28,8,31,37,40,0,1,0,1,0,0
4409,826,20,0,1,0,21,1,2025,10,28,8,49,12,40,0,1,0,1,0,0
4410,826,25,2,0,0,27,1,2025,10,28,9,6,49,40,0,1,0,1,0,0
4411,826,20,1,1,0,22,1,2025,10,28,9,24,24,40,0,1,0,1,0,0
4412,826,12,3,0,0,15,1,2025,10,28,9,42,2,40,0,1,0,1,0,0
4413,826,24,1,0,0,25,1,2025,10,28,13,27,47,40,0,1,0,0,0,1
4414,826,28,3,0,0,31,1,2025,10,28,14,45,40,40,0,1,0,0,0,1
4415,826,32,2,0,0,34,1,2025,10,28,15,3,22,40,0,1,0,0,0,1
4416,826,36,1,0,0,37,1,2025,10,28,15,21,4,40,0,1,0,0,0,1
4417,826,28,1,1,0,30,1,2025,10,28,15,38,55,40,0,1,0,0,0,1
4418,826,25,2,0,0,27,1,2025,10,28,15,56,39,40,0,1,0,0,0,1
4419,826,35,1,0,0,36,1,2025,10,28,17,49,4,40,0,1,0,0,0,1
4420,826,32,0,1,0,33,1,2025,10,28,18,6,39,40,0,1,0,0,1,0
4421,826,40,2,1,0,43,1,2025,10,28,18,24,18,40,0,1,0,0,1,0
4422,826,24,2,0,0,26,1,2025,10,28,18,41,58,40,0,1,0,0,1,0
4423,826,25,0,0,0,25,1,2025,10,28,18,59,36,40,0,1,0,0,1,0
4424,826,24,0,0,0,24,1,2025,10,28,19,17,15,40,0,1,0,0,1,0
4425,826,21,0,0,0,21,1,2025,10,28,19,34,51,40,0,1,0,0,1,0
4426,826,10,0,0,0,10,0,2025,10,28,19,52,31,40,0,1,0,0,1,0
4427,826,17,1,2,0,20,1,2025,10,29,8,23,43,40,0,1,0,1,0,0
4428,826,12,1,2,0,15,1,2025,10,29,8,41,19,40,0,1,0,1,0,0
4429,826,17,1,0,0,18,2,2025,10,29,8,58,55,40,0,1,0,1,0,0
4430,826,28,6,0,0,34,2,2025,10,29,9,16,31,40,0,1,0,1,0,0
4431,826,33,2,1,0,36,2,2025,10,29,9,34,6,40,0,1,0,1,0,0
4432,826,25,5,0,0,30,2,2025,10,29,9,51,43,40,0,1,0,1,0,0
4433,826,24,3,0,0,27,2,2025,10,29,10,9,19,40,0,1,0,1,0,0
4434,826,21,2,0,0,23,1,2025,10,29,10,26,59,40,0,1,0,1,0,0
4435,826,24,3,0,0,27,1,2025,10,29,10,44,37,40,0,1,0,1,0,0
4436,826,25,4,0,0,29,1,2025,10,29,12,33,27,40,0,1,0,0,0,1
4437,826,24,4,0,0,28,1,2025,10,29,12,51,9,40,0,1,0,0,0,1
4438,826,25,4,0,0,29,1,2025,10,29,13,8,50,40,0,1,0,0,0,1
4439,826,22,1,1,0,24,1,2025,10,29,13,26,40,40,0,1,0,0,0,1
4440,826,26,1,0,0,27,1,2025,10,29,13,44,21,40,0,1,0,0,0,1
4441,826,32,0,2,0,34,2,2025,10,29,14,44,7,40,0,1,0,0,0,1
4442,826,31,3,0,0,34,2,2025,10,29,15,1,48,40,0,1,0,0,0,1
4443,826,21,0,0,0,21,0,2025,10,29,15,19,35,40,0,1,0,0,0,1
4444,826,18,1,0,0,19,0,2025,10,29,15,37,15,40,0,1,0,0,0,1
4445,826,14,1,0,0,15,1,2025,10,29,15,54,55,40,0,1,0,0,0,1
4446,826,14,2,0,0,16,1,2025,10,30,8,20,30,40,0,1,0,1,0,0
4447,826,19,0,0,0,19,1,2025,10,30,8,38,14,40,0,1,0,1,0,0
4448,826,21,1,0,0,22,1,2025,10,30,8,55,57,40,0,1,0,1,0,0
4449,826,20,1,0,0,21,1,2025,10,30,9,13,40,40,0,1,0,1,0,0
4450,826,17,1,1,0,19,1,2025,10,30,9,31,33,40,0,1,0,1,0,0
4451,826,23,2,0,0,25,1,2025,10,30,9,49,42,40,0,1,0,1,0,0
4452,826,20,1,0,0,21,1,2025,10,30,10,7,32,40,0,1,0,1,0,0
4453,826,21,2,2,0,25,1,2025,10,30,10,25,28,40,0,1,0,1,0,0
4454,826,20,2,0,0,22,1,2025,10,30,10,43,11,40,0,1,0,1,0,0
4455,826,15,2,1,0,18,1,2025,10,30,12,29,42,40,0,1,0,0,0,1
4456,826,16,1,0,0,17,1,2025,10,30,12,47,14,40,0,1,0,0,0,1
4457,826,21,2,0,0,23,1,2025,10,30,13,4,58,40,0,1,0,0,0,1
4458,826,15,2,0,0,17,1,2025,10,30,13,22,42,40,0,1,0,0,0,1
4459,826,20,3,1,0,24,1,2025,10,30,13,40,29,40,0,1,0,0,0,1
4460,826,23,0,0,0,23,1,2025,10,30,13,58,14,40,0,1,0,0,0,1
4461,826,35,0,0,0,35,1,2025,10,30,14,57,17,40,0,1,0,0,0,1
4462,826,29,1,0,0,30,1,2025,10,30,15,15,10,40,0,1,0,0,0,1
4463,826,33,2,0,0,35,1,2025,10,30,15,32,55,40,0,1,0,0,0,1
4464,826,27,2,0,0,29,1,2025,10,30,15,57,37,40,0,1,0,0,0,1
4465,826,27,1,0,0,28,1,2025,10,30,16,15,25,40,0,1,0,0,0,1
4466,826,3,0,0,0,3,0,2025,10,30,22,45,43,40,0,1,0,0,1,0
4467,826,11,1,1,0,13,0,2025,10,31,8,25,12,40,0,1,0,1,0,0
4468,826,15,0,0,0,15,0,2025,10,31,8,42,54,40,0,1,0,1,0,0
4469,826,11,0,0,0,11,0,2025,10,31,9,0,41,40,0,1,0,1,0,0
4470,826,12,1,0,0,13,0,2025,10,31,9,18,30,40,0,1,0,1,0,0
4471,826,7,1,0,0,8,0,2025,10,31,9,44,8,40,0,1,0,1,0,0
4472,826,11,1,0,0,12,0,2025,10,31,10,1,51,40,0,1,0,1,0,0
4473,826,11,1,0,0,12,0,2025,10,31,10,19,33,40,0,1,0,1,0,0
4474,826,7,0,0,0,7,0,2025,10,31,10,37,14,40,0,1,0,1,0,0
4475,826,30,3,1,0,34,1,2025,10,31,15,3,33,40,0,1,0,0,0,1
4476,826,35,1,0,0,36,1,2025,10,31,15,21,26,40,0,1,0,0,0,1
4477,826,42,1,0,0,43,1,2025,10,31,15,39,20,40,0,1,0,0,0,1
4478,826,29,1,0,0,30,1,2025,10,31,15,57,10,40,0,1,0,0,0,1
4479,826,3,0,0,0,3,0,2025,11,1,8,54,46,40,0,1,0,1,0,0
4480,826,5,0,0,0,5,0,2025,11,1,9,12,33,40,0,1,0,1,0,0
4481,826,6,0,0,0,6,0,2025,11,1,9,30,25,40,0,1,0,1,0,0
4482,826,5,0,0,0,5,0,2025,11,1,9,48,13,40,0,1,0,1,0,0
4483,826,5,0,0,0,5,0,2025,11,1,10,6,4,40,0,1,0,1,0,0
4484,826,4,0,0,0,4,0,2025,11,1,10,23,48,40,0,1,0,1,0,0
4485,826,10,0,0,0,10,0,2025,11,1,10,41,32,40,0,1,0,1,0,0
4486,826,6,0,0,0,6,0,2025,11,1,10,59,28,40,0,1,0,1,0,0
4487,826,4,0,0,0,4,0,2025,11,1,11,17,14,40,0,1,0,1,0,0
4488,826,8,0,0,0,8,0,2025,11,1,11,34,59,40,0,1,0,1,0,0
4489,826,6,0,0,0,6,0,2025,11,1,11,52,40,40,0,1,0,1,0,0
4490,826,12,0,0,0,12,0,2025,11,1,12,10,36,40,0,1,0,0,0,1
4491,826,5,0,0,0,5,0,2025,11,1,12,28,20,40,0,1,0,0,0,1
4492,826,15,0,0,0,15,0,2025,11,1,12,46,13,40,0,1,0,0,0,1
4493,826,6,0,0,0,6,0,2025,11,1,13,4,7,40,0,1,0,0,0,1
4494,826,10,1,0,0,11,0,2025,11,1,13,21,54,40,0,1,0,0,0,1
4495,826,8,0,0,0,8,0,2025,11,1,13,39,42,40,0,1,0,0,0,1
4496,826,12,1,1,0,14,0,2025,11,1,13,57,30,40,0,1,0,0,0,1
4497,826,13,1,0,0,14,0,2025,11,1,14,15,21,40,0,1,0,0,0,1
4498,826,15,0,0,0,15,0,2025,11,1,14,33,12,40,0,1,0,0,0,1
4499,826,6,0,0,0,6,0,2025,11,1,14,51,29,40,0,1,0,0,0,1
4500,826,9,0,0,0,9,0,2025,11,1,15,9,26,40,0,1,0,0,0,1
4501,826,7,0,0,0,7,0,2025,11,1,15,27,14,40,0,1,0,0,0,1
4502,826,9,1,0,0,10,0,2025,11,1,15,45,3,40,0,1,0,0,0,1
4503,826,3,0,0,0,3,0,2025,11,1,16,3,2,40,0,1,0,0,0,1
4504,826,8,1,0,0,9,0,2025,11,1,16,20,49,40,0,1,0,0,0,1
4505,826,7,0,0,0,7,0,2025,11,1,16,38,39,40,0,1,0,0,0,1
4506,826,4,0,0,0,4,0,2025,11,1,16,56,34,40,0,1,0,0,0,1
4507,826,9,0,0,0,9,0,2025,11,1,17,14,30,40,0,1,0,0,0,1
4508,826,11,0,0,0,11,0,2025,11,1,17,32,23,40,0,1,0,0,0,1
4509,826,8,0,0,0,8,0,2025,11,1,17,50,9,40,0,1,0,0,0,1
4510,826,3,0,0,0,3,0,2025,11,1,18,8,5,40,0,1,0,0,1,0
4511,826,9,0,0,0,9,0,2025,11,1,18,26,56,40,0,1,0,0,1,0
4512,826,7,0,0,0,7,0,2025,11,1,18,44,46,40,0,1,0,0,1,0
4513,826,8,0,0,0,8,0,2025,11,1,19,2,37,40,0,1,0,0,1,0
4514,826,5,0,0,0,5,0,2025,11,1,19,37,14,40,0,1,0,0,1,0
4515,864,22,1,1,0,24,2,2025,10,27,8,27,11,6,1,0,0,1,0,0
4516,864,26,1,0,0,27,1,2025,10,27,8,44,55,6,1,0,0,1,0,0
4517,864,23,1,1,0,25,2,2025,10,27,9,2,37,6,1,0,0,1,0,0
4518,864,19,0,0,0,19,1,2025,10,27,9,20,15,6,1,0,0,1,0,0
4519,864,12,0,0,0,12,1,2025,10,27,9,37,57,6,1,0,0,1,0,0
4520,864,15,0,1,0,16,1,2025,10,27,9,55,39,6,1,0,0,1,0,0
4521,864,5,0,0,0,5,0,2025,10,27,10,13,25,6,1,0,0,1,0,0
4522,864,10,0,1,0,11,1,2025,10,27,10,31,13,6,1,0,0,1,0,0
4523,864,8,3,1,0,12,1,2025,10,27,12,40,15,6,1,0,0,0,0,1
4524,864,15,1,0,0,16,1,2025,10,27,12,57,58,6,1,0,0,0,0,1
4525,864,11,3,1,0,15,1,2025,10,27,13,15,44,6,1,0,0,0,0,1
4526,864,9,0,0,0,9,0,2025,10,27,13,20,50,6,1,0,0,0,0,1
4527,864,11,0,0,0,11,1,2025,10,27,13,57,15,6,1,0,0,0,0,1
4528,864,6,0,1,0,7,1,2025,10,27,14,55,34,6,1,0,0,0,0,1
4529,864,9,0,1,0,10,0,2025,10,27,15,13,20,6,1,0,0,0,0,1
4530,864,7,2,0,0,9,0,2025,10,27,15,31,6,6,1,0,0,0,0,1
4531,864,7,0,3,0,10,1,2025,10,27,15,48,54,6,1,0,0,0,0,1
4532,864,12,1,0,0,13,0,2025,10,27,18,2,58,6,1,0,0,0,1,0
4533,864,14,1,0,0,15,0,2025,10,27,18,20,34,6,1,0,0,0,1,0
4534,864,10,0,1,0,11,1,2025,10,27,18,38,10,6,1,0,0,0,1,0
4535,864,23,0,2,0,25,1,2025,10,28,7,56,25,6,1,0,0,1,0,0
4536,864,21,1,1,0,23,1,2025,10,28,8,14,2,6,1,0,0,1,0,0
4537,864,17,0,1,0,18,1,2025,10,28,8,31,38,6,1,0,0,1,0,0
4538,864,17,0,1,0,18,1,2025,10,28,8,49,14,6,1,0,0,1,0,0
4539,864,15,1,2,0,18,1,2025,10,28,9,6,50,6,1,0,0,1,0,0
4540,864,15,2,1,0,18,1,2025,10,28,9,24,26,6,1,0,0,1,0,0
4541,864,14,2,0,0,16,1,2025,10,28,9,42,4,6,1,0,0,1,0,0
4542,864,2,1,0,0,3,1,2025,10,28,13,27,50,6,1,0,0,0,0,1
4543,864,13,1,0,0,14,1,2025,10,28,14,45,42,6,1,0,0,0,0,1
4544,864,17,1,0,0,18,1,2025,10,28,15,3,25,6,1,0,0,0,0,1
4545,864,18,1,0,0,19,1,2025,10,28,15,21,9,6,1,0,0,0,0,1
4546,864,16,0,2,0,18,1,2025,10,28,15,38,59,6,1,0,0,0,0,1
4547,864,11,1,0,0,12,0,2025,10,28,15,56,43,6,1,0,0,0,0,1
4548,864,20,0,0,0,20,1,2025,10,28,17,49,5,6,1,0,0,0,0,1
4549,864,18,0,0,0,18,1,2025,10,28,18,6,41,6,1,0,0,0,1,0
4550,864,13,0,0,0,13,0,2025,10,28,18,24,21,6,1,0,0,0,1,0
4551,864,16,0,2,0,18,1,2025,10,28,18,42,0,6,1,0,0,0,1,0
4552,864,25,0,0,0,25,1,2025,10,28,18,59,38,6,1,0,0,0,1,0
4553,864,23,0,0,0,23,1,2025,10,28,19,17,17,6,1,0,0,0,1,0
4554,864,20,0,0,0,20,1,2025,10,28,19,34,53,6,1,0,0,0,1,0
4555,864,22,0,0,0,22,1,2025,10,28,19,52,32,6,1,0,0,0,1,0
4556,864,16,0,0,0,16,0,2025,10,29,8,23,44,6,1,0,0,1,0,0
4557,864,19,1,0,0,20,1,2025,10,29,8,41,20,6,1,0,0,1,0,0
4558,864,18,0,0,0,18,1,2025,10,29,8,58,57,6,1,0,0,1,0,0
4559,864,17,2,4,0,23,1,2025,10,29,9,16,32,6,1,0,0,1,0,0
4560,864,14,1,0,0,15,0,2025,10,29,9,34,8,6,1,0,0,1,0,0
4561,864,17,0,1,0,18,1,2025,10,29,9,51,44,6,1,0,0,1,0,0
4562,864,11,1,1,0,13,0,2025,10,29,10,9,22,6,1,0,0,1,0,0
4563,864,18,2,1,0,21,0,2025,10,29,10,27,1,6,1,0,0,1,0,0
4564,864,18,2,1,0,21,1,2025,10,29,10,44,39,6,1,0,0,1,0,0
4565,864,12,3,1,0,16,1,2025,10,29,12,33,30,6,1,0,0,0,0,1
4566,864,11,1,0,0,12,0,2025,10,29,12,51,12,6,1,0,0,0,0,1
4567,864,6,2,0,0,8,0,2025,10,29,13,8,55,6,1,0,0,0,0,1
4568,864,8,1,1,0,10,0,2025,10,29,13,26,43,6,1,0,0,0,0,1
4569,864,2,0,0,0,2,0,2025,10,29,13,44,23,6,1,0,0,0,0,1
4570,864,13,1,2,0,16,1,2025,10,29,14,44,9,6,1,0,0,0,0,1
4571,864,15,2,0,0,17,1,2025,10,29,15,1,51,6,1,0,0,0,0,1
4572,864,17,0,0,0,17,0,2025,10,29,15,19,37,6,1,0,0,0,0,1
4573,864,13,0,0,0,13,1,2025,10,29,15,37,18,6,1,0,0,0,0,1
4574,864,12,0,1,0,13,1,2025,10,29,15,54,58,6,1,0,0,0,0,1
4575,864,15,1,1,0,17,1,2025,10,30,8,20,34,6,1,0,0,1,0,0
4576,864,14,1,3,0,18,1,2025,10,30,8,38,17,6,1,0,0,1,0,0
4577,864,13,0,2,0,15,1,2025,10,30,8,55,59,6,1,0,0,1,0,0
4578,864,15,2,1,0,18,1,2025,10,30,9,13,51,6,1,0,0,1,0,0
4579,864,11,2,1,0,14,1,2025,10,30,9,31,52,6,1,0,0,1,0,0
4580,864,11,1,1,0,13,1,2025,10,30,9,49,51,6,1,0,0,1,0,0
4581,864,8,1,1,0,10,1,2025,10,30,10,7,36,6,1,0,0,1,0,0
4582,864,13,1,0,0,14,0,2025,10,30,10,25,30,6,1,0,0,1,0,0
4583,864,4,0,1,0,5,0,2025,10,30,10,43,13,6,1,0,0,1,0,0
4584,864,8,3,1,0,12,1,2025,10,30,12,29,46,6,1,0,0,0,0,1
4585,864,14,2,0,0,16,1,2025,10,30,12,47,17,6,1,0,0,0,0,1
4586,864,9,0,0,0,9,0,2025,10,30,13,5,1,6,1,0,0,0,0,1
4587,864,12,1,1,0,14,1,2025,10,30,13,22,47,6,1,0,0,0,0,1
4588,864,4,1,0,0,5,1,2025,10,30,13,40,33,6,1,0,0,0,0,1
4589,864,9,0,0,0,9,1,2025,10,30,13,58,18,6,1,0,0,0,0,1
4590,864,12,0,0,0,12,1,2025,10,30,14,57,20,6,1,0,0,0,0,1
4591,864,14,0,0,0,14,1,2025,10,30,15,15,14,6,1,0,0,0,0,1
4592,864,15,0,0,0,15,1,2025,10,30,15,32,58,6,1,0,0,0,0,1
4593,864,12,0,0,0,12,1,2025,10,30,15,57,42,6,1,0,0,0,0,1
4594,864,3,0,0,0,3,0,2025,10,30,16,15,29,6,1,0,0,0,0,1
4595,864,0,0,0,0,0,0,2025,10,30,22,45,46,6,1,0,0,0,1,0
4596,864,17,1,3,0,21,2,2025,10,31,8,25,15,6,1,0,0,1,0,0
4597,864,17,1,0,0,18,1,2025,10,31,8,42,59,6,1,0,0,1,0,0
4598,864,21,1,0,0,22,2,2025,10,31,9,0,45,6,1,0,0,1,0,0
4599,864,16,2,2,0,20,2,2025,10,31,9,18,33,6,1,0,0,1,0,0
4600,864,20,2,0,0,22,1,2025,10,31,9,44,11,6,1,0,0,1,0,0
4601,864,18,1,3,0,22,2,2025,10,31,10,1,53,6,1,0,0,1,0,0
4602,864,15,1,1,0,17,1,2025,10,31,10,19,36,6,1,0,0,1,0,0
4603,864,16,0,1,0,17,1,2025,10,31,10,37,17,6,1,0,0,1,0,0
4604,864,14,1,1,0,16,1,2025,10,31,15,3,37,6,1,0,0,0,0,1
4605,864,19,1,0,0,20,1,2025,10,31,15,21,31,6,1,0,0,0,0,1
4606,864,15,2,0,0,17,1,2025,10,31,15,39,24,6,1,0,0,0,0,1
4607,864,19,1,0,0,20,1,2025,10,31,15,57,13,6,1,0,0,0,0,1
4608,864,6,0,0,0,6,0,2025,11,1,8,54,50,6,1,0,0,1,0,0
4609,864,4,0,1,0,5,1,2025,11,1,9,12,36,6,1,0,0,1,0,0
4610,864,7,1,0,0,8,1,2025,11,1,9,30,31,6,1,0,0,1,0,0
4611,864,3,0,0,0,3,1,2025,11,1,9,48,18,6,1,0,0,1,0,0
4612,864,6,0,0,0,6,1,2025,11,1,10,6,7,6,1,0,0,1,0,0
4613,864,13,0,0,0,13,1,2025,11,1,10,23,52,6,1,0,0,1,0,0
4614,864,5,0,0,0,5,0,2025,11,1,10,41,37,6,1,0,0,1,0,0
4615,864,7,0,0,0,7,1,2025,11,1,10,59,32,6,1,0,0,1,0,0
4616,864,5,0,0,0,5,1,2025,11,1,11,17,19,6,1,0,0,1,0,0
4617,864,11,0,0,0,11,1,2025,11,1,11,35,1,6,1,0,0,1,0,0
4618,864,5,0,0,0,5,1,2025,11,1,11,52,44,6,1,0,0,1,0,0
4619,864,6,0,0,0,6,1,2025,11,1,12,10,38,6,1,0,0,0,0,1
4620,864,7,0,0,0,7,1,2025,11,1,12,28,25,6,1,0,0,0,0,1
4621,864,8,0,1,0,9,1,2025,11,1,12,46,16,6,1,0,0,0,0,1
4622,864,8,0,0,0,8,1,2025,11,1,13,4,14,6,1,0,0,0,0,1
4623,864,8,0,0,0,8,1,2025,11,1,13,21,59,6,1,0,0,0,0,1
4624,864,6,0,0,0,6,1,2025,11,1,13,39,46,6,1,0,0,0,0,1
4625,864,7,0,0,0,7,1,2025,11,1,13,57,35,6,1,0,0,0,0,1
4626,864,8,0,0,0,8,1,2025,11,1,14,15,27,6,1,0,0,0,0,1
4627,864,1,0,0,0,1,0,2025,11,1,14,33,28,6,1,0,0,0,0,1
4628,864,8,0,0,0,8,1,2025,11,1,14,51,35,6,1,0,0,0,0,1
4629,864,1,0,0,0,1,0,2025,11,1,15,9,32,6,1,0,0,0,0,1
4630,864,12,0,0,0,12,1,2025,11,1,15,27,18,6,1,0,0,0,0,1
4631,864,3,0,2,0,5,0,2025,11,1,15,45,9,6,1,0,0,0,0,1
4632,864,7,0,0,0,7,0,2025,11,1,16,3,6,6,1,0,0,0,0,1
4633,864,7,1,0,0,8,1,2025,11,1,16,20,54,6,1,0,0,0,0,1
4634,864,5,0,0,0,5,0,2025,11,1,16,38,43,6,1,0,0,0,0,1
4635,864,10,0,0,0,10,0,2025,11,1,16,56,40,6,1,0,0,0,0,1
4636,864,13,0,0,0,13,0,2025,11,1,17,14,36,6,1,0,0,0,0,1
4637,864,11,1,0,0,12,0,2025,11,1,17,32,25,6,1,0,0,0,0,1
4638,864,11,4,0,0,15,1,2025,11,1,17,50,15,6,1,0,0,0,0,1
4639,864,9,1,0,0,10,1,2025,11,1,18,8,10,6,1,0,0,0,1,0
4640,864,9,0,0,0,9,0,2025,11,1,18,26,59,6,1,0,0,0,1,0
4641,864,4,0,0,0,4,0,2025,11,1,18,44,52,6,1,0,0,0,1,0
4642,864,14,0,0,0,14,1,2025,11,1,19,2,41,6,1,0,0,0,1,0
4643,864,4,0,0,0,4,0,2025,11,1,19,37,18,6,1,0,0,0,1,0
4644,866,10,0,0,0,10,1,2025,10,27,8,27,11,6,1,0,0,1,0,0
4645,866,6,0,0,0,6,1,2025,10,27,8,44,53,6,1,0,0,1,0,0
4646,866,7,0,0,0,7,1,2025,10,27,9,2,36,6,1,0,0,1,0,0
4647,866,7,0,0,0,7,2,2025,10,27,9,20,15,6,1,0,0,1,0,0
4648,866,5,1,0,0,6,2,2025,10,27,9,37,57,6,1,0,0,1,0,0
4649,866,7,2,0,0,9,2,2025,10,27,9,55,37,6,1,0,0,1,0,0
4650,866,4,1,0,0,5,1,2025,10,27,10,13,23,6,1,0,0,1,0,0
4651,866,7,1,0,0,8,2,2025,10,27,10,31,12,6,1,0,0,1,0,0
4652,866,1,1,0,0,2,0,2025,10,27,12,40,14,6,1,0,0,0,0,1
4653,866,3,1,0,0,4,1,2025,10,27,12,57,57,6,1,0,0,0,0,1
4654,866,0,0,1,0,1,2,2025,10,27,13,15,42,6,1,0,0,0,0,1
4655,866,2,0,0,0,2,1,2025,10,27,13,20,49,6,1,0,0,0,0,1
4656,866,3,0,0,0,3,1,2025,10,27,13,57,14,6,1,0,0,0,0,1
4657,866,7,2,0,0,9,1,2025,10,27,14,55,34,6,1,0,0,0,0,1
4658,866,3,2,0,0,5,0,2025,10,27,15,13,19,6,1,0,0,0,0,1
4659,866,7,2,1,0,10,1,2025,10,27,15,31,5,6,1,0,0,0,0,1
4660,866,13,0,2,0,15,1,2025,10,27,15,48,54,6,1,0,0,0,0,1
4661,866,10,1,4,0,15,3,2025,10,27,18,2,58,6,1,0,0,0,1,0
4662,866,13,1,3,0,17,3,2025,10,27,18,20,33,6,1,0,0,0,1,0
4663,866,14,2,2,0,18,2,2025,10,27,18,38,10,6,1,0,0,0,1,0
4664,866,15,0,4,0,19,2,2025,10,28,7,56,25,6,1,0,0,1,0,0
4665,866,25,0,3,0,28,2,2025,10,28,8,14,1,6,1,0,0,1,0,0
4666,866,20,0,1,0,21,2,2025,10,28,8,31,38,6,1,0,0,1,0,0
4667,866,20,1,2,0,23,2,2025,10,28,8,49,14,6,1,0,0,1,0,0
4668,866,13,3,3,0,19,2,2025,10,28,9,6,50,6,1,0,0,1,0,0
4669,866,12,2,6,0,20,2,2025,10,28,9,24,25,6,1,0,0,1,0,0
4670,866,19,1,3,0,23,2,2025,10,28,9,42,3,6,1,0,0,1,0,0
4671,866,4,0,0,0,4,1,2025,10,28,13,27,49,6,1,0,0,0,0,1
4672,866,15,0,3,0,18,2,2025,10,28,14,45,42,6,1,0,0,0,0,1
4673,866,13,0,2,0,15,1,2025,10,28,15,3,24,6,1,0,0,0,0,1
4674,866,19,0,3,0,22,2,2025,10,28,15,21,7,6,1,0,0,0,0,1
4675,866,16,1,4,0,21,2,2025,10,28,15,38,58,6,1,0,0,0,0,1
4676,866,14,0,5,0,19,2,2025,10,28,15,56,42,6,1,0,0,0,0,1
4677,866,17,2,3,0,22,3,2025,10,28,17,49,5,6,1,0,0,0,0,1
4678,866,13,1,1,0,15,2,2025,10,28,18,6,41,6,1,0,0,0,1,0
4679,866,15,0,4,0,19,3,2025,10,28,18,24,20,6,1,0,0,0,1,0
4680,866,16,2,4,0,22,3,2025,10,28,18,42,0,6,1,0,0,0,1,0
4681,866,8,0,2,0,10,2,2025,10,28,18,59,38,6,1,0,0,0,1,0
4682,866,13,0,1,0,14,2,2025,10,28,19,17,16,6,1,0,0,0,1,0
4683,866,13,0,1,0,14,2,2025,10,28,19,34,53,6,1,0,0,0,1,0
4684,866,19,0,0,0,19,2,2025,10,28,19,52,32,6,1,0,0,0,1,0
4685,866,16,0,0,0,16,2,2025,10,29,8,23,44,6,1,0,0,1,0,0
4686,866,8,0,3,0,11,3,2025,10,29,8,41,20,6,1,0,0,1,0,0
4687,866,12,0,1,0,13,3,2025,10,29,8,58,56,6,1,0,0,1,0,0
4688,866,7,0,1,0,8,3,2025,10,29,9,16,32,6,1,0,0,1,0,0
4689,866,13,0,0,0,13,2,2025,10,29,9,34,8,6,1,0,0,1,0,0
4690,866,8,0,2,0,10,2,2025,10,29,9,51,44,6,1,0,0,1,0,0
4691,866,9,0,0,0,9,1,2025,10,29,10,9,21,6,1,0,0,1,0,0
4692,866,8,0,0,0,8,1,2025,10,29,10,27,0,6,1,0,0,1,0,0
4693,866,6,0,0,0,6,0,2025,10,29,10,44,38,6,1,0,0,1,0,0
4694,866,5,0,0,0,5,1,2025,10,29,12,33,29,6,1,0,0,0,0,1
4695,866,5,1,0,0,6,1,2025,10,29,12,51,11,6,1,0,0,0,0,1
4696,866,8,0,0,0,8,2,2025,10,29,13,8,53,6,1,0,0,0,0,1
4697,866,4,0,0,0,4,0,2025,10,29,13,26,42,6,1,0,0,0,0,1
4698,866,8,0,0,0,8,0,2025,10,29,13,44,23,6,1,0,0,0,0,1
4699,866,3,1,0,0,4,1,2025,10,29,14,44,9,6,1,0,0,0,0,1
4700,866,3,0,0,0,3,1,2025,10,29,15,1,50,6,1,0,0,0,0,1
4701,866,8,1,1,0,10,0,2025,10,29,15,19,36,6,1,0,0,0,0,1
4702,866,7,0,1,0,8,2,2025,10,29,15,37,17,6,1,0,0,0,0,1
4703,866,6,0,0,0,6,1,2025,10,29,15,54,57,6,1,0,0,0,0,1
4704,866,13,1,0,0,14,2,2025,10,30,8,20,33,6,1,0,0,1,0,0
4705,866,10,2,1,0,13,2,2025,10,30,8,38,16,6,1,0,0,1,0,0
4706,866,12,1,1,0,14,2,2025,10,30,8,55,58,6,1,0,0,1,0,0
4707,866,14,0,2,0,16,3,2025,10,30,9,13,50,6,1,0,0,1,0,0
4708,866,10,1,0,0,11,2,2025,10,30,9,31,49,6,1,0,0,1,0,0
4709,866,13,0,1,0,14,2,2025,10,30,9,49,50,6,1,0,0,1,0,0
4710,866,14,0,0,0,14,2,2025,10,30,10,7,35,6,1,0,0,1,0,0
4711,866,7,1,3,0,11,3,2025,10,30,10,25,29,6,1,0,0,1,0,0
4712,866,12,1,0,0,13,1,2025,10,30,10,43,12,6,1,0,0,1,0,0
4713,866,7,2,0,0,9,1,2025,10,30,12,29,45,6,1,0,0,0,0,1
4714,866,7,0,0,0,7,1,2025,10,30,12,47,16,6,1,0,0,0,0,1
4715,866,8,0,0,0,8,1,2025,10,30,13,5,1,6,1,0,0,0,0,1
4716,866,2,0,1,0,3,2,2025,10,30,13,22,46,6,1,0,0,0,0,1
4717,866,11,1,0,0,12,2,2025,10,30,13,40,32,6,1,0,0,0,0,1
4718,866,10,0,0,0,10,1,2025,10,30,13,58,17,6,1,0,0,0,0,1
4719,866,10,1,0,0,11,2,2025,10,30,14,57,19,6,1,0,0,0,0,1
4720,866,7,0,1,0,8,2,2025,10,30,15,15,13,6,1,0,0,0,0,1
4721,866,1,0,1,0,2,2,2025,10,30,15,32,57,6,1,0,0,0,0,1
4722,866,14,1,0,0,15,1,2025,10,30,15,57,41,6,1,0,0,0,0,1
4723,866,16,0,2,0,18,1,2025,10,30,16,15,28,6,1,0,0,0,0,1
4724,866,9,0,1,0,10,1,2025,10,30,22,45,46,6,1,0,0,0,1,0
4725,866,8,0,1,0,9,1,2025,10,31,8,25,14,6,1,0,0,1,0,0
4726,866,10,0,4,0,14,1,2025,10,31,8,42,58,6,1,0,0,1,0,0
4727,866,10,0,0,0,10,0,2025,10,31,9,0,43,6,1,0,0,1,0,0
4728,866,10,1,3,0,14,1,2025,10,31,9,18,32,6,1,0,0,1,0,0
4729,866,11,1,0,0,12,0,2025,10,31,9,44,10,6,1,0,0,1,0,0
4730,866,8,1,3,0,12,1,2025,10,31,10,1,53,6,1,0,0,1,0,0
4731,866,9,0,2,0,11,1,2025,10,31,10,19,34,6,1,0,0,1,0,0
4732,866,10,2,1,0,13,0,2025,10,31,10,37,16,6,1,0,0,1,0,0
4733,866,12,0,1,0,13,2,2025,10,31,15,3,36,6,1,0,0,0,0,1
4734,866,13,0,1,0,14,2,2025,10,31,15,21,30,6,1,0,0,0,0,1
4735,866,7,2,1,0,10,2,2025,10,31,15,39,23,6,1,0,0,0,0,1
4736,866,5,0,0,0,5,1,2025,10,31,15,57,12,6,1,0,0,0,0,1
4737,866,5,0,0,0,5,1,2025,11,1,8,54,49,6,1,0,0,1,0,0
4738,866,4,1,0,0,5,0,2025,11,1,9,12,35,6,1,0,0,1,0,0
4739,866,0,0,0,0,0,0,2025,11,1,9,30,29,6,1,0,0,1,0,0
4740,866,1,0,0,0,1,0,2025,11,1,9,48,17,6,1,0,0,1,0,0
4741,866,1,0,0,0,1,1,2025,11,1,10,6,7,6,1,0,0,1,0,0
4742,866,2,0,0,0,2,0,2025,11,1,10,23,51,6,1,0,0,1,0,0
4743,866,2,0,1,0,3,1,2025,11,1,10,41,36,6,1,0,0,1,0,0
4744,866,2,0,0,0,2,0,2025,11,1,10,59,31,6,1,0,0,1,0,0
4745,866,2,1,0,0,3,0,2025,11,1,11,17,17,6,1,0,0,1,0,0
4746,866,2,0,0,0,2,0,2025,11,1,11,35,1,6,1,0,0,1,0,0
4747,866,2,0,0,0,2,0,2025,11,1,11,52,43,6,1,0,0,1,0,0
4748,866,1,0,0,0,1,1,2025,11,1,12,10,37,6,1,0,0,0,0,1
4749,866,4,0,0,0,4,1,2025,11,1,12,28,24,6,1,0,0,0,0,1
4750,866,1,0,0,0,1,0,2025,11,1,12,46,16,6,1,0,0,0,0,1
4751,866,5,0,0,0,5,1,2025,11,1,13,4,12,6,1,0,0,0,0,1
4752,866,4,0,0,0,4,1,2025,11,1,13,21,58,6,1,0,0,0,0,1
4753,866,6,1,0,0,7,1,2025,11,1,13,39,45,6,1,0,0,0,0,1
4754,866,7,0,1,0,8,2,2025,11,1,13,57,33,6,1,0,0,0,0,1
4755,866,6,0,0,0,6,1,2025,11,1,14,15,26,6,1,0,0,0,0,1
4756,866,8,1,1,0,10,2,2025,11,1,14,33,27,6,1,0,0,0,0,1
4757,866,1,0,0,0,1,1,2025,11,1,14,51,33,6,1,0,0,0,0,1
4758,866,4,0,0,0,4,0,2025,11,1,15,9,31,6,1,0,0,0,0,1
4759,866,0,0,0,0,0,0,2025,11,1,15,27,17,6,1,0,0,0,0,1
4760,866,2,0,0,0,2,0,2025,11,1,15,45,8,6,1,0,0,0,0,1
4761,866,2,0,0,0,2,1,2025,11,1,16,3,5,6,1,0,0,0,0,1
4762,866,2,0,0,0,2,0,2025,11,1,16,20,52,6,1,0,0,0,0,1
4763,866,0,0,0,0,0,0,2025,11,1,16,38,42,6,1,0,0,0,0,1
4764,866,1,0,0,0,1,0,2025,11,1,16,56,38,6,1,0,0,0,0,1
4765,866,4,0,0,0,4,0,2025,11,1,17,14,35,6,1,0,0,0,0,1
4766,866,5,0,0,0,5,1,2025,11,1,17,32,24,6,1,0,0,0,0,1
4767,866,5,0,0,0,5,1,2025,11,1,17,50,13,6,1,0,0,0,0,1
4768,866,1,0,0,0,1,1,2025,11,1,18,8,9,6,1,0,0,0,1,0
4769,866,2,1,1,0,4,1,2025,11,1,18,26,58,6,1,0,0,0,1,0
4770,866,5,0,0,0,5,1,2025,11,1,18,44,50,6,1,0,0,0,1,0
4771,866,5,0,0,0,5,1,2025,11,1,19,2,40,6,1,0,0,0,1,0
4772,866,7,0,0,0,7,1,2025,11,1,19,37,17,6,1,0,0,0,1,0
4773,868,17,0,0,0,17,1,2025,10,27,8,27,14,6,1,0,0,1,0,0
4774,868,17,1,0,0,18,2,2025,10,27,8,45,0,6,1,0,0,1,0,0
4775,868,10,1,1,0,12,1,2025,10,27,9,2,39,6,1,0,0,1,0,0
4776,868,13,0,0,0,13,1,2025,10,27,9,20,19,6,1,0,0,1,0,0
4777,868,17,0,1,0,18,1,2025,10,27,9,38,1,6,1,0,0,1,0,0
4778,868,11,0,0,0,11,1,2025,10,27,9,55,44,6,1,0,0,1,0,0
4779,868,3,0,0,0,3,0,2025,10,27,10,13,30,6,1,0,0,1,0,0
4780,868,2,1,0,0,3,0,2025,10,27,10,31,17,6,1,0,0,1,0,0
4781,868,5,0,0,0,5,0,2025,10,27,12,40,19,6,1,0,0,0,0,1
4782,868,1,0,0,0,1,0,2025,10,27,12,58,3,6,1,0,0,0,0,1
4783,868,3,0,0,0,3,0,2025,10,27,13,15,50,6,1,0,0,0,0,1
4784,868,7,0,0,0,7,1,2025,10,27,13,20,57,6,1,0,0,0,0,1
4785,868,7,0,1,0,8,2,2025,10,27,13,57,20,6,1,0,0,0,0,1
4786,868,7,0,1,0,8,1,2025,10,27,14,55,38,6,1,0,0,0,0,1
4787,868,12,0,0,0,12,1,2025,10,27,15,13,23,6,1,0,0,0,0,1
4788,868,8,1,0,0,9,1,2025,10,27,15,31,10,6,1,0,0,0,0,1
4789,868,19,0,1,0,20,2,2025,10,27,15,48,56,6,1,0,0,0,0,1
4790,868,19,1,1,0,21,2,2025,10,27,18,3,0,6,1,0,0,0,1,0
4791,868,15,1,0,0,16,1,2025,10,27,18,20,36,6,1,0,0,0,1,0
4792,868,20,0,0,0,20,1,2025,10,27,18,38,13,6,1,0,0,0,1,0
4793,868,12,1,0,0,13,1,2025,10,28,7,56,27,6,1,0,0,1,0,0
4794,868,5,0,0,0,5,0,2025,10,28,8,14,4,6,1,0,0,1,0,0
4795,868,12,0,0,0,12,1,2025,10,28,8,31,40,6,1,0,0,1,0,0
4796,868,13,0,0,0,13,1,2025,10,28,8,49,16,6,1,0,0,1,0,0
4797,868,15,0,0,0,15,0,2025,10,28,9,6,52,6,1,0,0,1,0,0
4798,868,12,0,0,0,12,1,2025,10,28,9,24,28,6,1,0,0,1,0,0
4799,868,10,2,0,0,12,1,2025,10,28,9,42,7,6,1,0,0,1,0,0
4800,868,12,0,0,0,12,1,2025,10,28,13,27,55,6,1,0,0,0,0,1
4801,868,15,1,0,0,16,1,2025,10,28,14,45,47,6,1,0,0,0,0,1
4802,868,18,1,0,0,19,2,2025,10,28,15,3,30,6,1,0,0,0,0,1
4803,868,14,1,2,0,17,1,2025,10,28,15,21,18,6,1,0,0,0,0,1
4804,868,10,0,0,0,10,1,2025,10,28,15,39,4,6,1,0,0,0,0,1
4805,868,16,1,0,0,17,1,2025,10,28,15,56,49,6,1,0,0,0,0,1
4806,868,22,0,0,0,22,1,2025,10,28,17,49,8,6,1,0,0,0,0,1
4807,868,18,0,0,0,18,1,2025,10,28,18,6,45,6,1,0,0,0,1,0
4808,868,15,0,0,0,15,1,2025,10,28,18,24,24,6,1,0,0,0,1,0
4809,868,12,0,0,0,12,1,2025,10,28,18,42,3,6,1,0,0,0,1,0
4810,868,9,0,0,0,9,1,2025,10,28,18,59,42,6,1,0,0,0,1,0
4811,868,10,1,0,0,11,2,2025,10,28,19,17,19,6,1,0,0,0,1,0
4812,868,6,0,0,0,6,1,2025,10,28,19,34,57,6,1,0,0,0,1,0
4813,868,11,0,0,0,11,1,2025,10,28,19,52,35,6,1,0,0,0,1,0
4814,868,8,1,0,0,9,2,2025,10,29,8,23,46,6,1,0,0,1,0,0
4815,868,20,0,0,0,20,1,2025,10,29,8,41,23,6,1,0,0,1,0,0
4816,868,18,0,0,0,18,2,2025,10,29,8,58,59,6,1,0,0,1,0,0
4817,868,11,0,0,0,11,1,2025,10,29,9,16,34,6,1,0,0,1,0,0
4818,868,14,1,0,0,15,1,2025,10,29,9,34,10,6,1,0,0,1,0,0
4819,868,14,1,0,0,15,1,2025,10,29,9,51,47,6,1,0,0,1,0,0
4820,868,9,1,0,0,10,1,2025,10,29,10,9,25,6,1,0,0,1,0,0
4821,868,5,1,0,0,6,0,2025,10,29,10,27,4,6,1,0,0,1,0,0
4822,868,8,1,0,0,9,1,2025,10,29,10,44,42,6,1,0,0,1,0,0
4823,868,10,1,0,0,11,0,2025,10,29,12,33,35,6,1,0,0,0,0,1
4824,868,12,0,1,0,13,1,2025,10,29,12,51,16,6,1,0,0,0,0,1
4825,868,11,0,0,0,11,1,2025,10,29,13,9,4,6,1,0,0,0,0,1
4826,868,13,2,0,0,15,1,2025,10,29,13,26,47,6,1,0,0,0,0,1
4827,868,7,1,0,0,8,1,2025,10,29,13,44,32,6,1,0,0,0,0,1
4828,868,14,0,0,0,14,1,2025,10,29,14,44,14,6,1,0,0,0,0,1
4829,868,13,0,0,0,13,1,2025,10,29,15,1,58,6,1,0,0,0,0,1
4830,868,8,0,0,0,8,0,2025,10,29,15,19,42,6,1,0,0,0,0,1
4831,868,13,0,0,0,13,1,2025,10,29,15,37,21,6,1,0,0,0,0,1
4832,868,6,3,0,0,9,1,2025,10,29,15,55,2,6,1,0,0,0,0,1
4833,868,18,0,1,0,19,2,2025,10,30,8,20,39,6,1,0,0,1,0,0
4834,868,17,1,0,0,18,1,2025,10,30,8,38,21,6,1,0,0,1,0,0
4835,868,14,0,0,0,14,1,2025,10,30,8,56,4,6,1,0,0,1,0,0
4836,868,9,0,0,0,9,1,2025,10,30,9,13,56,6,1,0,0,1,0,0
4837,868,15,0,2,0,17,1,2025,10,30,9,32,5,6,1,0,0,1,0,0
4838,868,10,2,0,0,12,1,2025,10,30,9,49,55,6,1,0,0,1,0,0
4839,868,13,1,0,0,14,1,2025,10,30,10,7,47,6,1,0,0,1,0,0
4840,868,11,0,0,0,11,0,2025,10,30,10,25,35,6,1,0,0,1,0,0
4841,868,9,1,0,0,10,0,2025,10,30,10,43,18,6,1,0,0,1,0,0
4842,868,5,0,0,0,5,0,2025,10,30,12,29,51,6,1,0,0,0,0,1
4843,868,10,1,0,0,11,1,2025,10,30,12,47,22,6,1,0,0,0,0,1
4844,868,4,0,0,0,4,1,2025,10,30,13,5,6,6,1,0,0,0,0,1
4845,868,11,0,0,0,11,1,2025,10,30,13,22,52,6,1,0,0,0,0,1
4846,868,9,0,0,0,9,1,2025,10,30,13,40,39,6,1,0,0,0,0,1
4847,868,11,1,0,0,12,0,2025,10,30,13,58,24,6,1,0,0,0,0,1
4848,868,12,0,0,0,12,1,2025,10,30,14,57,26,6,1,0,0,0,0,1
4849,868,15,0,1,0,16,1,2025,10,30,15,15,20,6,1,0,0,0,0,1
4850,868,17,0,0,0,17,1,2025,10,30,15,33,3,6,1,0,0,0,0,1
4851,868,15,0,0,0,15,1,2025,10,30,15,57,49,6,1,0,0,0,0,1
4852,868,13,1,0,0,14,1,2025,10,30,16,15,36,6,1,0,0,0,0,1
4853,868,2,0,0,0,2,0,2025,10,30,22,45,51,6,1,0,0,0,1,0
4854,868,17,1,0,0,18,1,2025,10,31,8,25,19,6,1,0,0,1,0,0
4855,868,11,2,0,0,13,1,2025,10,31,8,43,6,6,1,0,0,1,0,0
4856,868,8,4,0,0,12,2,2025,10,31,9,0,53,6,1,0,0,1,0,0
4857,868,13,1,0,0,14,1,2025,10,31,9,18,38,6,1,0,0,1,0,0
4858,868,10,2,0,0,12,1,2025,10,31,9,44,15,6,1,0,0,1,0,0
4859,868,11,0,0,0,11,1,2025,10,31,10,1,56,6,1,0,0,1,0,0
4860,868,9,0,0,0,9,0,2025,10,31,10,19,41,6,1,0,0,1,0,0
4861,868,17,1,0,0,18,1,2025,10,31,10,37,20,6,1,0,0,1,0,0
4862,868,17,0,0,0,17,1,2025,10,31,15,3,44,6,1,0,0,0,0,1
4863,868,26,0,0,0,26,2,2025,10,31,15,21,35,6,1,0,0,0,0,1
4864,868,20,1,1,0,22,2,2025,10,31,15,39,28,6,1,0,0,0,0,1
4865,868,16,1,0,0,17,1,2025,10,31,15,57,18,6,1,0,0,0,0,1
4866,868,12,0,0,0,12,0,2025,11,1,8,54,58,6,1,0,0,1,0,0
4867,868,6,0,0,0,6,0,2025,11,1,9,12,41,6,1,0,0,1,0,0
4868,868,9,1,0,0,10,0,2025,11,1,9,30,35,6,1,0,0,1,0,0
4869,868,5,0,0,0,5,0,2025,11,1,9,48,23,6,1,0,0,1,0,0
4870,868,8,0,0,0,8,0,2025,11,1,10,6,13,6,1,0,0,1,0,0
4871,868,9,0,0,0,9,1,2025,11,1,10,23,56,6,1,0,0,1,0,0
4872,868,9,0,0,0,9,1,2025,11,1,10,41,47,6,1,0,0,1,0,0
4873,868,6,0,0,0,6,1,2025,11,1,10,59,38,6,1,0,0,1,0,0
4874,868,7,0,0,0,7,0,2025,11,1,11,17,24,6,1,0,0,1,0,0
4875,868,7,1,0,0,8,1,2025,11,1,11,35,4,6,1,0,0,1,0,0
4876,868,9,0,0,0,9,1,2025,11,1,11,52,50,6,1,0,0,1,0,0
4877,868,12,1,0,0,13,2,2025,11,1,12,10,43,6,1,0,0,0,0,1
4878,868,6,0,0,0,6,0,2025,11,1,12,28,35,6,1,0,0,0,0,1
4879,868,10,0,1,0,11,2,2025,11,1,12,46,32,6,1,0,0,0,0,1
4880,868,12,0,0,0,12,1,2025,11,1,13,4,18,6,1,0,0,0,0,1
4881,868,14,0,0,0,14,1,2025,11,1,13,22,6,6,1,0,0,0,0,1
4882,868,9,0,0,0,9,1,2025,11,1,13,39,51,6,1,0,0,0,0,1
4883,868,9,1,0,0,10,1,2025,11,1,13,57,43,6,1,0,0,0,0,1
4884,868,9,1,0,0,10,1,2025,11,1,14,15,33,6,1,0,0,0,0,1
4885,868,11,0,0,0,11,1,2025,11,1,14,33,44,6,1,0,0,0,0,1
4886,868,11,0,0,0,11,1,2025,11,1,14,51,48,6,1,0,0,0,0,1
4887,868,7,0,0,0,7,0,2025,11,1,15,9,37,6,1,0,0,0,0,1
4888,868,7,0,0,0,7,0,2025,11,1,15,27,24,6,1,0,0,0,0,1
4889,868,6,0,0,0,6,1,2025,11,1,15,45,17,6,1,0,0,0,0,1
4890,868,5,0,1,0,6,1,2025,11,1,16,3,13,6,1,0,0,0,0,1
4891,868,7,0,0,0,7,0,2025,11,1,16,21,0,6,1,0,0,0,0,1
4892,868,9,0,0,0,9,0,2025,11,1,16,38,48,6,1,0,0,0,0,1
4893,868,8,0,0,0,8,0,2025,11,1,16,56,47,6,1,0,0,0,0,1
4894,868,9,0,0,0,9,1,2025,11,1,17,14,47,6,1,0,0,0,0,1
4895,868,8,0,0,0,8,1,2025,11,1,17,32,32,6,1,0,0,0,0,1
4896,868,12,0,0,0,12,1,2025,11,1,17,50,27,6,1,0,0,0,0,1
4897,868,9,0,0,0,9,0,2025,11,1,18,8,20,6,1,0,0,0,1,0
4898,868,7,0,0,0,7,0,2025,11,1,18,27,5,6,1,0,0,0,1,0
4899,868,7,1,0,0,8,1,2025,11,1,18,45,1,6,1,0,0,0,1,0
4900,868,9,0,0,0,9,1,2025,11,1,19,2,47,6,1,0,0,0,1,0
4901,868,7,1,0,0,8,1,2025,11,1,19,37,22,6,1,0,0,0,1,0
4902,872,19,1,2,0,22,2,2025,10,27,8,27,14,6,1,0,0,1,0,0
4903,872,21,1,2,0,24,2,2025,10,27,8,45,0,6,1,0,0,1,0,0
4904,872,22,1,0,0,23,1,2025,10,27,9,2,39,6,1,0,0,1,0,0
4905,872,20,3,2,0,25,1,2025,10,27,9,20,19,6,1,0,0,1,0,0
4906,872,19,1,0,0,20,1,2025,10,27,9,38,1,6,1,0,0,1,0,0
4907,872,15,3,0,0,18,1,2025,10,27,9,55,44,6,1,0,0,1,0,0
4908,872,18,1,0,0,19,1,2025,10,27,10,13,30,6,1,0,0,1,0,0
4909,872,15,1,0,0,16,1,2025,10,27,10,31,17,6,1,0,0,1,0,0
4910,872,17,1,0,0,18,1,2025,10,27,12,40,19,6,1,0,0,0,0,1
4911,872,21,0,1,0,22,1,2025,10,27,12,58,3,6,1,0,0,0,0,1
4912,872,18,1,1,0,20,1,2025,10,27,13,15,50,6,1,0,0,0,0,1
4913,872,19,2,0,0,21,2,2025,10,27,13,20,56,6,1,0,0,0,0,1
4914,872,25,0,0,0,25,1,2025,10,27,13,57,20,6,1,0,0,0,0,1
4915,872,31,0,0,0,31,1,2025,10,27,14,55,38,6,1,0,0,0,0,1
4916,872,18,3,0,0,21,1,2025,10,27,15,13,23,6,1,0,0,0,0,1
4917,872,18,2,1,0,21,1,2025,10,27,15,31,9,6,1,0,0,0,0,1
4918,872,23,1,0,0,24,1,2025,10,27,15,48,56,6,1,0,0,0,0,1
4919,872,2,0,0,0,2,0,2025,10,27,18,3,0,6,1,0,0,0,1,0
4920,872,16,0,0,0,16,1,2025,10,27,18,20,36,6,1,0,0,0,1,0
4921,872,17,0,1,0,18,1,2025,10,27,18,38,13,6,1,0,0,0,1,0
4922,872,24,1,1,0,26,2,2025,10,28,7,56,27,6,1,0,0,1,0,0
4923,872,23,0,1,0,24,2,2025,10,28,8,14,3,6,1,0,0,1,0,0
4924,872,19,1,0,0,20,1,2025,10,28,8,31,40,6,1,0,0,1,0,0
4925,872,17,2,0,0,19,1,2025,10,28,8,49,16,6,1,0,0,1,0,0
4926,872,19,1,2,0,22,2,2025,10,28,9,6,52,6,1,0,0,1,0,0
4927,872,16,2,1,0,19,1,2025,10,28,9,24,28,6,1,0,0,1,0,0
4928,872,19,0,0,0,19,1,2025,10,28,9,42,7,6,1,0,0,1,0,0
4929,872,21,0,0,0,21,1,2025,10,28,13,27,55,6,1,0,0,0,0,1
4930,872,21,2,2,0,25,2,2025,10,28,14,45,47,6,1,0,0,0,0,1
4931,872,24,1,2,0,27,2,2025,10,28,15,3,29,6,1,0,0,0,0,1
4932,872,20,3,0,0,23,2,2025,10,28,15,21,17,6,1,0,0,0,0,1
4933,872,16,1,1,0,18,1,2025,10,28,15,39,4,6,1,0,0,0,0,1
4934,872,16,1,0,0,17,0,2025,10,28,15,56,48,6,1,0,0,0,0,1
4935,872,18,0,2,0,20,1,2025,10,28,17,49,7,6,1,0,0,0,0,1
4936,872,22,0,1,0,23,1,2025,10,28,18,6,44,6,1,0,0,0,1,0
4937,872,25,0,1,0,26,1,2025,10,28,18,24,24,6,1,0,0,0,1,0
4938,872,23,0,0,0,23,1,2025,10,28,18,42,3,6,1,0,0,0,1,0
4939,872,14,0,0,0,14,1,2025,10,28,18,59,41,6,1,0,0,0,1,0
4940,872,15,1,0,0,16,1,2025,10,28,19,17,19,6,1,0,0,0,1,0
4941,872,19,0,0,0,19,1,2025,10,28,19,34,57,6,1,0,0,0,1,0
4942,872,16,0,0,0,16,1,2025,10,28,19,52,35,6,1,0,0,0,1,0
4943,872,21,0,0,0,21,1,2025,10,29,8,23,46,6,1,0,0,1,0,0
4944,872,17,0,1,0,18,1,2025,10,29,8,41,22,6,1,0,0,1,0,0
4945,872,19,0,0,0,19,1,2025,10,29,8,58,59,6,1,0,0,1,0,0
4946,872,22,0,1,0,23,1,2025,10,29,9,16,34,6,1,0,0,1,0,0
4947,872,19,1,0,0,20,1,2025,10,29,9,34,10,6,1,0,0,1,0,0
4948,872,10,3,1,0,14,1,2025,10,29,9,51,47,6,1,0,0,1,0,0
4949,872,13,0,0,0,13,0,2025,10,29,10,9,25,6,1,0,0,1,0,0
4950,872,8,1,2,0,11,1,2025,10,29,10,27,3,6,1,0,0,1,0,0
4951,872,14,0,0,0,14,1,2025,10,29,10,44,42,6,1,0,0,1,0,0
4952,872,28,0,2,0,30,1,2025,10,29,12,33,35,6,1,0,0,0,0,1
4953,872,27,6,1,0,34,1,2025,10,29,12,51,15,6,1,0,0,0,0,1
4954,872,26,4,0,0,30,1,2025,10,29,13,9,4,6,1,0,0,0,0,1
4955,872,22,0,1,0,23,1,2025,10,29,13,26,47,6,1,0,0,0,0,1
4956,872,24,2,2,0,28,2,2025,10,29,13,44,31,6,1,0,0,0,0,1
4957,872,33,1,1,0,35,2,2025,10,29,14,44,13,6,1,0,0,0,0,1
4958,872,31,2,2,0,35,2,2025,10,29,15,1,57,6,1,0,0,0,0,1
4959,872,26,0,0,0,26,1,2025,10,29,15,19,41,6,1,0,0,0,0,1
4960,872,32,2,1,0,35,2,2025,10,29,15,37,21,6,1,0,0,0,0,1
4961,872,28,4,1,0,33,2,2025,10,29,15,55,2,6,1,0,0,0,0,1
4962,872,18,0,0,0,18,1,2025,10,30,8,20,38,6,1,0,0,1,0,0
4963,872,32,1,6,0,39,3,2025,10,30,8,38,21,6,1,0,0,1,0,0
4964,872,28,0,5,0,33,3,2025,10,30,8,56,4,6,1,0,0,1,0,0
4965,872,34,4,6,0,44,3,2025,10,30,9,13,55,6,1,0,0,1,0,0
4966,872,32,2,2,0,36,3,2025,10,30,9,32,5,6,1,0,0,1,0,0
4967,872,36,3,3,0,42,3,2025,10,30,9,49,55,6,1,0,0,1,0,0
4968,872,23,7,3,0,33,3,2025,10,30,10,7,46,6,1,0,0,1,0,0
4969,872,28,3,3,0,34,2,2025,10,30,10,25,35,6,1,0,0,1,0,0
4970,872,25,2,0,0,27,2,2025,10,30,10,43,18,6,1,0,0,1,0,0
4971,872,21,5,0,0,26,2,2025,10,30,12,29,51,6,1,0,0,0,0,1
4972,872,21,3,0,0,24,1,2025,10,30,12,47,22,6,1,0,0,0,0,1
4973,872,32,2,0,0,34,1,2025,10,30,13,5,6,6,1,0,0,0,0,1
4974,872,23,4,0,0,27,1,2025,10,30,13,22,52,6,1,0,0,0,0,1
4975,872,30,3,1,0,34,1,2025,10,30,13,40,38,6,1,0,0,0,0,1
4976,872,27,2,0,0,29,1,2025,10,30,13,58,24,6,1,0,0,0,0,1
4977,872,31,3,0,0,34,1,2025,10,30,14,57,25,6,1,0,0,0,0,1
4978,872,30,3,1,0,34,2,2025,10,30,15,15,19,6,1,0,0,0,0,1
4979,872,36,0,2,0,38,2,2025,10,30,15,33,3,6,1,0,0,0,0,1
4980,872,28,3,1,0,32,1,2025,10,30,15,57,48,6,1,0,0,0,0,1
4981,872,26,0,1,0,27,1,2025,10,30,16,15,36,6,1,0,0,0,0,1
4982,872,9,3,0,0,12,1,2025,10,30,22,45,50,6,1,0,0,0,1,0
4983,872,16,4,1,0,21,1,2025,10,31,8,25,18,6,1,0,0,1,0,0
4984,872,23,4,1,0,28,1,2025,10,31,8,43,6,6,1,0,0,1,0,0
4985,872,17,1,0,0,18,1,2025,10,31,9,0,53,6,1,0,0,1,0,0
4986,872,16,0,0,0,16,0,2025,10,31,9,18,37,6,1,0,0,1,0,0
4987,872,15,1,3,0,19,2,2025,10,31,9,44,15,6,1,0,0,1,0,0
4988,872,14,1,0,0,15,0,2025,10,31,10,1,56,6,1,0,0,1,0,0
4989,872,20,4,0,0,24,1,2025,10,31,10,19,41,6,1,0,0,1,0,0
4990,872,14,2,0,0,16,0,2025,10,31,10,37,20,6,1,0,0,1,0,0
4991,872,37,1,0,0,38,2,2025,10,31,15,3,43,6,1,0,0,0,0,1
4992,872,36,0,1,0,37,2,2025,10,31,15,21,35,6,1,0,0,0,0,1
4993,872,31,1,1,0,33,2,2025,10,31,15,39,28,6,1,0,0,0,0,1
4994,872,23,1,0,0,24,0,2025,10,31,15,57,17,6,1,0,0,0,0,1
4995,872,3,0,0,0,3,0,2025,11,1,8,54,58,6,1,0,0,1,0,0
4996,872,6,0,0,0,6,0,2025,11,1,9,12,41,6,1,0,0,1,0,0
4997,872,7,0,0,0,7,0,2025,11,1,9,30,35,6,1,0,0,1,0,0
4998,872,6,1,0,0,7,1,2025,11,1,9,48,23,6,1,0,0,1,0,0
4999,872,9,0,0,0,9,0,2025,11,1,10,6,13,6,1,0,0,1,0,0
5000,872,10,1,0,0,11,1,2025,11,1,10,23,56,6,1,0,0,1,0,0
5001,872,12,0,0,0,12,1,2025,11,1,10,41,47,6,1,0,0,1,0,0
5002,872,15,0,0,0,15,1,2025,11,1,10,59,37,6,1,0,0,1,0,0
5003,872,10,0,0,0,10,0,2025,11,1,11,17,23,6,1,0,0,1,0,0
5004,872,10,0,0,0,10,0,2025,11,1,11,35,4,6,1,0,0,1,0,0
5005,872,15,0,0,0,15,1,2025,11,1,11,52,50,6,1,0,0,1,0,0
5006,872,16,0,0,0,16,1,2025,11,1,12,10,43,6,1,0,0,0,0,1
5007,872,20,0,0,0,20,1,2025,11,1,12,28,35,6,1,0,0,0,0,1
5008,872,19,0,0,0,19,1,2025,11,1,12,46,31,6,1,0,0,0,0,1
5009,872,16,0,0,0,16,1,2025,11,1,13,4,17,6,1,0,0,0,0,1
5010,872,16,0,0,0,16,1,2025,11,1,13,22,6,6,1,0,0,0,0,1
5011,872,17,1,0,0,18,1,2025,11,1,13,39,51,6,1,0,0,0,0,1
5012,872,12,0,0,0,12,1,2025,11,1,13,57,42,6,1,0,0,0,0,1
5013,872,26,2,0,0,28,1,2025,11,1,14,15,33,6,1,0,0,0,0,1
5014,872,23,2,0,0,25,1,2025,11,1,14,33,42,6,1,0,0,0,0,1
5015,872,25,1,0,0,26,1,2025,11,1,14,51,47,6,1,0,0,0,0,1
5016,872,13,0,0,0,13,0,2025,11,1,15,9,37,6,1,0,0,0,0,1
5017,872,12,1,0,0,13,0,2025,11,1,15,27,24,6,1,0,0,0,0,1
5018,872,14,2,0,0,16,1,2025,11,1,15,45,17,6,1,0,0,0,0,1
5019,872,12,3,0,0,15,0,2025,11,1,16,3,13,6,1,0,0,0,0,1
5020,872,0,0,0,0,0,0,2025,11,1,16,21,0,6,1,0,0,0,0,1
5021,872,18,1,0,0,19,1,2025,11,1,16,38,48,6,1,0,0,0,0,1
5022,872,18,2,1,0,21,1,2025,11,1,16,56,47,6,1,0,0,0,0,1
5023,872,25,0,0,0,25,1,2025,11,1,17,14,47,6,1,0,0,0,0,1
5024,872,24,0,0,0,24,1,2025,11,1,17,32,32,6,1,0,0,0,0,1
5025,872,20,0,1,0,21,1,2025,11,1,17,50,27,6,1,0,0,0,0,1
5026,872,21,1,0,0,22,1,2025,11,1,18,8,19,6,1,0,0,0,1,0
5027,872,19,1,0,0,20,1,2025,11,1,18,27,4,6,1,0,0,0,1,0
5028,872,21,0,0,0,21,1,2025,11,1,18,45,0,6,1,0,0,0,1,0
5029,872,15,0,0,0,15,1,2025,11,1,19,2,47,6,1,0,0,0,1,0
5030,872,19,0,0,0,19,1,2025,11,1,19,37,21,6,1,0,0,0,1,0
5031,873,19,0,0,0,19,1,2025,10,27,8,27,15,6,1,0,0,1,0,0
5032,873,17,0,0,0,17,1,2025,10,27,8,45,0,6,1,0,0,1,0,0
5033,873,10,1,0,0,11,1,2025,10,27,9,2,39,6,1,0,0,1,0,0
5034,873,9,2,0,0,11,1,2025,10,27,9,20,19,6,1,0,0,1,0,0
5035,873,17,1,0,0,18,1,2025,10,27,9,38,1,6,1,0,0,1,0,0
5036,873,6,1,0,0,7,0,2025,10,27,9,55,45,6,1,0,0,1,0,0
5037,873,6,1,0,0,7,0,2025,10,27,10,13,30,6,1,0,0,1,0,0
5038,873,7,0,0,0,7,0,2025,10,27,10,31,17,6,1,0,0,1,0,0
5039,873,10,3,0,0,13,1,2025,10,27,12,40,19,6,1,0,0,0,0,1
5040,873,9,0,0,0,9,0,2025,10,27,12,58,4,6,1,0,0,0,0,1
5041,873,13,0,0,0,13,0,2025,10,27,13,15,51,6,1,0,0,0,0,1
5042,873,12,0,0,0,12,0,2025,10,27,13,20,57,6,1,0,0,0,0,1
5043,873,9,1,0,0,10,0,2025,10,27,13,57,20,6,1,0,0,0,0,1
5044,873,11,0,0,0,11,1,2025,10,27,14,55,38,6,1,0,0,0,0,1
5045,873,7,1,0,0,8,1,2025,10,27,15,13,23,6,1,0,0,0,0,1
5046,873,14,0,0,0,14,1,2025,10,27,15,31,10,6,1,0,0,0,0,1
5047,873,8,0,0,0,8,0,2025,10,27,15,48,57,6,1,0,0,0,0,1
5048,873,8,0,0,0,8,0,2025,10,27,18,3,0,6,1,0,0,0,1,0
5049,873,14,0,0,0,14,1,2025,10,27,18,20,36,6,1,0,0,0,1,0
5050,873,14,0,0,0,14,1,2025,10,27,18,38,13,6,1,0,0,0,1,0
5051,873,20,0,0,0,20,1,2025,10,28,7,56,27,6,1,0,0,1,0,0
5052,873,19,2,0,0,21,1,2025,10,28,8,14,4,6,1,0,0,1,0,0
5053,873,21,0,0,0,21,1,2025,10,28,8,31,40,6,1,0,0,1,0,0
5054,873,20,0,0,0,20,1,2025,10,28,8,49,16,6,1,0,0,1,0,0
5055,873,19,0,0,0,19,1,2025,10,28,9,6,52,6,1,0,0,1,0,0
5056,873,22,0,0,0,22,1,2025,10,28,9,24,28,6,1,0,0,1,0,0
5057,873,23,1,0,0,24,1,2025,10,28,9,42,8,6,1,0,0,1,0,0
5058,873,25,1,0,0,26,1,2025,10,28,13,27,55,6,1,0,0,0,0,1
5059,873,11,1,2,0,14,1,2025,10,28,14,45,48,6,1,0,0,0,0,1
5060,873,16,1,0,0,17,1,2025,10,28,15,3,30,6,1,0,0,0,0,1
5061,873,8,0,0,0,8,0,2025,10,28,15,21,18,6,1,0,0,0,0,1
5062,873,20,0,0,0,20,1,2025,10,28,15,39,4,6,1,0,0,0,0,1
5063,873,15,0,1,0,16,1,2025,10,28,15,56,49,6,1,0,0,0,0,1
5064,873,19,0,1,0,20,1,2025,10,28,17,49,8,6,1,0,0,0,0,1
5065,873,21,0,0,0,21,1,2025,10,28,18,6,45,6,1,0,0,0,1,0
5066,873,15,0,0,0,15,1,2025,10,28,18,24,25,6,1,0,0,0,1,0
5067,873,14,1,1,0,16,1,2025,10,28,18,42,3,6,1,0,0,0,1,0
5068,873,6,0,0,0,6,0,2025,10,28,18,59,42,6,1,0,0,0,1,0
5069,873,14,2,0,0,16,1,2025,10,28,19,17,19,6,1,0,0,0,1,0
5070,873,20,0,0,0,20,1,2025,10,28,19,34,58,6,1,0,0,0,1,0
5071,873,15,0,0,0,15,1,2025,10,28,19,52,35,6,1,0,0,0,1,0
5072,873,16,1,2,0,19,1,2025,10,29,8,23,46,6,1,0,0,1,0,0
5073,873,23,1,0,0,24,1,2025,10,29,8,41,23,6,1,0,0,1,0,0
5074,873,18,3,3,0,24,2,2025,10,29,8,58,59,6,1,0,0,1,0,0
5075,873,24,1,1,0,26,1,2025,10,29,9,16,34,6,1,0,0,1,0,0
5076,873,19,3,1,0,23,1,2025,10,29,9,34,11,6,1,0,0,1,0,0
5077,873,23,1,1,0,25,1,2025,10,29,9,51,47,6,1,0,0,1,0,0
5078,873,22,3,2,0,27,1,2025,10,29,10,9,25,6,1,0,0,1,0,0
5079,873,21,2,0,0,23,1,2025,10,29,10,27,4,6,1,0,0,1,0,0
5080,873,20,0,1,0,21,1,2025,10,29,10,44,42,6,1,0,0,1,0,0
5081,873,25,2,0,0,27,1,2025,10,29,12,33,35,6,1,0,0,0,0,1
5082,873,24,2,0,0,26,1,2025,10,29,12,51,16,6,1,0,0,0,0,1
5083,873,20,0,0,0,20,1,2025,10,29,13,9,4,6,1,0,0,0,0,1
5084,873,17,5,0,0,22,1,2025,10,29,13,26,47,6,1,0,0,0,0,1
5085,873,27,1,0,0,28,1,2025,10,29,13,44,32,6,1,0,0,0,0,1
5086,873,31,3,0,0,34,1,2025,10,29,14,44,14,6,1,0,0,0,0,1
5087,873,24,2,0,0,26,1,2025,10,29,15,1,58,6,1,0,0,0,0,1
5088,873,30,0,1,0,31,1,2025,10,29,15,19,42,6,1,0,0,0,0,1
5089,873,23,1,1,0,25,1,2025,10,29,15,37,22,6,1,0,0,0,0,1
5090,873,29,2,1,0,32,1,2025,10,29,15,55,2,6,1,0,0,0,0,1
5091,873,16,1,1,0,18,1,2025,10,30,8,20,39,6,1,0,0,1,0,0
5092,873,24,0,0,0,24,1,2025,10,30,8,38,21,6,1,0,0,1,0,0
5093,873,19,0,1,0,20,1,2025,10,30,8,56,4,6,1,0,0,1,0,0
5094,873,15,0,3,0,18,1,2025,10,30,9,13,56,6,1,0,0,1,0,0
5095,873,19,1,2,0,22,2,2025,10,30,9,32,5,6,1,0,0,1,0,0
5096,873,20,2,0,0,22,1,2025,10,30,9,49,55,6,1,0,0,1,0,0
5097,873,13,2,0,0,15,1,2025,10,30,10,7,47,6,1,0,0,1,0,0
5098,873,13,1,0,0,14,0,2025,10,30,10,25,35,6,1,0,0,1,0,0
5099,873,12,2,0,0,14,0,2025,10,30,10,43,18,6,1,0,0,1,0,0
5100,873,13,1,0,0,14,1,2025,10,30,12,29,52,6,1,0,0,0,0,1
5101,873,14,2,0,0,16,1,2025,10,30,12,47,23,6,1,0,0,0,0,1
5102,873,10,1,0,0,11,0,2025,10,30,13,5,7,6,1,0,0,0,0,1
5103,873,11,1,0,0,12,1,2025,10,30,13,22,53,6,1,0,0,0,0,1
5104,873,15,1,1,0,17,1,2025,10,30,13,40,39,6,1,0,0,0,0,1
5105,873,11,1,0,0,12,0,2025,10,30,13,58,24,6,1,0,0,0,0,1
5106,873,13,1,0,0,14,1,2025,10,30,14,57,26,6,1,0,0,0,0,1
5107,873,17,1,0,0,18,1,2025,10,30,15,15,20,6,1,0,0,0,0,1
5108,873,14,1,0,0,15,1,2025,10,30,15,33,3,6,1,0,0,0,0,1
5109,873,20,0,2,0,22,1,2025,10,30,15,57,49,6,1,0,0,0,0,1
5110,873,19,2,0,0,21,1,2025,10,30,16,15,37,6,1,0,0,0,0,1
5111,873,5,0,0,0,5,0,2025,10,30,22,45,51,6,1,0,0,0,1,0
5112,873,15,2,1,0,18,1,2025,10,31,8,25,19,6,1,0,0,1,0,0
5113,873,17,2,0,0,19,1,2025,10,31,8,43,7,6,1,0,0,1,0,0
5114,873,19,1,0,0,20,1,2025,10,31,9,0,54,6,1,0,0,1,0,0
5115,873,22,1,0,0,23,1,2025,10,31,9,18,38,6,1,0,0,1,0,0
5116,873,15,1,0,0,16,1,2025,10,31,9,44,15,6,1,0,0,1,0,0
5117,873,8,1,0,0,9,0,2025,10,31,10,1,56,6,1,0,0,1,0,0
5118,873,12,1,0,0,13,0,2025,10,31,10,19,41,6,1,0,0,1,0,0
5119,873,17,2,2,0,21,1,2025,10,31,10,37,20,6,1,0,0,1,0,0
5120,873,24,1,0,0,25,1,2025,10,31,15,3,44,6,1,0,0,0,0,1
5121,873,17,2,3,0,22,1,2025,10,31,15,21,36,6,1,0,0,0,0,1
5122,873,18,4,1,0,23,1,2025,10,31,15,39,29,6,1,0,0,0,0,1
5123,873,23,2,2,0,27,1,2025,10,31,15,57,18,6,1,0,0,0,0,1
5124,873,12,0,0,0,12,0,2025,11,1,8,54,58,6,1,0,0,1,0,0
5125,873,13,1,0,0,14,1,2025,11,1,9,12,42,6,1,0,0,1,0,0
5126,873,12,0,1,0,13,0,2025,11,1,9,30,36,6,1,0,0,1,0,0
5127,873,12,2,1,0,15,1,2025,11,1,9,48,24,6,1,0,0,1,0,0
5128,873,12,1,0,0,13,1,2025,11,1,10,6,13,6,1,0,0,1,0,0
5129,873,12,0,0,0,12,1,2025,11,1,10,23,57,6,1,0,0,1,0,0
5130,873,20,0,0,0,20,1,2025,11,1,10,41,48,6,1,0,0,1,0,0
5131,873,22,0,0,0,22,1,2025,11,1,10,59,38,6,1,0,0,1,0,0
5132,873,16,2,0,0,18,1,2025,11,1,11,17,24,6,1,0,0,1,0,0
5133,873,20,1,0,0,21,1,2025,11,1,11,35,4,6,1,0,0,1,0,0
5134,873,23,0,0,0,23,1,2025,11,1,11,52,50,6,1,0,0,1,0,0
5135,873,18,0,0,0,18,1,2025,11,1,12,10,44,6,1,0,0,0,0,1
5136,873,24,1,0,0,25,1,2025,11,1,12,28,36,6,1,0,0,0,0,1
5137,873,25,0,0,0,25,1,2025,11,1,12,46,32,6,1,0,0,0,0,1
5138,873,25,0,0,0,25,1,2025,11,1,13,4,18,6,1,0,0,0,0,1
5139,873,25,0,1,0,26,1,2025,11,1,13,22,6,6,1,0,0,0,0,1
5140,873,24,0,2,0,26,1,2025,11,1,13,39,51,6,1,0,0,0,0,1
5141,873,22,1,0,0,23,1,2025,11,1,13,57,43,6,1,0,0,0,0,1
5142,873,20,1,0,0,21,1,2025,11,1,14,15,33,6,1,0,0,0,0,1
5143,873,15,0,1,0,16,1,2025,11,1,14,33,46,6,1,0,0,0,0,1
5144,873,15,2,0,0,17,0,2025,11,1,14,51,48,6,1,0,0,0,0,1
5145,873,11,0,0,0,11,0,2025,11,1,15,9,37,6,1,0,0,0,0,1
5146,873,14,1,0,0,15,1,2025,11,1,15,27,25,6,1,0,0,0,0,1
5147,873,13,1,0,0,14,1,2025,11,1,15,45,18,6,1,0,0,0,0,1
5148,873,13,1,0,0,14,0,2025,11,1,16,3,13,6,1,0,0,0,0,1
5149,873,24,0,0,0,24,1,2025,11,1,16,21,1,6,1,0,0,0,0,1
5150,873,28,1,0,0,29,1,2025,11,1,16,38,49,6,1,0,0,0,0,1
5151,873,25,0,1,0,26,1,2025,11,1,16,56,47,6,1,0,0,0,0,1
5152,873,39,1,0,0,40,1,2025,11,1,17,14,48,6,1,0,0,0,0,1
5153,873,32,0,0,0,32,1,2025,11,1,17,32,33,6,1,0,0,0,0,1
5154,873,28,0,0,0,28,1,2025,11,1,17,50,28,6,1,0,0,0,0,1
5155,873,29,0,0,0,29,1,2025,11,1,18,8,20,6,1,0,0,0,1,0
5156,873,24,0,0,0,24,1,2025,11,1,18,27,5,6,1,0,0,0,1,0
5157,873,17,0,0,0,17,1,2025,11,1,18,45,1,6,1,0,0,0,1,0
5158,873,13,0,1,0,14,1,2025,11,1,19,2,48,6,1,0,0,0,1,0
5159,873,13,0,0,0,13,0,2025,11,1,19,37,22,6,1,0,0,0,1,0
5160,877,16,0,0,0,16,1,2025,10,27,8,27,11,6,1,0,0,1,0,0
5161,877,16,0,0,0,16,1,2025,10,27,8,44,54,6,1,0,0,1,0,0
5162,877,17,1,1,0,19,1,2025,10,27,9,2,36,6,1,0,0,1,0,0
5163,877,15,0,1,0,16,1,2025,10,27,9,20,15,6,1,0,0,1,0,0
5164,877,17,0,3,0,20,2,2025,10,27,9,37,57,6,1,0,0,1,0,0
5165,877,24,0,0,0,24,1,2025,10,27,9,55,37,6,1,0,0,1,0,0
5166,877,14,1,0,0,15,1,2025,10,27,10,13,23,6,1,0,0,1,0,0
5167,877,6,0,0,0,6,0,2025,10,27,10,31,12,6,1,0,0,1,0,0
5168,877,7,1,1,0,9,0,2025,10,27,12,40,14,6,1,0,0,0,0,1
5169,877,12,0,0,0,12,1,2025,10,27,12,57,57,6,1,0,0,0,0,1
5170,877,16,2,0,0,18,1,2025,10,27,13,15,43,6,1,0,0,0,0,1
5171,877,12,3,0,0,15,1,2025,10,27,13,20,50,6,1,0,0,0,0,1
5172,877,5,0,0,0,5,0,2025,10,27,13,57,14,6,1,0,0,0,0,1
5173,877,10,0,0,0,10,0,2025,10,27,14,55,34,6,1,0,0,0,0,1
5174,877,8,0,0,0,8,1,2025,10,27,15,13,20,6,1,0,0,0,0,1
5175,877,9,0,2,0,11,1,2025,10,27,15,31,6,6,1,0,0,0,0,1
5176,877,14,0,0,0,14,1,2025,10,27,15,48,54,6,1,0,0,0,0,1
5177,877,17,0,0,0,17,2,2025,10,27,18,2,58,6,1,0,0,0,1,0
5178,877,19,0,2,0,21,2,2025,10,27,18,20,34,6,1,0,0,0,1,0
5179,877,16,1,0,0,17,2,2025,10,27,18,38,10,6,1,0,0,0,1,0
5180,877,16,0,2,0,18,1,2025,10,28,7,56,25,6,1,0,0,1,0,0
5181,877,24,0,1,0,25,1,2025,10,28,8,14,2,6,1,0,0,1,0,0
5182,877,20,0,3,0,23,2,2025,10,28,8,31,38,6,1,0,0,1,0,0
5183,877,22,0,0,0,22,2,2025,10,28,8,49,14,6,1,0,0,1,0,0
5184,877,18,1,0,0,19,2,2025,10,28,9,6,50,6,1,0,0,1,0,0
5185,877,19,1,2,0,22,2,2025,10,28,9,24,26,6,1,0,0,1,0,0
5186,877,19,2,1,0,22,1,2025,10,28,9,42,3,6,1,0,0,1,0,0
5187,877,9,1,0,0,10,1,2025,10,28,13,27,50,6,1,0,0,0,0,1
5188,877,11,1,0,0,12,1,2025,10,28,14,45,42,6,1,0,0,0,0,1
5189,877,12,1,1,0,14,1,2025,10,28,15,3,24,6,1,0,0,0,0,1
5190,877,7,0,0,0,7,0,2025,10,28,15,21,8,6,1,0,0,0,0,1
5191,877,11,1,2,0,14,2,2025,10,28,15,38,58,6,1,0,0,0,0,1
5192,877,10,0,0,0,10,0,2025,10,28,15,56,43,6,1,0,0,0,0,1
5193,877,16,1,0,0,17,1,2025,10,28,17,49,5,6,1,0,0,0,0,1
5194,877,14,0,1,0,15,1,2025,10,28,18,6,41,6,1,0,0,0,1,0
5195,877,14,0,1,0,15,1,2025,10,28,18,24,20,6,1,0,0,0,1,0
5196,877,7,2,1,0,10,0,2025,10,28,18,42,0,6,1,0,0,0,1,0
5197,877,16,0,0,0,16,1,2025,10,28,18,59,38,6,1,0,0,0,1,0
5198,877,15,1,0,0,16,1,2025,10,28,19,17,16,6,1,0,0,0,1,0
5199,877,17,0,0,0,17,1,2025,10,28,19,34,53,6,1,0,0,0,1,0
5200,877,17,1,0,0,18,1,2025,10,28,19,52,32,6,1,0,0,0,1,0
5201,877,23,3,3,0,29,2,2025,10,29,8,23,44,6,1,0,0,1,0,0
5202,877,21,1,3,0,25,2,2025,10,29,8,41,20,6,1,0,0,1,0,0
5203,877,23,1,2,0,26,2,2025,10,29,8,58,57,6,1,0,0,1,0,0
5204,877,25,0,0,0,25,2,2025,10,29,9,16,32,6,1,0,0,1,0,0
5205,877,9,0,1,0,10,1,2025,10,29,9,34,8,6,1,0,0,1,0,0
5206,877,7,1,0,0,8,0,2025,10,29,9,51,44,6,1,0,0,1,0,0
5207,877,22,0,1,0,23,2,2025,10,29,10,9,21,6,1,0,0,1,0,0
5208,877,5,1,2,0,8,1,2025,10,29,10,27,0,6,1,0,0,1,0,0
5209,877,3,1,1,0,5,1,2025,10,29,10,44,39,6,1,0,0,1,0,0
5210,877,8,0,0,0,8,1,2025,10,29,12,33,29,6,1,0,0,0,0,1
5211,877,20,1,0,0,21,1,2025,10,29,12,51,11,6,1,0,0,0,0,1
5212,877,11,1,0,0,12,1,2025,10,29,13,8,54,6,1,0,0,0,0,1
5213,877,13,1,0,0,14,1,2025,10,29,13,26,42,6,1,0,0,0,0,1
5214,877,9,3,0,0,12,1,2025,10,29,13,44,23,6,1,0,0,0,0,1
5215,877,14,0,3,0,17,1,2025,10,29,14,44,9,6,1,0,0,0,0,1
5216,877,16,3,3,0,22,1,2025,10,29,15,1,51,6,1,0,0,0,0,1
5217,877,16,2,1,0,19,1,2025,10,29,15,19,37,6,1,0,0,0,0,1
5218,877,17,0,1,0,18,2,2025,10,29,15,37,17,6,1,0,0,0,0,1
5219,877,16,0,0,0,16,0,2025,10,29,15,54,57,6,1,0,0,0,0,1
5220,877,18,0,1,0,19,1,2025,10,30,8,20,33,6,1,0,0,1,0,0
5221,877,19,0,1,0,20,1,2025,10,30,8,38,16,6,1,0,0,1,0,0
5222,877,12,0,3,0,15,1,2025,10,30,8,55,59,6,1,0,0,1,0,0
5223,877,20,1,0,0,21,2,2025,10,30,9,13,51,6,1,0,0,1,0,0
5224,877,14,0,1,0,15,1,2025,10,30,9,31,49,6,1,0,0,1,0,0
5225,877,16,0,4,0,20,2,2025,10,30,9,49,51,6,1,0,0,1,0,0
5226,877,18,0,4,0,22,2,2025,10,30,10,7,35,6,1,0,0,1,0,0
5227,877,15,2,1,0,18,1,2025,10,30,10,25,30,6,1,0,0,1,0,0
5228,877,10,3,5,0,18,1,2025,10,30,10,43,12,6,1,0,0,1,0,0
5229,877,11,0,1,0,12,1,2025,10,30,12,29,45,6,1,0,0,0,0,1
5230,877,12,1,1,0,14,1,2025,10,30,12,47,17,6,1,0,0,0,0,1
5231,877,11,1,1,0,13,1,2025,10,30,13,5,1,6,1,0,0,0,0,1
5232,877,11,1,1,0,13,1,2025,10,30,13,22,46,6,1,0,0,0,0,1
5233,877,19,0,1,0,20,1,2025,10,30,13,40,32,6,1,0,0,0,0,1
5234,877,15,0,1,0,16,1,2025,10,30,13,58,18,6,1,0,0,0,0,1
5235,877,12,1,4,0,17,1,2025,10,30,14,57,19,6,1,0,0,0,0,1
5236,877,11,2,3,0,16,1,2025,10,30,15,15,13,6,1,0,0,0,0,1
5237,877,13,1,3,0,17,1,2025,10,30,15,32,58,6,1,0,0,0,0,1
5238,877,15,1,3,0,19,1,2025,10,30,15,57,41,6,1,0,0,0,0,1
5239,877,12,0,0,0,12,0,2025,10,30,16,15,29,6,1,0,0,0,0,1
5240,877,5,0,0,0,5,0,2025,10,30,22,45,46,6,1,0,0,0,1,0
5241,877,13,0,0,0,13,1,2025,10,31,8,25,15,6,1,0,0,1,0,0
5242,877,14,0,1,0,15,1,2025,10,31,8,42,58,6,1,0,0,1,0,0
5243,877,11,2,2,0,15,0,2025,10,31,9,0,44,6,1,0,0,1,0,0
5244,877,11,2,0,0,13,0,2025,10,31,9,18,32,6,1,0,0,1,0,0
5245,877,16,0,1,0,17,1,2025,10,31,9,44,11,6,1,0,0,1,0,0
5246,877,8,0,1,0,9,0,2025,10,31,10,1,53,6,1,0,0,1,0,0
5247,877,10,0,2,0,12,0,2025,10,31,10,19,35,6,1,0,0,1,0,0
5248,877,9,0,1,0,10,0,2025,10,31,10,37,17,6,1,0,0,1,0,0
5249,877,13,0,1,0,14,0,2025,10,31,15,3,37,6,1,0,0,0,0,1
5250,877,13,2,1,0,16,1,2025,10,31,15,21,30,6,1,0,0,0,0,1
5251,877,11,2,3,0,16,1,2025,10,31,15,39,23,6,1,0,0,0,0,1
5252,877,18,0,1,0,19,1,2025,10,31,15,57,12,6,1,0,0,0,0,1
5253,877,2,0,0,0,2,0,2025,11,1,8,54,49,6,1,0,0,1,0,0
5254,877,5,0,0,0,5,0,2025,11,1,9,12,36,6,1,0,0,1,0,0
5255,877,4,1,0,0,5,0,2025,11,1,9,30,30,6,1,0,0,1,0,0
5256,877,4,0,1,0,5,0,2025,11,1,9,48,17,6,1,0,0,1,0,0
5257,877,7,0,0,0,7,0,2025,11,1,10,6,7,6,1,0,0,1,0,0
5258,877,5,0,0,0,5,0,2025,11,1,10,23,51,6,1,0,0,1,0,0
5259,877,7,0,0,0,7,0,2025,11,1,10,41,36,6,1,0,0,1,0,0
5260,877,4,1,2,0,7,0,2025,11,1,10,59,31,6,1,0,0,1,0,0
5261,877,6,0,2,0,8,0,2025,11,1,11,17,18,6,1,0,0,1,0,0
5262,877,8,2,1,0,11,0,2025,11,1,11,35,1,6,1,0,0,1,0,0
5263,877,12,1,0,0,13,1,2025,11,1,11,52,43,6,1,0,0,1,0,0
5264,877,6,2,0,0,8,0,2025,11,1,12,10,38,6,1,0,0,0,0,1
5265,877,14,1,0,0,15,0,2025,11,1,12,28,24,6,1,0,0,0,0,1
5266,877,13,2,0,0,15,1,2025,11,1,12,46,16,6,1,0,0,0,0,1
5267,877,9,2,0,0,11,1,2025,11,1,13,4,13,6,1,0,0,0,0,1
5268,877,9,1,0,0,10,0,2025,11,1,13,21,59,6,1,0,0,0,0,1
5269,877,16,0,0,0,16,1,2025,11,1,13,39,45,6,1,0,0,0,0,1
5270,877,12,2,2,0,16,1,2025,11,1,13,57,34,6,1,0,0,0,0,1
5271,877,10,0,1,0,11,1,2025,11,1,14,15,26,6,1,0,0,0,0,1
5272,877,11,0,2,0,13,0,2025,11,1,14,33,28,6,1,0,0,0,0,1
5273,877,8,0,0,0,8,0,2025,11,1,14,51,34,6,1,0,0,0,0,1
5274,877,7,0,1,0,8,0,2025,11,1,15,9,31,6,1,0,0,0,0,1
5275,877,2,0,0,0,2,0,2025,11,1,15,27,18,6,1,0,0,0,0,1
5276,877,5,1,0,0,6,0,2025,11,1,15,45,8,6,1,0,0,0,0,1
5277,877,6,1,0,0,7,0,2025,11,1,16,3,5,6,1,0,0,0,0,1
5278,877,7,0,1,0,8,0,2025,11,1,16,20,53,6,1,0,0,0,0,1
5279,877,6,0,1,0,7,1,2025,11,1,16,38,43,6,1,0,0,0,0,1
5280,877,8,0,0,0,8,0,2025,11,1,16,56,39,6,1,0,0,0,0,1
5281,877,8,0,2,0,10,1,2025,11,1,17,14,35,6,1,0,0,0,0,1
5282,877,12,2,0,0,14,1,2025,11,1,17,32,24,6,1,0,0,0,0,1
5283,877,13,0,0,0,13,0,2025,11,1,17,50,14,6,1,0,0,0,0,1
5284,877,10,0,0,0,10,1,2025,11,1,18,8,9,6,1,0,0,0,1,0
5285,877,5,1,0,0,6,0,2025,11,1,18,26,59,6,1,0,0,0,1,0
5286,877,4,0,0,0,4,0,2025,11,1,18,44,51,6,1,0,0,0,1,0
5287,877,3,1,0,0,4,1,2025,11,1,19,2,40,6,1,0,0,0,1,0
5288,877,5,0,0,0,5,0,2025,11,1,19,37,17,6,1,0,0,0,1,0
5289,897,7,1,0,0,8,0,2025,10,27,8,27,15,6,1,0,0,1,0,0
5290,897,3,0,0,0,3,0,2025,10,27,8,45,1,6,1,0,0,1,0,0
5291,897,2,0,0,0,2,0,2025,10,27,9,2,39,6,1,0,0,1,0,0
5292,897,8,3,1,0,12,1,2025,10,27,9,20,20,6,1,0,0,1,0,0
5293,897,8,1,1,0,10,1,2025,10,27,9,38,2,6,1,0,0,1,0,0
5294,897,8,2,0,0,10,0,2025,10,27,9,55,45,6,1,0,0,1,0,0
5295,897,9,1,0,0,10,1,2025,10,27,10,13,31,6,1,0,0,1,0,0
5296,897,4,3,2,0,9,1,2025,10,27,10,31,18,6,1,0,0,1,0,0
5297,897,12,3,0,0,15,1,2025,10,27,12,40,20,6,1,0,0,0,0,1
5298,897,8,1,1,0,10,1,2025,10,27,12,58,5,6,1,0,0,0,0,1
5299,897,7,2,0,0,9,0,2025,10,27,13,15,52,6,1,0,0,0,0,1
5300,897,7,2,0,0,9,1,2025,10,27,13,20,58,6,1,0,0,0,0,1
5301,897,6,4,0,0,10,1,2025,10,27,13,57,21,6,1,0,0,0,0,1
5302,897,10,1,1,0,12,1,2025,10,27,14,55,39,6,1,0,0,0,0,1
5303,897,7,0,1,0,8,1,2025,10,27,15,13,24,6,1,0,0,0,0,1
5304,897,7,3,0,0,10,0,2025,10,27,15,31,11,6,1,0,0,0,0,1
5305,897,9,4,0,0,13,1,2025,10,27,15,48,57,6,1,0,0,0,0,1
5306,897,10,2,1,0,13,0,2025,10,27,18,3,0,6,1,0,0,0,1,0
5307,897,10,1,1,0,12,0,2025,10,27,18,20,37,6,1,0,0,0,1,0
5308,897,22,1,0,0,23,1,2025,10,27,18,38,14,6,1,0,0,0,1,0
5309,897,10,3,1,0,14,1,2025,10,28,7,56,28,6,1,0,0,1,0,0
5310,897,9,1,0,0,10,1,2025,10,28,8,14,4,6,1,0,0,1,0,0
5311,897,3,1,0,0,4,0,2025,10,28,8,31,40,6,1,0,0,1,0,0
5312,897,3,0,1,0,4,0,2025,10,28,8,49,17,6,1,0,0,1,0,0
5313,897,4,1,0,0,5,0,2025,10,28,9,6,52,6,1,0,0,1,0,0
5314,897,2,1,0,0,3,0,2025,10,28,9,24,29,6,1,0,0,1,0,0
5315,897,6,1,0,0,7,0,2025,10,28,9,42,8,6,1,0,0,1,0,0
5316,897,11,1,0,0,12,1,2025,10,28,13,27,56,6,1,0,0,0,0,1
5317,897,12,1,1,0,14,1,2025,10,28,14,45,49,6,1,0,0,0,0,1
5318,897,7,3,1,0,11,0,2025,10,28,15,3,31,6,1,0,0,0,0,1
5319,897,9,0,2,0,11,1,2025,10,28,15,21,20,6,1,0,0,0,0,1
5320,897,7,4,1,0,12,1,2025,10,28,15,39,6,6,1,0,0,0,0,1
5321,897,11,1,0,0,12,0,2025,10,28,15,56,50,6,1,0,0,0,0,1
5322,897,5,3,1,0,9,1,2025,10,28,17,49,8,6,1,0,0,0,0,1
5323,897,8,1,1,0,10,0,2025,10,28,18,6,45,6,1,0,0,0,1,0
5324,897,8,1,0,0,9,0,2025,10,28,18,24,26,6,1,0,0,0,1,0
5325,897,5,0,0,0,5,0,2025,10,28,18,42,4,6,1,0,0,0,1,0
5326,897,7,0,0,0,7,0,2025,10,28,18,59,42,6,1,0,0,0,1,0
5327,897,7,2,0,0,9,1,2025,10,28,19,17,20,6,1,0,0,0,1,0
5328,897,1,1,2,0,4,0,2025,10,28,19,34,59,6,1,0,0,0,1,0
5329,897,4,1,0,0,5,0,2025,10,28,19,52,36,6,1,0,0,0,1,0
5330,897,9,1,0,0,10,1,2025,10,29,8,23,47,6,1,0,0,1,0,0
5331,897,11,1,1,0,13,1,2025,10,29,8,41,23,6,1,0,0,1,0,0
5332,897,7,4,0,0,11,1,2025,10,29,8,59,0,6,1,0,0,1,0,0
5333,897,7,1,0,0,8,0,2025,10,29,9,16,34,6,1,0,0,1,0,0
5334,897,12,1,1,0,14,1,2025,10,29,9,34,11,6,1,0,0,1,0,0
5335,897,5,2,1,0,8,1,2025,10,29,9,51,47,6,1,0,0,1,0,0
5336,897,7,2,1,0,10,0,2025,10,29,10,9,26,6,1,0,0,1,0,0
5337,897,13,3,1,0,17,1,2025,10,29,10,27,4,6,1,0,0,1,0,0
5338,897,10,1,1,0,12,0,2025,10,29,10,44,43,6,1,0,0,1,0,0
5339,897,7,5,0,0,12,1,2025,10,29,12,33,36,6,1,0,0,0,0,1
5340,897,6,0,1,0,7,1,2025,10,29,12,51,17,6,1,0,0,0,0,1
5341,897,1,4,0,0,5,0,2025,10,29,13,9,6,6,1,0,0,0,0,1
5342,897,3,1,0,0,4,0,2025,10,29,13,26,48,6,1,0,0,0,0,1
5343,897,2,3,2,0,7,1,2025,10,29,13,44,33,6,1,0,0,0,0,1
5344,897,7,6,0,0,13,1,2025,10,29,14,44,15,6,1,0,0,0,0,1
5345,897,8,3,0,0,11,1,2025,10,29,15,2,0,6,1,0,0,0,0,1
5346,897,12,4,1,0,17,1,2025,10,29,15,19,43,6,1,0,0,0,0,1
5347,897,14,2,0,0,16,1,2025,10,29,15,37,22,6,1,0,0,0,0,1
5348,897,10,3,0,0,13,1,2025,10,29,15,55,3,6,1,0,0,0,0,1
5349,897,11,2,1,0,14,1,2025,10,30,8,20,40,6,1,0,0,1,0,0
5350,897,8,0,1,0,9,1,2025,10,30,8,38,22,6,1,0,0,1,0,0
5351,897,16,2,1,0,19,1,2025,10,30,8,56,5,6,1,0,0,1,0,0
5352,897,15,3,0,0,18,1,2025,10,30,9,13,57,6,1,0,0,1,0,0
5353,897,14,3,1,0,18,1,2025,10,30,9,32,7,6,1,0,0,1,0,0
5354,897,13,2,0,0,15,1,2025,10,30,9,49,57,6,1,0,0,1,0,0
5355,897,10,1,3,0,14,1,2025,10,30,10,7,49,6,1,0,0,1,0,0
5356,897,7,2,0,0,9,1,2025,10,30,10,25,36,6,1,0,0,1,0,0
5357,897,9,3,1,0,13,1,2025,10,30,10,43,19,6,1,0,0,1,0,0
5358,897,16,2,1,0,19,1,2025,10,30,12,29,53,6,1,0,0,0,0,1
5359,897,10,3,1,0,14,1,2025,10,30,12,47,24,6,1,0,0,0,0,1
5360,897,13,0,0,0,13,0,2025,10,30,13,5,7,6,1,0,0,0,0,1
5361,897,14,2,0,0,16,1,2025,10,30,13,22,54,6,1,0,0,0,0,1
5362,897,12,4,0,0,16,1,2025,10,30,13,40,41,6,1,0,0,0,0,1
5363,897,13,2,1,0,16,1,2025,10,30,13,58,26,6,1,0,0,0,0,1
5364,897,11,5,2,0,18,1,2025,10,30,14,57,27,6,1,0,0,0,0,1
5365,897,16,1,2,0,19,0,2025,10,30,15,15,21,6,1,0,0,0,0,1
5366,897,15,2,0,0,17,1,2025,10,30,15,33,4,6,1,0,0,0,0,1
5367,897,14,2,1,0,17,1,2025,10,30,15,57,51,6,1,0,0,0,0,1
5368,897,8,3,0,0,11,1,2025,10,30,16,15,38,6,1,0,0,0,0,1
5369,897,1,0,0,0,1,0,2025,10,30,22,45,52,6,1,0,0,0,1,0
5370,897,13,2,0,0,15,1,2025,10,31,8,25,20,6,1,0,0,1,0,0
5371,897,17,0,1,0,18,1,2025,10,31,8,43,8,6,1,0,0,1,0,0
5372,897,8,3,1,0,12,1,2025,10,31,9,0,54,6,1,0,0,1,0,0
5373,897,11,3,0,0,14,1,2025,10,31,9,18,38,6,1,0,0,1,0,0
5374,897,7,3,1,0,11,1,2025,10,31,9,44,16,6,1,0,0,1,0,0
5375,897,11,5,0,0,16,1,2025,10,31,10,1,57,6,1,0,0,1,0,0
5376,897,8,0,0,0,8,0,2025,10,31,10,19,42,6,1,0,0,1,0,0
5377,897,7,1,2,0,10,1,2025,10,31,10,37,21,6,1,0,0,1,0,0
5378,897,18,2,0,0,20,1,2025,10,31,15,3,46,6,1,0,0,0,0,1
5379,897,14,2,1,0,17,1,2025,10,31,15,21,37,6,1,0,0,0,0,1
5380,897,15,1,0,0,16,0,2025,10,31,15,39,30,6,1,0,0,0,0,1
5381,897,15,5,0,0,20,1,2025,10,31,15,57,19,6,1,0,0,0,0,1
5382,897,5,2,0,0,7,1,2025,11,1,8,54,59,6,1,0,0,1,0,0
5383,897,9,1,0,0,10,0,2025,11,1,9,12,44,6,1,0,0,1,0,0
5384,897,11,2,1,0,14,1,2025,11,1,9,30,37,6,1,0,0,1,0,0
5385,897,14,1,1,0,16,1,2025,11,1,9,48,25,6,1,0,0,1,0,0
5386,897,11,1,0,0,12,0,2025,11,1,10,6,14,6,1,0,0,1,0,0
5387,897,17,0,0,0,17,1,2025,11,1,10,23,57,6,1,0,0,1,0,0
5388,897,19,0,0,0,19,1,2025,11,1,10,41,48,6,1,0,0,1,0,0
5389,897,9,1,0,0,10,0,2025,11,1,10,59,39,6,1,0,0,1,0,0
5390,897,12,4,0,0,16,1,2025,11,1,11,17,25,6,1,0,0,1,0,0
5391,897,22,1,0,0,23,1,2025,11,1,11,35,5,6,1,0,0,1,0,0
5392,897,15,2,0,0,17,1,2025,11,1,11,52,51,6,1,0,0,1,0,0
5393,897,15,2,2,0,19,1,2025,11,1,12,10,45,6,1,0,0,0,0,1
5394,897,20,3,0,0,23,1,2025,11,1,12,28,37,6,1,0,0,0,0,1
5395,897,20,2,0,0,22,1,2025,11,1,12,46,33,6,1,0,0,0,0,1
5396,897,14,2,0,0,16,1,2025,11,1,13,4,19,6,1,0,0,0,0,1
5397,897,28,0,0,0,28,1,2025,11,1,13,22,8,6,1,0,0,0,0,1
5398,897,19,0,1,0,20,1,2025,11,1,13,39,54,6,1,0,0,0,0,1
5399,897,16,2,0,0,18,1,2025,11,1,13,57,44,6,1,0,0,0,0,1
5400,897,12,2,0,0,14,1,2025,11,1,14,15,35,6,1,0,0,0,0,1
5401,897,10,2,2,0,14,0,2025,11,1,14,33,54,6,1,0,0,0,0,1
5402,897,12,2,0,0,14,1,2025,11,1,14,51,50,6,1,0,0,0,0,1
5403,897,9,1,0,0,10,1,2025,11,1,15,9,39,6,1,0,0,0,0,1
5404,897,12,2,0,0,14,1,2025,11,1,15,27,26,6,1,0,0,0,0,1
5405,897,10,1,0,0,11,0,2025,11,1,15,45,19,6,1,0,0,0,0,1
5406,897,12,1,0,0,13,0,2025,11,1,16,3,14,6,1,0,0,0,0,1
5407,897,5,2,0,0,7,0,2025,11,1,16,21,2,6,1,0,0,0,0,1
5408,897,13,1,1,0,15,1,2025,11,1,16,38,50,6,1,0,0,0,0,1
5409,897,12,0,0,0,12,1,2025,11,1,16,56,55,6,1,0,0,0,0,1
5410,897,9,1,0,0,10,0,2025,11,1,17,14,49,6,1,0,0,0,0,1
5411,897,5,1,0,0,6,1,2025,11,1,17,32,34,6,1,0,0,0,0,1
5412,897,13,0,0,0,13,0,2025,11,1,17,50,29,6,1,0,0,0,0,1
5413,897,11,0,0,0,11,1,2025,11,1,18,8,22,6,1,0,0,0,1,0
5414,897,11,0,0,0,11,1,2025,11,1,18,27,6,6,1,0,0,0,1,0
5415,897,10,0,1,0,11,0,2025,11,1,18,45,2,6,1,0,0,0,1,0
5416,897,2,0,0,0,2,0,2025,11,1,19,2,48,6,1,0,0,0,1,0
5417,897,8,0,0,0,8,1,2025,11,1,19,37,23,6,1,0,0,0,1,0
5418,926,17,0,0,0,17,1,2025,10,27,8,27,13,40,0,1,0,1,0,0
5419,926,15,0,0,0,15,1,2025,10,27,8,44,57,40,0,1,0,1,0,0
5420,926,20,3,0,0,23,2,2025,10,27,9,2,37,40,0,1,0,1,0,0
5421,926,13,4,0,0,17,2,2025,10,27,9,20,17,40,0,1,0,1,0,0
5422,926,25,6,0,0,31,1,2025,10,27,9,37,59,40,0,1,0,1,0,0
5423,926,28,5,1,0,34,3,2025,10,27,9,55,41,40,0,1,0,1,0,0
5424,926,24,4,1,0,29,2,2025,10,27,10,13,27,40,0,1,0,1,0,0
5425,926,21,4,1,0,26,2,2025,10,27,10,31,14,40,0,1,0,1,0,0
5426,926,21,3,0,0,24,1,2025,10,27,12,40,16,40,0,1,0,0,0,1
5427,926,26,2,1,0,29,2,2025,10,27,12,58,0,40,0,1,0,0,0,1
5428,926,20,2,1,0,23,2,2025,10,27,13,15,46,40,0,1,0,0,0,1
5429,926,13,4,0,0,17,1,2025,10,27,13,20,53,40,0,1,0,0,0,1
5430,926,14,5,0,0,19,1,2025,10,27,13,57,16,40,0,1,0,0,0,1
5431,926,27,3,2,0,32,2,2025,10,27,14,55,35,40,0,1,0,0,0,1
5432,926,12,1,0,0,13,2,2025,10,27,15,13,21,40,0,1,0,0,0,1
5433,926,16,0,0,0,16,2,2025,10,27,15,31,7,40,0,1,0,0,0,1
5434,926,5,0,0,0,5,0,2025,10,27,15,48,55,40,0,1,0,0,0,1
5435,926,20,2,0,0,22,2,2025,10,27,18,2,59,40,0,1,0,0,1,0
5436,926,24,3,1,0,28,2,2025,10,27,18,20,35,40,0,1,0,0,1,0
5437,926,27,1,0,0,28,1,2025,10,27,18,38,11,40,0,1,0,0,1,0
5438,926,18,2,1,0,21,1,2025,10,28,7,56,26,40,0,1,0,1,0,0
5439,926,21,3,1,0,25,1,2025,10,28,8,14,2,40,0,1,0,1,0,0
5440,926,23,0,0,0,23,1,2025,10,28,8,31,39,40,0,1,0,1,0,0
5441,926,22,2,0,0,24,1,2025,10,28,8,49,15,40,0,1,0,1,0,0
5442,926,25,1,0,0,26,1,2025,10,28,9,6,50,40,0,1,0,1,0,0
5443,926,24,3,0,0,27,1,2025,10,28,9,24,27,40,0,1,0,1,0,0
5444,926,22,4,1,0,27,1,2025,10,28,9,42,5,40,0,1,0,1,0,0
5445,926,21,3,0,0,24,1,2025,10,28,13,27,52,40,0,1,0,0,0,1
5446,926,22,0,1,0,23,1,2025,10,28,14,45,44,40,0,1,0,0,0,1
5447,926,23,2,1,0,26,1,2025,10,28,15,3,26,40,0,1,0,0,0,1
5448,926,27,0,1,0,28,1,2025,10,28,15,21,12,40,0,1,0,0,0,1
5449,926,24,1,0,0,25,1,2025,10,28,15,39,0,40,0,1,0,0,0,1
5450,926,23,2,0,0,25,1,2025,10,28,15,56,45,40,0,1,0,0,0,1
5451,926,22,3,1,0,26,1,2025,10,28,17,49,6,40,0,1,0,0,0,1
5452,926,31,3,1,0,35,2,2025,10,28,18,6,42,40,0,1,0,0,1,0
5453,926,31,0,0,0,31,2,2025,10,28,18,24,22,40,0,1,0,0,1,0
5454,926,24,2,0,0,26,2,2025,10,28,18,42,1,40,0,1,0,0,1,0
5455,926,24,1,1,0,26,1,2025,10,28,18,59,39,40,0,1,0,0,1,0
5456,926,20,1,0,0,21,1,2025,10,28,19,17,17,40,0,1,0,0,1,0
5457,926,23,0,0,0,23,1,2025,10,28,19,34,55,40,0,1,0,0,1,0
5458,926,17,0,0,0,17,1,2025,10,28,19,52,33,40,0,1,0,0,1,0
5459,926,21,1,0,0,22,1,2025,10,29,8,23,45,40,0,1,0,1,0,0
5460,926,23,1,0,0,24,1,2025,10,29,8,41,21,40,0,1,0,1,0,0
5461,926,29,2,0,0,31,1,2025,10,29,8,58,58,40,0,1,0,1,0,0
5462,926,18,2,1,0,21,1,2025,10,29,9,16,32,40,0,1,0,1,0,0
5463,926,17,0,0,0,17,1,2025,10,29,9,34,9,40,0,1,0,1,0,0
5464,926,25,2,0,0,27,1,2025,10,29,9,51,45,40,0,1,0,1,0,0
5465,926,21,1,0,0,22,1,2025,10,29,10,9,23,40,0,1,0,1,0,0
5466,926,11,0,0,0,11,0,2025,10,29,10,27,2,40,0,1,0,1,0,0
5467,926,20,1,0,0,21,1,2025,10,29,10,44,40,40,0,1,0,1,0,0
5468,926,20,0,0,0,20,1,2025,10,29,12,33,32,40,0,1,0,0,0,1
5469,926,19,0,1,0,20,1,2025,10,29,12,51,13,40,0,1,0,0,0,1
5470,926,14,1,1,0,16,1,2025,10,29,13,8,57,40,0,1,0,0,0,1
5471,926,14,3,0,0,17,1,2025,10,29,13,26,44,40,0,1,0,0,0,1
5472,926,15,2,0,0,17,1,2025,10,29,13,44,27,40,0,1,0,0,0,1
5473,926,17,4,1,0,22,1,2025,10,29,14,44,10,40,0,1,0,0,0,1
5474,926,22,1,0,0,23,0,2025,10,29,15,1,52,40,0,1,0,0,0,1
5475,926,24,1,0,0,25,1,2025,10,29,15,19,38,40,0,1,0,0,0,1
5476,926,25,4,0,0,29,1,2025,10,29,15,37,19,40,0,1,0,0,0,1
5477,926,24,1,0,0,25,1,2025,10,29,15,54,59,40,0,1,0,0,0,1
5478,926,21,1,0,0,22,1,2025,10,30,8,20,35,40,0,1,0,1,0,0
5479,926,23,1,0,0,24,1,2025,10,30,8,38,18,40,0,1,0,1,0,0
5480,926,24,3,0,0,27,1,2025,10,30,8,56,1,40,0,1,0,1,0,0
5481,926,13,1,0,0,14,1,2025,10,30,9,13,52,40,0,1,0,1,0,0
5482,926,28,3,0,0,31,1,2025,10,30,9,31,57,40,0,1,0,1,0,0
5483,926,23,5,1,0,29,1,2025,10,30,9,49,52,40,0,1,0,1,0,0
5484,926,17,0,0,0,17,1,2025,10,30,10,7,43,40,0,1,0,1,0,0
5485,926,19,2,0,0,21,1,2025,10,30,10,25,32,40,0,1,0,1,0,0
5486,926,14,2,0,0,16,1,2025,10,30,10,43,14,40,0,1,0,1,0,0
5487,926,16,2,0,0,18,2,2025,10,30,12,29,47,40,0,1,0,0,0,1
5488,926,19,2,1,0,22,2,2025,10,30,12,47,18,40,0,1,0,0,0,1
5489,926,17,0,1,0,18,1,2025,10,30,13,5,3,40,0,1,0,0,0,1
5490,926,19,2,0,0,21,1,2025,10,30,13,22,48,40,0,1,0,0,0,1
5491,926,12,1,0,0,13,1,2025,10,30,13,40,35,40,0,1,0,0,0,1
5492,926,16,1,1,0,18,1,2025,10,30,13,58,20,40,0,1,0,0,0,1
5493,926,26,2,1,0,29,2,2025,10,30,14,57,22,40,0,1,0,0,0,1
5494,926,17,2,1,0,20,2,2025,10,30,15,15,16,40,0,1,0,0,0,1
5495,926,15,2,1,0,18,1,2025,10,30,15,33,0,40,0,1,0,0,0,1
5496,926,16,1,0,0,17,1,2025,10,30,15,57,44,40,0,1,0,0,0,1
5497,926,14,2,1,0,17,1,2025,10,30,16,15,32,40,0,1,0,0,0,1
5498,926,7,0,0,0,7,0,2025,10,30,22,45,48,40,0,1,0,0,1,0
5499,926,21,4,2,0,27,1,2025,10,31,8,25,16,40,0,1,0,1,0,0
5500,926,22,1,0,0,23,1,2025,10,31,8,43,2,40,0,1,0,1,0,0
5501,926,15,2,0,0,17,0,2025,10,31,9,0,49,40,0,1,0,1,0,0
5502,926,8,2,0,0,10,1,2025,10,31,9,18,34,40,0,1,0,1,0,0
5503,926,20,0,0,0,20,1,2025,10,31,9,44,13,40,0,1,0,1,0,0
5504,926,12,1,0,0,13,0,2025,10,31,10,1,54,40,0,1,0,1,0,0
5505,926,15,1,0,0,16,0,2025,10,31,10,19,38,40,0,1,0,1,0,0
5506,926,17,2,0,0,19,1,2025,10,31,10,37,19,40,0,1,0,1,0,0
5507,926,24,2,0,0,26,1,2025,10,31,15,3,39,40,0,1,0,0,0,1
5508,926,26,1,0,0,27,1,2025,10,31,15,21,32,40,0,1,0,0,0,1
5509,926,22,0,0,0,22,1,2025,10,31,15,39,25,40,0,1,0,0,0,1
5510,926,22,1,0,0,23,1,2025,10,31,15,57,14,40,0,1,0,0,0,1
5511,926,10,2,0,0,12,1,2025,11,1,8,54,52,40,0,1,0,1,0,0
5512,926,15,3,0,0,18,1,2025,11,1,9,12,38,40,0,1,0,1,0,0
5513,926,9,4,0,0,13,0,2025,11,1,9,30,32,40,0,1,0,1,0,0
5514,926,12,1,0,0,13,1,2025,11,1,9,48,19,40,0,1,0,1,0,0
5515,926,20,0,0,0,20,1,2025,11,1,10,6,9,40,0,1,0,1,0,0
5516,926,13,1,0,0,14,1,2025,11,1,10,23,54,40,0,1,0,1,0,0
5517,926,25,0,0,0,25,1,2025,11,1,10,41,39,40,0,1,0,1,0,0
5518,926,26,0,0,0,26,1,2025,11,1,10,59,35,40,0,1,0,1,0,0
5519,926,26,3,0,0,29,1,2025,11,1,11,17,21,40,0,1,0,1,0,0
5520,926,23,1,0,0,24,1,2025,11,1,11,35,2,40,0,1,0,1,0,0
5521,926,27,0,0,0,27,1,2025,11,1,11,52,46,40,0,1,0,1,0,0
5522,926,20,3,1,0,24,1,2025,11,1,12,10,40,40,0,1,0,0,0,1
5523,926,20,2,2,0,24,1,2025,11,1,12,28,27,40,0,1,0,0,0,1
5524,926,26,3,1,0,30,3,2025,11,1,12,46,19,40,0,1,0,0,0,1
5525,926,14,0,0,0,14,0,2025,11,1,13,4,15,40,0,1,0,0,0,1
5526,926,23,0,0,0,23,1,2025,11,1,13,22,2,40,0,1,0,0,0,1
5527,926,18,1,0,0,19,1,2025,11,1,13,39,47,40,0,1,0,0,0,1
5528,926,18,2,0,0,20,1,2025,11,1,13,57,38,40,0,1,0,0,0,1
5529,926,19,1,0,0,20,1,2025,11,1,14,15,29,40,0,1,0,0,0,1
5530,926,15,2,1,0,18,1,2025,11,1,14,33,33,40,0,1,0,0,0,1
5531,926,18,0,0,0,18,1,2025,11,1,14,51,37,40,0,1,0,0,0,1
5532,926,13,0,0,0,13,1,2025,11,1,15,9,33,40,0,1,0,0,0,1
5533,926,15,0,0,0,15,1,2025,11,1,15,27,20,40,0,1,0,0,0,1
5534,926,14,1,0,0,15,1,2025,11,1,15,45,12,40,0,1,0,0,0,1
5535,926,10,1,0,0,11,0,2025,11,1,16,3,7,40,0,1,0,0,0,1
5536,926,9,1,0,0,10,1,2025,11,1,16,20,56,40,0,1,0,0,0,1
5537,926,22,0,0,0,22,1,2025,11,1,16,38,45,40,0,1,0,0,0,1
5538,926,13,0,0,0,13,0,2025,11,1,16,56,42,40,0,1,0,0,0,1
5539,926,16,0,0,0,16,0,2025,11,1,17,14,40,40,0,1,0,0,0,1
5540,926,21,1,0,0,22,1,2025,11,1,17,32,28,40,0,1,0,0,0,1
5541,926,18,2,0,0,20,1,2025,11,1,17,50,22,40,0,1,0,0,0,1
5542,926,16,0,0,0,16,1,2025,11,1,18,8,11,40,0,1,0,0,1,0
5543,926,18,1,0,0,19,1,2025,11,1,18,27,1,40,0,1,0,0,1,0
5544,926,14,0,0,0,14,1,2025,11,1,18,44,56,40,0,1,0,0,1,0
5545,926,18,1,0,0,19,1,2025,11,1,19,2,43,40,0,1,0,0,1,0
5546,926,19,0,0,0,19,1,2025,11,1,19,37,19,40,0,1,0,0,1,0
5547,967,0,0,0,0,0,0,2025,10,27,8,27,11,50,0,1,0,1,0,0
5548,967,0,0,0,0,0,0,2025,10,27,8,44,53,50,0,1,0,1,0,0
5549,967,0,0,0,0,0,0,2025,10,27,9,2,36,50,0,1,0,1,0,0
5550,967,1,0,0,0,1,0,2025,10,27,9,20,14,50,0,1,0,1,0,0
5551,967,3,2,0,0,5,0,2025,10,27,9,37,57,50,0,1,0,1,0,0
5552,967,2,0,0,0,2,0,2025,10,27,9,55,37,50,0,1,0,1,0,0
5553,967,3,0,0,0,3,0,2025,10,27,10,13,23,50,0,1,0,1,0,0
5554,967,3,1,0,0,4,0,2025,10,27,10,31,12,50,0,1,0,1,0,0
5555,967,5,0,0,0,5,0,2025,10,27,12,40,14,50,0,1,0,0,0,1
5556,967,0,0,0,0,0,0,2025,10,27,12,57,57,50,0,1,0,0,0,1
5557,967,1,0,0,0,1,0,2025,10,27,13,15,42,50,0,1,0,0,0,1
5558,967,3,0,0,0,3,0,2025,10,27,13,20,49,50,0,1,0,0,0,1
5559,967,0,0,0,0,0,0,2025,10,27,13,57,14,50,0,1,0,0,0,1
5560,967,0,0,0,0,0,0,2025,10,27,14,55,33,50,0,1,0,0,0,1
5561,967,3,0,0,0,3,0,2025,10,27,15,13,19,50,0,1,0,0,0,1
5562,967,1,0,0,0,1,0,2025,10,27,15,31,5,50,0,1,0,0,0,1
5563,967,1,1,0,0,2,0,2025,10,27,15,48,54,50,0,1,0,0,0,1
5564,967,2,0,0,0,2,0,2025,10,27,18,2,58,50,0,1,0,0,1,0
5565,967,4,2,0,0,6,1,2025,10,27,18,20,33,50,0,1,0,0,1,0
5566,967,1,0,0,0,1,0,2025,10,27,18,38,10,50,0,1,0,0,1,0
5567,967,2,0,0,0,2,0,2025,10,28,7,56,25,50,0,1,0,1,0,0
5568,967,4,0,0,0,4,0,2025,10,28,8,14,1,50,0,1,0,1,0,0
5569,967,2,0,0,0,2,0,2025,10,28,8,31,38,50,0,1,0,1,0,0
5570,967,3,1,0,0,4,0,2025,10,28,8,49,14,50,0,1,0,1,0,0
5571,967,1,0,0,0,1,0,2025,10,28,9,6,49,50,0,1,0,1,0,0
5572,967,0,1,0,0,1,0,2025,10,28,9,24,25,50,0,1,0,1,0,0
5573,967,4,1,0,0,5,1,2025,10,28,9,42,3,50,0,1,0,1,0,0
5574,967,1,0,0,0,1,0,2025,10,28,13,27,49,50,0,1,0,0,0,1
5575,967,6,0,0,0,6,0,2025,10,28,14,45,41,50,0,1,0,0,0,1
5576,967,1,0,0,0,1,0,2025,10,28,15,3,24,50,0,1,0,0,0,1
5577,967,2,0,0,0,2,0,2025,10,28,15,21,7,50,0,1,0,0,0,1
5578,967,2,0,0,0,2,0,2025,10,28,15,38,57,50,0,1,0,0,0,1
5579,967,5,0,0,0,5,0,2025,10,28,15,56,41,50,0,1,0,0,0,1
5580,967,7,0,0,0,7,0,2025,10,28,17,49,5,50,0,1,0,0,0,1
5581,967,1,1,0,0,2,0,2025,10,28,18,6,41,50,0,1,0,0,1,0
5582,967,14,0,1,0,15,0,2025,10,28,18,24,20,50,0,1,0,0,1,0
5583,967,5,0,0,0,5,0,2025,10,28,18,42,0,50,0,1,0,0,1,0
5584,967,7,2,0,0,9,1,2025,10,28,18,59,38,50,0,1,0,0,1,0
5585,967,2,1,0,0,3,1,2025,10,28,19,17,16,50,0,1,0,0,1,0
5586,967,0,0,0,0,0,0,2025,10,28,19,34,53,50,0,1,0,0,1,0
5587,967,4,3,0,0,7,0,2025,10,28,19,52,32,50,0,1,0,0,1,0
5588,967,8,3,0,0,11,1,2025,10,29,8,23,43,50,0,1,0,1,0,0
5589,967,7,3,0,0,10,2,2025,10,29,8,41,20,50,0,1,0,1,0,0
5590,967,16,1,1,0,18,2,2025,10,29,8,58,56,50,0,1,0,1,0,0
5591,967,15,2,1,0,18,2,2025,10,29,9,16,32,50,0,1,0,1,0,0
5592,967,7,4,0,0,11,1,2025,10,29,9,34,8,50,0,1,0,1,0,0
5593,967,11,3,0,0,14,2,2025,10,29,9,51,44,50,0,1,0,1,0,0
5594,967,7,5,0,0,12,2,2025,10,29,10,9,21,50,0,1,0,1,0,0
5595,967,7,5,0,0,12,2,2025,10,29,10,27,0,50,0,1,0,1,0,0
5596,967,9,7,0,0,16,2,2025,10,29,10,44,38,50,0,1,0,1,0,0
5597,967,5,2,0,0,7,2,2025,10,29,12,33,29,50,0,1,0,0,0,1
5598,967,2,5,0,0,7,1,2025,10,29,12,51,11,50,0,1,0,0,0,1
5599,967,10,4,1,0,15,2,2025,10,29,13,8,52,50,0,1,0,0,0,1
5600,967,11,4,0,0,15,1,2025,10,29,13,26,42,50,0,1,0,0,0,1
5601,967,10,1,1,0,12,1,2025,10,29,13,44,22,50,0,1,0,0,0,1
5602,967,10,3,0,0,13,1,2025,10,29,14,44,9,50,0,1,0,0,0,1
5603,967,13,2,0,0,15,2,2025,10,29,15,1,50,50,0,1,0,0,0,1
5604,967,13,5,0,0,18,2,2025,10,29,15,19,36,50,0,1,0,0,0,1
5605,967,3,2,0,0,5,1,2025,10,29,15,37,17,50,0,1,0,0,0,1
5606,967,8,7,0,0,15,2,2025,10,29,15,54,57,50,0,1,0,0,0,1
5607,967,11,1,0,0,12,1,2025,10,30,8,20,33,50,0,1,0,1,0,0
5608,967,9,2,0,0,11,1,2025,10,30,8,38,16,50,0,1,0,1,0,0
5609,967,3,0,0,0,3,0,2025,10,30,8,55,58,50,0,1,0,1,0,0
5610,967,10,0,1,0,11,0,2025,10,30,9,13,50,50,0,1,0,1,0,0
5611,967,10,1,0,0,11,0,2025,10,30,9,49,50,50,0,1,0,1,0,0
5612,967,6,3,0,0,9,1,2025,10,30,10,7,34,50,0,1,0,1,0,0
5613,967,6,2,0,0,8,0,2025,10,30,10,25,29,50,0,1,0,1,0,0
5614,967,1,1,1,0,3,3,2025,10,30,10,43,12,50,0,1,0,1,0,0
5615,967,4,8,0,0,12,1,2025,10,30,12,29,44,50,0,1,0,0,0,1
5616,967,6,4,0,0,10,1,2025,10,30,12,47,16,50,0,1,0,0,0,1
5617,967,12,2,0,0,14,0,2025,10,30,13,5,0,50,0,1,0,0,0,1
5618,967,9,2,0,0,11,1,2025,10,30,13,22,45,50,0,1,0,0,0,1
5619,967,12,1,1,0,14,1,2025,10,30,13,40,31,50,0,1,0,0,0,1
5620,967,8,2,0,0,10,0,2025,10,30,13,58,17,50,0,1,0,0,0,1
5621,967,11,4,0,0,15,1,2025,10,30,14,57,19,50,0,1,0,0,0,1
5622,967,9,2,0,0,11,0,2025,10,30,15,15,12,50,0,1,0,0,0,1
5623,967,11,3,0,0,14,1,2025,10,30,15,32,57,50,0,1,0,0,0,1
5624,967,10,3,0,0,13,0,2025,10,30,15,57,41,50,0,1,0,0,0,1
5625,967,12,1,0,0,13,1,2025,10,30,16,15,28,50,0,1,0,0,0,1
5626,967,0,0,0,0,0,0,2025,10,30,22,45,45,50,0,1,0,0,1,0
5627,967,11,2,0,0,13,1,2025,10,31,8,25,14,50,0,1,0,1,0,0
5628,967,8,3,1,0,12,1,2025,10,31,8,42,57,50,0,1,0,1,0,0
5629,967,7,3,0,0,10,0,2025,10,31,9,0,43,50,0,1,0,1,0,0
5630,967,9,0,0,0,9,0,2025,10,31,9,18,32,50,0,1,0,1,0,0
5631,967,5,1,0,0,6,0,2025,10,31,9,44,10,50,0,1,0,1,0,0
5632,967,4,2,0,0,6,0,2025,10,31,10,1,52,50,0,1,0,1,0,0
5633,967,2,3,0,0,5,0,2025,10,31,10,19,34,50,0,1,0,1,0,0
5634,967,7,3,1,0,11,1,2025,10,31,10,37,16,50,0,1,0,1,0,0
5635,967,8,0,0,0,8,0,2025,10,31,15,3,36,50,0,1,0,0,0,1
5636,967,7,1,0,0,8,0,2025,10,31,15,21,29,50,0,1,0,0,0,1
5637,967,6,0,0,0,6,0,2025,10,31,15,39,22,50,0,1,0,0,0,1
5638,967,9,0,0,0,9,0,2025,10,31,15,57,12,50,0,1,0,0,0,1
5639,967,0,0,0,0,0,0,2025,11,1,8,54,48,50,0,1,0,1,0,0
5640,967,3,0,0,0,3,0,2025,11,1,9,12,35,50,0,1,0,1,0,0
5641,967,1,1,0,0,2,0,2025,11,1,9,30,29,50,0,1,0,1,0,0
5642,967,2,0,0,0,2,0,2025,11,1,9,48,17,50,0,1,0,1,0,0
5643,967,1,0,0,0,1,0,2025,11,1,10,6,6,50,0,1,0,1,0,0
5644,967,3,1,0,0,4,0,2025,11,1,10,23,51,50,0,1,0,1,0,0
5645,967,4,0,0,0,4,0,2025,11,1,10,41,35,50,0,1,0,1,0,0
5646,967,10,1,0,0,11,0,2025,11,1,10,59,30,50,0,1,0,1,0,0
5647,967,3,1,0,0,4,0,2025,11,1,11,17,17,50,0,1,0,1,0,0
5648,967,11,0,0,0,11,0,2025,11,1,11,35,1,50,0,1,0,1,0,0
5649,967,7,0,0,0,7,0,2025,11,1,11,52,43,50,0,1,0,1,0,0
5650,967,7,1,0,0,8,0,2025,11,1,12,10,37,50,0,1,0,0,0,1
5651,967,5,0,0,0,5,0,2025,11,1,12,28,23,50,0,1,0,0,0,1
5652,967,4,2,0,0,6,0,2025,11,1,12,46,15,50,0,1,0,0,0,1
5653,967,8,0,0,0,8,0,2025,11,1,13,4,12,50,0,1,0,0,0,1
5654,967,2,0,0,0,2,0,2025,11,1,13,21,58,50,0,1,0,0,0,1
5655,967,6,0,0,0,6,0,2025,11,1,13,39,45,50,0,1,0,0,0,1
5656,967,4,0,0,0,4,0,2025,11,1,13,57,33,50,0,1,0,0,0,1
5657,967,4,1,0,0,5,0,2025,11,1,14,15,25,50,0,1,0,0,0,1
5658,967,4,0,0,0,4,0,2025,11,1,14,33,23,50,0,1,0,0,0,1
5659,967,1,1,0,0,2,0,2025,11,1,14,51,33,50,0,1,0,0,0,1
5660,967,6,0,0,0,6,0,2025,11,1,15,9,30,50,0,1,0,0,0,1
5661,967,2,0,0,0,2,0,2025,11,1,15,27,17,50,0,1,0,0,0,1
5662,967,3,0,0,0,3,0,2025,11,1,15,45,8,50,0,1,0,0,0,1
5663,967,5,0,0,0,5,0,2025,11,1,16,3,4,50,0,1,0,0,0,1
5664,967,4,0,0,0,4,0,2025,11,1,16,20,52,50,0,1,0,0,0,1
5665,967,3,0,0,0,3,0,2025,11,1,16,38,42,50,0,1,0,0,0,1
5666,967,10,0,0,0,10,0,2025,11,1,16,56,38,50,0,1,0,0,0,1
5667,967,4,0,0,0,4,0,2025,11,1,17,14,34,50,0,1,0,0,0,1
5668,967,3,1,0,0,4,0,2025,11,1,17,32,24,50,0,1,0,0,0,1
5669,967,6,1,0,0,7,0,2025,11,1,17,50,13,50,0,1,0,0,0,1
5670,967,8,0,0,0,8,0,2025,11,1,18,8,8,50,0,1,0,0,1,0
5671,967,6,0,0,0,6,0,2025,11,1,18,26,58,50,0,1,0,0,1,0
5672,967,3,0,0,0,3,0,2025,11,1,18,44,49,50,0,1,0,0,1,0
5673,967,0,0,0,0,0,0,2025,11,1,19,2,39,50,0,1,0,0,1,0
5674,967,1,0,0,0,1,0,2025,11,1,19,37,17,50,0,1,0,0,1,0
5675,971,7,2,0,0,9,0,2025,10,27,8,27,11,50,0,1,0,1,0,0
5676,971,6,2,1,0,9,0,2025,10,27,8,44,55,50,0,1,0,1,0,0
5677,971,1,0,1,0,2,0,2025,10,27,9,2,37,50,0,1,0,1,0,0
5678,971,1,1,1,0,3,1,2025,10,27,9,20,15,50,0,1,0,1,0,0
5679,971,1,1,0,0,2,0,2025,10,27,9,37,58,50,0,1,0,1,0,0
5680,971,3,2,0,0,5,0,2025,10,27,9,55,39,50,0,1,0,1,0,0
5681,971,0,1,1,0,2,0,2025,10,27,10,13,26,50,0,1,0,1,0,0
5682,971,1,2,0,0,3,0,2025,10,27,10,31,13,50,0,1,0,1,0,0
5683,971,1,4,0,0,5,0,2025,10,27,12,40,15,50,0,1,0,0,0,1
5684,971,5,3,0,0,8,1,2025,10,27,12,57,58,50,0,1,0,0,0,1
5685,971,8,2,1,0,11,0,2025,10,27,13,15,44,50,0,1,0,0,0,1
5686,971,5,3,1,0,9,0,2025,10,27,13,20,51,50,0,1,0,0,0,1
5687,971,1,1,0,0,2,2,2025,10,27,13,57,15,50,0,1,0,0,0,1
5688,971,0,0,0,0,0,0,2025,10,27,14,55,34,50,0,1,0,0,0,1
5689,971,0,0,0,0,0,0,2025,10,27,15,13,20,50,0,1,0,0,0,1
5690,971,0,0,0,0,0,0,2025,10,27,15,31,6,50,0,1,0,0,0,1
5691,971,0,0,0,0,0,0,2025,10,27,15,48,54,50,0,1,0,0,0,1
5692,971,1,0,0,0,1,1,2025,10,27,18,2,58,50,0,1,0,0,1,0
5693,971,0,0,0,0,0,0,2025,10,27,18,20,34,50,0,1,0,0,1,0
5694,971,0,0,0,0,0,0,2025,10,27,18,38,11,50,0,1,0,0,1,0
5695,971,0,0,0,0,0,0,2025,10,28,7,56,25,50,0,1,0,1,0,0
5696,971,0,0,0,0,0,0,2025,10,28,8,14,2,50,0,1,0,1,0,0
5697,971,1,0,0,0,1,0,2025,10,28,8,31,38,50,0,1,0,1,0,0
5698,971,1,0,0,0,1,0,2025,10,28,8,49,14,50,0,1,0,1,0,0
5699,971,0,0,0,0,0,0,2025,10,28,9,6,50,50,0,1,0,1,0,0
5700,971,11,7,0,0,18,1,2025,10,28,9,24,26,50,0,1,0,1,0,0
5701,971,12,7,0,0,19,1,2025,10,28,9,42,4,50,0,1,0,1,0,0
5702,971,4,3,0,0,7,0,2025,10,28,13,27,51,50,0,1,0,0,0,1
5703,971,18,8,0,0,26,2,2025,10,28,14,45,43,50,0,1,0,0,0,1
5704,971,5,4,0,0,9,0,2025,10,28,15,3,25,50,0,1,0,0,0,1
5705,971,11,1,0,0,12,1,2025,10,28,15,21,10,50,0,1,0,0,0,1
5706,971,20,0,1,0,21,1,2025,10,28,15,38,59,50,0,1,0,0,0,1
5707,971,5,1,0,0,6,0,2025,10,28,15,56,43,50,0,1,0,0,0,1
5708,971,7,1,0,0,8,0,2025,10,28,17,49,5,50,0,1,0,0,0,1
5709,971,14,1,0,0,15,0,2025,10,28,18,6,41,50,0,1,0,0,1,0
5710,971,16,3,0,0,19,1,2025,10,28,18,24,21,50,0,1,0,0,1,0
5711,971,11,4,0,0,15,1,2025,10,28,18,42,0,50,0,1,0,0,1,0
5712,971,0,1,0,0,1,0,2025,10,28,18,59,38,50,0,1,0,0,1,0
5713,971,0,0,0,0,0,0,2025,10,28,19,17,17,50,0,1,0,0,1,0
5714,971,1,0,0,0,1,0,2025,10,28,19,34,54,50,0,1,0,0,1,0
5715,971,1,0,0,0,1,0,2025,10,28,19,52,32,50,0,1,0,0,1,0
5716,971,0,0,0,0,0,0,2025,10,29,8,23,44,50,0,1,0,1,0,0
5717,971,0,0,0,0,0,0,2025,10,29,8,41,21,50,0,1,0,1,0,0
5718,971,0,0,0,0,0,0,2025,10,29,8,58,57,50,0,1,0,1,0,0
5719,971,0,0,0,0,0,0,2025,10,29,9,16,32,50,0,1,0,1,0,0
5720,971,0,0,0,0,0,0,2025,10,29,9,34,8,50,0,1,0,1,0,0
5721,971,0,0,0,0,0,0,2025,10,29,9,51,45,50,0,1,0,1,0,0
5722,971,0,0,0,0,0,0,2025,10,29,10,9,22,50,0,1,0,1,0,0
5723,971,0,0,0,0,0,0,2025,10,29,10,27,1,50,0,1,0,1,0,0
5724,971,0,0,0,0,0,0,2025,10,29,10,44,39,50,0,1,0,1,0,0
5725,971,0,0,0,0,0,0,2025,10,29,12,33,30,50,0,1,0,0,0,1
5726,971,0,0,0,0,0,0,2025,10,29,12,51,12,50,0,1,0,0,0,1
5727,971,0,0,0,0,0,0,2025,10,29,13,8,55,50,0,1,0,0,0,1
5728,971,0,0,0,0,0,0,2025,10,29,13,26,43,50,0,1,0,0,0,1
5729,971,0,0,0,0,0,0,2025,10,29,13,44,24,50,0,1,0,0,0,1
5730,971,0,0,0,0,0,0,2025,10,29,14,44,9,50,0,1,0,0,0,1
5731,971,0,0,0,0,0,0,2025,10,29,15,1,51,50,0,1,0,0,0,1
5732,971,0,0,0,0,0,0,2025,10,29,15,19,37,50,0,1,0,0,0,1
5733,971,0,0,0,0,0,0,2025,10,29,15,37,18,50,0,1,0,0,0,1
5734,971,0,0,0,0,0,0,2025,10,29,15,54,58,50,0,1,0,0,0,1
5735,971,0,0,0,0,0,0,2025,10,30,8,20,34,50,0,1,0,1,0,0
5736,971,0,0,0,0,0,0,2025,10,30,8,38,17,50,0,1,0,1,0,0
5737,971,0,0,0,0,0,0,2025,10,30,8,55,59,50,0,1,0,1,0,0
5738,971,0,0,0,0,0,0,2025,10,30,9,13,51,50,0,1,0,1,0,0
5739,971,0,0,0,0,0,0,2025,10,30,9,31,52,50,0,1,0,1,0,0
5740,971,0,0,0,0,0,0,2025,10,30,9,49,51,50,0,1,0,1,0,0
5741,971,0,0,0,0,0,0,2025,10,30,10,7,36,50,0,1,0,1,0,0
5742,971,0,0,0,0,0,0,2025,10,30,10,25,31,50,0,1,0,1,0,0
5743,971,0,0,0,0,0,0,2025,10,30,10,43,13,50,0,1,0,1,0,0
5744,971,0,0,0,0,0,0,2025,10,30,12,29,46,50,0,1,0,0,0,1
5745,971,0,0,0,0,0,0,2025,10,30,12,47,17,50,0,1,0,0,0,1
5746,971,0,0,0,0,0,0,2025,10,30,13,5,2,50,0,1,0,0,0,1
5747,971,6,0,1,0,7,0,2025,10,30,13,22,47,50,0,1,0,0,0,1
5748,971,5,4,1,0,10,1,2025,10,30,13,40,33,50,0,1,0,0,0,1
5749,971,9,4,0,0,13,1,2025,10,30,13,58,19,50,0,1,0,0,0,1
5750,971,11,1,0,0,12,1,2025,10,30,14,57,20,50,0,1,0,0,0,1
5751,971,3,1,1,0,5,1,2025,10,30,15,15,14,50,0,1,0,0,0,1
5752,971,15,3,0,0,18,0,2025,10,30,15,32,59,50,0,1,0,0,0,1
5753,971,20,1,0,0,21,1,2025,10,30,15,57,42,50,0,1,0,0,0,1
5754,971,8,4,0,0,12,0,2025,10,30,16,15,30,50,0,1,0,0,0,1
5755,971,0,0,0,0,0,0,2025,10,30,22,45,46,50,0,1,0,0,1,0
5756,971,0,0,0,0,0,0,2025,10,31,8,25,15,50,0,1,0,1,0,0
5757,971,0,0,0,0,0,0,2025,10,31,8,42,59,50,0,1,0,1,0,0
5758,971,0,0,0,0,0,0,2025,10,31,9,0,45,50,0,1,0,1,0,0
5759,971,0,0,0,0,0,0,2025,10,31,9,18,33,50,0,1,0,1,0,0
5760,971,0,0,0,0,0,0,2025,10,31,9,44,11,50,0,1,0,1,0,0
5761,971,0,0,0,0,0,0,2025,10,31,10,1,53,50,0,1,0,1,0,0
5762,971,0,0,0,0,0,0,2025,10,31,10,19,36,50,0,1,0,1,0,0
5763,971,0,0,0,0,0,0,2025,10,31,10,37,17,50,0,1,0,1,0,0
5764,971,1,0,0,0,1,1,2025,10,31,15,3,38,50,0,1,0,0,0,1
5765,971,14,0,1,0,15,1,2025,10,31,15,21,31,50,0,1,0,0,0,1
5766,971,15,0,0,0,15,0,2025,10,31,15,39,24,50,0,1,0,0,0,1
5767,971,13,5,2,0,20,1,2025,10,31,15,57,13,50,0,1,0,0,0,1
5768,971,0,0,0,0,0,0,2025,11,1,8,54,50,50,0,1,0,1,0,0
5769,971,0,0,0,0,0,0,2025,11,1,9,12,36,50,0,1,0,1,0,0
5770,971,0,0,0,0,0,0,2025,11,1,9,30,31,50,0,1,0,1,0,0
5771,971,1,0,0,0,1,1,2025,11,1,9,48,18,50,0,1,0,1,0,0
5772,971,0,0,0,0,0,0,2025,11,1,10,6,8,50,0,1,0,1,0,0
5773,971,0,0,0,0,0,0,2025,11,1,10,23,52,50,0,1,0,1,0,0
5774,971,0,0,0,0,0,0,2025,11,1,10,41,37,50,0,1,0,1,0,0
5775,971,0,0,0,0,0,0,2025,11,1,10,59,32,50,0,1,0,1,0,0
5776,971,0,0,0,0,0,0,2025,11,1,11,17,20,50,0,1,0,1,0,0
5777,971,0,0,0,0,0,0,2025,11,1,11,35,1,50,0,1,0,1,0,0
5778,971,0,0,0,0,0,0,2025,11,1,11,52,44,50,0,1,0,1,0,0
5779,971,1,0,0,0,1,1,2025,11,1,12,10,39,50,0,1,0,0,0,1
5780,971,0,0,0,0,0,0,2025,11,1,12,28,25,50,0,1,0,0,0,1
5781,971,0,0,0,0,0,0,2025,11,1,12,46,17,50,0,1,0,0,0,1
5782,971,1,0,0,0,1,1,2025,11,1,13,4,14,50,0,1,0,0,0,1
5783,971,0,0,0,0,0,0,2025,11,1,13,22,0,50,0,1,0,0,0,1
5784,971,0,0,0,0,0,0,2025,11,1,13,39,46,50,0,1,0,0,0,1
5785,971,0,0,0,0,0,0,2025,11,1,13,57,35,50,0,1,0,0,0,1
5786,971,0,0,0,0,0,0,2025,11,1,14,15,27,50,0,1,0,0,0,1
5787,971,0,0,0,0,0,0,2025,11,1,14,33,28,50,0,1,0,0,0,1
5788,971,1,0,0,0,1,1,2025,11,1,14,51,35,50,0,1,0,0,0,1
5789,971,0,0,0,0,0,0,2025,11,1,15,9,32,50,0,1,0,0,0,1
5790,971,0,0,0,0,0,0,2025,11,1,15,27,19,50,0,1,0,0,0,1
5791,971,0,0,0,0,0,0,2025,11,1,15,45,10,50,0,1,0,0,0,1
5792,971,0,0,0,0,0,0,2025,11,1,16,3,6,50,0,1,0,0,0,1
5793,971,0,0,0,0,0,0,2025,11,1,16,20,54,50,0,1,0,0,0,1
5794,971,0,0,0,0,0,0,2025,11,1,16,38,44,50,0,1,0,0,0,1
5795,971,0,0,0,0,0,0,2025,11,1,16,56,40,50,0,1,0,0,0,1
5796,971,0,0,0,0,0,0,2025,11,1,17,14,37,50,0,1,0,0,0,1
5797,971,0,0,0,0,0,0,2025,11,1,17,32,25,50,0,1,0,0,0,1
5798,971,0,0,0,0,0,0,2025,11,1,17,50,16,50,0,1,0,0,0,1
5799,971,0,0,0,0,0,1,2025,11,1,18,8,10,50,0,1,0,0,1,0
5800,971,0,0,0,0,0,0,2025,11,1,18,27,0,50,0,1,0,0,1,0
5801,971,1,1,0,0,2,1,2025,11,1,18,44,53,50,0,1,0,0,1,0
5802,971,1,0,0,0,1,0,2025,11,1,19,2,41,50,0,1,0,0,1,0
5803,971,0,0,0,0,0,0,2025,11,1,19,37,18,50,0,1,0,0,1,0
5804,972,0,0,0,0,0,0,2025,10,27,8,27,10,50,0,1,0,1,0,0
5805,972,12,0,1,0,13,0,2025,10,27,8,44,53,50,0,1,0,1,0,0
5806,972,9,8,1,0,18,1,2025,10,27,9,2,36,50,0,1,0,1,0,0
5807,972,13,2,0,0,15,1,2025,10,27,9,20,14,50,0,1,0,1,0,0
5808,972,8,3,0,0,11,1,2025,10,27,9,37,56,50,0,1,0,1,0,0
5809,972,10,2,0,0,12,1,2025,10,27,9,55,37,50,0,1,0,1,0,0
5810,972,9,3,0,0,12,1,2025,10,27,10,13,22,50,0,1,0,1,0,0
5811,972,4,4,0,0,8,1,2025,10,27,10,31,11,50,0,1,0,1,0,0
5812,972,5,4,0,0,9,1,2025,10,27,12,40,13,50,0,1,0,0,0,1
5813,972,6,7,0,0,13,1,2025,10,27,12,57,56,50,0,1,0,0,0,1
5814,972,3,4,1,0,8,1,2025,10,27,13,15,42,50,0,1,0,0,0,1
5815,972,5,6,0,0,11,0,2025,10,27,13,20,49,50,0,1,0,0,0,1
5816,972,9,0,0,0,9,0,2025,10,27,13,57,13,50,0,1,0,0,0,1
5817,972,9,1,0,0,10,1,2025,10,27,14,55,33,50,0,1,0,0,0,1
5818,972,7,6,0,0,13,1,2025,10,27,15,13,19,50,0,1,0,0,0,1
5819,972,15,3,0,0,18,1,2025,10,27,15,31,5,50,0,1,0,0,0,1
5820,972,5,1,0,0,6,0,2025,10,27,15,48,54,50,0,1,0,0,0,1
5821,972,13,2,0,0,15,1,2025,10,27,18,2,57,50,0,1,0,0,1,0
5822,972,0,0,0,0,0,0,2025,10,27,18,20,33,50,0,1,0,0,1,0
5823,972,0,0,0,0,0,0,2025,10,27,18,38,10,50,0,1,0,0,1,0
5824,972,0,0,0,0,0,0,2025,10,28,7,56,24,50,0,1,0,1,0,0
5825,972,0,0,0,0,0,0,2025,10,28,8,14,1,50,0,1,0,1,0,0
5826,972,0,0,0,0,0,0,2025,10,28,8,31,38,50,0,1,0,1,0,0
5827,972,12,4,0,0,16,1,2025,10,28,8,49,14,50,0,1,0,1,0,0
5828,972,16,4,0,0,20,2,2025,10,28,9,6,49,50,0,1,0,1,0,0
5829,972,11,4,0,0,15,1,2025,10,28,9,24,25,50,0,1,0,1,0,0
5830,972,12,5,0,0,17,1,2025,10,28,9,42,3,50,0,1,0,1,0,0
5831,972,7,6,0,0,13,1,2025,10,28,13,27,49,50,0,1,0,0,0,1
5832,972,3,2,1,0,6,0,2025,10,28,14,45,41,50,0,1,0,0,0,1
5833,972,10,0,2,0,12,0,2025,10,28,15,3,24,50,0,1,0,0,0,1
5834,972,17,6,0,0,23,1,2025,10,28,15,21,7,50,0,1,0,0,0,1
5835,972,8,1,0,0,9,0,2025,10,28,15,38,57,50,0,1,0,0,0,1
5836,972,7,4,0,0,11,1,2025,10,28,15,56,41,50,0,1,0,0,0,1
5837,972,15,4,0,0,19,2,2025,10,28,17,49,5,50,0,1,0,0,0,1
5838,972,0,0,0,0,0,0,2025,10,28,18,6,40,50,0,1,0,0,1,0
5839,972,22,4,0,0,26,1,2025,10,28,18,24,19,50,0,1,0,0,1,0
5840,972,22,4,0,0,26,1,2025,10,28,18,42,0,50,0,1,0,0,1,0
5841,972,0,0,0,0,0,0,2025,10,28,18,59,37,50,0,1,0,0,1,0
5842,972,0,0,0,0,0,0,2025,10,28,19,17,16,50,0,1,0,0,1,0
5843,972,0,0,0,0,0,0,2025,10,28,19,34,52,50,0,1,0,0,1,0
5844,972,0,0,0,0,0,0,2025,10,28,19,52,32,50,0,1,0,0,1,0
5845,972,0,0,0,0,0,0,2025,10,29,8,23,43,50,0,1,0,1,0,0
5846,972,0,0,0,0,0,0,2025,10,29,8,41,20,50,0,1,0,1,0,0
5847,972,0,0,0,0,0,0,2025,10,29,8,58,56,50,0,1,0,1,0,0
5848,972,13,5,0,0,18,1,2025,10,29,9,16,31,50,0,1,0,1,0,0
5849,972,0,0,0,0,0,0,2025,10,29,9,34,7,50,0,1,0,1,0,0
5850,972,0,0,0,0,0,0,2025,10,29,9,51,44,50,0,1,0,1,0,0
5851,972,0,0,0,0,0,0,2025,10,29,10,9,21,50,0,1,0,1,0,0
5852,972,0,0,0,0,0,0,2025,10,29,10,27,0,50,0,1,0,1,0,0
5853,972,0,0,0,0,0,0,2025,10,29,10,44,38,50,0,1,0,1,0,0
5854,972,0,0,0,0,0,0,2025,10,29,12,33,29,50,0,1,0,0,0,1
5855,972,0,0,0,0,0,0,2025,10,29,12,51,11,50,0,1,0,0,0,1
5856,972,0,0,0,0,0,0,2025,10,29,13,8,52,50,0,1,0,0,0,1
5857,972,0,0,0,0,0,0,2025,10,29,13,26,42,50,0,1,0,0,0,1
5858,972,0,0,0,0,0,0,2025,10,29,13,44,22,50,0,1,0,0,0,1
5859,972,0,0,0,0,0,0,2025,10,29,14,44,8,50,0,1,0,0,0,1
5860,972,0,0,0,0,0,0,2025,10,29,15,1,50,50,0,1,0,0,0,1
5861,972,0,0,0,0,0,0,2025,10,29,15,19,36,50,0,1,0,0,0,1
5862,972,0,0,0,0,0,0,2025,10,29,15,37,17,50,0,1,0,0,0,1
5863,972,0,0,0,0,0,0,2025,10,29,15,54,56,50,0,1,0,0,0,1
5864,972,0,0,0,0,0,0,2025,10,30,8,20,32,50,0,1,0,1,0,0
5865,972,0,0,0,0,0,0,2025,10,30,8,38,16,50,0,1,0,1,0,0
5866,972,0,0,0,0,0,0,2025,10,30,8,55,58,50,0,1,0,1,0,0
5867,972,0,0,0,0,0,0,2025,10,30,9,13,46,50,0,1,0,1,0,0
5868,972,0,0,0,0,0,0,2025,10,30,9,31,35,50,0,1,0,1,0,0
5869,972,0,0,0,0,0,0,2025,10,30,9,49,49,50,0,1,0,1,0,0
5870,972,0,0,0,0,0,0,2025,10,30,10,7,34,50,0,1,0,1,0,0
5871,972,0,0,0,0,0,0,2025,10,30,10,25,29,50,0,1,0,1,0,0
5872,972,0,0,0,0,0,0,2025,10,30,10,43,12,50,0,1,0,1,0,0
5873,972,8,4,0,0,12,0,2025,10,30,12,29,44,50,0,1,0,0,0,1
5874,972,8,2,0,0,10,1,2025,10,30,12,47,16,50,0,1,0,0,0,1
5875,972,10,2,0,0,12,0,2025,10,30,13,5,0,50,0,1,0,0,0,1
5876,972,9,3,1,0,13,1,2025,10,30,13,22,45,50,0,1,0,0,0,1
5877,972,8,2,0,0,10,0,2025,10,30,13,40,31,50,0,1,0,0,0,1
5878,972,6,3,0,0,9,1,2025,10,30,13,58,17,50,0,1,0,0,0,1
5879,972,8,3,0,0,11,1,2025,10,30,14,57,19,50,0,1,0,0,0,1
5880,972,8,2,1,0,11,0,2025,10,30,15,15,12,50,0,1,0,0,0,1
5881,972,15,2,0,0,17,1,2025,10,30,15,32,57,50,0,1,0,0,0,1
5882,972,10,5,1,0,16,1,2025,10,30,15,57,40,50,0,1,0,0,0,1
5883,972,10,2,0,0,12,1,2025,10,30,16,15,28,50,0,1,0,0,0,1
5884,972,0,0,0,0,0,0,2025,10,30,22,45,45,50,0,1,0,0,1,0
5885,972,0,0,0,0,0,0,2025,10,31,8,25,14,50,0,1,0,1,0,0
5886,972,0,0,0,0,0,0,2025,10,31,8,42,57,50,0,1,0,1,0,0
5887,972,0,0,0,0,0,0,2025,10,31,9,0,43,50,0,1,0,1,0,0
5888,972,0,0,0,0,0,0,2025,10,31,9,18,31,50,0,1,0,1,0,0
5889,972,0,0,0,0,0,0,2025,10,31,9,44,10,50,0,1,0,1,0,0
5890,972,0,0,0,0,0,0,2025,10,31,10,1,52,50,0,1,0,1,0,0
5891,972,0,0,0,0,0,0,2025,10,31,10,19,34,50,0,1,0,1,0,0
5892,972,8,5,0,0,13,1,2025,10,31,10,37,16,50,0,1,0,1,0,0
5893,972,19,4,4,0,27,2,2025,10,31,15,3,36,50,0,1,0,0,0,1
5894,972,21,6,0,0,27,2,2025,10,31,15,21,29,50,0,1,0,0,0,1
5895,972,30,3,1,0,34,2,2025,10,31,15,39,22,50,0,1,0,0,0,1
5896,972,22,4,0,0,26,2,2025,10,31,15,57,11,50,0,1,0,0,0,1
5897,972,0,0,0,0,0,0,2025,11,1,8,54,48,50,0,1,0,1,0,0
5898,972,0,0,0,0,0,0,2025,11,1,9,12,35,50,0,1,0,1,0,0
5899,972,5,1,0,0,6,0,2025,11,1,9,30,28,50,0,1,0,1,0,0
5900,972,7,2,0,0,9,1,2025,11,1,9,48,16,50,0,1,0,1,0,0
5901,972,8,0,0,0,8,0,2025,11,1,10,6,6,50,0,1,0,1,0,0
5902,972,5,2,0,0,7,0,2025,11,1,10,23,51,50,0,1,0,1,0,0
5903,972,5,1,0,0,6,0,2025,11,1,10,41,35,50,0,1,0,1,0,0
5904,972,5,2,0,0,7,1,2025,11,1,10,59,30,50,0,1,0,1,0,0
5905,972,7,1,0,0,8,0,2025,11,1,11,17,17,50,0,1,0,1,0,0
5906,972,8,1,0,0,9,0,2025,11,1,11,35,0,50,0,1,0,1,0,0
5907,972,11,2,0,0,13,0,2025,11,1,11,52,42,50,0,1,0,1,0,0
5908,972,6,0,0,0,6,0,2025,11,1,12,10,37,50,0,1,0,0,0,1
5909,972,14,1,0,0,15,1,2025,11,1,12,28,23,50,0,1,0,0,0,1
5910,972,16,3,0,0,19,1,2025,11,1,12,46,15,50,0,1,0,0,0,1
5911,972,11,1,1,0,13,0,2025,11,1,13,4,11,50,0,1,0,0,0,1
5912,972,4,1,1,0,6,0,2025,11,1,13,21,57,50,0,1,0,0,0,1
5913,972,12,0,0,0,12,0,2025,11,1,13,39,44,50,0,1,0,0,0,1
5914,972,18,0,0,0,18,0,2025,11,1,13,57,33,50,0,1,0,0,0,1
5915,972,18,0,0,0,18,1,2025,11,1,14,15,25,50,0,1,0,0,0,1
5916,972,13,0,0,0,13,0,2025,11,1,14,33,19,50,0,1,0,0,0,1
5917,972,10,0,0,0,10,0,2025,11,1,14,51,32,50,0,1,0,0,0,1
5918,972,5,0,0,0,5,0,2025,11,1,15,9,30,50,0,1,0,0,0,1
5919,972,7,0,0,0,7,0,2025,11,1,15,27,17,50,0,1,0,0,0,1
5920,972,8,0,0,0,8,0,2025,11,1,15,45,8,50,0,1,0,0,0,1
5921,972,2,0,0,0,2,0,2025,11,1,16,3,4,50,0,1,0,0,0,1
5922,972,9,0,0,0,9,0,2025,11,1,16,20,52,50,0,1,0,0,0,1
5923,972,5,0,0,0,5,0,2025,11,1,16,38,41,50,0,1,0,0,0,1
5924,972,8,0,0,0,8,0,2025,11,1,16,56,37,50,0,1,0,0,0,1
5925,972,7,1,0,0,8,0,2025,11,1,17,14,34,50,0,1,0,0,0,1
5926,972,0,0,0,0,0,0,2025,11,1,17,32,24,50,0,1,0,0,0,1
5927,972,0,0,0,0,0,0,2025,11,1,17,50,12,50,0,1,0,0,0,1
5928,972,0,0,0,0,0,0,2025,11,1,18,8,8,50,0,1,0,0,1,0
5929,972,0,0,0,0,0,0,2025,11,1,18,26,58,50,0,1,0,0,1,0
5930,972,0,0,0,0,0,0,2025,11,1,18,44,49,50,0,1,0,0,1,0
5931,972,0,0,0,0,0,0,2025,11,1,19,2,39,50,0,1,0,0,1,0
5932,972,0,0,0,0,0,0,2025,11,1,19,37,16,50,0,1,0,0,1,0
